query_group,query,video_id,channel_id,channel_name,title,views,published_text,age_days,duration_seconds,url
everyday_history,how people kept food cold before refrigerators history,WpbreWRwQxo,UCRzI87byCv-CL-UA18r8zKw,Before Modern Things,How People Kept Food Cold Before Refrigerators | Forgotten Food Preservation History,15,2 weeks ago,14,173,https://www.youtube.com/watch?v=WpbreWRwQxo
everyday_history,how people kept food cold before refrigerators history,cBSeSnuZU2g,UC5v5gqaKGlyGJRgS-q6r61Q,Oddly Historical,How Did People Keep Food Cold Before Refrigerators? | Forgotten History,22,3 days ago,3,381,https://www.youtube.com/watch?v=cBSeSnuZU2g
everyday_history,how people kept food cold before refrigerators history,TNR9qtMeKN8,UCzPz0M5ynSSxMg996rFi3uw,Simply Painted,How Did Humans Keep Food Cold Before Refrigerators,3,17 hours ago,0,468,https://www.youtube.com/watch?v=TNR9qtMeKN8
everyday_history,how people kept food cold before refrigerators history,tOyZi_QDhiE,UCKUSKoWc-jcPzjNPE4dAwdA,Fossil Logic,The History of Ice: How People Kept Food Cold Before Refrigerators,8,1 month ago,30,128,https://www.youtube.com/watch?v=tOyZi_QDhiE
everyday_history,how people kept food cold before refrigerators history,gRNql4WrQ1c,UCARVeVKyGy0FvyjF_kcHBwg,AncientEcho Animations,How Ancient People Kept Water & Food Cold (Before Refrigerators!) | Animated Story,2,2 days ago,2,430,https://www.youtube.com/watch?v=gRNql4WrQ1c
everyday_history,how people kept food cold before refrigerators history,Wd0sBk45dJo,UCiutd153hgs1iou36E0RfGA,Before Us Docs,"Before Refrigerators, How Did People Keep Food Cold?",128,7 days ago,7,618,https://www.youtube.com/watch?v=Wd0sBk45dJo
everyday_history,how people kept food cold before refrigerators history,IHCo-81gPf4,UCEQZMoz7hI3Qv4E7c4CIIRQ,Before Times,How Did People Keep Food Cold Before Fridges?,17,2 months ago,60,308,https://www.youtube.com/watch?v=IHCo-81gPf4
everyday_history,how people kept food cold before refrigerators history,eFJDRkXbjiA,UCakQA85kQmJKdIJJvpxSUlA,Forgotten Origins,How People Kept Food Cold for Thousands of Years | The History Of Refrigerators,90,3 weeks ago,21,941,https://www.youtube.com/watch?v=eFJDRkXbjiA
everyday_history,how people kept food cold before refrigerators history,we40CHLjeDg,UCcUUh-HCuh00bPBcQ007bTQ,olden,How Did People Keep Food Cold Before Refrigerators Existed?,1,2 days ago,2,620,https://www.youtube.com/watch?v=we40CHLjeDg
everyday_history,how people kept food cold before refrigerators history,7wzjCLaxflE,UCG26EY6_FdsHMb2WnCDV7aw,homecookbible,What People Ate Before Refrigeration | thehomecookbibl.com #foodhistory  #history  #why #what,3,5 days ago,5,601,https://www.youtube.com/watch?v=7wzjCLaxflE
everyday_history,how people kept food cold before refrigerators history,c-odmwknCaE,UCyngjl5KMXKAsdS8UXa9Uzw,Stunning Evolution,10 Ways Families Kept Food Cold BEFORE Refrigerators,49,3 weeks ago,21,486,https://www.youtube.com/watch?v=c-odmwknCaE
everyday_history,how people kept food cold before refrigerators history,ZLHekpcpdQo,UChMh6V4XIiyWxeR3eJKgSPw,NateOnTwoAcres,How People Kept Food Cold Before Refrigerators,54,2 months ago,60,544,https://www.youtube.com/watch?v=ZLHekpcpdQo
everyday_history,how people kept food cold before refrigerators history,SZdF-H8o6lE,UCaACicjBmh76WpCo68nGa0w,Origin of Things,How did people keep food cold before refrigerators?,23,1 month ago,30,179,https://www.youtube.com/watch?v=SZdF-H8o6lE
everyday_history,how people kept food cold before refrigerators history,oKN_Ttm2UDg,UC_a9bqWLULRKI81wAcGLQ1g,History’s Hidden Tricks,How 1700s–1800s People Kept Ice Frozen in Summer Before Refrigerators Existed,117,6 months ago,180,435,https://www.youtube.com/watch?v=oKN_Ttm2UDg
everyday_history,how people kept food cold before refrigerators history,gE4DSprLiCQ,UCoF4KlRo5VD25Te1AmDbjyA,Objectivv,Forgotten Ways to Keep Food Cold Before Refrigerators,22,4 days ago,4,440,https://www.youtube.com/watch?v=gE4DSprLiCQ
everyday_history,how people kept food cold before refrigerators history,dPxAnlWCdB0,UCvSMRYCoilIVM0RVY-e4X1A,behind the why,How Did Humans Preserve Food Before Refrigerators?,17,3 days ago,3,366,https://www.youtube.com/watch?v=dPxAnlWCdB0
everyday_history,how people kept food cold before refrigerators history,9-WFktBdhZw,UCzSPHr2KYq2K-B98BoD6IHQ,Talkative Objects,"3,000 Years of Cold Storage: The Evolution of Refrigerators",35,10 months ago,300,57,https://www.youtube.com/watch?v=9-WFktBdhZw
everyday_history,how people kept food cold before refrigerators history,wK-rkabceyU,UC95ANqPeSKRNEH1CaCOs2ew,History of Simple Things,How Was Block Ice Made Before Refrigerators?,48614,10 months ago,300,565,https://www.youtube.com/watch?v=wK-rkabceyU
everyday_history,how people kept food cold before refrigerators history,RNKPRMNDpVc,UCd1ut7NmrdJanTr_5rzMtow,Everything Has A History,Before Refrigerators…?,75,2 months ago,60,736,https://www.youtube.com/watch?v=RNKPRMNDpVc
everyday_history,how people kept food cold before refrigerators history,L71FztRo_5k,UCcvJR74u9YKYA7wuwmsd2qg,Darker Origins,"Before Refrigerators, THIS Was Killing People",155,3 months ago,90,510,https://www.youtube.com/watch?v=L71FztRo_5k
everyday_history,inside New York tenement 1900 history documentary,27DOmUzIh4Q,UCcUEjyUhd-s3Dj0TS0Ekjow,Sleepy History with Oliver,Life Inside a 19th-Century Tenement | History for Sleep,16098,4 months ago,120,10840,https://www.youtube.com/watch?v=27DOmUzIh4Q
everyday_history,inside New York tenement 1900 history documentary,QFMTA57DGvs,UCkoKI2T_WmQNVWQFCbjFGJQ,History Reconstruction,What It Was Like Living in a House in New York in 1900 | AI Reconstruction,167207,2 months ago,60,1065,https://www.youtube.com/watch?v=QFMTA57DGvs
everyday_history,inside New York tenement 1900 history documentary,Z2A-Dxxa5OE,UClPiJsU5P4Kv2nY-Ymhb6ow,The Last Wall,The Dark Side of Old New York Life Inside a 1900 Tenement  | AI Reconstruction,68,1 month ago,30,1631,https://www.youtube.com/watch?v=Z2A-Dxxa5OE
everyday_history,inside New York tenement 1900 history documentary,Hyg2QAoRJFU,UCJ9_ohRJrR6oV3JBPl1nANA,The Reconstructed History,The Story Of IMMIGRANTS In NEW YORK City In 1900 | AI Reconstruction,2579,1 month ago,30,1001,https://www.youtube.com/watch?v=Hyg2QAoRJFU
everyday_history,inside New York tenement 1900 history documentary,7p3Kyl1_YLQ,UC3ukQpmidqI7l08lwcxKxtQ,History by Marcus,"New York City 1900 AI Reconstruction (Crime, Gangs, Tenements)",116,7 months ago,210,306,https://www.youtube.com/watch?v=7p3Kyl1_YLQ
everyday_history,inside New York tenement 1900 history documentary,wjpzidf_Wo0,UC2HgWjXT9OjQfnB-r2_tE6w,Night Historian,A Typical Day in an Early 1900s City Tenement Home | Boring History For Sleep,431,7 months ago,210,9791,https://www.youtube.com/watch?v=wjpzidf_Wo0
everyday_history,inside New York tenement 1900 history documentary,z43C7QxHiEo,UCcnv9lZd59H8Q-i2qf542yA,Antiquity Studios,This Is How People Lived in New York in 1900 | AI Reconstruction,180,1 month ago,30,754,https://www.youtube.com/watch?v=z43C7QxHiEo
everyday_history,inside New York tenement 1900 history documentary,8VfjEg8NFbU,UCjVdnZlSsBrjIXR4v9GT4BA,Boring Sleep History,"🏙️🪟🕯️ Ten People, One Room — The Reality of Life in a 1900s New York Tenement 📜😴 | History for Sleep",323,1 month ago,30,10925,https://www.youtube.com/watch?v=8VfjEg8NFbU
everyday_history,inside New York tenement 1900 history documentary,KF6ezLjXWuc,UCkl_bjtocV9ln1CL8WrP3cg,Memories Reanimated,The Immigrant Nightmare: Life in New York's Slum Tenements (1910),152,5 months ago,150,802,https://www.youtube.com/watch?v=KF6ezLjXWuc
everyday_history,inside New York tenement 1900 history documentary,af9NVYpLeRU,UCD59amIOqi5PTj1RYDEMdkg,Before It Was Normal,A Day in the Life of a 1897 New York Tenement,57,13 days ago,13,3549,https://www.youtube.com/watch?v=af9NVYpLeRU
everyday_history,inside New York tenement 1900 history documentary,bumpVvYYQa8,UCBFR3dJDteyhAwSf5bXUsIQ,History Reconstructed,Inside the Most Crowded Place on Earth — New York 1900(AI Reconstruction),119,3 months ago,90,2006,https://www.youtube.com/watch?v=bumpVvYYQa8
everyday_history,inside New York tenement 1900 history documentary,2x-lMWGqYNY,UCkl_bjtocV9ln1CL8WrP3cg,Memories Reanimated,"12 People, 1 Room: How Poor Families Survived NY Tenements (1900)",138,5 months ago,150,830,https://www.youtube.com/watch?v=2x-lMWGqYNY
everyday_history,inside New York tenement 1900 history documentary,GURQFynav-g,UCDSYSCtiYxueBXviqhAQciA,Forgotten Ways Of America,25 Forgotten Survival Secrets of New York Tenement Mothers (1900s),79,2 months ago,60,1866,https://www.youtube.com/watch?v=GURQFynav-g
everyday_history,inside New York tenement 1900 history documentary,H0mbf-2ggd4,UCOshdvY8PLxe1i2HHZ1I72w,History For Lunatics by Daniel,What a Poor Family's Home Actually Looked Like in 1900s New York | History For Sleep,192,3 months ago,90,11005,https://www.youtube.com/watch?v=H0mbf-2ggd4
everyday_history,inside New York tenement 1900 history documentary,fP6NmlXldhk,UCYAm24PkejQR2xMgJgn7xwg,Stewart Hicks,How New York Got Its Fire Escapes,350255,3 months ago,90,718,https://www.youtube.com/watch?v=fP6NmlXldhk
everyday_history,inside New York tenement 1900 history documentary,PAtwhdfL4Ic,UCFU0fJOB4cXWeqG1pwhcg4g,Back in Time,No Running Water: 24 Hours in 1908 Tenement New York,246,1 month ago,30,576,https://www.youtube.com/watch?v=PAtwhdfL4Ic
everyday_history,inside New York tenement 1900 history documentary,wzr1dy_0rFw,UCyG6-53G5INrSLbxccd-wig,This Was America,Imagine It’s 1907. Your Son Has a Fever. There’s No One To Call,26,3 months ago,90,567,https://www.youtube.com/watch?v=wzr1dy_0rFw
everyday_history,inside New York tenement 1900 history documentary,rlAermdoSBg,UCYQuAhkJgU1I4tQzvxxu1aw,Erased Century,New York: The “Living Death” City No One Wanted to See (1900),16,5 months ago,150,1653,https://www.youtube.com/watch?v=rlAermdoSBg
everyday_history,inside New York tenement 1900 history documentary,aRYXmYevgtI,UCvOv2ngQ_mBSl5zrTAp2nhw,Ordinary Ages,"One Room on the Lower East Side, Autumn 1905",17,1 month ago,30,4510,https://www.youtube.com/watch?v=aRYXmYevgtI
everyday_history,inside New York tenement 1900 history documentary,08ZDj9PEFVs,UCTQhjqcgS3FIoLEJasZrLRQ,Great American Nostalgia,They Ate This to Survive: Italian Immigrant Meals in 1900s New York,3406,5 months ago,150,1873,https://www.youtube.com/watch?v=08ZDj9PEFVs
everyday_history,how families survived Dust Bowl documentary,lKev2pGRLNc,UCaPL0GxJHaOvIP-YmZzXjnQ,Poor Woman's Almanac,How Dust Bowl Families Survived With Nothing Left (The System That Kept Them Alive),15,2 days ago,2,1529,https://www.youtube.com/watch?v=lKev2pGRLNc
everyday_history,how families survived Dust Bowl documentary,kxwILjb_rTs,UC99tXyh_OHorW4DafgVc3pQ,Animata Historia,The Harsh Reality of the GREAT DEPRESSION | Life in the Dust Bowl in 1930s America,11519,7 months ago,210,1789,https://www.youtube.com/watch?v=kxwILjb_rTs
everyday_history,how families survived Dust Bowl documentary,ksNAiGvGnxg,UCXMEfLqvkc9Kgaxre4w4ixw,Survival History,Dust Bowl Families (1930s) – When the Earth Turned Against Them,97,6 months ago,180,2526,https://www.youtube.com/watch?v=ksNAiGvGnxg
everyday_history,how families survived Dust Bowl documentary,Upb1e_JwEKU,UCX7wzaaNnAe7jGMmd0fIlTA,American Food Vault,What Did Americans Eat During the Dust Bowl? | The Food That Kept Families Alive,5,7 days ago,7,688,https://www.youtube.com/watch?v=Upb1e_JwEKU
everyday_history,how families survived Dust Bowl documentary,BTbb84sZ3Ac,UCFU0fJOB4cXWeqG1pwhcg4g,Back in Time,The Dust Bowl: Black Sunday 1935 - How Families Survived America's Worst Environmental Disaster,143,7 months ago,210,1381,https://www.youtube.com/watch?v=BTbb84sZ3Ac
everyday_history,how families survived Dust Bowl documentary,8jlphpoULbg,UCc9h2e_l6IGAl20B68IZ7Rg,Iconography of History,The Dust Bowl Wave That Darkened America,23313,8 months ago,240,2950,https://www.youtube.com/watch?v=8jlphpoULbg
everyday_history,how families survived Dust Bowl documentary,etYiuVJ8JiA,UCrRKHZfN1Z6iwD7Hdhp2Hig,American Retold,How American Families Survived the Dust Bowl – Life During the Great American Drought,15,4 weeks ago,28,1162,https://www.youtube.com/watch?v=etYiuVJ8JiA
everyday_history,how families survived Dust Bowl documentary,0XR2ncWmzys,UCiW6rzqNlmwARc--5f-bBtQ,mohammad mw,The Forgotten Reality of Farm Life in Oklahoma in 1934 | Dust Bowl Survival Story,6,2 months ago,60,1214,https://www.youtube.com/watch?v=0XR2ncWmzys
everyday_history,how families survived Dust Bowl documentary,kfsmKKbeHfU,UC_flqFKiBECNEGyj9P57N_w,History revealed,"""Life in the 1930s America – How Families Survived the Great Depression""",38,11 months ago,330,404,https://www.youtube.com/watch?v=kfsmKKbeHfU
everyday_history,how families survived Dust Bowl documentary,7h4_9c7hv9M,UCf33nkiGJ3C3u-Ey-5_r38A,Village Channel,Surviving Massive Afghan Dust Storm - Traditional Family's TRUE Survival Story,3726,11 months ago,330,577,https://www.youtube.com/watch?v=7h4_9c7hv9M
everyday_history,how families survived Dust Bowl documentary,lWB5_NSEdx4,UCnykQelFBsDKg63yk2Ugf8Q,NEUROPSYCHO,The Dust Bowl: The Day the Sky Turned Black (Black Sunday 1935),9,1 month ago,30,838,https://www.youtube.com/watch?v=lWB5_NSEdx4
everyday_history,how families survived Dust Bowl documentary,FrX-tbQev7I,UCVu-hbqUsvuQQA2EUpOlGOw,The Living Past,"Trapped in the Dust Bowl: Surviving a ""Black Blizzard"" in the 1930s",17,2 weeks ago,14,408,https://www.youtube.com/watch?v=FrX-tbQev7I
everyday_history,how families survived Dust Bowl documentary,fZZUAHrVGrY,UC548di_sF9YGH6XTwO1UB9g,American Remind,How Black Families Survived the Great Depression | Untold Story of Survival Meals,1740,11 months ago,330,845,https://www.youtube.com/watch?v=fZZUAHrVGrY
everyday_history,how families survived Dust Bowl documentary,qiJV0AoeAwE,UCRjgFeZLeAyylt3qfZdFzHw,马大三,"The Dust Bowl: How Drought, Farming, and Economic Collapse Drove Families From the Great Plains",3,8 days ago,8,2213,https://www.youtube.com/watch?v=qiJV0AoeAwE
everyday_history,how families survived Dust Bowl documentary,lkXVZA-u9gM,UC01VmqHkbyhleA1dITkAAMw,The Forgotten Records,The Great Depression: What America Really Lived Through (Rare & True Stories),31,8 months ago,240,2475,https://www.youtube.com/watch?v=lkXVZA-u9gM
everyday_history,how families survived Dust Bowl documentary,kpIdjLrTC78,UCnsTOiUCkVUsR9ph-eeaQeg,Curio Chatter,The Dust Bowl:🌪️ When America Turned Into a Desert 🏜️ //WHEN THE SKY TURNED BLACK//#history #facts,18,1 month ago,30,248,https://www.youtube.com/watch?v=kpIdjLrTC78
everyday_history,how families survived Dust Bowl documentary,umCIMH6xSUs,UCeeKySEVO004NPB6I3nsiJQ,Weird World Vibes For Sleep and Knowledge,Did Black Blizzards Turn Day into Night? Documentary of Dust Storms that Buried the American Dream,24,11 months ago,330,284,https://www.youtube.com/watch?v=umCIMH6xSUs
everyday_history,how families survived Dust Bowl documentary,CDKEK9u4xdE,UC2VOrDdsqMEc33kvK3u4JXA,ERASED,"Dust Bowl 1935: The Clerk Who Secretly Recorded 250,000 Lost Names",9,1 month ago,30,327,https://www.youtube.com/watch?v=CDKEK9u4xdE
everyday_history,how families survived Dust Bowl documentary,Gk-CPsT9_9g,UC7RPPEBLPszXFfZ6dnX0p-w,Echoed Time,The Day America Couldn’t Breathe (The Dust Bowl Disaster),13,2 months ago,60,428,https://www.youtube.com/watch?v=Gk-CPsT9_9g
everyday_history,life before electricity history documentary,Q7pcoIUwUHY,UCneV-H4A9shJHXPNIRH9f2A,Bizarre History Files,The Forgotten History of Everyday Life Before Electricity | Forgotten History Documentary,22,3 days ago,3,1645,https://www.youtube.com/watch?v=Q7pcoIUwUHY
everyday_history,life before electricity history documentary,EOHLmf6TXgc,UCiA8oqaqPyfXt74jitl0lPA,World Without Anything,How People Lived Without Electricity | A Full Day in 1900 (Slow Documentary),913,7 months ago,210,2441,https://www.youtube.com/watch?v=EOHLmf6TXgc
everyday_history,life before electricity history documentary,JhZmiBgktoE,UCM_VDJbYR-i2zVuH5dxI3Uw,The Hidden History Project,"Before Electricity, People Spent 10% of Their Income on This | History Documentary",89669,4 months ago,120,879,https://www.youtube.com/watch?v=JhZmiBgktoE
everyday_history,life before electricity history documentary,cwvwtUUX0wg,UCgGPfnM_fwhXKasO3JA5cOQ,Before It Was Normal,"Before Electricity, People Spent 10% of Their Income on This  History Documentary",24,3 months ago,90,552,https://www.youtube.com/watch?v=cwvwtUUX0wg
everyday_history,life before electricity history documentary,QlJj0_SLwGU,UC8Gmj5vwTG6sLW9qqemp8Tw,Chroniq History,"Before Electricity, People Spent 10% of Their Income on This | History Documentary",4,2 months ago,60,549,https://www.youtube.com/watch?v=QlJj0_SLwGU
everyday_history,life before electricity history documentary,LLnH25Wg9nY,UCV9hX7TcfGDwagCM36WE-jA,Nexora,The Night Before Electricity: A Documentary on Human Survival,5,1 month ago,30,395,https://www.youtube.com/watch?v=LLnH25Wg9nY
everyday_history,life before electricity history documentary,5c-V1Xf7hVM,UCxRdM8fTOaGG7N2ZtOU3q4Q,Iman_Studios,"1400 Years Ago: Life Before Islam & Prophet Muhammad ﷺ | Life in Arabia | Homes, Markets and Culture",269,5 hours ago,0,444,https://www.youtube.com/watch?v=5c-V1Xf7hVM
everyday_history,life before electricity history documentary,UBSQaRjW4j8,UCijcd0GR0fkxCAZwkiuWqtQ,Free Documentary,"No Power, No Technology, No Modern Life: The Mennonites of Mexico | Free Documentary",646681,10 months ago,300,3882,https://www.youtube.com/watch?v=UBSQaRjW4j8
everyday_history,life before electricity history documentary,wRP0jCJeOuw,UCPqx-oBGdSyw6wEtCUsJlQQ,Calm Story Nights,What Nighttime Was Like Before Electricity | Full Documentary for Sleep,53,5 months ago,150,4555,https://www.youtube.com/watch?v=wRP0jCJeOuw
everyday_history,life before electricity history documentary,7uu-RBOj_-0,UCqWDbvpsjRVumInDgi_M00g,SleepLore History,Sleepy History Documentary | Before Electricity How Victorians Harvested Ice for Their Grand Estates,8,1 month ago,30,12254,https://www.youtube.com/watch?v=7uu-RBOj_-0
everyday_history,life before electricity history documentary,xb07UQ9TauY,UC30nPmltwQ9nDbzME7Nom8A,Pain Into Power,Life Before Oil? This 1949 Documentary Shows Why America Runs on It,53,7 months ago,210,1159,https://www.youtube.com/watch?v=xb07UQ9TauY
everyday_history,life before electricity history documentary,O-7aTJ3KW1M,UC6LYB8YhQKo2H6EK3q6U6kw,Bedtime & Historian ,Nikola Tesla | The Inventor Who Gave the World Electricity | Documentary for Sleep,58892,5 months ago,150,10874,https://www.youtube.com/watch?v=O-7aTJ3KW1M
everyday_history,life before electricity history documentary,6e8L28LRWOw,UCZbk6uh4cbxwscTJEJXzxzA,The Royal Chronicles ,The House of Borgia: The Most Dangerous Family in Renaissance Rome,2690,19 hours ago,0,6438,https://www.youtube.com/watch?v=6e8L28LRWOw
everyday_history,life before electricity history documentary,UnvtdsiTgD8,UCGBoWe1mzCvbbqDNncmxm8A,FINAiUS,Black Budget - The ENTIRE History of CIA | Documentary,1714120,11 months ago,330,2777,https://www.youtube.com/watch?v=UnvtdsiTgD8
everyday_history,life before electricity history documentary,m1s_dD3OKSY,UCS_Qr-D1HTo12BefhO6YNVA,stickman01,What Was Life Like Before Electricity? | The Dark World of Ancient Humans,3,1 day ago,1,151,https://www.youtube.com/watch?v=m1s_dD3OKSY
everyday_history,life before electricity history documentary,FMxLJ17Z58w,UCGBoWe1mzCvbbqDNncmxm8A,FINAiUS,The Entire History of Warren Buffett | 2026 Documentary,65838,3 days ago,3,4279,https://www.youtube.com/watch?v=FMxLJ17Z58w
everyday_history,life before electricity history documentary,KgrynQ27ir8,UCkr56dbz1QIuobBPqKSROPw,History & Civilizations,How Money Was Invented: The Chinese Way 🪙 [Ancient History Documentary],10553,2 days ago,2,3456,https://www.youtube.com/watch?v=KgrynQ27ir8
everyday_history,life before electricity history documentary,7PDABcZ_kVY,UCXmqR3oz1H_dvDc6nerTvgw,The Power of the Word,The Life of Jesus Like You’ve Never Seen Before,3437270,8 months ago,240,3215,https://www.youtube.com/watch?v=7PDABcZ_kVY
everyday_history,life before electricity history documentary,Zk9oiea-gzE,UCmUnr9efQPGV0zg37YvL2-w,Prime History Facts,The Birth of Civilization: Life Before Empires | Full History Documentary,15,6 months ago,180,357,https://www.youtube.com/watch?v=Zk9oiea-gzE
everyday_history,what soldiers ate Civil War documentary,CLm8RualEoI,UCE9KnP_36R05om9EnvmP4jA,Warline Stories,What American Civil War Soldiers Really Ate (1861) — The Extremely Shocking Truth About Army Rations,14,9 months ago,270,179,https://www.youtube.com/watch?v=CLm8RualEoI
everyday_history,what soldiers ate Civil War documentary,bOzKxPDkeAY,UCyCSbQ8ycQFpptUz5k6nltw,American Food History,25 BRUTAL Meals Civil War Soldiers ACTUALLY Ate to Survive,42616,4 months ago,120,1685,https://www.youtube.com/watch?v=bOzKxPDkeAY
everyday_history,what soldiers ate Civil War documentary,0iZzfzV_MN8,UCyCSbQ8ycQFpptUz5k6nltw,American Food History,25 BRUTAL Korean War Meals American Soldiers Ate in the Frozen Trenches,10950,5 days ago,5,1865,https://www.youtube.com/watch?v=0iZzfzV_MN8
everyday_history,what soldiers ate Civil War documentary,e5fjmdWI9dM,UCzV8tU9puZ9xHtCJHUvEClw,Military Heroes,Grant's Victory Against the Confederate Army | Grant,17023,9 days ago,9,1818,https://www.youtube.com/watch?v=e5fjmdWI9dM
everyday_history,what soldiers ate Civil War documentary,Xr3bqbQpBkI,UCE9KnP_36R05om9EnvmP4jA,Warline Stories,What American Civil War Soldiers Really Ate (1861) | The Shocking Truth About Army Rations,222,9 months ago,270,179,https://www.youtube.com/watch?v=Xr3bqbQpBkI
everyday_history,what soldiers ate Civil War documentary,OsTe5L9fxCM,UC6PgfGYHKx9yDHhjjyq8Lng,Dramatic Tales of War,What Did Civil War Soldiers Really Eat Every Day?,14,7 months ago,210,2285,https://www.youtube.com/watch?v=OsTe5L9fxCM
everyday_history,what soldiers ate Civil War documentary,-tzx3BCTmKA,UCpB4sbt0TWqBzIbPlSnbzMQ,Sleepless Historian,The CIVIL WAR'S Strangest SURVIVAL Foods - and more,26,6 days ago,6,7963,https://www.youtube.com/watch?v=-tzx3BCTmKA
everyday_history,what soldiers ate Civil War documentary,oo6MQqvzPtQ,UC9Bc5Kkqw6WuOFAbbdmPrZQ,Epic War Extra,Robert E. Lee's Biggest Mistakes: Why He Lost the Civil War | Full Documentary,15659,4 months ago,120,4082,https://www.youtube.com/watch?v=oo6MQqvzPtQ
everyday_history,what soldiers ate Civil War documentary,RwPkFl5FV4g,UCptumInBgDJ9PTKFTyQpvuQ,Forgotten Servant Kitchens,20 Brutal Rations Civil War Soldiers Were Forced to Eat to Stay Alive,6371,2 months ago,60,1410,https://www.youtube.com/watch?v=RwPkFl5FV4g
everyday_history,what soldiers ate Civil War documentary,XuEwTlusUbE,UCdYl0WWHJRPWF4HpspHnhkQ,Forgotten Foods TV,What Civil War Soldiers Really Ate to Survive,192,2 weeks ago,14,338,https://www.youtube.com/watch?v=XuEwTlusUbE
everyday_history,what soldiers ate Civil War documentary,6gre4Ouqlt4,UCYiKhBDh_4dVIdxXI8on2Rw,The Long Watch,Could You Survive a Winter in a Civil War Army Camp? | 1863–64 | American Civil War Documentary,116,3 days ago,3,7391,https://www.youtube.com/watch?v=6gre4Ouqlt4
everyday_history,what soldiers ate Civil War documentary,03R6dOAfCVU,UCPyXgBceri7IB8aLudXpBBg,America Nostalgia,30 Meals Served in Civil War Army Camps,2081,11 months ago,330,4284,https://www.youtube.com/watch?v=03R6dOAfCVU
everyday_history,what soldiers ate Civil War documentary,lSlZXoAgqls,UC-wgldSMwV0Go3sioIurfew,Hilltop History,The Great Siege That Broke The Confedracy.,319,3 weeks ago,21,706,https://www.youtube.com/watch?v=lSlZXoAgqls
everyday_history,what soldiers ate Civil War documentary,yPOveH8W-SY,UCVzQS6dUmQwGD67Wkj0_8gA,Sleepy Historian ,They Ate WHAT During the Civil War? 😱 | The Strangest Survival Foods in History,10,1 month ago,30,7279,https://www.youtube.com/watch?v=yPOveH8W-SY
everyday_history,what soldiers ate Civil War documentary,DUHmIItI430,UCYoTbrSPXlwRMh8SEopZ1-g,History on a Fork,I Cooked 250 Years of US Army Food,587984,2 months ago,60,1285,https://www.youtube.com/watch?v=DUHmIItI430
everyday_history,what soldiers ate Civil War documentary,MzJgrfaDLVQ,UCc0u5ziZC7EDOdqccu1uWEA,Optimum History,Why Southern Oficers Couldn’t Explain How Sherman’s Army Lived Off The Land ForMonths,89,10 days ago,10,1045,https://www.youtube.com/watch?v=MzJgrfaDLVQ
everyday_history,what soldiers ate Civil War documentary,paD7FCooVEg,UChnIpd1Yj_8eaJ2IRAH-Fpw,The America We Remember,25 Meals American Soldiers REALLY Ate During the Revolutionary War,20845,11 months ago,330,2434,https://www.youtube.com/watch?v=paD7FCooVEg
everyday_history,what soldiers ate Civil War documentary,pP_RFyodz_0,UCldZMqvajWUXViIcMg-ATTQ,History Told ,"The untold Truth of the ""Coffee Crisis"" during the American Civil War",181,8 months ago,240,2176,https://www.youtube.com/watch?v=pP_RFyodz_0
everyday_history,mail before railroad America history,MaSU9IxSKB4,UC-QcH8EQhHtPqAhG7l12pFw,The Crackton Files,The Amazing Details in 1864 Civil War Railroad Photos | Animated History Journey,1645,8 months ago,240,476,https://www.youtube.com/watch?v=MaSU9IxSKB4
everyday_history,mail before railroad America history,aSsvZLjn86Y,UC-m4rrNfL_4RLHIVaZrg3vw,Head of the Underground,The Underground Mail Railroad They Tried to Erase From History,1342,3 months ago,90,1579,https://www.youtube.com/watch?v=aSsvZLjn86Y
everyday_history,mail before railroad America history,t9t7WfUpiJA,UC01jNwhTBwOlOE4k-tgk1BA,History chapter,The Transcontinental Railroad(1869)Progress or Conquest?The Real Story Behind America’s Greatest Lie,7,5 months ago,150,1050,https://www.youtube.com/watch?v=t9t7WfUpiJA
everyday_history,mail before railroad America history,terF_PJhak8,UCOlIQ0e0-8Wdc8fDtGCnEOw,Legendary Locomotives,How The Post Office DESTROYED Passenger Rail,462,7 months ago,210,516,https://www.youtube.com/watch?v=terF_PJhak8
everyday_history,mail before railroad America history,MuK-FKXiStM,UCftK59zt9qUQBpfQhnNt88Q,حمزة يحكي,How Sears Sold Entire Houses Through the Mail,22,4 weeks ago,28,770,https://www.youtube.com/watch?v=MuK-FKXiStM
everyday_history,mail before railroad America history,oA55vwg1cuw,UCf6QOV4N3QCfH-MM3_AJIpg,Grand Manors,"How America's Richest Railroad City Became Its Poorest: Reading, PA",14082,2 months ago,60,2964,https://www.youtube.com/watch?v=oA55vwg1cuw
everyday_history,mail before railroad America history,cwV9yXfHaRg,UC4_71Fpwff5QjGP0LaX_04A,American Ironworks,Why America Deliberately Abandoned Its Greatest Passenger Railroad,835,1 month ago,30,991,https://www.youtube.com/watch?v=cwV9yXfHaRg
everyday_history,mail before railroad America history,zLUxdB99Uns,UCBHlJXCke2IYsiAH5DoP3TA,Sean Dietrich,You’ve Sung This a Million Times (It’s Not What You Think),108404,5 days ago,5,352,https://www.youtube.com/watch?v=zLUxdB99Uns
everyday_history,mail before railroad America history,U0xZeKCs4VM,UC2U4oSgmwIsAQ8iwL5vVolQ,Wild America,The Entire History of The Oregon Trail - FULL DOCUMENTARY,229962,9 months ago,270,6387,https://www.youtube.com/watch?v=U0xZeKCs4VM
everyday_history,mail before railroad America history,AYC_BcZZP1I,UCiryWuQqK0n8W7hdxldt8_w,Rail Universe,Night Mail | The Journey of Britain's Postal Train | 4K,13953,9 days ago,9,1403,https://www.youtube.com/watch?v=AYC_BcZZP1I
everyday_history,mail before railroad America history,dHkpFn9NlCI,UC9oGRaUTFIubLMT45nt9d4A,Metal Morph,🚆 America & Britain Trains Evolution | 200+ Years of Rail History | Сompilation,137209,6 months ago,180,566,https://www.youtube.com/watch?v=dHkpFn9NlCI
everyday_history,mail before railroad America history,eHOkBmN2Klo,UCFVUStJ4azXbWMhFO4yTELg,KUTV 2 News Salt Lake City,America remembers birth of transcontinental railroad,95,3 months ago,90,121,https://www.youtube.com/watch?v=eHOkBmN2Klo
everyday_history,mail before railroad America history,LhpZJwUboeI,UCAov2BBv1ZJav0c_yHEciAw,Samay Raina,Samay Raina - STILL ALIVE (Full Special),72626716,4 months ago,120,4861,https://www.youtube.com/watch?v=LhpZJwUboeI
everyday_history,mail before railroad America history,HzXa5nEXUaw,UCFgWWjqYuwSJQnGfXUxvOHw,Forgotten Ways,20 Things Railroad Workers Did Every Day (1900s),141,2 months ago,60,1185,https://www.youtube.com/watch?v=HzXa5nEXUaw
everyday_history,mail before railroad America history,XlwBQSyv67A,UCigPQTk_xiCgvAjatZN03Tw,Mr. Louis | Today in History,Transcontinental Railroad: The Golden Spike That Connected America | Today in History (1869),201,3 months ago,90,219,https://www.youtube.com/watch?v=XlwBQSyv67A
everyday_history,mail before railroad America history,XDLj-iV96yo,UCOdnuW1nr8rfnPJPrxql-DQ,Trade Relic,The Economics of Owning a Wild West Railroad,5,7 days ago,7,1272,https://www.youtube.com/watch?v=XDLj-iV96yo
everyday_history,mail before railroad America history,UfKrcnGbSyk,UCyPqaZQ7pVFpTYE3_Qqh1Bw,World Side,ABANDONED AMERICA!! 15 Nebraska Ghost Towns You Won’t Believe Still Exist Today,10525,2 days ago,2,1080,https://www.youtube.com/watch?v=UfKrcnGbSyk
everyday_history,mail before railroad America history,OFGYlkKbztc,UCw3QGNt0VIHXtDAKX91iylg,Flint & Factory,America's BIGGEST Delivery Company Just... Vanished. What They're Hiding,20099,4 months ago,120,4199,https://www.youtube.com/watch?v=OFGYlkKbztc
everyday_history,mail before railroad America history,07lINsrggZ4,UCfFrsS14viloVm1dKqHSoxQ,Japan Guide,Back in Time in Japan's Town of Tsumago,8978,3 days ago,3,612,https://www.youtube.com/watch?v=07lINsrggZ4
everyday_history,childbirth 1900 America history documentary,8JdTYA5EzIE,UCTGbcE7b1Pglql32wdQvXog,WTF HISTORY103,POV: Your Life as a Child Labor in 1900s America (No Way Out),45,2 months ago,60,465,https://www.youtube.com/watch?v=8JdTYA5EzIE
everyday_history,childbirth 1900 America history documentary,uc-iDy1CkDs,UCDlo-biUsttRR4vafjq_pRw,Health Evolution TV,The Forgotten Doctor Behind Every Modern Birth,34,3 weeks ago,21,670,https://www.youtube.com/watch?v=uc-iDy1CkDs
everyday_history,childbirth 1900 America history documentary,KNdzzl2AtgY,UCZG3UwmNLfvSabtnQ8VgTwA,HypeTrace,A Day in 1900s America A Family's Story,81,12 days ago,12,301,https://www.youtube.com/watch?v=KNdzzl2AtgY
everyday_history,childbirth 1900 America history documentary,kwanlZi-OAo,UCkT5-j4NCb2EULjGAJig1TA,The State Vault,America Had No Child Labor Law Until 1916 — So Who Did the Work?,63,2 days ago,2,1504,https://www.youtube.com/watch?v=kwanlZi-OAo
everyday_history,childbirth 1900 America history documentary,gVPxFIL8-IQ,UCS1WjiBqw4QQyk06GpRthIg,Gilded Age Elite,America's First Class War: How Labor Fought Back Against the Gilded Age | Documentary,159,7 months ago,210,2345,https://www.youtube.com/watch?v=gVPxFIL8-IQ
everyday_history,childbirth 1900 America history documentary,SRo4EY2m-H4,UCjShssvUnIrKjIUEuu_VmkA,The 1920s Vault,Child Labor in the Industrial Revolution | History Documentary,1625,10 months ago,300,2539,https://www.youtube.com/watch?v=SRo4EY2m-H4
everyday_history,childbirth 1900 America history documentary,9pYXlDryh1M,UCBGf12W_t5K9wDGThRpOqzA,Machiavelli Mind,"Everyday Life in Early 20th Century America: Struggles, Simplicity, and Social Change",341,11 months ago,330,8998,https://www.youtube.com/watch?v=9pYXlDryh1M
everyday_history,childbirth 1900 America history documentary,lJXgNkKhUu4,UCDhWlSRDcoIKPm_kUaO20qw,Warline Archives,Why America Had No Birth Certificates Until 1900,19,2 weeks ago,14,1607,https://www.youtube.com/watch?v=lJXgNkKhUu4
everyday_history,childbirth 1900 America history documentary,2VFKRnMt7j8,UCrKliDxqxsrocdyevQ_tVWg,Victorian Era Stories,Life in 1850: Childbirth Without Hospitals — How Victorian Women Gave Birth,7911,5 months ago,150,797,https://www.youtube.com/watch?v=2VFKRnMt7j8
everyday_history,childbirth 1900 America history documentary,7xR7bjuSbLo,UChYyRkoqnTUY7sGDaRsruTg,The American Gazetteer-Relaxing History For Sleep,"Hamilton County, Ohio in 1800s | Rolling Hills of Cincinnati’s Past | Calm Sleep-Inducing History",3900,6 months ago,180,5344,https://www.youtube.com/watch?v=7xR7bjuSbLo
everyday_history,childbirth 1900 America history documentary,He10JzG90ys,UC2TitrpeXIEUqgKYPp935FA,Life in the Wild West,Life in 1880: Childbirth Without Hospitals — How Women Gave Birth in the Wild West,462,5 months ago,150,1161,https://www.youtube.com/watch?v=He10JzG90ys
everyday_history,childbirth 1900 America history documentary,VU7Lufo7WzU,UCkuqtNsWaXobV6IYburNt6A,Shadow Archives,The Camera That Exposed The Truth: America’s Forgotten Child Miners,113,3 months ago,90,862,https://www.youtube.com/watch?v=VU7Lufo7WzU
everyday_history,childbirth 1900 America history documentary,64UVILNIekU,UCNZnxBieA6YtOkGt1Wg0_Fg,When Time Stood Still,Things Parents Actually Let Their Kids Do in the 1900s,77,5 months ago,150,856,https://www.youtube.com/watch?v=64UVILNIekU
everyday_history,childbirth 1900 America history documentary,aJ21m6zgs0M,UC0x-FvghZKnLXUHW05xjiWw,Anunnaki Dreams,What Life Was Really Like in America in the Early 1900s | History For Sleep,238,9 months ago,270,5937,https://www.youtube.com/watch?v=aJ21m6zgs0M
everyday_history,childbirth 1900 America history documentary,UEIHTnTiWoY,UChcIFm-pcSFwOoSkETO_swg,History for the Sleepy,"Living Through the Turn of the Century: How Americans Worked, Loved, and Survived in the 1900s",80,11 months ago,330,8849,https://www.youtube.com/watch?v=UEIHTnTiWoY
everyday_history,childbirth 1900 America history documentary,C6vaNoly1Gs,UCcUke2TaGDO1j7ZXOAtrkEw,Sleepy History with Arthur Bennett,The Families Chicago's Tenements Had No Room For in 1900 | History for Sleep,2,10 days ago,10,8756,https://www.youtube.com/watch?v=C6vaNoly1Gs
everyday_history,childbirth 1900 America history documentary,NqIDg0V1_bU,UCnqHwPFHtcOyD797oXBhV8A,InmateX,Inside Parchman Farm: America’s Most Controversial Prison,99,3 weeks ago,21,2248,https://www.youtube.com/watch?v=NqIDg0V1_bU
everyday_history,childbirth 1900 America history documentary,XLWzpP0ciAs,UCH8KmdML2mygT4d_A3SWOHg,"Forgotten Flavors
",15 Dangerous Jobs in 1900 That Paid Almost Nothing,21,10 months ago,300,221,https://www.youtube.com/watch?v=XLWzpP0ciAs
everyday_history,childbirth 1900 America history documentary,rljXf6Hbmec,UCAKPIc6R4Z0AyIAFaTACCjA,Old Line Power,The Disturbing Truth Behind the Lowell Mill Girls: America's Biggest Factory Scandal,67729,4 months ago,120,2894,https://www.youtube.com/watch?v=rljXf6Hbmec
everyday_history,life before air conditioning history,5ti-joUQ45w,UC4vn8Q6TEJF9_YRqUdmBauA,Memory Trails,What Life Was Like Before Air Conditioning,1875,10 months ago,300,483,https://www.youtube.com/watch?v=5ti-joUQ45w
everyday_history,life before air conditioning history,tN_hwRDc8gA,UCca-WkVPVe9nzs2iFct4wxg,Nicole Rudolph,Before Air Conditioning: How History dealt with Heatwaves,236612,1 month ago,30,1807,https://www.youtube.com/watch?v=tN_hwRDc8gA
everyday_history,life before air conditioning history,m9DumI6iEQY,UCuJxFxVuj4s_MmupOMmDqCQ,Weirdward Bound,"Before Air Conditioning, Half of America Was Unlivable | Bizarre History Documentary",311574,3 months ago,90,2185,https://www.youtube.com/watch?v=m9DumI6iEQY
everyday_history,life before air conditioning history,vBkpzLSIKpw,UCHaHJk9rsiIbA9htdWKCeSQ,American Retro Rewind,10 Ways People Stayed Cool In The Heat BEFORE Air Conditioning | 1960s America VS Today,20,9 months ago,270,329,https://www.youtube.com/watch?v=vBkpzLSIKpw
everyday_history,life before air conditioning history,0DPVzYyD7dA,UCnGDnx7X2P9nhQft8LZJShA,Hidden Amish Life Hacks,How The American Cooled Their Homes Before Air Conditioning?,288,3 months ago,90,905,https://www.youtube.com/watch?v=0DPVzYyD7dA
everyday_history,life before air conditioning history,DRmSn6g6Wnw,UC94DSCAVv_h66L1lko9lFIQ,The Hidden Timeline,Life Before Air Conditioning Was Brutal | History documentary,94,1 month ago,30,465,https://www.youtube.com/watch?v=DRmSn6g6Wnw
everyday_history,life before air conditioning history,AUnCjYKciGs,UC-vsuhgTuByGm3O512QR7_A,America Revisited,10 Ways People Stayed Cool in the Heat Before Air Conditioning | America Revisited,35,11 months ago,330,187,https://www.youtube.com/watch?v=AUnCjYKciGs
everyday_history,life before air conditioning history,WPlHwtsdrcY,UC-YA0gIwZRGhXlDBv5V62vQ,Tiny Medieval Life ,Life Before AC: Surviving 100°F in the Middle Ages,1,6 days ago,6,61,https://www.youtube.com/watch?v=WPlHwtsdrcY
everyday_history,life before air conditioning history,5oPnMWrNJ9s,UClyHdj_YkedLOJ6bGI7AU0g,The Snoozetorian,The Brutal Reality of Summer Before Air Conditioning Existed | Boring History for Sleep,3569,2 months ago,60,8456,https://www.youtube.com/watch?v=5oPnMWrNJ9s
everyday_history,life before air conditioning history,3fkN3BIWlxY,UCOtSr4zBpzuo9IHpp8wSYmQ,Origin Of Things,Life Before Air Conditioning : How Humans Stayed Cool,234,2 months ago,60,615,https://www.youtube.com/watch?v=3fkN3BIWlxY
everyday_history,life before air conditioning history,1QkhRMyy5oA,UCuGCz6k5XGQocjJ1Z5-bzGQ,Not Obvious History,Life Before Air Conditioners Was Brutal… Here's Why,81,1 month ago,30,871,https://www.youtube.com/watch?v=1QkhRMyy5oA
everyday_history,life before air conditioning history,UzHvXZdlEi8,UCMmrv7VzsNQj1rSui9GiE9A,Bhojpuri TuneNest,How did people stay cooling before electricity,19,5 days ago,5,294,https://www.youtube.com/watch?v=UzHvXZdlEi8
everyday_history,life before air conditioning history,Mfdr0-BM-Qs,UCFN1AIQ-s4c0CaTbip4A2lA,Before The First,How People Lived Before Air Conditioning,0,8 days ago,8,471,https://www.youtube.com/watch?v=Mfdr0-BM-Qs
everyday_history,life before air conditioning history,OCNGCf-Hsbs,UCilAD1Uv72FRPZvVJaCHhqQ,The USA Rewind,10 Genius Ways People Stayed Cool Before Air Conditioning | USA Rewind,26,9 months ago,270,246,https://www.youtube.com/watch?v=OCNGCf-Hsbs
everyday_history,life before air conditioning history,uXJwkwF1dak,UCgmJJ4M5zPGiadi5mz7Ay2w,Rewind Historian,How People Stayed Cool Before Air Conditioning,223,11 months ago,330,543,https://www.youtube.com/watch?v=uXJwkwF1dak
everyday_history,life before air conditioning history,Q4QlHNXRXRs,UCXM9TVR3H496OpUm5DeNIew,Made Before You ,"Before Air Conditioning Existed, Life Looked Like This",1,1 month ago,30,389,https://www.youtube.com/watch?v=Q4QlHNXRXRs
everyday_history,life before air conditioning history,EBAYCBh0Y_4,UCxufTGOB7gRfDbia5nKKvCQ,The Fine Print,13 Ways People Stayed Cool In The Heat BEFORE Air Conditioning,0,3 hours ago,0,1247,https://www.youtube.com/watch?v=EBAYCBh0Y_4
everyday_history,life before air conditioning history,UP2WpuyBbiU,UC5UaJxBfzjdlV0A8da93mOA,The Forgotten Life,"Before Air Conditioning, Summer Was a Fight for Survival🧊",37,1 month ago,30,560,https://www.youtube.com/watch?v=UP2WpuyBbiU
everyday_history,life before air conditioning history,BuoWUXQO-pI,UCICLzl5LC8DIGS1vNQqwlGA,Flashback USA,How People Stayed COOL Before Air Conditioning (Not What You Think),292,9 months ago,270,1175,https://www.youtube.com/watch?v=BuoWUXQO-pI
everyday_history,life before air conditioning history,ULYjuyRxPno,UCdSIqNd1BYSSTz1EYZCzNTQ,Before AD,Life before air conditioning,5,2 months ago,60,440,https://www.youtube.com/watch?v=ULYjuyRxPno
everyday_history,grocery store 1800s America history,hCYKp8Cbu_g,UCQkjwE2UgbpBr5C3PfzN4Fg,Sleepy Time History,A Day in the Life of a Frontier General Store Owner | 1800s American History Bedtime Story,186,10 months ago,300,3623,https://www.youtube.com/watch?v=hCYKp8Cbu_g
everyday_history,grocery store 1800s America history,eLukYNNnR9I,UCuJBQl-_LZcFepZ_SFyhXbA,Back to Yesterday,What Made 50s and 60s Grocery Shopping Unforgettable?,184397,11 months ago,330,3598,https://www.youtube.com/watch?v=eLukYNNnR9I
everyday_history,grocery store 1800s America history,9jQb8A0H_Ik,UCozU0lRnQ5FtCcSFZuVn-2g,Inside 19th-Century America,What Americans Ate Before Supermarkets Existed in the 1800s,535,3 weeks ago,21,1873,https://www.youtube.com/watch?v=9jQb8A0H_Ik
everyday_history,grocery store 1800s America history,cVTud-ZH45c,UCuJxFxVuj4s_MmupOMmDqCQ,Weirdward Bound,"Before Supermarkets, Brown Eggs Were a Sign of Poverty",40761,2 months ago,60,1727,https://www.youtube.com/watch?v=cVTud-ZH45c
everyday_history,grocery store 1800s America history,ZVbevOajDTg,UCWCn12bz1H9SZM1NF13mLdg,Forgotten Texas,Why the Confederate Army Guarded a San Antonio Grocery Store,20,4 weeks ago,28,120,https://www.youtube.com/watch?v=ZVbevOajDTg
everyday_history,grocery store 1800s America history,28Vbyiy2-jY,UCiPgn8qw264OEW37NoD_PvA,Forgotten American Bites,20 Survival Foods That Kept 1800s American Families Alive,27,3 months ago,90,314,https://www.youtube.com/watch?v=28Vbyiy2-jY
everyday_history,grocery store 1800s America history,xPylRexHJxQ,UCkBS_xU1WQ7FVsDoQ_OPeDg,CBS Chicago,Meet the Black woman who owns the only grocery store in the Austin neighbohood,213936,6 months ago,180,239,https://www.youtube.com/watch?v=xPylRexHJxQ
everyday_history,grocery store 1800s America history,pOdbkLaUmns,UCgQLS6G8CGoG2TMT80y5HFQ,Old World Lens,What Oklahoma Looked Like in the 1800s — Rare Photos Revealed,1864,10 months ago,300,1143,https://www.youtube.com/watch?v=pOdbkLaUmns
everyday_history,grocery store 1800s America history,dqrRPKGGtTw,UChnIpd1Yj_8eaJ2IRAH-Fpw,The America We Remember,25 AMAZING Foods Served at Colonial Taverns in the 1700s,159398,11 months ago,330,2413,https://www.youtube.com/watch?v=dqrRPKGGtTw
everyday_history,grocery store 1800s America history,8szsvOCTPpk,UC9fZBEfX5EfXMAfOhTPzaVA,Boring History,How Did Farm Families Survive Months of Freezing Cold in 1800s America,2721,6 months ago,180,10748,https://www.youtube.com/watch?v=8szsvOCTPpk
everyday_history,grocery store 1800s America history,CNsVm_4gLEI,UCutBN6-IOK6bCaOdZbiHzfg,Farmers Archives with Nate,"How Did America Kill 17,000 of Its Own Apple Varieties",391,5 months ago,150,614,https://www.youtube.com/watch?v=CNsVm_4gLEI
everyday_history,grocery store 1800s America history,eyUGzNHgRPg,UCuJBQl-_LZcFepZ_SFyhXbA,Back to Yesterday,Sears: The Complete Rise and Fall of an American Retail Giant,8717,9 months ago,270,3738,https://www.youtube.com/watch?v=eyUGzNHgRPg
everyday_history,grocery store 1800s America history,x79QmRvDe54,UCxr2d4As312LulcajAkKJYw,Townsends,The History Of Butter In America,364130,11 months ago,330,931,https://www.youtube.com/watch?v=x79QmRvDe54
everyday_history,grocery store 1800s America history,cs4oee8p3Ek,UCmCq3hgDccfzBUO7bX76uCQ,Mythos Minder,Pioneer Families Did This Every Single Day (No Electricity),6,1 month ago,30,354,https://www.youtube.com/watch?v=cs4oee8p3Ek
everyday_history,grocery store 1800s America history,MqZttaiU0UU,UCtKLvGbzqAluwUW3Ez_zeQA,Boring History Secrets ,How Did Frontier Families Sleep Through the Coldest Nights Without Freezing | Relaxing History,181980,10 months ago,300,11825,https://www.youtube.com/watch?v=MqZttaiU0UU
everyday_history,grocery store 1800s America history,nKptemApfQw,UCufKueyz0cy82oNjZ612znQ,Americana Rewind,10 Foods People Ate in the 1800s,257,10 months ago,300,461,https://www.youtube.com/watch?v=nKptemApfQw
everyday_history,grocery store 1800s America history,juw4ntr4DiM,UC9fZBEfX5EfXMAfOhTPzaVA,Boring History,How Did Americans REALLY Survive Winter in 1800s Without Heating | Relaxing History to Fall Asleep,5294,7 months ago,210,9256,https://www.youtube.com/watch?v=juw4ntr4DiM
everyday_history,grocery store 1800s America history,ZhQk45Ra_Sw,UCDPnPGxw18XFq8uiJUYiO6w,Tartaria Vault,Why They Erased Every Unlimited Food Forest On Earth,624291,1 month ago,30,2028,https://www.youtube.com/watch?v=ZhQk45Ra_Sw
everyday_history,grocery store 1800s America history,rloNUv-ojJQ,UCIg6MSRJiW79jZNqTBeASfw,Old table Stories,The Bread That Survived the Oregon Trail | 1800s Pioneer Survival Food Mystery,46,5 months ago,150,1822,https://www.youtube.com/watch?v=rloNUv-ojJQ
everyday_history,laundry before washing machines history,Ei5xl2zqgTU,UCbCRQJ5yTuuisl6HC3FUzUQ,QE History,"$11 to $3,399: The SHOCKING Price History of Washing Machines,",5,2 weeks ago,14,241,https://www.youtube.com/watch?v=Ei5xl2zqgTU
everyday_history,laundry before washing machines history,6-Txf398aao,UCf-HbFX5I3PHro60zk-AnZg,Earth Docuvo,What's Next for Washing Machines? (You Won't Believe It),185,13 days ago,13,331,https://www.youtube.com/watch?v=6-Txf398aao
everyday_history,laundry before washing machines history,IgNcnwKQ19w,UCwjI_IWt2AWVyBrQkGlrc8g,PastMorph,The Evolution of Washing Clothes | 8000 Years,663659,4 months ago,120,331,https://www.youtube.com/watch?v=IgNcnwKQ19w
everyday_history,laundry before washing machines history,Fz_q5u2GiqQ,UCZeDHmCteaN2l24ud4qcpeg,THE BRAND'S HUB,The History of Washing Machines | Evolution of Washing Machines1907-2026 | Hand Wash to AI Washing?,191,3 weeks ago,21,344,https://www.youtube.com/watch?v=Fz_q5u2GiqQ
everyday_history,laundry before washing machines history,mnm54coCgEg,UCCNcHj6vkay2PQuEN8cia_Q,History Before Sleep,🧺🕯️👕 The Hidden History of Laundry and Clothing Care Before Machines 😴 | History for Sleep,4078,2 months ago,60,11596,https://www.youtube.com/watch?v=mnm54coCgEg
everyday_history,laundry before washing machines history,OzfCh0wdC3Y,UCoroWh7mQZ2MGTQH3VgY2JQ,The Washer Doctor,Which Washing Machine Lasts the Longest? U.S. Repair Technicians Reveal the Truth,368,8 months ago,240,1379,https://www.youtube.com/watch?v=OzfCh0wdC3Y
everyday_history,laundry before washing machines history,sUEnYBmOUQQ,UCNe0LHYmjfXc6q-e9BoJLlg,Boring Nights,Boring History For Sleep | Why Laundry Took All Day Before Washing Machines,32,3 months ago,90,2728,https://www.youtube.com/watch?v=sUEnYBmOUQQ
everyday_history,laundry before washing machines history,7IfS1fN7Z_o,UCUDQHJMDNXlPXs6vYDg4ExQ,World Compact 500.K,Washing Machine Evolution | Every Generation Compared,27,1 month ago,30,293,https://www.youtube.com/watch?v=7IfS1fN7Z_o
everyday_history,laundry before washing machines history,XBLHgEYqI8Y,UCJ416DZ18eUxUWPqVvkP5rg,The Parts That Made Us,"Before Washing Machines, Laundry Took 8 Hours — And Killed Women",197,3 months ago,90,1086,https://www.youtube.com/watch?v=XBLHgEYqI8Y
everyday_history,laundry before washing machines history,OlitBqweRlg,UCusQuS97UGUHusIPuEIuCtw,Domestic Revolutions,The history of washing machines — the device that gave time back to the home,1822,1 month ago,30,1932,https://www.youtube.com/watch?v=OlitBqweRlg
everyday_history,laundry before washing machines history,YhtXKRNCxmQ,UCf-HbFX5I3PHro60zk-AnZg,Earth Docuvo,The Complete Evolution of Washing Machines | 1800 AD – 2200 AD,1527,1 month ago,30,348,https://www.youtube.com/watch?v=YhtXKRNCxmQ
everyday_history,laundry before washing machines history,MLG8kIn_S-4,UCDps2bHI7iDEWuI_voOnObQ,WasherBoy12,RARE Ipso HF 65 microprocessor (VFD converted) - synthetics 40C no pre-wash & 90s' primus dry star,1010,4 months ago,120,1999,https://www.youtube.com/watch?v=MLG8kIn_S-4
everyday_history,laundry before washing machines history,ZndG6eAmnOU,UC4K03O5ONM5R6_fxRuAS_jQ,AmeriRise,Washing Machines That Freed American Mondays,283,3 weeks ago,21,163,https://www.youtube.com/watch?v=ZndG6eAmnOU
everyday_history,laundry before washing machines history,91SlaNTzPtQ,UCQJHoc6ncQ3-6JFROw13Zfg,Quality Rot,Why 90% of New Washing Machines Are Garbage (The Factory Secret),952064,6 months ago,180,501,https://www.youtube.com/watch?v=91SlaNTzPtQ
everyday_history,laundry before washing machines history,o5ebifk423I,UCuJxFxVuj4s_MmupOMmDqCQ,Weirdward Bound,What Did Women Do on Laundry Day Before Washing Machines Existed?,18499,2 months ago,60,1551,https://www.youtube.com/watch?v=o5ebifk423I
everyday_history,laundry before washing machines history,8_YOwTOcku0,UCDps2bHI7iDEWuI_voOnObQ,WasherBoy12,Retro miele toy washing machine by theo klein 2000s',8755,11 months ago,330,248,https://www.youtube.com/watch?v=8_YOwTOcku0
everyday_history,laundry before washing machines history,17aXG9LFFRA,UCOtSr4zBpzuo9IHpp8wSYmQ,Origin Of Things,The Surprising Origin of the Washing Machine,197,4 months ago,120,543,https://www.youtube.com/watch?v=17aXG9LFFRA
everyday_history,laundry before washing machines history,8yPkR9FQyuQ,UCWjQawpCUYis6MWUUs8WAcQ,The History of Things,The Evolution of Washing Clothes | 200 Years of Progress,210,4 months ago,120,285,https://www.youtube.com/watch?v=8yPkR9FQyuQ
everyday_history,laundry before washing machines history,3Es2nt0sUYY,UCld9SkH8-y6HrAVZuSFhYvA,Before Modern Life,Before Washing Machines: How Did People Wash Clothes?,19,1 month ago,30,599,https://www.youtube.com/watch?v=3Es2nt0sUYY
everyday_history,covered wagon daily life history documentary,Y_1-3BAIb5s,UCpODODIiPAoMCiwECBPnOWQ,Native Journals,The Hidden HELL of Covered Wagon Travel in the Wild West,207957,5 months ago,150,670,https://www.youtube.com/watch?v=Y_1-3BAIb5s
everyday_history,covered wagon daily life history documentary,S29OUjBCRbs,UCNaNiC9y89KQuRXxeGELjJw,Bedtime sleepy,WHY CROSSING THE ROCKIES IN A COVERED WAGON WAS SO DEADLY | Relaxing History to Fall Asleep,14901,3 months ago,90,9482,https://www.youtube.com/watch?v=S29OUjBCRbs
everyday_history,covered wagon daily life history documentary,lIHlVk5qHCI,UCXkj4Q95PJVlWUW5A_oTb6A,History That Makes You Sleepy,How Pioneer Families Turned a Covered Wagon Into a Winter Home | History for Sleep,25879,3 weeks ago,21,9827,https://www.youtube.com/watch?v=lIHlVk5qHCI
everyday_history,covered wagon daily life history documentary,OHwwjFb_QPI,UCSEa1me9GHItbYsIR9CNwRA,Era Week,What Life Was REALLY Like on the Oregon Trail,2,8 days ago,8,611,https://www.youtube.com/watch?v=OHwwjFb_QPI
everyday_history,covered wagon daily life history documentary,51FxCVyPH90,UCzb8OJuZuCgvwmzTLKJ8mlw,Quiet History Vault,What It Was Like to Travel the Oregon Trail in a Covered Wagon A Journey Many Did Not Finish,7028,4 months ago,120,7229,https://www.youtube.com/watch?v=51FxCVyPH90
everyday_history,covered wagon daily life history documentary,b1-yK-oQSUg,UCXkj4Q95PJVlWUW5A_oTb6A,History That Makes You Sleepy,What Daily Life Was Really Like for a Family of 7 Living Inside a Covered Wagon | Relaxing History,2872,2 weeks ago,14,10025,https://www.youtube.com/watch?v=b1-yK-oQSUg
everyday_history,covered wagon daily life history documentary,EUHK6BC8ka4,UCOYlOWMM4RO-kKQr-0N9m4w,Golden Hour America,10 Brutal Facts About Traveling the Old West to California in a Covered Wagon,440,5 months ago,150,1082,https://www.youtube.com/watch?v=EUHK6BC8ka4
everyday_history,covered wagon daily life history documentary,A-1CnVN8lcU,UCKLrvu3Wil8zHeclvVYLDGA,Mr Memory Lane,Why Covered Wagons Had No Room for the Families Who Owned Them,86,2 weeks ago,14,1489,https://www.youtube.com/watch?v=A-1CnVN8lcU
everyday_history,covered wagon daily life history documentary,clD_xXn_45Q,UCzb8OJuZuCgvwmzTLKJ8mlw,Quiet History Vault,What Life Was Really Like Inside Freezing Covered Wagons Crossing America | Relaxing History,610,3 months ago,90,10521,https://www.youtube.com/watch?v=clD_xXn_45Q
everyday_history,covered wagon daily life history documentary,He-xjBN-_WA,UC8Ej-h0PXxOUGIIT5d8Yf7Q,Sleepy Story,What It Was Really Like to Sleep in a Covered Wagon During 1800s Blizzards | History  for Sleep,400,7 months ago,210,6784,https://www.youtube.com/watch?v=He-xjBN-_WA
everyday_history,covered wagon daily life history documentary,80FZ9UrFEno,UCXkj4Q95PJVlWUW5A_oTb6A,History That Makes You Sleepy,What It Was Really Like Living Inside a Covered Wagon for 180 Days | Relaxing History,2907,1 month ago,30,13114,https://www.youtube.com/watch?v=80FZ9UrFEno
everyday_history,covered wagon daily life history documentary,NhRAwLHa8ZE,UCXkj4Q95PJVlWUW5A_oTb6A,History That Makes You Sleepy,How One Tiny Covered Wagon Became Home for 6 Pioneer Family Members | History for Sleep,2899,2 weeks ago,14,9633,https://www.youtube.com/watch?v=NhRAwLHa8ZE
everyday_history,covered wagon daily life history documentary,vTCx4yATZu8,UCQZmRPSdz04MG1e-IF46oSQ,Classic Old Western Tales,Oregon Trail Nights: The Silent Watches That Kept Wagon Trains Alive,1629,9 months ago,270,1233,https://www.youtube.com/watch?v=vTCx4yATZu8
everyday_history,covered wagon daily life history documentary,wrm5t6nfF-w,UC_Stk67cQosNhBRFQjbG9Dg,Moonlit Sleep Stories ,Boring History For Sleep | The Miserable Reality of Crossing America by Covered Wagon,166,1 month ago,30,5401,https://www.youtube.com/watch?v=wrm5t6nfF-w
everyday_history,covered wagon daily life history documentary,wma7UXF6yOg,UCXkj4Q95PJVlWUW5A_oTb6A,History That Makes You Sleepy,What It Was Really Like Raising a Family Inside a Covered Wagon All Winter | Relaxing History,1961,3 weeks ago,21,9787,https://www.youtube.com/watch?v=wma7UXF6yOg
everyday_history,covered wagon daily life history documentary,QP-ngdz4kV0,UCQ56lStPjYYg5VLCYW2IvAA,Cozy Sleep Tales,Boring History For Sleep | How Pioneers Survived the Brutal Winter (And More),861,2 weeks ago,14,9336,https://www.youtube.com/watch?v=QP-ngdz4kV0
everyday_history,covered wagon daily life history documentary,BjzvW3B9XZs,UCzb8OJuZuCgvwmzTLKJ8mlw,Quiet History Vault,What Life Was REALLY Like on the Oregon Trail in the 1800s Walking Daily,2915,4 months ago,120,11859,https://www.youtube.com/watch?v=BjzvW3B9XZs
everyday_history,covered wagon daily life history documentary,9hqG2OgAIMw,UCvKQJAY8-FXC2g0TycIea9w,Gentle History for Deep Sleep,How Pioneer Families Kept Warm in Frozen Wagons on the Oregon Trail,4033,3 weeks ago,21,10081,https://www.youtube.com/watch?v=9hqG2OgAIMw
everyday_history,covered wagon daily life history documentary,snNQBUrPfhQ,UCvKQJAY8-FXC2g0TycIea9w,Gentle History for Deep Sleep,How Oregon Trail Families Survived Inside Wagons Trapped by Snow |  3 Hours of Relaxing History,1048,4 weeks ago,28,11157,https://www.youtube.com/watch?v=snNQBUrPfhQ
everyday_history,factory worker daily life 1900 documentary,dV5UhnMR-Gw,UCZG3UwmNLfvSabtnQ8VgTwA,HypeTrace,A Factory Worker's Day in 1900 America,59,12 days ago,12,361,https://www.youtube.com/watch?v=dV5UhnMR-Gw
everyday_history,factory worker daily life 1900 documentary,gJRuzjV-5kw,UCKQRKgXjPRX6EdfqP0pWRxA,The Sleepy Pantry,Inside the Lunch Pails of America’s 1900s Factory Workers | Relaxing Food History,74,3 weeks ago,21,2901,https://www.youtube.com/watch?v=gJRuzjV-5kw
everyday_history,factory worker daily life 1900 documentary,YhNOEuVSiNs,UC8XvZVaCiTV0u4WYiug7NhA,Ancient Industry,"Life 1,900 Years Ago | How Cleopatra’s Royal Honey Bread Was Made Inside the Pyramid 🍯🍞🏺",9326,7 months ago,210,555,https://www.youtube.com/watch?v=YhNOEuVSiNs
everyday_history,factory worker daily life 1900 documentary,_BapzVanHcg,UCzHCSa91r-zd3vO4_7XQgkA,Retro Stories,Hidden Rare Photos of Workers Who Built the Modern World — What We Never Saw (1900s–1950s),0,1 day ago,1,929,https://www.youtube.com/watch?v=_BapzVanHcg
everyday_history,factory worker daily life 1900 documentary,niQeM32CZXU,UCBA9NrHEVZnjySvTTbXsxjw,Secret Era,You Wake Up in New York City in 1900 — Could You Survive One Day?,16,5 days ago,5,458,https://www.youtube.com/watch?v=niQeM32CZXU
everyday_history,factory worker daily life 1900 documentary,Engdui-EaZA,UCCIjlePOUqMSQICsyGiNj0g,Echoes of History,Child Labor Was Normal — Life in the 1800s,53,4 months ago,120,1023,https://www.youtube.com/watch?v=Engdui-EaZA
everyday_history,factory worker daily life 1900 documentary,APrPKy2CPfQ,UC8JafBwzRAV6EXHltCHvKlg,LullingLore,"The Boring Daily Life Of A Dynamite Factory Worker (1895, California)",14,7 months ago,210,8084,https://www.youtube.com/watch?v=APrPKy2CPfQ
everyday_history,factory worker daily life 1900 documentary,YIufu53aJpI,UCTTqBgYdkmFogITlPDM0M4A,DroneScapes,Rare 1910s Footage: How Everyday Americans Lived and Worked | Restored Archival Film,1506485,Streamed 2 months ago,60,2397,https://www.youtube.com/watch?v=YIufu53aJpI
everyday_history,factory worker daily life 1900 documentary,Mcyr98Lq8r4,UC0HDr31i5od9UA78w2tC0ag,German Naval History ,Inside a 1900s Steel Factory — You Wouldn’t Last a Day,150,5 months ago,150,768,https://www.youtube.com/watch?v=Mcyr98Lq8r4
everyday_history,factory worker daily life 1900 documentary,BMcw2KReAvc,UC2-cQAW7H-eBkfFVOAi-wZA,Hard Lives in History,Behind the Mill Gates: The Hidden Life of 1800s Lowell Boardinghouse Girls,537,2 months ago,60,3624,https://www.youtube.com/watch?v=BMcw2KReAvc
everyday_history,factory worker daily life 1900 documentary,xJS_U9ErmDM,UCo8ZMZKVcMFSnkDnU-E9-oA,Dictorine of History,A Time in England: 1700s–1900s | Inside the Industrial Revolution,47,6 months ago,180,1395,https://www.youtube.com/watch?v=xJS_U9ErmDM
everyday_history,factory worker daily life 1900 documentary,sZsAnmDH7xY,UC9HMn4M1aIo0S2nwL5q2gKw, The Untold Secret,The True Diet of 1900s Factory Workers — What People Really Ate to Survive,132,1 month ago,30,1140,https://www.youtube.com/watch?v=sZsAnmDH7xY
everyday_history,factory worker daily life 1900 documentary,R8OmJiYwY6I,UC7KItIAhUn1K1uXDGvM3TKg,Tim - Reborn History ,The Industrial Revolution in the 1700s,919438,7 months ago,210,1367,https://www.youtube.com/watch?v=R8OmJiYwY6I
everyday_history,factory worker daily life 1900 documentary,ZW6LRkMHFQk,UC8XvZVaCiTV0u4WYiug7NhA,Ancient Industry,"Life 1,900 Years Ago | Inside the Ancient Pyramid Where Servants Crafted Royal Gold Vessels 🏺👑",4442,6 months ago,180,529,https://www.youtube.com/watch?v=ZW6LRkMHFQk
everyday_history,factory worker daily life 1900 documentary,fx3agcJGXsY,UCL--EMC85ATyveWj4xgeg7w,Past in motion,England in the 1700s–1900s: The Industrial Revolution That Changed the World,24,6 months ago,180,1301,https://www.youtube.com/watch?v=fx3agcJGXsY
everyday_history,factory worker daily life 1900 documentary,MzU1vnl8ZOo,UC6QO0w0Gb2W_pigOtl-rBQQ,Echoes of Empire,"A Time in England, 1700s–1900s The Industrial Revolution – Full AI Reconstruction",1526,5 months ago,150,2589,https://www.youtube.com/watch?v=MzU1vnl8ZOo
everyday_history,factory worker daily life 1900 documentary,Y_1tDNWcKfs,UChTCCcc6FZwMDItD1zlWYMA,Pics of Past,50 Powerful Photos That Freeze Everyday Life From a Century Ago,31,8 months ago,240,784,https://www.youtube.com/watch?v=Y_1tDNWcKfs
everyday_history,factory worker daily life 1900 documentary,IEoyZ_fc7po,UCFU0fJOB4cXWeqG1pwhcg4g,Back in Time,A Day in 1920s America: How Ordinary Families Really Lived 100 Years Ago,89386,8 months ago,240,812,https://www.youtube.com/watch?v=IEoyZ_fc7po
everyday_history,factory worker daily life 1900 documentary,tapAaWwqeNA,UCrn9xT3t9p9LSqVLbTn6kAQ,Mr.7x History,A Tour of  London in 1900's (AI Reconstruction) | Explore History of 1900's London | 4K Documentary,221,5 months ago,150,690,https://www.youtube.com/watch?v=tapAaWwqeNA
everyday_history,New York subway workers history documentary,BKOKttL8BnU,UCLrFojZKAOt4swlwqBymSyg,Architecture Genie,The Forgotten Sand Hogs Who Built NYC Subway,2076,6 months ago,180,1837,https://www.youtube.com/watch?v=BKOKttL8BnU
everyday_history,New York subway workers history documentary,Gwnsl7LDtl8,UCeaJ37P2B1QUGgsI0RyFugw,Thomas Relives History,The Entire History of New York City in 17 Minutes,7606,13 days ago,13,1031,https://www.youtube.com/watch?v=Gwnsl7LDtl8
everyday_history,New York subway workers history documentary,HxL3CSYbnto,UCVF60kVeMmrSrbmgZoALkQw,The Transit Diaries,The NYC subway and 9/11. What really happened?,90735,10 months ago,300,744,https://www.youtube.com/watch?v=HxL3CSYbnto
everyday_history,New York subway workers history documentary,sDfsPG4_Gu4,UC5amYbyhJiUoIaHur66sMsg,NYC Nostalgia,The Brutal Birth of the New York Subway,737,3 months ago,90,715,https://www.youtube.com/watch?v=sDfsPG4_Gu4
everyday_history,New York subway workers history documentary,8ubNgOSuP0Y,UCoYBLWxv-eSqzFQbROA3psg,Details of the Story,NYC's First Subway 1900: Engineering Feat or Worker's Nightmare?,86,4 months ago,120,992,https://www.youtube.com/watch?v=8ubNgOSuP0Y
everyday_history,New York subway workers history documentary,1RQaM5AD7uw,UCsVvSaJW9op6omNBWVuhTiA,New York City Uncovered,How Subways Were Built Without Modern Tech | The Shocking History of NYC’s First Underground Tunnels,41,5 months ago,150,216,https://www.youtube.com/watch?v=1RQaM5AD7uw
everyday_history,New York subway workers history documentary,yKtAVMZCdck,UClgo8akZOVpzeKm1o2oaurQ,Forgotten Labor,How the Men Who Built the New York City Subway Drilled Through Manhattan Bedrock Without Maps,79724,3 months ago,90,1664,https://www.youtube.com/watch?v=yKtAVMZCdck
everyday_history,New York subway workers history documentary,bme1-eKIqms,UC26eZa25HKTy9uYHXf6wRlA,Century Block,How America Almost Killed New York Building the Subway,97,12 days ago,12,2549,https://www.youtube.com/watch?v=bme1-eKIqms
everyday_history,New York subway workers history documentary,bGOqTIdbDnM,UCxenJ3JdINMVF3zG9EXtThg,Untold New York,New York 1970s | The Worst Decade,135235,9 months ago,270,577,https://www.youtube.com/watch?v=bGOqTIdbDnM
everyday_history,New York subway workers history documentary,PTvEeYC87_I,UCKsRhWUJYDbCsNng1yEoGig,Huntieport,The History of the Construction of Asia's FIRST Subway Line (A Mini Documentary),153,4 months ago,120,789,https://www.youtube.com/watch?v=PTvEeYC87_I
everyday_history,New York subway workers history documentary,d7QC01SAu1Y,UCp4wHZCrDhITkiUILOd4gRw,Documentary Central,The Big Reason New York Will Never Win the War On Rats | NYC Revealed | Documentary Central,1430473,10 months ago,300,1413,https://www.youtube.com/watch?v=d7QC01SAu1Y
everyday_history,New York subway workers history documentary,KQoCtiVOeVw,UChy4tLwBAFWhKebIspD9VkQ,Project beta,How New York Built the World's Most Incredible Subway System,14,1 month ago,30,120,https://www.youtube.com/watch?v=KQoCtiVOeVw
everyday_history,New York subway workers history documentary,dpjs8a8B8Qk,UCwe83TityghdeKjX8Sa2sqg,Lotu,What Was Inside the Twin Towers?,638871,6 months ago,180,1265,https://www.youtube.com/watch?v=dpjs8a8B8Qk
everyday_history,New York subway workers history documentary,Ywz7hFaXnl8,UCvOaNIya6EPc6yieQymjPHQ,Dream City,How Much Did Everything Cost in NYC in 1960? You Won't Believe It!,6948,9 months ago,270,543,https://www.youtube.com/watch?v=Ywz7hFaXnl8
everyday_history,New York subway workers history documentary,BGOMhkgivcE,UCy-9Gu5JmkV9kd7fBiZa_Yg,Nautiq,The Insane Dangers Behind the Forgotten 1900s Sandhog Tunnel Workers,145,7 months ago,210,989,https://www.youtube.com/watch?v=BGOMhkgivcE
everyday_history,New York subway workers history documentary,fA7dhd95Ih0,UChOJePYqvnY3E706MqwWmig,Forgotten America With Michael,Why 1970s New York Felt So Different From Today,2471,1 month ago,30,1438,https://www.youtube.com/watch?v=fA7dhd95Ih0
everyday_history,New York subway workers history documentary,xYxtEXzjek0,UCvpGP--LDulovYXg6a7LtfQ,Dollar Archives,The Illegal Subway Built Under NYC While Everyone Slept (1870 True Story),24,4 months ago,120,769,https://www.youtube.com/watch?v=xYxtEXzjek0
everyday_history,New York subway workers history documentary,_o7bSBUj4S4,UCP_8_DScsTDT0ujGHUXzvfA,Shadow Archive Docu,New York's Underground Hides a Terrifying History! 😱 | The Untold Story of the NYC Subway,15,1 month ago,30,629,https://www.youtube.com/watch?v=_o7bSBUj4S4
everyday_history,New York subway workers history documentary,FsRNIrsJUzM,UCRRRqR9ep9NZvccuMVZXvlw,Hidden Foundations,Beneath Manhattan: The Graveyard Nobody Remembers | Hidden America,10,9 months ago,270,1199,https://www.youtube.com/watch?v=FsRNIrsJUzM
everyday_history,New York subway workers history documentary,LlyPvlWVAng,UC-WT_x7Tpo-C1_XNJFik4ag,Dead Signal,The Forgotten Tunnels Beneath Manhattan,69105,3 weeks ago,21,646,https://www.youtube.com/watch?v=LlyPvlWVAng
everyday_history,firefighters before fire hydrants history,UzsjY5XHa1Y,UC8nSbNeL4WrXc9Y7ZciRewQ,The Groundwork,"History of The Fire Hydrant - Before This, Cities Burned and Nobody Could Stop It",61,1 month ago,30,1186,https://www.youtube.com/watch?v=UzsjY5XHa1Y
everyday_history,firefighters before fire hydrants history,GX2kez59Wec,UCHbQhoiP-819_MmVTohgcQQ,Simple Things - Surprising Histories,Why Fire Hydrants Come in Different Colors,4905,1 month ago,30,258,https://www.youtube.com/watch?v=GX2kez59Wec
everyday_history,firefighters before fire hydrants history,n3IdoUDKm5M,UCIFASD8fCiNHLLBHhRrStAg,Titan Culture News,The History of Firefighting,191,11 months ago,330,372,https://www.youtube.com/watch?v=n3IdoUDKm5M
everyday_history,firefighters before fire hydrants history,elaCBeH8rfo,UC95ANqPeSKRNEH1CaCOs2ew,History of Simple Things,Why Are Fire Hydrants Made of Cast Iron Instead of Steel?,7885,3 weeks ago,21,498,https://www.youtube.com/watch?v=elaCBeH8rfo
everyday_history,firefighters before fire hydrants history,eLo_J5Dxcb8,UCN20mN0lyVrlsGagsmx6clw,techarchive,The Surprising Invention of Fire Hydrants: From Wooden Logs to Modern Safety,3,3 days ago,3,1534,https://www.youtube.com/watch?v=eLo_J5Dxcb8
everyday_history,firefighters before fire hydrants history,ayeJHoB0Y_M,UC95ANqPeSKRNEH1CaCOs2ew,History of Simple Things,What Fire Hydrant Colors Really Mean (And Why Firefighters Depend on Them),85590,2 months ago,60,538,https://www.youtube.com/watch?v=ayeJHoB0Y_M
everyday_history,firefighters before fire hydrants history,WkY1J91V6tI,UC5RsRt6QEnaweYZ8duMzHfg,Fig Untold,The Fire That Proved Every Hydrant Had to Match,11,2 weeks ago,14,490,https://www.youtube.com/watch?v=WkY1J91V6tI
everyday_history,firefighters before fire hydrants history,B518qFwx3Tk,UCS70zZaaSfLc_xpJybVxbfQ,Story Behind The Things,Why Are Fire Hydrants Different Colors? The Hidden Code That Can Save Lives,18,4 weeks ago,28,467,https://www.youtube.com/watch?v=B518qFwx3Tk
everyday_history,firefighters before fire hydrants history,NTPy9M-gIJ4,UC6lH-eO0a9NTzv3huYV3h1Q,Built By Bots,The Man Who Invented the Fire Hydrant Lost Everything to a Fire — Built by Bots History #17,1,8 days ago,8,213,https://www.youtube.com/watch?v=NTPy9M-gIJ4
everyday_history,firefighters before fire hydrants history,MXe1a0FQYto,UC4o43XDywiobc15lxdGdnzw,Can You Guess Why,Why Fire Hydrants Have Different Colors? The Hidden Code That Saves American Lives.,1,22 hours ago,0,391,https://www.youtube.com/watch?v=MXe1a0FQYto
everyday_history,firefighters before fire hydrants history,RjHexBClgAY,UC3K_TvFgRb5LbfRazWcnlxA,Unknown Behind Known Things,What Fire Hydrant Colors Really Mean (And Why Firefighters Depend on Them),8,2 months ago,60,408,https://www.youtube.com/watch?v=RjHexBClgAY
everyday_history,firefighters before fire hydrants history,yx1MO6n9kxk,UCy73syXVgeCo4WLu8GktqQg,Time Morphix,Evolution of Fire Fighter Systems | 2000 Year's,122,1 month ago,30,181,https://www.youtube.com/watch?v=yx1MO6n9kxk
everyday_history,firefighters before fire hydrants history,QCs5-Ughsdo,UChpZ635-BF1VKP4_tON5Wow,SocialFD,"🚒 Why Hydrants Have ""Steamer Caps"" – Forgotten Firefighting History",7,11 months ago,330,214,https://www.youtube.com/watch?v=QCs5-Ughsdo
everyday_history,firefighters before fire hydrants history,yqeeCuATQAQ,UCkDlRxnd0orSbegsIac62PA,Nola Tour Guy,The World's Oldest Fire Hydrant,221,1 month ago,30,135,https://www.youtube.com/watch?v=yqeeCuATQAQ
everyday_history,firefighters before fire hydrants history,AU_8F_qCguw,UCCUf0QzGTP1WBBIwjoNksug,Common Things - Surprising History,Why Fire Hydrants Come in Different Colors(The secret code),8,1 month ago,30,269,https://www.youtube.com/watch?v=AU_8F_qCguw
everyday_history,firefighters before fire hydrants history,F2XCqK1h-fY,UChpZ635-BF1VKP4_tON5Wow,SocialFD,💧 Why Fire Hydrants Are Still Called “Fire Plugs”,18,11 months ago,330,224,https://www.youtube.com/watch?v=F2XCqK1h-fY
everyday_history,firefighters before fire hydrants history,9xiYOlRJgtg,UCI_b2p8lPjHdL7XRiWR2Ctw,Decoding Everyday,Why Fire Hydrants Are Painted in Different Colors,74,3 months ago,90,269,https://www.youtube.com/watch?v=9xiYOlRJgtg
everyday_history,firefighters before fire hydrants history,rwXvk5gchlY,UC9Udyat_7Hra6N_f5BvPrmA,"Small Things, Big Reasons",The Real Reason Fire Hydrants Are Different Colors,56,5 months ago,150,169,https://www.youtube.com/watch?v=rwXvk5gchlY
everyday_history,firefighters before fire hydrants history,NLogFlaugDo,UCMuuUie8Cpdn3dDTc3YSpSg,Simple Things-WWH,The Real Reason Fire Hydrants Are Painted Different Colors,1478,2 months ago,60,489,https://www.youtube.com/watch?v=NLogFlaugDo
everyday_history,firefighters before fire hydrants history,N5edsW6ModE,UCVTq4k4hGt4UT4xKoErDeUw,Museum of Fire,Hydrants at the Ready: How Water Shaped the Fire Brigade,59,11 months ago,330,920,https://www.youtube.com/watch?v=N5edsW6ModE
everyday_history,wartime rationing daily life documentary,cfcKbgr1pOI,UCcUEjyUhd-s3Dj0TS0Ekjow,Sleepy History with Oliver,What It Felt Like to Cook in World War II | History for Sleep,106176,4 months ago,120,11543,https://www.youtube.com/watch?v=cfcKbgr1pOI
everyday_history,wartime rationing daily life documentary,KB9AjTr7ZmA,UCyAziLBwBdL-0YznhULc8Hg,After the Sirens,9 Forgotten WWII Farming Tricks That Kept Families Alive Without Stores,270,8 months ago,240,564,https://www.youtube.com/watch?v=KB9AjTr7ZmA
everyday_history,wartime rationing daily life documentary,7YBXyKdwr3Y,UC2ZlUMl3oRE1nA7jRHqg93Q,United Kingdom 🇬🇧 7,Wartime Rationing in the UK 🇬🇧 (1940s) | One Egg a Week – How Britain Survived #100k #viral #video,186,8 months ago,240,554,https://www.youtube.com/watch?v=7YBXyKdwr3Y
everyday_history,wartime rationing daily life documentary,hk6Tcw_5WEI,UC3uAjWoLZ4bSi6qI9SjALxA,Imperial War Museums,How WW2 Rationing shaped Britain,741217,5 months ago,150,1197,https://www.youtube.com/watch?v=hk6Tcw_5WEI
everyday_history,wartime rationing daily life documentary,kM9A4k1hYg0,UCc8AK9IMblv8_HBw07vgPRA,The Art of History ,How People Survived WWII on Almost No Food | The Untold Story of Wartime Hunger,10,4 days ago,4,960,https://www.youtube.com/watch?v=kM9A4k1hYg0
everyday_history,wartime rationing daily life documentary,NR_necPnFAE,UCUSQDNI2HdeEgEJUSpaCE-A,WearyWolf Adventures,A Month on WWII Rations: Could I Survive the Home Front Diet? Week 1,57508,9 months ago,270,3725,https://www.youtube.com/watch?v=NR_necPnFAE
everyday_history,wartime rationing daily life documentary,sdmos2_EKN0,UCdszwf0OgVUYXakHAKtOL0A,Obsidian Power,The Strange Foods That Helped Millions Survive World War II #history #darkhistory,1,2 months ago,60,641,https://www.youtube.com/watch?v=sdmos2_EKN0
everyday_history,wartime rationing daily life documentary,m5iBcAXz6iM,UC0kKKoI0C-ptGfe6DsWAWPw,𝐅𝐨𝐫𝐠𝐨𝐭𝐭𝐞𝐧 𝐅𝐨𝐨𝐝𝐰𝐚𝐲𝐬 ,19 Forgotten WWII meals Every Family Remembers,238,3 weeks ago,21,2049,https://www.youtube.com/watch?v=m5iBcAXz6iM
everyday_history,wartime rationing daily life documentary,YzD7reFnS2w,UCdG_1HbwG_KTyTgYCVTDUZA,forgotten suppers,10 Forgotten Japanese Wartime Meals of World War II,80,2 months ago,60,643,https://www.youtube.com/watch?v=YzD7reFnS2w
everyday_history,wartime rationing daily life documentary,VUmv2HIMZT0,UChRuLUdYIV3bSdUjZoc1QvA,The Unseen Front,I Tried the BRITISH WWII Ration Diet for a Week (The Unbelievable Reality) | The Unseen Front,450,10 months ago,300,3301,https://www.youtube.com/watch?v=VUmv2HIMZT0
everyday_history,wartime rationing daily life documentary,pTbCMjKgj6I,UCsS1z-qH0qNaRD-xEO0cQAA,Grandma's Table Stories,What Dinner Looked Like In 1942 (Wartime Meals),9,8 months ago,240,687,https://www.youtube.com/watch?v=pTbCMjKgj6I
everyday_history,wartime rationing daily life documentary,OWji4VpCWP8,UCG6lIzMlY7fqOftXEbsDzUg,"Ordinary Lives, Extraordinary Times",A Store Clerk During World War II Rationing,38,6 months ago,180,1741,https://www.youtube.com/watch?v=OWji4VpCWP8
everyday_history,wartime rationing daily life documentary,BQuWnNvL7UM,UCAWPmAldwbiJ5dVM3SUCbHg,Forgotten Homestead,30 DYING WW2 RATIONING TRICKS EVERY BRITISH FAMILY USED TO SURVIVE,7,2 months ago,60,1175,https://www.youtube.com/watch?v=BQuWnNvL7UM
everyday_history,wartime rationing daily life documentary,TPqLirPzV-I,UCpMBAIod3nHqwjWZ7SgJkLA,Cutie Orbit,19 Illegal Survival Foods Britain Couldn’t Live Without,177,3 months ago,90,800,https://www.youtube.com/watch?v=TPqLirPzV-I
everyday_history,wartime rationing daily life documentary,gZOiu6Sk3T8,UCMkzriwmZ_exaWThkryCRGQ,WWII Undercover,"Life in Wartime American Cities: Blackouts, Air Raids, and Patriotism",22,9 months ago,270,1255,https://www.youtube.com/watch?v=gZOiu6Sk3T8
everyday_history,wartime rationing daily life documentary,S3m5KBAJgAA,UCDlRdULhDO8eQj1sK9TFLIg,Forgotten Battle Files,"""We Never Ate Like This Back Home"" — German POW Women on American Meals",15,2 weeks ago,14,1282,https://www.youtube.com/watch?v=S3m5KBAJgAA
everyday_history,wartime rationing daily life documentary,lsUl5csM6Cs,UCizSZ1qexLdR46dDVV91myA,War-Tested Survival,“The WWII Food Strategy That Kept Millions of Soldiers Alive Forgotten Ration Secrets”,142,5 months ago,150,565,https://www.youtube.com/watch?v=lsUl5csM6Cs
everyday_history,wartime rationing daily life documentary,P6ZRfdo1X3M,UClCxslHHWrzSFTH7d6NT97Q,The Sage's Animated Archives,Life in JAPAN During WW2 Explained in 19 Minutes,8,9 days ago,9,1162,https://www.youtube.com/watch?v=P6ZRfdo1X3M
everyday_history,wartime rationing daily life documentary,qgE2d-dxtZo,UCcUEjyUhd-s3Dj0TS0Ekjow,Sleepy History with Oliver,The Quiet Rituals of a 1940s Housewife | History for Sleep,8894,2 weeks ago,14,10517,https://www.youtube.com/watch?v=qgE2d-dxtZo
everyday_history,Mississippi flood 1927 documentary,ZW_rMFmjqto,UCtQ0AnnHtk-5xtfMuyUOB9Q,Geo Origins,The Great Mississippi Flood of 1927 – America’s Worst Disaster,1626,11 months ago,330,3983,https://www.youtube.com/watch?v=ZW_rMFmjqto
everyday_history,Mississippi flood 1927 documentary,Xzab2dj48xA,UC8DlCROk5ENquUiGL986u1Q,History & Disasters,The Levees Were Holding. They Blew Them Up Anyway.,763,7 months ago,210,1434,https://www.youtube.com/watch?v=Xzab2dj48xA
everyday_history,Mississippi flood 1927 documentary,6r3fRfOEVJk,UC1jjnOdLIhKP6n6h2b-LWOw,Anything and Everything Explained,Just How CATASTROPHIC Was The Great Mississippi Flood of 1927?,237,7 months ago,210,595,https://www.youtube.com/watch?v=6r3fRfOEVJk
everyday_history,Mississippi flood 1927 documentary,D4hypVNTVhA,UCNx09VmxhXfyMwDqqg9U2mw,99 Years Ago,The Great Mississippi Flood of 1927 — America’s Worst Disaster?,79,4 months ago,120,190,https://www.youtube.com/watch?v=D4hypVNTVhA
everyday_history,Mississippi flood 1927 documentary,r_SfmxCUXw4,UCsrtIdSSKjZeZ3Z4VZJo67A,Boldcraft Studio,Great Mississippi Flood – America Underwater 1927 | Forgotten American Disaster Documentary,50,11 months ago,330,184,https://www.youtube.com/watch?v=r_SfmxCUXw4
everyday_history,Mississippi flood 1927 documentary,7hgd00UpdCA,UCGhSzbNFrVav5Iw9R7P4rcQ,Soul of America ,The Flood That Changed America Forever | 1927 Mississippi Flood Documentary | Soul of America,2,7 days ago,7,620,https://www.youtube.com/watch?v=7hgd00UpdCA
everyday_history,Mississippi flood 1927 documentary,NzyuIdUBWoQ,UCVqhrg-Zos7ldG1iOXHwfHw,The Last Known Frame,"39 Tons of Dynamite and One Choice | Great Mississippi Flood, 1927 (AI reconstruction)",14,2 months ago,60,1191,https://www.youtube.com/watch?v=NzyuIdUBWoQ
everyday_history,Mississippi flood 1927 documentary,9vNW8pKfWmw,UCcRzlAFKq-LIOMhRExxvGfw,Dust of Empires	,The Flood They Aimed at the Poor,30,3 weeks ago,21,273,https://www.youtube.com/watch?v=9vNW8pKfWmw
everyday_history,Mississippi flood 1927 documentary,tgTBe_8k2LQ,UC__1H1h9Lnt0uMk0L1Gdavg,American Disaster Files,The Great Mississippi Flood Explained: America's Worst Flood of 1927 | American Disaster Files,40,1 month ago,30,784,https://www.youtube.com/watch?v=tgTBe_8k2LQ
everyday_history,Mississippi flood 1927 documentary,fhFyIt8C4nE,UCHGC92w4akO_7G1Au_KyTKA,Country Disasters,The Flood That Changed America | Mississippi Flood 1927,196,6 months ago,180,176,https://www.youtube.com/watch?v=fhFyIt8C4nE
everyday_history,Mississippi flood 1927 documentary,MjGb_8T8PgQ,UCEIU_GayWOrYRC3IobR_-UA,HistoMark,When America’s System Went Underwater | Mississippi Flood 1927,17,7 months ago,210,410,https://www.youtube.com/watch?v=MjGb_8T8PgQ
everyday_history,Mississippi flood 1927 documentary,hq5itGTNb6w,UCHgiXaaobC72oFv95pjpfvA,CodeX1980,WHY RIVERS OVERFLOW: The Mississippi Flood of 1927 Explained,7,6 months ago,180,568,https://www.youtube.com/watch?v=hq5itGTNb6w
everyday_history,Mississippi flood 1927 documentary,bNaud4pU2hY,UCZLAy00GHtsQ28MQosW0mZw,Beyond Impact,"Great Mississippi Flood 1927: 630,000 People Displaced Across 7 States",358,12 days ago,12,1353,https://www.youtube.com/watch?v=bNaud4pU2hY
everyday_history,Mississippi flood 1927 documentary,D-Zrt-WxodA,UCv6onzQruKJeJo-sVTbRIoA,Erased Evidence,Mississippi’s River Giants — The Flood of 1927 That Exposed a Graveyard Nobody Knew Was There,759,3 months ago,90,909,https://www.youtube.com/watch?v=D-Zrt-WxodA
everyday_history,Mississippi flood 1927 documentary,MWhiDbNYzTM,UCRjgFeZLeAyylt3qfZdFzHw,马大三,"The Great Mississippi Flood of 1927 — How the River Destroyed the Delta and Displaced 700,000",1,7 days ago,7,1891,https://www.youtube.com/watch?v=MWhiDbNYzTM
everyday_history,Mississippi flood 1927 documentary,-RGlird5IbE,UC9x7C6RWR8jgnoTxzNkFC5w,Sleeping History Fact,"The Great Mississippi Flood of 1927 , America's Worst Natural Disaster ,  Sleeping History #history",6,3 weeks ago,21,529,https://www.youtube.com/watch?v=-RGlird5IbE
everyday_history,Mississippi flood 1927 documentary,hzWXWM3bWh8,UCKd3-5IsV0CEdRB-H1C4XTQ,ChronoMyst AI,🌊 The Great Mississippi Flood of 1927 | America’s Deadliest Flood Disaster 😨,9,3 months ago,90,463,https://www.youtube.com/watch?v=hzWXWM3bWh8
everyday_history,Mississippi flood 1927 documentary,mqs8GZgYhuY,UCQwzobFcaponDq3ONI2ob2g,THE HISTORICAL MEMORY RECOVERY CHANNEL,Fatal Flood: The 1927 Mississippi Flood and How It Killed Hundreds of Black Sharecroppers,86,8 days ago,8,3066,https://www.youtube.com/watch?v=mqs8GZgYhuY
everyday_history,Mississippi flood 1927 documentary,fL-jNuHN9UU,UCOgGk4vNEyoVI-q8k1gg-8A,GeoQuest,The Mississippi River Problem America Can't Easily Fix,20,1 month ago,30,2140,https://www.youtube.com/watch?v=fL-jNuHN9UU
everyday_history,first apartment buildings America history,Ub6J0TkQqVg,UC95ANqPeSKRNEH1CaCOs2ew,History of Simple Things,Apartment vs Condominium: What Really Is The Difference?,109923,11 months ago,330,508,https://www.youtube.com/watch?v=Ub6J0TkQqVg
everyday_history,first apartment buildings America history,1Hw3cZlBXAs,UCL_ZgWi3WnPdsQpS9zNRmxA,Object 550,The Apartment That Housed 60 Million Soviets | Documentary,659,2 months ago,60,486,https://www.youtube.com/watch?v=1Hw3cZlBXAs
everyday_history,first apartment buildings America history,3DRZ4MiVmB4,UCET41hSp5hm7ZpU0TCJBPxg,Forgotten Power,The REAL Cost of Living in a Gilded Age Apartment,262,6 months ago,180,1254,https://www.youtube.com/watch?v=3DRZ4MiVmB4
everyday_history,first apartment buildings America history,PaFN9FfEy2I,UC1-mqKYpE7r_M5IhiDeg4NA,The Empowered Immigrants ,How I Rented My First US Apartment with Zero Credit History,183,4 months ago,120,248,https://www.youtube.com/watch?v=PaFN9FfEy2I
everyday_history,first apartment buildings America history,tIgdxChWkiw,UCHyFuvaP40uvL0RE48NbsMw,First Alert 6,"Historic building preserves legacy of Omaha’s first Black veterinarian, provides new housing",57,6 months ago,180,155,https://www.youtube.com/watch?v=tIgdxChWkiw
everyday_history,first apartment buildings America history,pxK7KNcI7A8,UCs8xFID9HDQti6n3PspGxHg,NorthStar StoryNarrative,The Building New York Mocked… Until It Changed How America Lives,1,8 months ago,240,822,https://www.youtube.com/watch?v=pxK7KNcI7A8
everyday_history,first apartment buildings America history,kmN2JfKU76U,UCtsJ0vFc1ys3yQTmiYMTpdg,It's Evolution Babe,The Evolution of Houses: From Dark Caves to Mars Habitats,105,2 months ago,60,465,https://www.youtube.com/watch?v=kmN2JfKU76U
everyday_history,first apartment buildings America history,bkhuW8CuuBI,UCcPHOTgJx_8RhAoG0JEZerg,Moment Atlas,How New York Learned to Build the Sky | 400 Years of Architecture,6,10 days ago,10,368,https://www.youtube.com/watch?v=bkhuW8CuuBI
everyday_history,first apartment buildings America history,aI0nrX04iTo,UCOx0bIbw8m1-VNG3duys98A,Julian News Report,Mamdani STUNNED As Builders Suddenly STOPPED Building Apartments - In The Middle Of A Housing Crisis,53682,2 days ago,2,614,https://www.youtube.com/watch?v=aI0nrX04iTo
everyday_history,first apartment buildings America history,9u_lWUlbEck,UCufvVan2COV7M3FX5dPdlHA,Old Money Dynasty,The Gilded Age Apartments That Redefined Elite Living | Documentary,664861,8 months ago,240,4971,https://www.youtube.com/watch?v=9u_lWUlbEck
everyday_history,first apartment buildings America history,rd_Jcmm7U10,UCNjJ5xqyEu_1QwjEU0cwwWw,LivingGhosts,The Dakota: How One Building Changed New York Forever,1538,9 months ago,270,698,https://www.youtube.com/watch?v=rd_Jcmm7U10
everyday_history,first apartment buildings America history,TJc3CYFG72k,UCiW5F4pc0Nw0h9KN7anc48g,History US,The Housing Experiment That Ended in Disaster,38,1 month ago,30,3164,https://www.youtube.com/watch?v=TJc3CYFG72k
everyday_history,first apartment buildings America history,01RPWlufgY4,UCsCrcqAOc-jItlacAjxI1sQ,Dynasty's Fall,The Lost Gilded Age Apartments Built for America’s Elite: The Dakota,215,7 months ago,210,1499,https://www.youtube.com/watch?v=01RPWlufgY4
everyday_history,first apartment buildings America history,oRFjqgsak_Q,UC1Q9fgDYwmgrDC9vzJ1CxyQ,Dark Omniverse,Inside Apartment 4B: The Dakota's Darkest Architectural Mystery #usstory,10,1 month ago,30,156,https://www.youtube.com/watch?v=oRFjqgsak_Q
everyday_history,first apartment buildings America history,MfIBP20oOCE,UCNjJ5xqyEu_1QwjEU0cwwWw,LivingGhosts,The Flatiron: New York's First HATED Skyscraper | Early NYC Skyscraper History,1224,8 months ago,240,639,https://www.youtube.com/watch?v=MfIBP20oOCE
everyday_history,first apartment buildings America history,oaMTafC8XDo,UCkNaeCUE1y0w0ePjqdeTStw,DesignThatWorks,WE LOST HOME? | The Evolution of Home From Caves to Skyscrapers,6,2 months ago,60,1111,https://www.youtube.com/watch?v=oaMTafC8XDo
everyday_history,first apartment buildings America history,wjfAri-lY3k,UCLJg4eEYgFhor3z3EJiyBVA,Placecloud,The first Peabody Housing Estate,6,12 days ago,12,269,https://www.youtube.com/watch?v=wjfAri-lY3k
everyday_history,first apartment buildings America history,r7ciYm6FVpQ,UC7iWkZfs0bcCDtP1XJYM3xQ,Secrets of Great Places,Inside The Dakota: The Sewing-Machine Fortune That Changed Elite New York ► NO ADS,701,6 months ago,180,1713,https://www.youtube.com/watch?v=r7ciYm6FVpQ
everyday_history,first apartment buildings America history,Ijkx3uyvAxA,UC1VcMsuZPZhriH5IYwPL7mg,Teen Credit Starter,How Can Teens Rent Their First Apartment With No Rental History? - Teen Credit Starter,5,9 months ago,270,195,https://www.youtube.com/watch?v=Ijkx3uyvAxA
everyday_history,colonial medicine ordinary life documentary,DyTNg6fDpLM,UCSW07XC6CkoGZrt9jhVJeZg,The History Lantern,The Quiet Life of a Medieval Physician,0,2 weeks ago,14,3938,https://www.youtube.com/watch?v=DyTNg6fDpLM
everyday_history,colonial medicine ordinary life documentary,1mGrCirkgeg,UCDxgoNKEIUaIlsX5oMPfczw,The Dreamorian,What Daily Life Was REALLY Like in America 250 Years Ago,15,1 month ago,30,641,https://www.youtube.com/watch?v=1mGrCirkgeg
everyday_history,colonial medicine ordinary life documentary,46rcBZF6gpU,UC-eM1m-VYCLjIjdqkjH7d4Q,History Uncovered,America in the 1700s: The Brutal Reality of Daily Life,2659,5 months ago,150,950,https://www.youtube.com/watch?v=46rcBZF6gpU
everyday_history,colonial medicine ordinary life documentary,AurDVKcI3HE,UC24HyAWXxGDILc64o2spmXA,True Relics,Life Began at 4AM: The Brutal Truth of 1790 America,35,3 weeks ago,21,1260,https://www.youtube.com/watch?v=AurDVKcI3HE
everyday_history,colonial medicine ordinary life documentary,iw9LK_WK9PM,UCMHYGplRnO9aEb7sDv7neyg,Stories of the Old World,1700: No Toilets and No Sanitation — The Harsh Life in Colonial America,107918,4 months ago,120,1193,https://www.youtube.com/watch?v=iw9LK_WK9PM
everyday_history,colonial medicine ordinary life documentary,aLWL84U8f0c,UCzxTHgMG8nnkNobBSBGHu5Q,The Quiet Historian,A Day in 1752: What Life Was Really Like in Colonial America,0,1 day ago,1,1134,https://www.youtube.com/watch?v=aLWL84U8f0c
everyday_history,colonial medicine ordinary life documentary,ReBNTw4Sr4w,UC9fZBEfX5EfXMAfOhTPzaVA,Boring History,What Everyday Life Was REALLY Like in 1700s New York City | Relaxing History,3238,7 months ago,210,10000,https://www.youtube.com/watch?v=ReBNTw4Sr4w
everyday_history,colonial medicine ordinary life documentary,BrOHyN2zrNQ,UCbX5m0goJUR2aWhPmCm7W0Q,Eagle Eye History,Can You Survive 24 Hours in a Colonial Town Without Getting SICK?,91,11 months ago,330,971,https://www.youtube.com/watch?v=BrOHyN2zrNQ
everyday_history,colonial medicine ordinary life documentary,aP7TpQNPta4,UCkBmzI7ReQx3fqQlRxev-oA,History Daily Life,The Brutal Truth of 1700s Williamsburg Paradise or Hell,68,4 months ago,120,748,https://www.youtube.com/watch?v=aP7TpQNPta4
everyday_history,colonial medicine ordinary life documentary,hPWkk4I9gfU,UCM18C8cqfq5lo3eJveBbBhQ,Boring History for sleep,Why Most Modern People Wouldn't Survive Colonial America | Bad Time history,35,2 months ago,60,12376,https://www.youtube.com/watch?v=hPWkk4I9gfU
everyday_history,colonial medicine ordinary life documentary,Xo9WGVbtNDs,UC2HgWjXT9OjQfnB-r2_tE6w,Night Historian,What Life Was Like for a Colonial American Midwife in the 1680s | Boring History For Sleep,37,8 months ago,240,7384,https://www.youtube.com/watch?v=Xo9WGVbtNDs
everyday_history,colonial medicine ordinary life documentary,2XS7s9S6q8Q,UCq6OAftTQOuUBRdtUDq5SUA,PBS Documentaries,The Real History of Africa They Never Taught You | Full Documentary | Africa's Great Civilizations,1789376,3 months ago,90,3191,https://www.youtube.com/watch?v=2XS7s9S6q8Q
everyday_history,colonial medicine ordinary life documentary,B0727zjM5Tk,UCCN2TLqOVX8gsdkYCVCkjEA,Common Relics,The History of Soap — The Invention That Quietly Saved Millions,33,2 months ago,60,1417,https://www.youtube.com/watch?v=B0727zjM5Tk
everyday_history,colonial medicine ordinary life documentary,h7g52sU5AU0,UCtupDwSaY98jS40TWEiXt8g,HISTORY FOR YOU,A Quiet Night Inside an Ordinary 18th Century Home | History for Sleep,9,3 months ago,90,9442,https://www.youtube.com/watch?v=h7g52sU5AU0
everyday_history,colonial medicine ordinary life documentary,Uh0DLJ8PprU,UCkoKI2T_WmQNVWQFCbjFGJQ,History Reconstruction,"This Is How People Lived Inside a Southern Plantation in 1850 (Wealth, Cotton and Bondage)",142165,2 months ago,60,1041,https://www.youtube.com/watch?v=Uh0DLJ8PprU
everyday_history,colonial medicine ordinary life documentary,LQufTSS6514,UCP2W4Yt5tzMhnt9ewbxT0MQ,Beneath Australia,Inside Aradale: Australia's Largest Psychiatric Hospital,155,4 weeks ago,28,1717,https://www.youtube.com/watch?v=LQufTSS6514
everyday_history,colonial medicine ordinary life documentary,MAGVarCuiaE,UC9fZBEfX5EfXMAfOhTPzaVA,Boring History,How Did Families REALLY Live in 1700s America Without Electricity | Relaxing History to Fall Asleep,15517,6 months ago,180,9671,https://www.youtube.com/watch?v=MAGVarCuiaE
everyday_history,railway dining car history documentary,eVoznV-Jn4U,UCg8S52Gsaq_Ys3SJyKI90RA,Glory Rails,How Luxury Trains Served Five-Course Meals at 100 MPH in the 1940s,29,8 months ago,240,2673,https://www.youtube.com/watch?v=eVoznV-Jn4U
everyday_history,railway dining car history documentary,pJMYIwfIYro,UCQvC3CPKdhhfbNO3YglH7Gg,Locomotive Canada,Dining at 80 MPH Canada's Forgotten Luxury Trains,54,6 months ago,180,811,https://www.youtube.com/watch?v=pJMYIwfIYro
everyday_history,railway dining car history documentary,wjI4D3P0cPY,UCDN6oY6lRidHo0w7gS3ghRg,Retro Americana Life,25 Forgotten Railroad Dining Car Foods No One Makes Anymore,95,2 months ago,60,1650,https://www.youtube.com/watch?v=wjI4D3P0cPY
everyday_history,railway dining car history documentary,KRjcQe6Rk5g,UCpp3MGSLrylnl0qL9SPMTuA,Historical Docs,5 Star Luxury Train Was a Rusting Wreck! Now It’s Stunning! | Great Rail Restorations | Episode 3,383,4 months ago,120,2822,https://www.youtube.com/watch?v=KRjcQe6Rk5g
everyday_history,railway dining car history documentary,DpFL5Gq-RSA,UC9zlF8DsfxN1WV0sbEYl_XA,Uncovered World,"Inside the Maharajas' Express | India's $25,000 Luxury Train Journey Like You've Never Seen Before",372,1 month ago,30,587,https://www.youtube.com/watch?v=DpFL5Gq-RSA
everyday_history,railway dining car history documentary,-WWikT9KVAY,UCVUDPdj69x2W5nhUKd0ZUIw,The Amerisnooze,The Golden Age of American Passenger Trains | Boring History for Sleep,3,13 days ago,13,8233,https://www.youtube.com/watch?v=-WWikT9KVAY
everyday_history,railway dining car history documentary,8dMFm2e8mOs,UCd7sWegAv5RWxOx3eD23xqw,The Quiet Historian,Night Trains Across Old America  Relaxing History,42,4 weeks ago,28,3175,https://www.youtube.com/watch?v=8dMFm2e8mOs
everyday_history,railway dining car history documentary,ZZdQqJm3qDE,UCX87zQ7ISN-3hJ3zGFKOrIA,Betty’s British Kitchen,25 British Rail Buffet Meals Every Traveller Ate Before the Dining Cars Vanished,4108,3 weeks ago,21,1494,https://www.youtube.com/watch?v=ZZdQqJm3qDE
everyday_history,railway dining car history documentary,gEdoacWTyng,UCydBS0BgdjRcssrr--FcHaA,Revived History,The Complete Story of the Orient Express Train in 15 Minutes!,43,5 months ago,150,901,https://www.youtube.com/watch?v=gEdoacWTyng
everyday_history,railway dining car history documentary,VFNYQvSZFTo,UCWnkxYjzP8tswxwx6ZaYoFQ,Science Tech TV,Restoring a 1960s Pullman Dining Car in Just 6 Months | Great Rail Restorations | Episode 3,303,6 months ago,180,2790,https://www.youtube.com/watch?v=VFNYQvSZFTo
everyday_history,railway dining car history documentary,rwcuQqxWS10,UCNAg3GmGMXwXfw7KTcoWevQ,Riaz Hussain Hushiarpuri,#diy | #railway | انڈوپاک ریلوے داستان Old Railway Stations Before Partition | Historic Heritage |,51,10 months ago,300,218,https://www.youtube.com/watch?v=rwcuQqxWS10
everyday_history,railway dining car history documentary,6xzMwTEZ6LE,UCXP27gIOM6MeHbTYrHrEF6w,Rail Tech Info,India’s First Air-Conditioned Express: The Historic 1956 Journey Lost in Time,54533,2 months ago,60,746,https://www.youtube.com/watch?v=6xzMwTEZ6LE
everyday_history,railway dining car history documentary,tad491ZBM7k,UCI1U-9Q24wiDJHW9eZJpd5A,Tom’s Time Machine,How Black Cooks Humiliated America's Best Restaurants From a Moving Train,357,4 weeks ago,28,2229,https://www.youtube.com/watch?v=tad491ZBM7k
everyday_history,railway dining car history documentary,0NFkck9emig,UCOT6O01meK6zYs6MifqREUw,Restoration Corner,Inside Britain’s Steam Train Revival - Heritage Railways and Dining Cars,205,6 months ago,180,2599,https://www.youtube.com/watch?v=0NFkck9emig
everyday_history,railway dining car history documentary,6eRlsG5sJpA,UCxJqnH9MIQIemXNsYOHgzcQ,America In The Past,15 Luxurious Dishes Served on Early US Trains,9,9 months ago,270,616,https://www.youtube.com/watch?v=6eRlsG5sJpA
everyday_history,railway dining car history documentary,j2Ny-e-2aC8,UC_ncM564PN_496YHXxuXUfw,Hepcat Flashback,The Passenger Train (1940) - Train and rail logistics documentary (full),5,11 days ago,11,674,https://www.youtube.com/watch?v=j2Ny-e-2aC8
everyday_history,railway dining car history documentary,Dx-XHPAHTBc,UCn9c3UyZ_49XVULOr8fBDCA,Timeline Secrets - Discover Time’s Secrets,The Legendary Orient Express – The Train That Changed Europe,19,8 months ago,240,1603,https://www.youtube.com/watch?v=Dx-XHPAHTBc
everyday_history,railway dining car history documentary,GoAsIqPKaXg,UCGR393Cj39otKRtnKc46ZKQ,mern,The Monster Train That Defined Hitler’s Megalomania,94,6 months ago,180,568,https://www.youtube.com/watch?v=GoAsIqPKaXg
everyday_history,railway dining car history documentary,h_FDmg0dJNo,UCiPMPrrc1CvqKVPwzDx8e7w,James MacLarnon,The Legendary Rheingold Train | Europe's Most Famous Luxury Railway,563,2 months ago,60,234,https://www.youtube.com/watch?v=h_FDmg0dJNo
everyday_history,railway dining car history documentary,pq--ixH6u6w,UCrxcJNtPzM1ObnA3tMcMqKQ,Yestertainment,America Had the Perfect Rail System - Until One Deal Destroyed It,477,4 months ago,120,771,https://www.youtube.com/watch?v=pq--ixH6u6w
everyday_history,Ellis Island immigrant daily life documentary,Aus_BGfAeVs,UCKt_2z1qX_HrlmeVhFaIu5Q,Reborn History,Ellis Island 1892: The First Girl Through the Door — Annie Moore | AI Reconstruction,572,4 months ago,120,1492,https://www.youtube.com/watch?v=Aus_BGfAeVs
everyday_history,Ellis Island immigrant daily life documentary,2C-e8N2WwGE,UCkoKI2T_WmQNVWQFCbjFGJQ,History Reconstruction,How People Lived Inside Ellis Island the Day They Arrived in America in 1900 | AI Reconstruction,97814,1 month ago,30,1113,https://www.youtube.com/watch?v=2C-e8N2WwGE
everyday_history,Ellis Island immigrant daily life documentary,kryXIzPtaxE,UCDtPIAw6c1GImVbUTPsKDDg,A Day in the Past,"A Day in New York, 1892 — The First Immigrants Arrive at Ellis Island",89,5 months ago,150,1275,https://www.youtube.com/watch?v=kryXIzPtaxE
everyday_history,Ellis Island immigrant daily life documentary,hAJY5tvEx68,UC28oFCCrZcbo1FcI2_r2KRA,Militaria Collectors Network,"Island of Hope, Island of Tears | Ellis Island Immigration Story (Full Documentary)",544,3 months ago,90,1708,https://www.youtube.com/watch?v=hAJY5tvEx68
everyday_history,Ellis Island immigrant daily life documentary,7l0oqjh5K7Q,UCoT2AXbn4cfl7zX1G4HP4XA,Bedtime Historian,Ellis Island 1900s: What Immigrants Experienced Every Day | Sleepy Time Stories,35,5 months ago,150,10822,https://www.youtube.com/watch?v=7l0oqjh5K7Q
everyday_history,Ellis Island immigrant daily life documentary,zY6bmkWjThY,UCZNTc_sVeB0W2GM76HZIItg, ChronoVista USA,The Real Story of Ellis Island Immigrants: How Millions Entered the USA,0,8 months ago,240,401,https://www.youtube.com/watch?v=zY6bmkWjThY
everyday_history,Ellis Island immigrant daily life documentary,LIikqZU0w0E,UC99tXyh_OHorW4DafgVc3pQ,Animata Historia,The First Ellis Island Immigrants of New York (1892-1914),3003,9 months ago,270,888,https://www.youtube.com/watch?v=LIikqZU0w0E
everyday_history,Ellis Island immigrant daily life documentary,mqDuErMD08E,UClZtlpqJkZvVfubY3i7ZD2A,World History Explained,"New York City in the 1800s | Life, Immigration & Inequality in the Gilded Age",152,6 months ago,180,456,https://www.youtube.com/watch?v=mqDuErMD08E
everyday_history,Ellis Island immigrant daily life documentary,fv1NqlyvW4M,UCyCSbQ8ycQFpptUz5k6nltw,American Food History,30 SHOCKING Foods Ellis Island Immigrants ACTUALLY Ate Arriving in America With Nothing,1703,1 month ago,30,2003,https://www.youtube.com/watch?v=fv1NqlyvW4M
everyday_history,Ellis Island immigrant daily life documentary,c6itseAjKlM,UCd-KyIrUx1hgTZ8wT_bUOJg,Mahika Past,They Came for the American Dream – The Dark Reality of Ellis Island,32,8 months ago,240,1095,https://www.youtube.com/watch?v=c6itseAjKlM
everyday_history,Ellis Island immigrant daily life documentary,5wkjW-ErWfE,UCXXWSbA9u1Y0M1Gr6PPXakg,Aakhri Dhun Official,The First Night in America: Ellis Island Stories #greatdepression  #americanhistory,8,4 months ago,120,900,https://www.youtube.com/watch?v=5wkjW-ErWfE
everyday_history,Ellis Island immigrant daily life documentary,ENxVE-ue3J0,UClaomlHyLdmfYPw0-xgb2-w,To-History,ELLIS ISLAND OPENED IN 1892 – THE TRUE STORY OF AMERICA’S IMMIGRATION GATEWAY,995,7 months ago,210,8654,https://www.youtube.com/watch?v=ENxVE-ue3J0
everyday_history,Ellis Island immigrant daily life documentary,oCuQzppXGvc,UCSZclF5zcR3cgGDuL0l1ROQ,Rooms of Ruin,The Dark Story of Ellis Island - America's Forgotten Hospital,57,2 days ago,2,2726,https://www.youtube.com/watch?v=oCuQzppXGvc
everyday_history,Ellis Island immigrant daily life documentary,tkWA3kixifw,UCLE1HNE4WO2MTWHr_UGcV3A,That Time Traveler Guy ,Time Traveler Chronicles: I Arrive at Ellis Island (1907) | From Inspection to New York Streets,75,6 months ago,180,98,https://www.youtube.com/watch?v=tkWA3kixifw
everyday_history,Ellis Island immigrant daily life documentary,zyHqJhwBsaY,UCDH_KVG3KaLQiczXYL7WXJg,FactShift,Ellis Island: The Immigrant Who Survived America’s Gate,5,6 months ago,180,1275,https://www.youtube.com/watch?v=zyHqJhwBsaY
everyday_history,Ellis Island immigrant daily life documentary,SpN3bjGqE9k,UC2YRJWG-tEaMM2NP8d0NkgQ,The Past Rendered,Ellis Island 130 Years Ago: Rare AI Restored Footage,1172,3 months ago,90,801,https://www.youtube.com/watch?v=SpN3bjGqE9k
everyday_history,Ellis Island immigrant daily life documentary,9geEVj0_5YI,UCLXQvsHMGvHqyzTLwXXdIvQ,Wake Point,This Is How Immigrants Really Lived in 1870 — You Won't Believe What They Faced,20,3 weeks ago,21,765,https://www.youtube.com/watch?v=9geEVj0_5YI
everyday_history,Ellis Island immigrant daily life documentary,PmZW9cCP4Qk,UCq3jrsxfgSjgIbj8w1NtxMA,Forgotten America Archives,He Arrived With One Suitcase. He Helped Build New York.,97,2 weeks ago,14,337,https://www.youtube.com/watch?v=PmZW9cCP4Qk
everyday_history,Ellis Island immigrant daily life documentary,U3eG7Fg12cI,UC-ZJuBxc-otgYL1YujxVmPg,ForgottenFrames,Ellis Island: The Island That Judged Millions of Dreams,61,2 months ago,60,471,https://www.youtube.com/watch?v=U3eG7Fg12cI
everyday_history,public baths industrial America history,UiyBimS9IqM,UCRg8RnEMScfClC3tRfekv8w,America's Weird Jobs,What Americans Did Before Toilets | The Dirty Truth About Life Before Indoor Plumbing 🇺🇲,47,1 month ago,30,298,https://www.youtube.com/watch?v=UiyBimS9IqM
everyday_history,public baths industrial America history,EP9LQXXrEl8,UCrFVceoXrtyyCTk4nENUTBw,Allan's Abandoned America,The World's Largest Pool Nobody Could Afford: Sutro Baths Documentary | History Documentary,2628,5 months ago,150,448,https://www.youtube.com/watch?v=EP9LQXXrEl8
everyday_history,public baths industrial America history,bYXEhi9No-Y,UCmYesELO6axBrCuSpf7S9DQ,Mr. Beat,"Matt ""The Confederacy Was Based"" Walsh",633206,3 days ago,3,1399,https://www.youtube.com/watch?v=bYXEhi9No-Y
everyday_history,public baths industrial America history,7twr3yZb378,UCrpndb7tGvjDQz3n9aT_O5w,Breakdownz - The Story Behind Everything,Why Are American Bathroom Stalls Built With Gaps?,3558,2 months ago,60,330,https://www.youtube.com/watch?v=7twr3yZb378
everyday_history,public baths industrial America history,GrxJ24WN6yk,UCMDVi_Ax0p31k2lUaHImqLQ,That’s Why,The Genius Reason Europeans Pay for Bathrooms (And Americans Don't),64,6 months ago,180,581,https://www.youtube.com/watch?v=GrxJ24WN6yk
everyday_history,public baths industrial America history,STuSUN6CJa0,UCT1Rz3FRpxnLDVNkU_0PyHg,ThinkCast English,"Why Bathing Was Illegal for 1,000 Years: Bathtub History - A True Story to Improve Your English",10,5 months ago,150,1150,https://www.youtube.com/watch?v=STuSUN6CJa0
everyday_history,public baths industrial America history,8daEXnMyHgA,UCTO8DI5YPcfE1gWee3XuSEQ,Plumbing & Stuff In Oregon,376. Comfort Height 1990 American Standard Cadet,183,9 months ago,270,50,https://www.youtube.com/watch?v=8daEXnMyHgA
everyday_history,public baths industrial America history,Etbp3PB6yAU,UCqSKBti1bve9Wl3cDlAZV1Q,The Way It Was,Beyond the Myth: How People REALLY Stayed Clean Before Plumbing,34,2 weeks ago,14,406,https://www.youtube.com/watch?v=Etbp3PB6yAU
everyday_history,public baths industrial America history,aIya_3642zQ,UCJY8z_KpYvujOEFXaujE3hw,Prime Uncover,The History Of The Toilet:  No one is talking about | Prime Uncover,497,3 months ago,90,483,https://www.youtube.com/watch?v=aIya_3642zQ
everyday_history,public baths industrial America history,unLwdyO-GeQ,UCdFXuHxqg7swE4077Q9VckQ,ROOT LORE,What Did Humans Use Before Toilet Paper? | A Brutal History,105,1 month ago,30,1339,https://www.youtube.com/watch?v=unLwdyO-GeQ
everyday_history,public baths industrial America history,Gm17g5-cq0Q,UCB-FvXHwN6FDcv3zbMXeCFw,Filty Past 1.0,"Before Modern Toilet Seats, Sitting Down Could KILL You",462,3 months ago,90,849,https://www.youtube.com/watch?v=Gm17g5-cq0Q
everyday_history,public baths industrial America history,mLf3KYTkGuA,UCKZozRVHRYsYHGEyNKuhhdA,Think School,"Why War Never Ends | Politics, Profit and Power | Geopolitical case study",948357,10 months ago,300,1209,https://www.youtube.com/watch?v=mLf3KYTkGuA
everyday_history,public baths industrial America history,OVT8kzRfxPw,UCs09PpiMIq4om7L5iB-hO5g,Drift Off & Discover,The Toilet – an adult bedtime history for sleep,22,3 months ago,90,1156,https://www.youtube.com/watch?v=OVT8kzRfxPw
everyday_history,public baths industrial America history,i_gKEX_Mxe4,UCqJW5uNjTrEnqDX7e-TpFXw,The 17th Void !,409 bathroom cleaner,0,3 months ago,90,30,https://www.youtube.com/watch?v=i_gKEX_Mxe4
everyday_history,public baths industrial America history,dDiGkz47vZ4,UCWW_saM7RQmXZm_bbmJD4QQ,Origin Found,The History of Toilet Paper — The Invention Nobody Wanted to Pay For,16,7 days ago,7,795,https://www.youtube.com/watch?v=dDiGkz47vZ4
everyday_history,public baths industrial America history,ipe1cNZAvEw,UCyGAiCB8bR-pUUKJ5ynrOcw,Michigan Moments ,"The History of Mt. Clemens, Michigan: From Dry Holes to Bath City U.S.A.",397,8 months ago,240,183,https://www.youtube.com/watch?v=ipe1cNZAvEw
everyday_history,public baths industrial America history,KAN4eAE2JAo,UCb11kz4TvG18_x3b_83fy5A,Shift America,Why Americans Don't Use Bidets,24975,2 weeks ago,14,360,https://www.youtube.com/watch?v=KAN4eAE2JAo
everyday_history,public baths industrial America history,R0inNd8yOE4,UCGNsw-kKeaQ0m2F3pagcNlg,Behind The America,Why Americans Refuse to Wash Their Bums (But the Rest of the World Does),122,2 months ago,60,457,https://www.youtube.com/watch?v=R0inNd8yOE4
everyday_history,public baths industrial America history,3aGO3c5c8D8,UCXaj2W90HqckG7fQa9s76sA,Drawn To Know,How Did Ancient Humans Survive Without Toilet Paper,59,2 months ago,60,580,https://www.youtube.com/watch?v=3aGO3c5c8D8
everyday_history,public baths industrial America history,6MHoxuPFv9Y,UC-CSyyi47VX1lD9zyeABW3w,Dhruv Rathee,The Great Nicobar Project | India's BIGGEST Environmental Disaster | Dhruv Rathee,7142824,3 months ago,90,1188,https://www.youtube.com/watch?v=6MHoxuPFv9Y
everyday_history,small town news before radio history,Ux9px4XWADM,UCHFqXNyq-VkrtlQZ3PkD0Rw,Kingston Radio Rewind,Fall falls on Neighbourly News 1965,116,6 months ago,180,87,https://www.youtube.com/watch?v=Ux9px4XWADM
everyday_history,small town news before radio history,OILxIYF3x9Y,UCjnJQ_EhA2ZrdwRUxlJHT0A,United Lutheran Seminary,How a Small-Town Newspaper Can Survive and Serve,1,4 weeks ago,28,1340,https://www.youtube.com/watch?v=OILxIYF3x9Y
everyday_history,small town news before radio history,cJTVRLDAePw,UCq10vQco-vPcEsmbTKoGpWg,Civic Science Media Lab,Small Town Universe Trailer - Watch the documentary on July 22nd with the Civic Science Media Lab,139,1 month ago,30,156,https://www.youtube.com/watch?v=cJTVRLDAePw
everyday_history,small town news before radio history,Ot1ZSJWCi30,UCTe-KCu9nV5j6Gs0WtPGbVA,The Uncharted Path,Lost Historical Broadcasts That Disappeared Forever,64,9 months ago,270,611,https://www.youtube.com/watch?v=Ot1ZSJWCi30
everyday_history,small town news before radio history,DCWqu35lTWM,UCyCYLcWz5fDQ66JOoxpfg3w,Sleeping Rules,I Work at a Small-Town Radio Station. There Are Strange Rules.,0,2 days ago,2,3750,https://www.youtube.com/watch?v=DCWqu35lTWM
everyday_history,small town news before radio history,0MS5Im9xl3A,UClGVMvGjakjZHH_TmnbxYlQ,RocaNews,Inside the Town with No Cell Phones (West Virginia),1942780,8 months ago,240,1022,https://www.youtube.com/watch?v=0MS5Im9xl3A
everyday_history,small town news before radio history,eonvWC2_4bE,UC8RsHT945Bl1Xq7LNj0nvcQ,WHUC News 7 Hinds Community College Utica Campus,A Small Town. A World Stage. A Sound Rediscovered.,17,6 months ago,180,541,https://www.youtube.com/watch?v=eonvWC2_4bE
everyday_history,small town news before radio history,dBebGml8yzg,UCQl4zAL7MOffocuM7nv89aA,USGrant365 Foundry,AM Radio Before Dawn,5,1 month ago,30,325,https://www.youtube.com/watch?v=dBebGml8yzg
everyday_history,small town news before radio history,X9BVHLRuOHo,UCHT1mnWjwvBkcsU1ObGCSfQ,Steven Roberts Productions,KBWD Newsline with Howard Sutter | 1987,39,5 months ago,150,182,https://www.youtube.com/watch?v=X9BVHLRuOHo
everyday_history,small town news before radio history,7e4-wBQATno,UCoox638UBHJhcEv4J-gADyQ,Back Home in America,America in 1975: Before Everything Changed — Without Anyone Seeing It Coming,205,1 month ago,30,832,https://www.youtube.com/watch?v=7e4-wBQATno
everyday_history,small town news before radio history,02nDv_gxyCE,UCiOEUz7UCTSo6NUcQ86nFvA,FOX19 NOW | Cincinnati,Historical Dearborn County,62,2 months ago,60,184,https://www.youtube.com/watch?v=02nDv_gxyCE
everyday_history,small town news before radio history,aLUE7thk3bY,UCne5Ofw0Guf2PxhaFw9itIg,The Daily Dose news ,"""The Last Broadcast – True Horror Story of a Haunted Radio Station""",42,11 months ago,330,256,https://www.youtube.com/watch?v=aLUE7thk3bY
everyday_history,small town news before radio history,00gx7JXlOhE,UC3IKTmW6IjbrFe2W7lOXxFw,CBC News Quebec,Small Quebec town honours Japanese Canadians displaced during WW II,650,9 months ago,270,169,https://www.youtube.com/watch?v=00gx7JXlOhE
everyday_history,small town news before radio history,IggvHEbkFPk,UCGGgQ2BUGK9p4agiAxWQFYA,Dick Pust,Radio History with Dick Pust Earthquake Part 2,84,6 months ago,180,1499,https://www.youtube.com/watch?v=IggvHEbkFPk
everyday_history,small town news before radio history,YTXs0gNclFA,UCHT1mnWjwvBkcsU1ObGCSfQ,Steven Roberts Productions,Steven Roberts Radio Aircheck | 1987,271,4 months ago,120,628,https://www.youtube.com/watch?v=YTXs0gNclFA
everyday_history,small town news before radio history,bR41aqcscn8,UCXg0QTMjOVtXhiRAbUg7HIA,SWL,🔥 A Tiny Radio That Delivers: Listening to Hams on the Retekess TR-110 by the Indian Ocean,1169,5 months ago,150,251,https://www.youtube.com/watch?v=bR41aqcscn8
everyday_history,small town news before radio history,JBy4gb1PXZw,UC-7_v2yAzEEb2A0H_qbUQNw,The UNPC Tour,"Small Town, Big Gossip | S1E3",91,4 weeks ago,28,2693,https://www.youtube.com/watch?v=JBy4gb1PXZw
everyday_history,small town news before radio history,SApCKGbVhLg,UC5rP-wFWe80lXN0unKDoulg,Living Simply Australia,9 Things Australians SECRETLY Judge You For!! 🇦🇺 | Australian Culture,288001,10 months ago,300,543,https://www.youtube.com/watch?v=SApCKGbVhLg
everyday_history,small town news before radio history,ZUDAxTTNnvk,UCnLFOotM0AIgAqLcsQR11lA,Storia in Flanella,"The Voice of the Republic: Press, Radio and Information | History of San Marino #14",1627,1 month ago,30,917,https://www.youtube.com/watch?v=ZUDAxTTNnvk
everyday_history,small town news before radio history,j4OKo0VpoeM,UCODHrzPMGbNv67e84WDZhQQ,fern,The Mutated Animals of Chernobyl,4097700,10 months ago,300,1071,https://www.youtube.com/watch?v=j4OKo0VpoeM
everyday_history,London Blitz shelter daily life documentary,nFwBsQ7uevI,UC2ZlUMl3oRE1nA7jRHqg93Q,United Kingdom 🇬🇧 7,London Under Fire: The Untold True Story of the 1940 Blitz | UK 🇬🇧 Wartime Survival,21,8 months ago,240,373,https://www.youtube.com/watch?v=nFwBsQ7uevI
everyday_history,London Blitz shelter daily life documentary,R5D_Zd0X9f0,UCXFYqE6ue8a1XzSkRjkl0xA,Hidden Earth Films,The Darkest Nights of London | The Complete Blitz Documentary,73,4 weeks ago,28,206,https://www.youtube.com/watch?v=R5D_Zd0X9f0
everyday_history,London Blitz shelter daily life documentary,mPcNothpc9E,UCbtZBu4Zzt83w_1CoqaLmyw,Sir motin,London During WWII: The Blitz That Changed Everything (1940),47,4 months ago,120,482,https://www.youtube.com/watch?v=mPcNothpc9E
everyday_history,London Blitz shelter daily life documentary,HmRAEZP-5oU,UCbdk8vQhHjCKEwEWrZGLdQg,WW2 REMINDER,The Blitz Documentary | Nazi Germany's Attack on Britain,46,7 months ago,210,1321,https://www.youtube.com/watch?v=HmRAEZP-5oU
everyday_history,London Blitz shelter daily life documentary,MMp-VH27KHY,UCcvBSh6lZUZEbz4gmudKkYg,WW2 MissingDocs,The Real Story of How British Women Faced the Blitz | WW2 Documentary,43,8 months ago,240,3051,https://www.youtube.com/watch?v=MMp-VH27KHY
everyday_history,London Blitz shelter daily life documentary,P6_sm_p4KMw,UCzSO-5T8AAI-sTa-p4goWOA,WW2 Victors,Life Inside the London Bomb Shelters | What It Was Really Like During the Blitz | WW2,149,9 months ago,270,1423,https://www.youtube.com/watch?v=P6_sm_p4KMw
everyday_history,London Blitz shelter daily life documentary,GuNER6qcVls,UC41eB5qVNyp6G5k2es3NmKQ,Within,"1942 London: No Sleep, Only Sirens — Daily Life Beneath the Blitz",13,4 months ago,120,488,https://www.youtube.com/watch?v=GuNER6qcVls
everyday_history,London Blitz shelter daily life documentary,8c2JjxHXLY4,UCRK8tN1uxSTamK30Okq2_kA,The War Movie Channel,How Civilians Survived the Blitz - Life on the WWII Home Front,81,4 weeks ago,28,3123,https://www.youtube.com/watch?v=8c2JjxHXLY4
everyday_history,London Blitz shelter daily life documentary,59W28cQq4VQ,UCY1g9Mu42HQsUg025JFN1vw,Wonder Factory,This wasn't just a shelter—it was a refuge for the soul of a city,3,2 months ago,60,246,https://www.youtube.com/watch?v=59W28cQq4VQ
everyday_history,London Blitz shelter daily life documentary,RBwt8TVbgh8,UCyWPBPyKjk3HxJ8HOUbAUzg,THE SPOKEN WAR,“What Was It Like to Live in London During the Blitz”,14,7 months ago,210,1205,https://www.youtube.com/watch?v=RBwt8TVbgh8
everyday_history,London Blitz shelter daily life documentary,qymfoGNBoxQ,UCjVdnZlSsBrjIXR4v9GT4BA,Boring Sleep History,🌙💣🇬🇧 Nights Under the Blitz — London 1940 📜😴 | History for Sleep,179,3 weeks ago,21,9939,https://www.youtube.com/watch?v=qymfoGNBoxQ
everyday_history,London Blitz shelter daily life documentary,TGdWj_BaVEw,UCsvOKiFRXrG1AvfSo2RUZKQ,Progress - Science Documentaries,Uncovering London's Secret WWII Defences - Hidden Bunkers & Lost Weapons,684,4 months ago,120,2867,https://www.youtube.com/watch?v=TGdWj_BaVEw
everyday_history,London Blitz shelter daily life documentary,2o_A4Ir1o-0,UCDn0UgUlOChPy2R4YocAZIw,Echoes of WWII,When the Bombs Rained — The Night the Sky Fell Over Europe,57,10 months ago,300,2132,https://www.youtube.com/watch?v=2o_A4Ir1o-0
everyday_history,London Blitz shelter daily life documentary,IYjm_k1QX4E,UCbtZBu4Zzt83w_1CoqaLmyw,Sir motin,London 1940s AI Reconstruction | What London Looked Like During WWII,33,1 month ago,30,178,https://www.youtube.com/watch?v=IYjm_k1QX4E
everyday_history,London Blitz shelter daily life documentary,9NkAjjCS25g,UC_xmGxwTnRxsHPv6N_ToPDw,WW2Archives,What Was Life Like in London During the Bombing,4,5 months ago,150,1121,https://www.youtube.com/watch?v=9NkAjjCS25g
everyday_history,London Blitz shelter daily life documentary,NbtNltTRqO8,UCNDM0eq9WmBDr5UwMQFeFew,World View - Documentary,The Blitz: How Britain Survived Hitler's Deadliest Bombing Campaign | Documentary Historical - EM,13549,2 weeks ago,14,2754,https://www.youtube.com/watch?v=NbtNltTRqO8
everyday_history,London Blitz shelter daily life documentary,WYDWVQFGbIw,UCCwUTfKeDj4p9uTNrn9U6Sw,BBC Archive,1961: Coventry - 21 Years After the Blitz | Target City | Voice of the People | BBC Documentary,92255,10 months ago,300,2325,https://www.youtube.com/watch?v=WYDWVQFGbIw
everyday_history,London Blitz shelter daily life documentary,yjtAs4xIZB8,UC6n_HeL8xgWIQsKsWs4KO4w,TRACKS - Travel Documentaries,Uncovering London’s Secret WWII Defences - Hidden Bunkers & Lost Battle Plans,641,4 months ago,120,2868,https://www.youtube.com/watch?v=yjtAs4xIZB8
everyday_history,London Blitz shelter daily life documentary,b4dnu569V2A,UCN0SJsWSx3yPVQ8cwUehb-g,Wartime History,25 Strange WWII Home Features You’ll Never See Again,7,10 months ago,300,757,https://www.youtube.com/watch?v=b4dnu569V2A
everyday_history,London Blitz shelter daily life documentary,aOBhezqZgDE,UC6_ZKnznsR8LsjTunoEQMqA,story telling,London in the Dark: Murder and Mayhem During the Blitz,13,2 weeks ago,14,484,https://www.youtube.com/watch?v=aOBhezqZgDE
everyday_history,medieval bread laws bakers history,F1sr5g2bja4,UCQYModvcieiCQTooQ2GKtug,HISTORIA NAVIGATOR,Baker's dozen: the medieval fear behind 13 loaves,4,1 month ago,30,439,https://www.youtube.com/watch?v=F1sr5g2bja4
everyday_history,medieval bread laws bakers history,2xQ7r73_TWE,UCAbCSX0mopY422U4jIwW6dw,Origins Of Inventions,MEDIEVAL BREAD LAWS THAT SECRETLY CREATED MODERN FOOD WASTE — The Forgotten System That Changed How,15,1 month ago,30,157,https://www.youtube.com/watch?v=2xQ7r73_TWE
everyday_history,medieval bread laws bakers history,e8cAD65WGVI,UCXFf7OgCuOdcygnWp32Xk6g,ASMR Historian,"The Daily Lives of Medieval Bakers | Human Voiced, No Ads",36508,11 months ago,330,3514,https://www.youtube.com/watch?v=e8cAD65WGVI
everyday_history,medieval bread laws bakers history,HMVTYOhEAwg,UCUHpASagbxfK9V2YvWrDAuw,Tails United,The Law That Weighed Your Bread - Medieval Rules of 1200,2,9 months ago,270,65,https://www.youtube.com/watch?v=HMVTYOhEAwg
everyday_history,medieval bread laws bakers history,F-xXy1mH40c,UCcUEjyUhd-s3Dj0TS0Ekjow,Sleepy History with Oliver,Bread for an Entire Town — The Work of Medieval Bakers | History for Sleep,42841,5 months ago,150,12635,https://www.youtube.com/watch?v=F-xXy1mH40c
everyday_history,medieval bread laws bakers history,WyLXaRcKWE8,UCO1Rr4vNh5jlfhE4xhF-Bag,Medieval Path,The Perfect White Bread Died 400 Years Ago – Here's What We Lost,430,5 months ago,150,623,https://www.youtube.com/watch?v=WyLXaRcKWE8
everyday_history,medieval bread laws bakers history,s3yoRAiuQ0g,UC5JRHcIr1dD3WwKThc1eQcQ,The Buried Empire,A Day in the Life of a Medieval Baker - Hard Labor and Hidden Stories of Medieval Bread,12,9 months ago,270,3233,https://www.youtube.com/watch?v=s3yoRAiuQ0g
everyday_history,medieval bread laws bakers history,dvZR4MNQA8o,UCkJ2VrDEfsl0R5LRlrJD-Eg,Sleepy History Tales,"Medieval Bakers and Their 47 Bread Laws,",3,9 months ago,270,5921,https://www.youtube.com/watch?v=dvZR4MNQA8o
everyday_history,medieval bread laws bakers history,DYG-enCodYA,UCFN6r1FAzIoza_XHKmvIz2Q,Medieval Sisters,8 Medieval Sourdough Secrets That Modern Baking Erased,8555,3 weeks ago,21,1595,https://www.youtube.com/watch?v=DYG-enCodYA
everyday_history,medieval bread laws bakers history,ynJLP3I-HUI,UC66dpZzw5BRtJXXnPM3wnTg,History On Fire,The Most Important Food of the Middle Ages,13,6 months ago,180,151,https://www.youtube.com/watch?v=ynJLP3I-HUI
everyday_history,medieval bread laws bakers history,GbdsagsMUmk,UCDELmhgzphc9J2S3aN-kW_A,Why its History?,The Weird Medieval Bread Law That Created the Baker's Dozen,163,11 months ago,330,525,https://www.youtube.com/watch?v=GbdsagsMUmk
everyday_history,medieval bread laws bakers history,gb5LKzloSEs,UCbCGOQEi1795E73Jw_8E-Ow,The Medieval Worker,What Was Life Really Like for a Medieval Baker?,436,6 months ago,180,1186,https://www.youtube.com/watch?v=gb5LKzloSEs
everyday_history,medieval bread laws bakers history,FFXijFLbbD4,UC7WPOpYdPRypc0AzTuWbneQ,Things You Don't Know,Why Is a Baker’s Dozen 13? The Strange Medieval Reason,1,3 days ago,3,1243,https://www.youtube.com/watch?v=FFXijFLbbD4
everyday_history,medieval bread laws bakers history,OOuhlzFW5CA,UCFN6r1FAzIoza_XHKmvIz2Q,Medieval Sisters,The Secret to Medieval Sourdough: Why It Doesn’t Make You Sick,774,11 days ago,11,1626,https://www.youtube.com/watch?v=OOuhlzFW5CA
everyday_history,medieval bread laws bakers history,KR8GK_254IA,UCwRVxGHNVj4OUWgfFFNCuJQ,Edible History,The History of Bread — Why the Poor Ate Dark Bread,81,12 days ago,12,2245,https://www.youtube.com/watch?v=KR8GK_254IA
everyday_history,medieval bread laws bakers history,hQcCYW6_QcM,UCuxL0MKWA1ZCvhrRSG2zzHA,Velvet History,How Medieval Bakers Fed an Entire Town Every Morning | History for Sleep,154,2 weeks ago,14,11205,https://www.youtube.com/watch?v=hQcCYW6_QcM
everyday_history,medieval bread laws bakers history,yRg_u8nyhZ8,UCCcXWmvgJha3j8CqnjLYeFw,The Unsleeping Eye,Before Sunrise: The Medieval Law That Shaped Every Loaf,25,10 months ago,300,1522,https://www.youtube.com/watch?v=yRg_u8nyhZ8
everyday_history,medieval bread laws bakers history,TskC5mnzEGI,UCFN6r1FAzIoza_XHKmvIz2Q,Medieval Sisters,The BEST Bread for Beginners... The Old Medieval Way in 5 Minutes,1060,9 days ago,9,1475,https://www.youtube.com/watch?v=TskC5mnzEGI
everyday_history,medieval bread laws bakers history,BHPG4N6LrHk,UCYp9BuLEs-rqBTPNHIDcvJw,The Old Coffer,What It Cost to Run a Medieval Bakery,25,2 weeks ago,14,1295,https://www.youtube.com/watch?v=BHPG4N6LrHk
everyday_history,ancient Roman apartment daily life,c9LHHTcb-fY,UCseqwEoeRhyr-XJGqNfvu2Q,Tony - Medieval History,"What Apartments Were Like in Ancient Rome 2,000 Years Ago",14440,3 months ago,90,1067,https://www.youtube.com/watch?v=c9LHHTcb-fY
everyday_history,ancient Roman apartment daily life,yTKNxat_CMc,UC5vqQMD58jmrjDsa4x0ZzHA,Tanveer 360 World,A Day in Ancient Rome: Secrets of Daily Life Revealed!,11,1 month ago,30,597,https://www.youtube.com/watch?v=yTKNxat_CMc
everyday_history,ancient Roman apartment daily life,LS-O7RjlYRc,UCWc1b23P3lPQ6Qo-oeazWng,Bedtime History,Daily Life in Ancient Rome | Roman History Made Easy,19081,9 months ago,270,299,https://www.youtube.com/watch?v=LS-O7RjlYRc
everyday_history,ancient Roman apartment daily life,xso3-1ZWirs,UCpr1JAIc49gu9-FAlO4uAKw,timewarp cities,What Was Life Really Like in Ancient Rome? | Experience 7 Days as a Roman Citizen In 117 AD,407491,3 months ago,90,2004,https://www.youtube.com/watch?v=xso3-1ZWirs
everyday_history,ancient Roman apartment daily life,MKB36xDP7Zo,UC0v8PeYogLNvpFxpZvRAkUA,History Rebuilds,"One Million People. One City. No Running Water Above the First Floor. Rome, 117 AD",21601,6 months ago,180,951,https://www.youtube.com/watch?v=MKB36xDP7Zo
everyday_history,ancient Roman apartment daily life,3KpR23Q0Q-c,UCcUEjyUhd-s3Dj0TS0Ekjow,Sleepy History with Oliver,Evenings Inside a Normal Home in Ancient Rome | History for Sleep,12642,2 weeks ago,14,11489,https://www.youtube.com/watch?v=3KpR23Q0Q-c
everyday_history,ancient Roman apartment daily life,sfEUdMRm9_0,UCmXNE2IuawBKZmczP3vy6SA,Deeply,What Living in Ancient Rome Was Really Like,46,1 month ago,30,130,https://www.youtube.com/watch?v=sfEUdMRm9_0
everyday_history,ancient Roman apartment daily life,PBQCCddjSiI,UCgupQ2pM9Egh0soAkmW5kMA,The Ancient Lens,Inside a Roman Insula: The Apartment Building That Changed Everything (AI Reconstruction),20,2 weeks ago,14,588,https://www.youtube.com/watch?v=PBQCCddjSiI
everyday_history,ancient Roman apartment daily life,FNi0tXjviBc,UC-acrodjmEwcooH4nTSsPhQ,TimelineRebuilder,What It Was Like Living Inside a Roman Apartment in 100 AD | AI Reconstruction,35,1 month ago,30,519,https://www.youtube.com/watch?v=FNi0tXjviBc
everyday_history,ancient Roman apartment daily life,rZTYk0HiamU,UC2-cQAW7H-eBkfFVOAi-wZA,Hard Lives in History,Inside the Roman Apartments Where Poor Families Lived Above the Streets,4231,1 month ago,30,3207,https://www.youtube.com/watch?v=rZTYk0HiamU
everyday_history,ancient Roman apartment daily life,X93uobphWmE,UCoi-xXZjb8lK9mWV2Q8zd2Q,luka.,Could You Survive One Day in Ancient Rome ?,117,2 weeks ago,14,529,https://www.youtube.com/watch?v=X93uobphWmE
everyday_history,ancient Roman apartment daily life,68KumDNF7T8,UC-acrodjmEwcooH4nTSsPhQ,TimelineRebuilder,What It Was Like Living Inside a Crowded Roman Apartment in 100 AD | AI Reconstruction,43,1 month ago,30,402,https://www.youtube.com/watch?v=68KumDNF7T8
everyday_history,ancient Roman apartment daily life,ocVTypFNqzY,UChT2iimggBMfY1IdiDQQnAw,professor easy,How Did Ancient Roman People Live Without Private Life,23,1 month ago,30,1367,https://www.youtube.com/watch?v=ocVTypFNqzY
everyday_history,ancient Roman apartment daily life,A04TfSdYYts,UC2XDjAmmMS5pxsjRssjPl-A,Sleepy Stories,Daily Life in Ancient Rome | A Calm Sleep Story,4,1 month ago,30,284,https://www.youtube.com/watch?v=A04TfSdYYts
everyday_history,ancient Roman apartment daily life,lcuIh49HZpo,UCyCxdyAZUj9pM4Jm8cenpCA,Back In Time Pov,POV: A Day as a Poor Roman | poor roman citizen,7,1 month ago,30,244,https://www.youtube.com/watch?v=lcuIh49HZpo
everyday_history,ancient Roman apartment daily life,NsggSnBtp9k,UC7dT9N6keQFddY5n1jy0O8g,Painter,Ancient Rome: Life in a Crowded Apartment Block,6,1 month ago,30,384,https://www.youtube.com/watch?v=NsggSnBtp9k
everyday_history,ancient Roman apartment daily life,kNqPprrtCq4,UC4C9_qg0OXOQXdfTBPuG2lQ,PAST MIDNIGHT,You Wake Up in Ancient Rome — What Was Daily Life Really Like? | Boring History for Sleep,44,3 days ago,3,2830,https://www.youtube.com/watch?v=kNqPprrtCq4
everyday_history,ancient Roman apartment daily life,mbFoClRI994,UCmGb6fyb1s8L5s3M7OAuzQg,YoreTold,POV: You're a Nobody In Ancient Rome,239,1 month ago,30,547,https://www.youtube.com/watch?v=mbFoClRI994
everyday_history,ancient Roman apartment daily life,v3T_d585xvw,UCU5xI_MUnlWEC2MFrWKSYGA,History with Marcus,A Day in Ancient Rome | What Was Daily Life Really Like?,207,8 days ago,8,686,https://www.youtube.com/watch?v=v3T_d585xvw
everyday_history,ancient Roman apartment daily life,iuD0IvgnwbI,UC0MNCcyhuiWgVt8I7gHirHA,Ancient Worlds Reconstructed,Daily Life of the Poor in Ancient Rome | AI Reconstruction,112,6 months ago,180,331,https://www.youtube.com/watch?v=iuD0IvgnwbI
