channel_id,channel_name,query_groups,search_video_count,recent_long_count,max_search_views,median_search_views,channel_url,subscriber_text,subscribers,total_views_text,total_views,joined_text,joined_date,video_count_text,video_count,country,canonical_url,about_status
UCX6OQ3DkcsbYNE6H8uQQuVA,MrBeast,technology_ai,1,1,172004093,172004093,https://www.youtube.com/channel/UCX6OQ3DkcsbYNE6H8uQQuVA/videos,514M subscribers,514000000,"137,960,268,975 views",137960268975,"Joined Feb 19, 2012",2012-02-19,999 videos,999,United States,http://www.youtube.com/@MrBeast,ok
UC56D-IHcUvLVFTX_8NpQMXg,Brent Rivera,geography_logistics,4,4,33888737,20782565,https://www.youtube.com/channel/UC56D-IHcUvLVFTX_8NpQMXg/videos,43.7M subscribers,43700000,"13,452,957,096 views",13452957096,"Joined Aug 1, 2009",2009-08-01,901 videos,901,United States,http://www.youtube.com/@brentrivera,ok
UC-CSyyi47VX1lD9zyeABW3w,Dhruv Rathee,consumer_systems|crime_scams_mystery|culture_entertainment|geography_logistics|history_civilization|science_engineering|work_career_education,11,11,19952653,9599679,https://www.youtube.com/channel/UC-CSyyi47VX1lD9zyeABW3w/videos,32.8M subscribers,32799999,"6,033,481,157 views",6033481157,"Joined Jan 7, 2013",2013-01-07,784 videos,784,Germany,http://www.youtube.com/@dhruvrathee,ok
UCOM1gIM4Q_-OniEdhUvHEkA,Mr. Science,nature_animals,2,2,16719733,8811752,https://www.youtube.com/channel/UCOM1gIM4Q_-OniEdhUvHEkA/videos,225K subscribers,225000,"35,832,639 views",35832639,"Joined Mar 18, 2022",2022-03-18,18 videos,18,United States,http://www.youtube.com/@mr.scienceYT,ok
UC3yjkp0I99OrcMqT83K8vPw,Filmaya,crime_scams_mystery|practical_lifestyle,2,2,10613951,5965612,https://www.youtube.com/channel/UC3yjkp0I99OrcMqT83K8vPw/videos,654K subscribers,654000,"272,334,289 views",272334289,"Joined May 14, 2025",2025-05-14,79 videos,79,,http://www.youtube.com/@Filmaya-1,ok
UCvK4bOhULCpmLabd2pDMtnA,Yes Theory,geography_logistics,1,1,10298767,10298767,https://www.youtube.com/channel/UCvK4bOhULCpmLabd2pDMtnA/videos,10.1M subscribers,10100000,"1,320,806,681 views",1320806681,"Joined Jan 13, 2014",2014-01-13,456 videos,456,United States,http://www.youtube.com/@YesTheory,ok
UC-SuHonAEkrikvs2oj7LLXg,Lifeder,science_engineering,1,1,10062632,10062632,https://www.youtube.com/channel/UC-SuHonAEkrikvs2oj7LLXg/videos,696K subscribers,696000,"197,020,424 views",197020424,"Joined Sep 26, 2020",2020-09-26,60 videos,60,United States,http://www.youtube.com/@lifederhello,ok
UC6WzPg6yxF9dQx2_O6R4lww,Nitish Rajput,crime_scams_mystery|geography_logistics|practical_lifestyle,4,4,8993599,5528775,https://www.youtube.com/channel/UC6WzPg6yxF9dQx2_O6R4lww/videos,8.53M subscribers,8530000,"1,029,104,721 views",1029104721,"Joined Apr 29, 2020",2020-04-29,117 videos,117,India,http://www.youtube.com/@NitishRajput,ok
UCEENWVBdvDy-QWfuQoXC9HQ,Species | Documenting AGI,technology_ai,1,1,7512784,7512784,https://www.youtube.com/channel/UCEENWVBdvDy-QWfuQoXC9HQ/videos,414K subscribers,414000,"46,968,223 views",46968223,"Joined Nov 29, 2023",2023-11-29,30 videos,30,United States,http://www.youtube.com/@AISpecies,ok
UCMiJRAwDNSNzuYeN2uWa0pA,Mrwhosetheboss,culture_entertainment|technology_ai,2,2,8473281,7614312,https://www.youtube.com/channel/UCMiJRAwDNSNzuYeN2uWa0pA/videos,22.8M subscribers,22800000,"8,972,404,021 views",8972404021,"Joined Apr 20, 2011",2011-04-20,"1,926 videos",1926,United Kingdom,http://www.youtube.com/@Mrwhosetheboss,ok
UCG5_BraUMNcluZPZ__oOeKg,Natural World Facts,nature_animals,1,1,8522080,8522080,https://www.youtube.com/channel/UCG5_BraUMNcluZPZ__oOeKg/videos,1.07M subscribers,1070000,"138,356,847 views",138356847,"Joined Aug 3, 2012",2012-08-03,174 videos,174,United Kingdom,http://www.youtube.com/@NaturalWorldFacts,ok
UCnjgxChqYYnyoqO4k_Q1d6Q,The Diary Of A CEO Clips,technology_ai,1,1,7420268,7420268,https://www.youtube.com/channel/UCnjgxChqYYnyoqO4k_Q1d6Q/videos,2.61M subscribers,2610000,"339,364,196 views",339364196,"Joined Feb 17, 2022",2022-02-17,"1,349 videos",1349,,http://www.youtube.com/@TheDiaryOfACEOClips,ok
UCmGSJVG3mCRXVOP4yZrU1Dw,Johnny Harris,geography_logistics|technology_ai,3,3,6978410,2750576,https://www.youtube.com/channel/UCmGSJVG3mCRXVOP4yZrU1Dw/videos,7.92M subscribers,7920000,"1,244,662,114 views",1244662114,"Joined Jun 7, 2011",2011-06-07,535 videos,535,United States,http://www.youtube.com/@johnnyharris,ok
UC9MAhZQQd9egwWCxrwSIsJQ,HISTORY,crime_scams_mystery|history_civilization|science_engineering,8,8,7106532,817893,https://www.youtube.com/channel/UC9MAhZQQd9egwWCxrwSIsJQ/videos,15.4M subscribers,15400000,"5,158,008,565 views",5158008565,"Joined Aug 26, 2006",2006-08-26,"12,330 videos",12330,United States,http://www.youtube.com/@HISTORY,ok
UCVQGtUcRjHTQLTTu-5s9_4Q,Brew,crime_scams_mystery,4,4,6452186,1418439,https://www.youtube.com/channel/UCVQGtUcRjHTQLTTu-5s9_4Q/videos,2.73M subscribers,2730000,"438,618,515 views",438618515,"Joined Apr 11, 2019",2019-04-11,328 videos,328,Canada,http://www.youtube.com/@Brew,ok
UC53cAvFeWsNwsfCQnJmLjDQ,Satvic Movement,practical_lifestyle,1,1,6914576,6914576,https://www.youtube.com/channel/UC53cAvFeWsNwsfCQnJmLjDQ/videos,9.53M subscribers,9530000,"1,977,770,722 views",1977770722,"Joined Aug 25, 2013",2013-08-25,543 videos,543,India,http://www.youtube.com/@SatvicMovement,ok
UCVOKP-_OYHTnKFDSP89NfAQ,Mavora,nature_animals,4,4,6099297,944742,https://www.youtube.com/channel/UCVOKP-_OYHTnKFDSP89NfAQ/videos,44.2K subscribers,44200,"16,552,147 views",16552147,"Joined Jul 24, 2025",2025-07-24,33 videos,33,,http://www.youtube.com/@Mavora-917,ok
UCpFFItkfZz1qz5PpHpqzYBw,Nexpo,crime_scams_mystery,1,1,6440747,6440747,https://www.youtube.com/channel/UCpFFItkfZz1qz5PpHpqzYBw/videos,3.95M subscribers,3950000,"432,072,389 views",432072389,"Joined May 3, 2017",2017-05-03,135 videos,135,United States,http://www.youtube.com/@Nexpo,ok
UCcyOI2xMEfK940Tgwzb2VHg,Travpedia,nature_animals,1,1,5974301,5974301,https://www.youtube.com/channel/UCcyOI2xMEfK940Tgwzb2VHg/videos,196K subscribers,196000,"41,307,312 views",41307312,"Joined Feb 4, 2023",2023-02-04,35 videos,35,Canada,http://www.youtube.com/@travpedia,ok
UCnwUjPK7dXety-AJ4fNw_RQ,The Paint Explainer,crime_scams_mystery|history_civilization|science_engineering,3,3,5721977,2597346,https://www.youtube.com/channel/UCnwUjPK7dXety-AJ4fNw_RQ/videos,1.97M subscribers,1970000,"303,551,946 views",303551946,"Joined Jul 18, 2023",2023-07-18,163 videos,163,,http://www.youtube.com/@ThePaintExplainer,ok
UC5aKead6Q8YQYjceizxJIuw,Nishu Tiwari,geography_logistics,1,1,5696924,5696924,https://www.youtube.com/channel/UC5aKead6Q8YQYjceizxJIuw/videos,4.83M subscribers,4830000,"965,704,028 views",965704028,"Joined Jun 2, 2020",2020-06-02,206 videos,206,India,http://www.youtube.com/@inishutiwari,ok
UC7E9XYQ8hbV54ZDuOKYYxmA,Forrest Galante,nature_animals,4,4,5578844,1979455,https://www.youtube.com/channel/UC7E9XYQ8hbV54ZDuOKYYxmA/videos,2.88M subscribers,2880000,"1,272,455,137 views",1272455137,"Joined Apr 14, 2012",2012-04-14,"1,059 videos",1059,United States,http://www.youtube.com/@ForrestGalante,ok
UCbrSe4uBIeqJweOYnJAOsrw,EverythingProfessor,practical_lifestyle,2,2,5197199,3035162,https://www.youtube.com/channel/UCbrSe4uBIeqJweOYnJAOsrw/videos,616K subscribers,616000,"44,801,695 views",44801695,"Joined Jan 1, 2025",2025-01-01,83 videos,83,,http://www.youtube.com/@EverythingProfessor,ok
UCODHrzPMGbNv67e84WDZhQQ,fern,crime_scams_mystery|science_engineering|technology_ai,7,7,5164045,3656801,https://www.youtube.com/channel/UCODHrzPMGbNv67e84WDZhQQ/videos,5.27M subscribers,5270000,"581,648,243 views",581648243,"Joined Sep 24, 2020",2020-09-24,136 videos,136,Netherlands,http://www.youtube.com/@fern-tv,ok
UC0Ize0RLIbGdH5x4wI45G-A,Drew Binsky,crime_scams_mystery,1,1,5278688,5278688,https://www.youtube.com/channel/UC0Ize0RLIbGdH5x4wI45G-A/videos,7.3M subscribers,7300000,"1,608,381,852 views",1608381852,"Joined Jul 25, 2012",2012-07-25,"1,285 videos",1285,United States,http://www.youtube.com/@drewbinsky,ok
UCaiRK8HOPpj3v-WuUsAFUZg,World Tour,nature_animals,3,3,5012515,2443044,https://www.youtube.com/channel/UCaiRK8HOPpj3v-WuUsAFUZg/videos,143K subscribers,143000,"30,589,086 views",30589086,"Joined Mar 27, 2024",2024-03-27,42 videos,42,Ireland,http://www.youtube.com/@World.TourYT,ok
UCGq-a57w-aPwyi3pW7XLiHw,The Diary Of A CEO,technology_ai,1,1,5160173,5160173,https://www.youtube.com/channel/UCGq-a57w-aPwyi3pW7XLiHw/videos,19.2M subscribers,19200000,"1,710,487,453 views",1710487453,"Joined Mar 22, 2019",2019-03-22,867 videos,867,United Kingdom,http://www.youtube.com/@TheDiaryOfACEO,ok
UCwmZiChSryoWQCZMIQezgTg,BBC Earth,nature_animals,4,4,5162793,2744834,https://www.youtube.com/channel/UCwmZiChSryoWQCZMIQezgTg/videos,14.5M subscribers,14500000,"5,663,976,780 views",5663976780,"Joined Feb 24, 2009",2009-02-24,"3,406 videos",3406,United Kingdom,http://www.youtube.com/@bbcearth,ok
UCNtkMAk_Uhd2jJ9P8NWTL5w,DeCode,technology_ai,1,1,4603898,4603898,https://www.youtube.com/channel/UCNtkMAk_Uhd2jJ9P8NWTL5w/videos,70.3K subscribers,70300,"15,129,198 views",15129198,"Joined May 20, 2023",2023-05-20,39 videos,39,United States,http://www.youtube.com/@DeCode_Official,ok
UCQtW2oz8ec8pHjjxawujNjg,Free Documentary - Nature,nature_animals,3,3,4897781,811738,https://www.youtube.com/channel/UCQtW2oz8ec8pHjjxawujNjg/videos,2.18M subscribers,2180000,"720,884,826 views",720884826,"Joined Sep 19, 2019",2019-09-19,645 videos,645,Germany,http://www.youtube.com/@FreeDocumentaryNature,ok
UCiciOsypkXcqSFqSPd-NRVA,Kallmekris,crime_scams_mystery,5,5,4391930,1344659,https://www.youtube.com/channel/UCiciOsypkXcqSFqSPd-NRVA/videos,13.1M subscribers,13100000,"3,755,521,403 views",3755521403,"Joined Jan 13, 2015",2015-01-13,726 videos,726,Canada,http://www.youtube.com/@kallmekris,ok
UCL3mqmVRwHyaYc0RrwjmC-A,Digital Astronaut,science_engineering,1,1,4237491,4237491,https://www.youtube.com/channel/UCL3mqmVRwHyaYc0RrwjmC-A/videos,49.2K subscribers,49200,"9,271,811 views",9271811,"Joined Nov 26, 2018",2018-11-26,91 videos,91,United States,http://www.youtube.com/@DigitalAstronaut,ok
UCP9RPj_BG0vit2TNM7LuRxA,Crayon Capital,business_economics|crime_scams_mystery,3,3,4193646,230258,https://www.youtube.com/channel/UCP9RPj_BG0vit2TNM7LuRxA/videos,245K subscribers,245000,"17,608,218 views",17608218,"Joined Mar 31, 2025",2025-03-31,29 videos,29,,http://www.youtube.com/@Crayon_Capital,ok
UCjz8uBTLs0f7Fnlxc5nzT5g,Wonny,culture_entertainment|psychology_society,2,2,4187240,3173876,https://www.youtube.com/channel/UCjz8uBTLs0f7Fnlxc5nzT5g/videos,432K subscribers,432000,"70,026,523 views",70026523,"Joined Jul 21, 2025",2025-07-21,53 videos,53,,http://www.youtube.com/@Wonnylol,ok
UCLD2ZkdEkAKhDETsK6QeDnA,Farrell McGuire,crime_scams_mystery|psychology_society,6,6,4102261,1760573,https://www.youtube.com/channel/UCLD2ZkdEkAKhDETsK6QeDnA/videos,642K subscribers,642000,"75,562,106 views",75562106,"Joined Mar 12, 2023",2023-03-12,69 videos,69,Canada,http://www.youtube.com/@farrellmcguire,ok
UC5FCyk1QkTBLgWm-w866PGg,Epic AI Films,science_engineering,1,1,3821495,3821495,https://www.youtube.com/channel/UC5FCyk1QkTBLgWm-w866PGg/videos,119K subscribers,119000,"27,007,715 views",27007715,"Joined Sep 11, 2024",2024-09-11,72 videos,72,United Kingdom,http://www.youtube.com/@epicaifilms2024,ok
UCTSRIY3GLFYIpkR2QwyeklA,Drew Gooden,technology_ai,1,1,4168595,4168595,https://www.youtube.com/channel/UCTSRIY3GLFYIpkR2QwyeklA/videos,4.86M subscribers,4860000,"1,165,393,079 views",1165393079,"Joined Aug 21, 2015",2015-08-21,173 videos,173,United States,http://www.youtube.com/@drewisgooden,ok
UC-mP1nlk0qOutA08zuQHORA,Patrick Cc:,consumer_systems,1,1,3860814,3860814,https://www.youtube.com/channel/UC-mP1nlk0qOutA08zuQHORA/videos,2.54M subscribers,2540000,"608,643,994 views",608643994,"Joined Aug 4, 2017",2017-08-04,500 videos,500,United States,http://www.youtube.com/@PatrickCc,ok
UCkO3uAmES7hmFfLOBRgzY_Q,Wronged,crime_scams_mystery,2,2,3738858,2480173,https://www.youtube.com/channel/UCkO3uAmES7hmFfLOBRgzY_Q/videos,1.88M subscribers,1880000,"475,795,794 views",475795794,"Joined Sep 9, 2023",2023-09-09,141 videos,141,India,http://www.youtube.com/@WrongedX,ok
UCeJrRK_Pt1m23l5zgSytVUA,duplee,psychology_society,1,1,3670908,3670908,https://www.youtube.com/channel/UCeJrRK_Pt1m23l5zgSytVUA/videos,270K subscribers,270000,"24,308,351 views",24308351,"Joined Jun 12, 2020",2020-06-12,52 videos,52,United States,http://www.youtube.com/@Duplee,ok
UCOT2iLov0V7Re7ku_3UBtcQ,Hank Green,technology_ai,1,1,3691702,3691702,https://www.youtube.com/channel/UCOT2iLov0V7Re7ku_3UBtcQ/videos,3.19M subscribers,3190000,"1,478,528,391 views",1478528391,"Joined Nov 7, 2009",2009-11-07,"1,256 videos",1256,United States,http://www.youtube.com/@hankschannel,ok
UCvv62HsDWDxfwH2oL10ilvQ,Planet Vista 4K,practical_lifestyle,1,1,3597550,3597550,https://www.youtube.com/channel/UCvv62HsDWDxfwH2oL10ilvQ/videos,75.6K subscribers,75600,"15,291,565 views",15291565,"Joined Jul 2, 2025",2025-07-02,127 videos,127,United States,http://www.youtube.com/@PlanetVista4K,ok
UCfdNM3NAhaBOXCafH7krzrA,The Infographics Show,business_economics|practical_lifestyle|psychology_society|science_engineering|technology_ai|work_career_education,10,9,3679842,907433,https://www.youtube.com/channel/UCfdNM3NAhaBOXCafH7krzrA/videos,15.5M subscribers,15500000,"6,876,354,176 views",6876354176,"Joined Feb 26, 2011",2011-02-26,"6,269 videos",6269,United States,http://www.youtube.com/@TheInfographicsShow,ok
UCZ4AMrDcNrfy3X6nsU8-rPg,Economics Explained,culture_entertainment|practical_lifestyle|technology_ai,3,3,3562913,585193,https://www.youtube.com/channel/UCZ4AMrDcNrfy3X6nsU8-rPg/videos,2.88M subscribers,2880000,"369,563,502 views",369563502,"Joined Sep 9, 2012",2012-09-09,444 videos,444,United States,http://www.youtube.com/@EconomicsExplained,ok
UCe8G9fApuCUh7dQr95UWhag,New Travel Insight,nature_animals,5,5,3464347,3014016,https://www.youtube.com/channel/UCe8G9fApuCUh7dQr95UWhag/videos,177K subscribers,177000,"62,099,792 views",62099792,"Joined Feb 22, 2025",2025-02-22,384 videos,384,United States,http://www.youtube.com/@NewTravelInsight,ok
UCH1d5pCwEvmumwwbd4QkL6A,Mountain Lifeaholic,nature_animals,1,1,3517322,3517322,https://www.youtube.com/channel/UCH1d5pCwEvmumwwbd4QkL6A/videos,45.8K subscribers,45800,"18,309,310 views",18309310,"Joined Jan 15, 2025",2025-01-15,89 videos,89,United States,http://www.youtube.com/@MountainLifeaholic,ok
UCehBVAPy-bxmnbNARF-_tvA,More Perfect Union,consumer_systems|technology_ai,6,6,3582664,2514780,https://www.youtube.com/channel/UCehBVAPy-bxmnbNARF-_tvA/videos,3.82M subscribers,3820000,"754,482,788 views",754482788,"Joined Dec 8, 2020",2020-12-08,"1,919 videos",1919,United States,http://www.youtube.com/@moreperfectunion,ok
UCRgMIwmmh1-2k5HeTQ2cdkQ,Gaurav Thakur,psychology_society|science_engineering,2,2,3455128,3003008,https://www.youtube.com/channel/UCRgMIwmmh1-2k5HeTQ2cdkQ/videos,7.39M subscribers,7390000,"759,177,828 views",759177828,"Joined Mar 18, 2017",2017-03-18,432 videos,432,India,http://www.youtube.com/@GauravThakur-GSF,ok
UCOl2oX_MPM0vSX7k8TKogMQ,Earthscapes Travel,nature_animals,1,1,3462120,3462120,https://www.youtube.com/channel/UCOl2oX_MPM0vSX7k8TKogMQ/videos,64K subscribers,64000,"15,162,599 views",15162599,"Joined Nov 9, 2025",2025-11-09,70 videos,70,United States,http://www.youtube.com/@EarthscapesTravel,ok
UCl4NfdM9_3UY86DBZUWWJlQ,How So,history_civilization,1,1,3441610,3441610,https://www.youtube.com/channel/UCl4NfdM9_3UY86DBZUWWJlQ/videos,85.5K subscribers,85500,"7,116,873 views",7116873,"Joined Oct 18, 2022",2022-10-18,5 videos,5,Israel,http://www.youtube.com/@How-So,ok
UCFoGLU_SSf812tyOs3XGa_Q,Kee,psychology_society,2,2,3301346,2006439,https://www.youtube.com/channel/UCFoGLU_SSf812tyOs3XGa_Q/videos,217K subscribers,217000,"16,001,835 views",16001835,"Joined Jun 18, 2025",2025-06-18,129 videos,129,,http://www.youtube.com/@Kee0111,ok
UCSTAsRH85wPdUHYeBNDaf7A,Zoufry,crime_scams_mystery,1,1,3405144,3405144,https://www.youtube.com/channel/UCSTAsRH85wPdUHYeBNDaf7A/videos,96.2K subscribers,96200,"11,022,991 views",11022991,"Joined Apr 25, 2020",2020-04-25,73 videos,73,France,http://www.youtube.com/@Zoufryymedia,ok
UCQky96IjrfzJcSUiCogID6w,Shivanshu Agrawal,culture_entertainment,1,1,3295626,3295626,https://www.youtube.com/channel/UCQky96IjrfzJcSUiCogID6w/videos,1.97M subscribers,1970000,"918,713,384 views",918713384,"Joined Apr 9, 2021",2021-04-09,364 videos,364,India,http://www.youtube.com/@Shivanshu.Agrawal,ok
UCsXVk37bltHxD1rDPwtNM8Q,Kurzgesagt – In a Nutshell,science_engineering,1,1,3378076,3378076,https://www.youtube.com/channel/UCsXVk37bltHxD1rDPwtNM8Q/videos,25.5M subscribers,25500000,"3,810,425,582 views",3810425582,"Joined Jul 9, 2013",2013-07-09,381 videos,381,Germany,http://www.youtube.com/@kurzgesagt,ok
UCXbCOOoXE09V6StOp0gbTFQ,Simple Paint,history_civilization,3,3,3200370,2759960,https://www.youtube.com/channel/UCXbCOOoXE09V6StOp0gbTFQ/videos,489K subscribers,489000,"94,568,424 views",94568424,"Joined Dec 23, 2017",2017-12-23,118 videos,118,United States,http://www.youtube.com/@SimplePaintOfficial,ok
UCr3cBLTYmIK9kY0F_OdFWFQ,Casually Explained,culture_entertainment,1,1,3140451,3140451,https://www.youtube.com/channel/UCr3cBLTYmIK9kY0F_OdFWFQ/videos,4.2M subscribers,4200000,"531,901,835 views",531901835,"Joined Dec 7, 2015",2015-12-07,110 videos,110,Canada,http://www.youtube.com/@CasuallyExplained,ok
UCK7tptUDHh-RYDsdxO1-5QQ,The Wall Street Journal,culture_entertainment|science_engineering|technology_ai,3,3,3206820,873303,https://www.youtube.com/channel/UCK7tptUDHh-RYDsdxO1-5QQ/videos,6.67M subscribers,6670000,"2,566,436,184 views",2566436184,"Joined Jun 18, 2007",2007-06-18,"28,902 videos",28902,United States,http://www.youtube.com/@wsj,ok
UCsM3qWjsbJr5Kt7_Q1ulLjg,Rachitroo,crime_scams_mystery,1,1,3139046,3139046,https://www.youtube.com/channel/UCsM3qWjsbJr5Kt7_Q1ulLjg/videos,5.97M subscribers,5970000,"1,393,952,446 views",1393952446,"Joined Jul 18, 2015",2015-07-18,733 videos,733,India,http://www.youtube.com/@theRachitroo,ok
UCKZozRVHRYsYHGEyNKuhhdA,Think School,business_economics|geography_logistics|technology_ai,5,5,3124246,591900,https://www.youtube.com/channel/UCKZozRVHRYsYHGEyNKuhhdA/videos,6.5M subscribers,6500000,"629,428,944 views",629428944,"Joined Feb 26, 2020",2020-02-26,"1,025 videos",1025,India,http://www.youtube.com/@ThinkSchool,ok
UCb9gttCzPcabOnq1nFYPwsw,Cryton,crime_scams_mystery,1,1,3044680,3044680,https://www.youtube.com/channel/UCb9gttCzPcabOnq1nFYPwsw/videos,107K subscribers,107000,"7,954,556 views",7954556,"Joined May 17, 2025",2025-05-17,30 videos,30,United States,http://www.youtube.com/@Cryton,ok
UCQXHTFnQYFTqN0MqmNh9EIA,BBC World Service,practical_lifestyle|technology_ai|work_career_education,5,5,3025750,693450,https://www.youtube.com/channel/UCQXHTFnQYFTqN0MqmNh9EIA/videos,2.17M subscribers,2170000,"359,812,320 views",359812320,"Joined Oct 22, 2019",2019-10-22,"3,315 videos",3315,United Kingdom,http://www.youtube.com/@BBCWorldService,ok
UCYenDLnIHsoqQ6smwKXQ7Hg,#Mind Warehouse,nature_animals,1,1,3082213,3082213,https://www.youtube.com/channel/UCYenDLnIHsoqQ6smwKXQ7Hg/videos,8.53M subscribers,8530000,"2,320,398,285 views",2320398285,"Joined Aug 10, 2013",2013-08-10,"1,089 videos",1089,United States,http://www.youtube.com/@mind_warehouse,ok
UCVbEcdRUE78kCWygwdOxqHA,HustleCore,practical_lifestyle,1,1,3010109,3010109,https://www.youtube.com/channel/UCVbEcdRUE78kCWygwdOxqHA/videos,28.9K subscribers,28900,"3,067,706 views",3067706,"Joined Nov 26, 2024",2024-11-26,52 videos,52,Pakistan,http://www.youtube.com/@yourhustlecore,ok
UCJjUlbs-ZEo4draiZzz66sQ,WILD NATURE - Nature animal documentary,nature_animals,3,3,2991650,407050,https://www.youtube.com/channel/UCJjUlbs-ZEo4draiZzz66sQ/videos,227K subscribers,227000,"56,422,556 views",56422556,"Joined Jul 27, 2024",2024-07-27,226 videos,226,United States,http://www.youtube.com/@wildnatureus2024,ok
UCGCh409DId2JGBRGnyIfhEw,Real Thugesh ,nature_animals,1,1,2837521,2837521,https://www.youtube.com/channel/UCGCh409DId2JGBRGnyIfhEw/videos,4.41M subscribers,4410000,"2,853,651,712 views",2853651712,"Joined Oct 26, 2021",2021-10-26,562 videos,562,India,http://www.youtube.com/@realthugesh,ok
UC7htuVs06oduI3xSfTdcxPA,48 Hours,crime_scams_mystery,3,3,2977401,1903350,https://www.youtube.com/channel/UC7htuVs06oduI3xSfTdcxPA/videos,2.52M subscribers,2520000,"1,409,612,742 views",1409612742,"Joined Jun 14, 2013",2013-06-14,"2,424 videos",2424,,http://www.youtube.com/@48hours,ok
UCzwCEE_PchiBULMnAJqhGVg,Raj Shamani,business_economics|geography_logistics|psychology_society,5,5,2819516,905510,https://www.youtube.com/channel/UCzwCEE_PchiBULMnAJqhGVg/videos,18.7M subscribers,18700000,"2,322,416,459 views",2322416459,"Joined Jun 25, 2009",2009-06-25,"2,536 videos",2536,United States,http://www.youtube.com/@rajshamani,ok
UCL1VdVcXmP5sQyVLt81QMyg,2 and 20,work_career_education,1,1,2782282,2782282,https://www.youtube.com/channel/UCL1VdVcXmP5sQyVLt81QMyg/videos,302K subscribers,302000,"27,825,038 views",27825038,"Joined Nov 20, 2022",2022-11-20,75 videos,75,Canada,http://www.youtube.com/@2and20,ok
UCvJiYiBUbw4tmpRSZT2r1Hw,Science Channel,practical_lifestyle|science_engineering,4,4,2690965,1037938,https://www.youtube.com/channel/UCvJiYiBUbw4tmpRSZT2r1Hw/videos,5.37M subscribers,5370000,"1,422,263,492 views",1422263492,"Joined Dec 4, 2006",2006-12-04,"2,756 videos",2756,,http://www.youtube.com/@sciencechannel,ok
UCUIzUlxA9OvY5SjXv51tDpw,Fat Rat,history_civilization,1,1,2772542,2772542,https://www.youtube.com/channel/UCUIzUlxA9OvY5SjXv51tDpw/videos,14.7K subscribers,14700,"2,876,484 views",2876484,"Joined May 1, 2025",2025-05-01,18 videos,18,Italy,http://www.youtube.com/@FatRatInternational,ok
UCzgWZmqmKpmsr4oPWITusKA,Beyond Facts,geography_logistics,1,1,2641481,2641481,https://www.youtube.com/channel/UCzgWZmqmKpmsr4oPWITusKA/videos,746K subscribers,746000,"134,102,714 views",134102714,"Joined Dec 2, 2019",2019-12-02,185 videos,185,United States,http://www.youtube.com/@BeyondFacts,ok
UC0ggS8bt4v7NiZpDfGqNpZQ,ExtinctZoo ,history_civilization,1,1,2655609,2655609,https://www.youtube.com/channel/UC0ggS8bt4v7NiZpDfGqNpZQ/videos,1.51M subscribers,1510000,"305,382,214 views",305382214,"Joined Jun 18, 2022",2022-06-18,147 videos,147,,http://www.youtube.com/@ExtinctZoo,ok
UCPlUfxXfP-Cgg4_qM-y8ivA,Silence of the Earth,nature_animals,2,2,2633971,1355462,https://www.youtube.com/channel/UCPlUfxXfP-Cgg4_qM-y8ivA/videos,59.4K subscribers,59400,"10,075,772 views",10075772,"Joined Feb 10, 2025",2025-02-10,76 videos,76,United States,http://www.youtube.com/@SilenceoftheEarth,ok
UCt3JiNkefsfbA2N4SgEkoiQ,Visual Venture,crime_scams_mystery|psychology_society,13,13,2622127,1402149,https://www.youtube.com/channel/UCt3JiNkefsfbA2N4SgEkoiQ/videos,1.93M subscribers,1930000,"245,772,519 views",245772519,"Joined Jun 13, 2021",2021-06-13,165 videos,165,United States,http://www.youtube.com/@VisualVenture,ok
UCc75xRvZfuSE3pLa-aqhB6Q,Jay Diggs,culture_entertainment,1,1,2598808,2598808,https://www.youtube.com/channel/UCc75xRvZfuSE3pLa-aqhB6Q/videos,207K subscribers,207000,"25,495,396 views",25495396,"Joined Jul 30, 2010",2010-07-30,101 videos,101,United States,http://www.youtube.com/@jaydiggsmusic,ok
UCPD7FU73S_mMMsxSr03oOSQ,Redlyne,psychology_society,1,1,2498854,2498854,https://www.youtube.com/channel/UCPD7FU73S_mMMsxSr03oOSQ/videos,414K subscribers,414000,"38,928,809 views",38928809,"Joined May 12, 2022",2022-05-12,25 videos,25,,http://www.youtube.com/@Redlyne_,ok
UCr-BYW60bAtDcNtz6AoiHZQ,SR PAY,crime_scams_mystery|geography_logistics,3,3,2530560,1843044,https://www.youtube.com/channel/UCr-BYW60bAtDcNtz6AoiHZQ/videos,2.36M subscribers,2360000,"341,638,377 views",341638377,"Joined Jan 2, 2021",2021-01-02,222 videos,222,India,http://www.youtube.com/@SRPAY,ok
UCOnMveoOrmDiwA6X-6xmQjw,Romancho Pedia by Mithun,crime_scams_mystery|geography_logistics|nature_animals,5,5,2480432,805899,https://www.youtube.com/channel/UCOnMveoOrmDiwA6X-6xmQjw/videos,3M subscribers,3000000,"382,390,252 views",382390252,"Joined Sep 23, 2018",2018-09-23,450 videos,450,India,http://www.youtube.com/@romanchopediamithun,ok
UCmYAcjJNtB8UsSZjXqyx4Zg,Cottereau,history_civilization,1,1,2459606,2459606,https://www.youtube.com/channel/UCmYAcjJNtB8UsSZjXqyx4Zg/videos,291K subscribers,291000,"116,235,366 views",116235366,"Joined Dec 23, 2017",2017-12-23,27 videos,27,France,http://www.youtube.com/@Cottereau1,ok
UCAksyQw6LlPRw-rYhEPADMA,First Humans ,science_engineering,1,1,2358020,2358020,https://www.youtube.com/channel/UCAksyQw6LlPRw-rYhEPADMA/videos,36.3K subscribers,36300,"8,359,058 views",8359058,"Joined May 24, 2025",2025-05-24,52 videos,52,Türkiye,http://www.youtube.com/@FirstHumans,ok
UCMX31RavkfUHJvw03RbUZnA,Nick Crowley,crime_scams_mystery,1,1,2458153,2458153,https://www.youtube.com/channel/UCMX31RavkfUHJvw03RbUZnA/videos,3.25M subscribers,3250000,"391,122,959 views",391122959,"Joined Mar 13, 2018",2018-03-13,151 videos,151,United States,http://www.youtube.com/@NickCrowley,ok
UCF_y2shYA8CSd8ZoSlbNjtw,Nations Uncovered,nature_animals,2,2,2320648,1950754,https://www.youtube.com/channel/UCF_y2shYA8CSd8ZoSlbNjtw/videos,105K subscribers,105000,"21,732,879 views",21732879,"Joined Aug 17, 2023",2023-08-17,54 videos,54,Czechia,http://www.youtube.com/@NationsUncoveredTravel,ok
UCVVTthHLGBuNeKf5z6jGV2A,Blackfiles,crime_scams_mystery|technology_ai,4,4,2339183,1082396,https://www.youtube.com/channel/UCVVTthHLGBuNeKf5z6jGV2A/videos,453K subscribers,453000,"56,190,773 views",56190773,"Joined Feb 27, 2025",2025-02-27,146 videos,146,Spain,http://www.youtube.com/@Blackfiles-HD,ok
UC87QeJ7WF71zJ5LF7vVVYrg,The Gaurav Thakur Show Clips,nature_animals,1,1,2318478,2318478,https://www.youtube.com/channel/UC87QeJ7WF71zJ5LF7vVVYrg/videos,1.18M subscribers,1180000,"387,127,441 views",387127441,"Joined Dec 11, 2022",2022-12-11,697 videos,697,India,http://www.youtube.com/@gauravzthakur,ok
UC2-_WWPT_124iN6jiym4fOw,Asian Boss,consumer_systems|practical_lifestyle,3,3,2352138,1215651,https://www.youtube.com/channel/UC2-_WWPT_124iN6jiym4fOw/videos,4.15M subscribers,4150000,"1,077,776,934 views",1077776934,"Joined Oct 29, 2013",2013-10-29,"1,922 videos",1922,South Korea,http://www.youtube.com/@AsianBoss,ok
UCzVzADipldUrUhKkuw-ISqw,The Curious Mind,history_civilization,1,1,2233654,2233654,https://www.youtube.com/channel/UCzVzADipldUrUhKkuw-ISqw/videos,188K subscribers,188000,"47,097,509 views",47097509,"Joined Mar 9, 2025",2025-03-09,587 videos,587,United States,http://www.youtube.com/@TheCuriousMind12-e2c,ok
UCdsOTr6SmDrxuWE7sJFrkhQ,BBC Earth Science,science_engineering,2,2,2280590,1198667,https://www.youtube.com/channel/UCdsOTr6SmDrxuWE7sJFrkhQ/videos,1.81M subscribers,1810000,"306,251,041 views",306251041,"Joined Nov 2, 2012",2012-11-02,"1,606 videos",1606,United Kingdom,http://www.youtube.com/@BBCEarthScience,ok
UCqoAEDirJPjEUFcF2FklnBA,StarTalk,science_engineering,1,1,2238333,2238333,https://www.youtube.com/channel/UCqoAEDirJPjEUFcF2FklnBA/videos,5.86M subscribers,5860000,"1,057,631,310 views",1057631310,"Joined Dec 22, 2010",2010-12-22,"1,840 videos",1840,United States,http://www.youtube.com/@StarTalk,ok
UCZmv8aMKJ_NyS5uFJK_R8lg,Dabby,practical_lifestyle,1,1,2184680,2184680,https://www.youtube.com/channel/UCZmv8aMKJ_NyS5uFJK_R8lg/videos,73.5K subscribers,73500,"3,695,320 views",3695320,"Joined Jun 5, 2025",2025-06-05,16 videos,16,,http://www.youtube.com/@according-to-dabby,ok
UCjkPT5n571CsTwxykFZghSw,Banana Planet TV,nature_animals,3,3,2079939,384173,https://www.youtube.com/channel/UCjkPT5n571CsTwxykFZghSw/videos,30K subscribers,30000,"7,910,485 views",7910485,"Joined May 6, 2025",2025-05-06,148 videos,148,United States,http://www.youtube.com/@BananaPlanetTV,ok
UCbq-4OJxnziD3awH-aTezeA,Real Wild,nature_animals,1,1,2103075,2103075,https://www.youtube.com/channel/UCbq-4OJxnziD3awH-aTezeA/videos,1.9M subscribers,1900000,"300,756,132 views",300756132,"Joined Oct 28, 2008",2008-10-28,"1,123 videos",1123,United States,http://www.youtube.com/@RealWild,ok
UCiTgRcnZs--vFScAQtRH5QA,Fads,culture_entertainment,1,1,2042721,2042721,https://www.youtube.com/channel/UCiTgRcnZs--vFScAQtRH5QA/videos,204K subscribers,204000,"18,172,809 views",18172809,"Joined Sep 7, 2021",2021-09-07,64 videos,64,United Kingdom,http://www.youtube.com/@Fads,ok
UCGAmpBtWveYp0-3v9npnhvQ,Chilling Scares,crime_scams_mystery,2,2,2031830,1816712,https://www.youtube.com/channel/UCGAmpBtWveYp0-3v9npnhvQ/videos,2.83M subscribers,2830000,"597,163,623 views",597163623,"Joined Nov 28, 2020",2020-11-28,187 videos,187,United States,http://www.youtube.com/@ChillingScares,ok
UCpVm7bg6pXKo1Pr6k5kxG9A,National Geographic,business_economics|history_civilization|practical_lifestyle|science_engineering,5,5,2173608,699616,https://www.youtube.com/channel/UCpVm7bg6pXKo1Pr6k5kxG9A/videos,26.4M subscribers,26400000,"7,096,021,447 views",7096021447,"Joined May 7, 2006",2006-05-07,"11,463 videos",11463,United States,http://www.youtube.com/@NatGeo,ok
UCHFoGRSXGOpc6D_NTGv-UyQ,Inqalaab International,crime_scams_mystery,1,1,2027486,2027486,https://www.youtube.com/channel/UCHFoGRSXGOpc6D_NTGv-UyQ/videos,43.6K subscribers,43600,"3,602,041 views",3602041,"Joined Sep 1, 2025",2025-09-01,61 videos,61,United States,http://www.youtube.com/@inqalaabofficial,ok
UCs_ineLBnNTGjrArNzjSLZg,Zem TV,crime_scams_mystery|geography_logistics,2,2,2027118,1557219,https://www.youtube.com/channel/UCs_ineLBnNTGjrArNzjSLZg/videos,6.06M subscribers,6060000,"1,390,774,865 views",1390774865,"Joined Jun 20, 2018",2018-06-20,466 videos,466,Pakistan,http://www.youtube.com/@ZemTV.Official,ok
UCO01ytfzgXYy4glnPJm4PPQ,Matt Walsh,history_civilization,1,1,2010007,2010007,https://www.youtube.com/channel/UCO01ytfzgXYy4glnPJm4PPQ/videos,3.45M subscribers,3450000,"1,534,954,683 views",1534954683,"Joined Jan 17, 2012",2012-01-17,"7,431 videos",7431,United States,http://www.youtube.com/@MattWalsh,ok
UC6Mjg5R5QOJYjrio1JmP8Fg,oompaville,crime_scams_mystery,1,1,1988397,1988397,https://www.youtube.com/channel/UC6Mjg5R5QOJYjrio1JmP8Fg/videos,5.99M subscribers,5990000,"917,148,382 views",917148382,"Joined Nov 19, 2010",2010-11-19,"1,085 videos",1085,United States,http://www.youtube.com/@oompaville,ok
UCxXqd3iE9WziFyQfycE7cwA,Sommer Sanchez,crime_scams_mystery,1,1,1946202,1946202,https://www.youtube.com/channel/UCxXqd3iE9WziFyQfycE7cwA/videos,462K subscribers,462000,"48,830,093 views",48830093,"Joined Apr 14, 2022",2022-04-14,112 videos,112,,http://www.youtube.com/@sommersanchez,ok
UC0woBco6Dgcxt0h8SwyyOmw,Megaprojects,science_engineering,2,2,1891033,1175599,https://www.youtube.com/channel/UC0woBco6Dgcxt0h8SwyyOmw/videos,1.6M subscribers,1600000,"373,629,352 views",373629352,"Joined Mar 25, 2020",2020-03-25,947 videos,947,Czechia,http://www.youtube.com/@megaprojects9649,ok
UC0Qb7WEWW3xBop_6LC4t7qQ,Unplugged Shubhankar,crime_scams_mystery,1,1,1970830,1970830,https://www.youtube.com/channel/UC0Qb7WEWW3xBop_6LC4t7qQ/videos,2.16M subscribers,2160000,"1,929,407,279 views",1929407279,"Joined Dec 11, 2023",2023-12-11,"10,866 videos",10866,India,http://www.youtube.com/@unpluggedshubhankar,ok
UCb0JxFSwHTzH0AEsAzQHV4w,Map Pack,geography_logistics,1,1,1887462,1887462,https://www.youtube.com/channel/UCb0JxFSwHTzH0AEsAzQHV4w/videos,434K subscribers,434000,"129,295,580 views",129295580,"Joined Apr 26, 2023",2023-04-26,287 videos,287,United States,http://www.youtube.com/@MapPack,ok
UCWBtLCE-BnzZx3DneqDiXWQ,Astrum Earth,science_engineering,1,1,1838272,1838272,https://www.youtube.com/channel/UCWBtLCE-BnzZx3DneqDiXWQ/videos,453K subscribers,453000,"66,290,107 views",66290107,"Joined Sep 9, 2024",2024-09-09,50 videos,50,United Kingdom,http://www.youtube.com/@AstrumEarth,ok
UCY2O8IpHZgLLG-fXHhX6aLw,History Meets Finance,culture_entertainment,1,1,1813431,1813431,https://www.youtube.com/channel/UCY2O8IpHZgLLG-fXHhX6aLw/videos,144K subscribers,144000,"10,054,538 views",10054538,"Joined Aug 15, 2022",2022-08-15,150 videos,150,Canada,http://www.youtube.com/@HistoryXFinance,ok
UCJjSDX-jUChzOEyok9XYRJQ,Jubilee,work_career_education,1,1,1883264,1883264,https://www.youtube.com/channel/UCJjSDX-jUChzOEyok9XYRJQ/videos,11M subscribers,11000000,"3,289,318,592 views",3289318592,"Joined Jan 30, 2010",2010-01-30,"2,232 videos",2232,United States,http://www.youtube.com/@jubilee,ok
UCq6OAftTQOuUBRdtUDq5SUA,PBS Documentaries,technology_ai,1,1,1789071,1789071,https://www.youtube.com/channel/UCq6OAftTQOuUBRdtUDq5SUA/videos,418K subscribers,418000,"58,472,208 views",58472208,"Joined Mar 7, 2012",2012-03-07,262 videos,262,United States,http://www.youtube.com/@PBSDocumentaries,ok
UCqPTW4CeoAgq111DA__mP9g,Max Fisher,work_career_education,1,1,1732366,1732366,https://www.youtube.com/channel/UCqPTW4CeoAgq111DA__mP9g/videos,487K subscribers,487000,"38,905,019 views",38905019,"Joined Sep 3, 2025",2025-09-03,38 videos,38,United States,http://www.youtube.com/@maxfisher,ok
UCepBxbSrGZkgjgGJuY04c-Q,Professor Of How,crime_scams_mystery,1,1,1747212,1747212,https://www.youtube.com/channel/UCepBxbSrGZkgjgGJuY04c-Q/videos,15.7M subscribers,15700000,"7,271,980,703 views",7271980703,"Joined May 21, 2017",2017-05-21,578 videos,578,India,http://www.youtube.com/@ProfessorOfHow,ok
UCq3_rH8u98FYNZ_BtfNLNRQ,Crime Ki Dastaan,crime_scams_mystery,1,1,1729098,1729098,https://www.youtube.com/channel/UCq3_rH8u98FYNZ_BtfNLNRQ/videos,30.8K subscribers,30800,"9,255,515 views",9255515,"Joined Apr 30, 2020",2020-04-30,161 videos,161,India,http://www.youtube.com/@CrimeKiDastaanhindi,ok
UCGBoWe1mzCvbbqDNncmxm8A,FINAiUS,business_economics|crime_scams_mystery|culture_entertainment|geography_logistics|technology_ai,7,7,1714069,608186,https://www.youtube.com/channel/UCGBoWe1mzCvbbqDNncmxm8A/videos,784K subscribers,784000,"66,347,081 views",66347081,"Joined Jul 21, 2020",2020-07-21,83 videos,83,United States,http://www.youtube.com/@Finaius,ok
UCkCGANrihzExmu9QiqZpPlQ,How Money Works,business_economics|culture_entertainment|work_career_education,4,4,1697357,1488367,https://www.youtube.com/channel/UCkCGANrihzExmu9QiqZpPlQ/videos,1.74M subscribers,1740000,"288,486,036 views",288486036,"Joined Dec 19, 2018",2018-12-19,322 videos,322,United States,http://www.youtube.com/@HowMoneyWorks,ok
UC_mmaVYaFmlfdxuKb6U69Yw,Speeed,technology_ai,1,1,1655105,1655105,https://www.youtube.com/channel/UC_mmaVYaFmlfdxuKb6U69Yw/videos,2.53M subscribers,2530000,"122,222,525 views",122222525,"Joined Jun 29, 2024",2024-06-29,75 videos,75,United States,http://www.youtube.com/@SpeeedCo,ok
UCTzZ2-byV7kigoeQ1ZQ39ig,Ear to Hear,history_civilization,1,1,1651802,1651802,https://www.youtube.com/channel/UCTzZ2-byV7kigoeQ1ZQ39ig/videos,993K subscribers,993000,"89,616,320 views",89616320,"Joined Dec 30, 2022",2022-12-30,76 videos,76,United States,http://www.youtube.com/@eartohear,ok
UCmHWbnzyRvVvkrSXFdZp7tg,NullSpace,science_engineering,1,1,1644652,1644652,https://www.youtube.com/channel/UCmHWbnzyRvVvkrSXFdZp7tg/videos,48.7K subscribers,48700,"4,018,781 views",4018781,"Joined Aug 21, 2025",2025-08-21,6 videos,6,Canada,http://www.youtube.com/@NullSpaceYT,ok
UCp4wHZCrDhITkiUILOd4gRw,Documentary Central,science_engineering,1,1,1622456,1622456,https://www.youtube.com/channel/UCp4wHZCrDhITkiUILOd4gRw/videos,1.06M subscribers,1060000,"120,060,900 views",120060900,"Joined Feb 23, 2016",2016-02-23,928 videos,928,Australia,http://www.youtube.com/@DocoCentral,ok
UC4oVjJptcsvtgIMrdIUQYlQ,LADbible Stories,crime_scams_mystery,1,1,1619784,1619784,https://www.youtube.com/channel/UC4oVjJptcsvtgIMrdIUQYlQ/videos,4.07M subscribers,4070000,"1,632,736,490 views",1632736490,"Joined Jan 10, 2012",2012-01-10,"1,796 videos",1796,United Kingdom,http://www.youtube.com/@ladbiblestories,ok
UC4GYgpgZzfMhYr9y6rs5O6Q,Trust Me Bro,history_civilization|practical_lifestyle,2,2,1620268,1108782,https://www.youtube.com/channel/UC4GYgpgZzfMhYr9y6rs5O6Q/videos,1.37M subscribers,1370000,"168,319,893 views",168319893,"Joined Oct 22, 2023",2023-10-22,142 videos,142,Canada,http://www.youtube.com/@TrustMeBroOfficial,ok
UCX2IOB5QecICpfcb1GKHM_Q,Gaurav Katare,geography_logistics|nature_animals,3,3,1599836,1545898,https://www.youtube.com/channel/UCX2IOB5QecICpfcb1GKHM_Q/videos,1.94M subscribers,1940000,"215,500,567 views",215500567,"Joined Oct 17, 2010",2010-10-17,271 videos,271,India,http://www.youtube.com/@GauravKatare,ok
UCc8q4B1bj-668LMHyNXnTxQ,Economy Media,technology_ai|work_career_education,2,2,1597081,982677,https://www.youtube.com/channel/UCc8q4B1bj-668LMHyNXnTxQ/videos,134K subscribers,134000,"18,468,756 views",18468756,"Joined Apr 11, 2023",2023-04-11,139 videos,139,Ecuador,http://www.youtube.com/@EconomyMedia,ok
UC7R28A21ABhLnvY9bRed8MQ,Nature's Moments,nature_animals,4,4,1713626,604176,https://www.youtube.com/channel/UC7R28A21ABhLnvY9bRed8MQ/videos,134K subscribers,134000,"61,473,856 views",61473856,"Joined Jan 27, 2017",2017-01-27,266 videos,266,United States,http://www.youtube.com/@naturesmomentstv,ok
UCkw1tYo7k8t-Y99bOXuZwhg,KK Create,geography_logistics,1,1,1592262,1592262,https://www.youtube.com/channel/UCkw1tYo7k8t-Y99bOXuZwhg/videos,5.5M subscribers,5500000,"3,716,127,207 views",3716127207,"Joined Feb 26, 2023",2023-02-26,946 videos,946,India,http://www.youtube.com/@kk.create.original,ok
UCVtHlqfvXn-6m6A2IWUB8MQ,Unseen,crime_scams_mystery,1,1,1588253,1588253,https://www.youtube.com/channel/UCVtHlqfvXn-6m6A2IWUB8MQ/videos,1.41M subscribers,1410000,"330,003,759 views",330003759,"Joined Apr 27, 2022",2022-04-27,117 videos,117,United States,http://www.youtube.com/@unseentruecrime,ok
UCvJJ_dzjViJCoLf5uKUTwoA,CNBC,consumer_systems|culture_entertainment|practical_lifestyle|technology_ai|work_career_education,12,10,1584852,530886,https://www.youtube.com/channel/UCvJJ_dzjViJCoLf5uKUTwoA/videos,4.17M subscribers,4170000,"2,058,582,038 views",2058582038,"Joined Jun 17, 2006",2006-06-17,"16,146 videos",16146,,http://www.youtube.com/@CNBC,ok
UCSoRPhBTtQ4ntgOj4RA_XqA,TRUE GLOBE,nature_animals|practical_lifestyle,2,2,1583346,1414734,https://www.youtube.com/channel/UCSoRPhBTtQ4ntgOj4RA_XqA/videos,142K subscribers,142000,"26,811,129 views",26811129,"Joined Jul 23, 2025",2025-07-23,116 videos,116,United States,http://www.youtube.com/@trueglobe66,ok
UCqW-PuTMM73Ff6qR8k-8HGg,Darkest Horrors,crime_scams_mystery,1,1,1554386,1554386,https://www.youtube.com/channel/UCqW-PuTMM73Ff6qR8k-8HGg/videos,43.4K subscribers,43400,"6,405,070 views",6405070,"Joined Mar 16, 2025",2025-03-16,19 videos,19,United States,http://www.youtube.com/@DarkestHorrors,ok
UC5wFCss3J68_MMZT_VxQvUA,The World Of Keya,nature_animals|work_career_education,2,2,1528521,794339,https://www.youtube.com/channel/UC5wFCss3J68_MMZT_VxQvUA/videos,1.64M subscribers,1640000,"425,786,589 views",425786589,"Joined Feb 17, 2021",2021-02-17,275 videos,275,Bangladesh,http://www.youtube.com/@TheWorldOfKeya,ok
UCkizxvF3YdQXuEUSklHpUmQ,Anokhi Films,crime_scams_mystery|practical_lifestyle,3,3,1533605,722302,https://www.youtube.com/channel/UCkizxvF3YdQXuEUSklHpUmQ/videos,1.2M subscribers,1200000,"499,402,664 views",499402664,"Joined Feb 4, 2022",2022-02-04,742 videos,742,India,http://www.youtube.com/@AnokhiFilms10,ok
UCWbM5p20UDzs1VLGa9ku2Jw,Myths-creature,nature_animals,1,1,1502766,1502766,https://www.youtube.com/channel/UCWbM5p20UDzs1VLGa9ku2Jw/videos,22.9K subscribers,22900,"7,387,283 views",7387283,"Joined Aug 9, 2025",2025-08-09,10 videos,10,,http://www.youtube.com/@Myths-creature,ok
UCmOCpBKeoBPp-HwarhIBA2g,Best Documentary,business_economics|geography_logistics|psychology_society|science_engineering,4,4,1502919,128260,https://www.youtube.com/channel/UCmOCpBKeoBPp-HwarhIBA2g/videos,8.34M subscribers,8340000,"2,171,884,439 views",2171884439,"Joined May 3, 2016",2016-05-03,"3,380 videos",3380,United States,http://www.youtube.com/@BestDoc,ok
UCUMZ7gohGI9HcU9VNsr2FJQ,Bloomberg Originals,consumer_systems|geography_logistics|science_engineering|technology_ai,4,4,1546352,705968,https://www.youtube.com/channel/UCUMZ7gohGI9HcU9VNsr2FJQ/videos,5.14M subscribers,5140000,"1,191,754,215 views",1191754215,"Joined Mar 9, 2006",2006-03-09,"49,482 videos",49482,United States,http://www.youtube.com/@business,ok
UC9x0AN7BWHpCDHSm9NiJFJQ,NetworkChuck,technology_ai,1,1,1502353,1502353,https://www.youtube.com/channel/UC9x0AN7BWHpCDHSm9NiJFJQ/videos,5.37M subscribers,5370000,"417,861,872 views",417861872,"Joined Apr 27, 2014",2014-04-27,614 videos,614,United States,http://www.youtube.com/@NetworkChuck,ok
UCbfZu3aEzvSVjOnZnQr6r2Q,Explorist,crime_scams_mystery,1,1,1495708,1495708,https://www.youtube.com/channel/UCbfZu3aEzvSVjOnZnQr6r2Q/videos,280K subscribers,280000,"10,714,731 views",10714731,"Joined May 7, 2014",2014-05-07,10 videos,10,India,http://www.youtube.com/@Explorist,ok
UCUwQmBOM-tpGP13zx-vNpbQ,Versed,geography_logistics,1,1,1483828,1483828,https://www.youtube.com/channel/UCUwQmBOM-tpGP13zx-vNpbQ/videos,199K subscribers,199000,"40,883,167 views",40883167,"Joined May 15, 2021",2021-05-15,151 videos,151,United States,http://www.youtube.com/@Versedyoutube,ok
UCNZegH5HQPx_chNsPqJw1Rw,Sleepy Science Channel,nature_animals|practical_lifestyle|psychology_society|science_engineering,8,8,1476879,138967,https://www.youtube.com/channel/UCNZegH5HQPx_chNsPqJw1Rw/videos,329K subscribers,329000,"36,445,980 views",36445980,"Joined Jul 9, 2025",2025-07-09,305 videos,305,United Kingdom,http://www.youtube.com/@SleepyScienceChannel,ok
UCWBWgCD4oAqT3hUeq40SCUw,Sambucha,geography_logistics,1,1,1474908,1474908,https://www.youtube.com/channel/UCWBWgCD4oAqT3hUeq40SCUw/videos,12M subscribers,12000000,"21,082,951,951 views",21082951951,"Joined Jan 1, 2020",2020-01-01,"4,198 videos",4198,,http://www.youtube.com/@Sambucha,ok
UCASM0cgfkJxQ1ICmRilfHLw,Patrick Boyle,technology_ai,1,1,1491942,1491942,https://www.youtube.com/channel/UCASM0cgfkJxQ1ICmRilfHLw/videos,1.32M subscribers,1320000,"188,395,896 views",188395896,"Joined Jan 21, 2019",2019-01-21,477 videos,477,United States,http://www.youtube.com/@PBoyle,ok
UCDPk9MG2RexnOMGTD-YnSnA,Nat Geo Animals,nature_animals,7,7,1461984,568968,https://www.youtube.com/channel/UCDPk9MG2RexnOMGTD-YnSnA/videos,6.47M subscribers,6470000,"1,842,098,839 views",1842098839,"Joined Sep 24, 2007",2007-09-24,"4,379 videos",4379,,http://www.youtube.com/@NatGeoAnimals,ok
UCQdI1zYa-0MvrGpCPNYj2CA,Urban Planner Explained,geography_logistics|practical_lifestyle|science_engineering,3,3,1436123,174570,https://www.youtube.com/channel/UCQdI1zYa-0MvrGpCPNYj2CA/videos,57.4K subscribers,57400,"5,337,454 views",5337454,"Joined Jul 28, 2025",2025-07-28,53 videos,53,United States,http://www.youtube.com/@UrbanPlannerExplained,ok
UC4QZ_LsYcvcq7qOsOhpAX4A,ColdFusion,consumer_systems|technology_ai,2,2,1450302,1046755,https://www.youtube.com/channel/UC4QZ_LsYcvcq7qOsOhpAX4A/videos,5.23M subscribers,5230000,"570,043,671 views",570043671,"Joined Dec 2, 2007",2007-12-02,581 videos,581,Australia,http://www.youtube.com/@ColdFusion,ok
UCTfXFm3IY3wU6k5a3rctabA,Radical Cap,culture_entertainment,1,1,1431163,1431163,https://www.youtube.com/channel/UCTfXFm3IY3wU6k5a3rctabA/videos,50.4K subscribers,50400,"9,233,204 views",9233204,"Joined Nov 11, 2024",2024-11-11,53 videos,53,United States,http://www.youtube.com/@radical_cap,ok
UCtKLvGbzqAluwUW3Ez_zeQA,Boring History Secrets ,history_civilization,4,4,1418350,178209,https://www.youtube.com/channel/UCtKLvGbzqAluwUW3Ez_zeQA/videos,103K subscribers,103000,"11,440,658 views",11440658,"Joined Nov 23, 2022",2022-11-23,260 videos,260,United Kingdom,http://www.youtube.com/@BoringHistorySecrets,ok
UCLWhUPF668K0jWTrMw-DpJg,The WillPower Star,crime_scams_mystery|culture_entertainment,2,2,1416855,899791,https://www.youtube.com/channel/UCLWhUPF668K0jWTrMw-DpJg/videos,2.82M subscribers,2820000,"40,568,113 views",40568113,"Joined May 26, 2017",2017-05-26,54 videos,54,India,http://www.youtube.com/@realwillpowerstar,ok
UCoUxsWakJucWg46KW5RsvPw,Financial Times,work_career_education,3,3,1392819,64539,https://www.youtube.com/channel/UCoUxsWakJucWg46KW5RsvPw/videos,1.44M subscribers,1440000,"224,340,450 views",224340450,"Joined Mar 26, 2009",2009-03-26,"11,453 videos",11453,United Kingdom,http://www.youtube.com/@FinancialTimes,ok
UCftwRNsjfRo08xYE31tkiyw,WIRED,geography_logistics|technology_ai,2,2,1394758,731374,https://www.youtube.com/channel/UCftwRNsjfRo08xYE31tkiyw/videos,12.9M subscribers,12900000,"4,892,228,647 views",4892228647,"Joined Sep 22, 2005",2005-09-22,"4,211 videos",4211,United States,http://www.youtube.com/@WIRED,ok
UCnM1bIVGUXUIgj-8pqtw1dw,Cine Recaps BD,crime_scams_mystery,1,1,1384392,1384392,https://www.youtube.com/channel/UCnM1bIVGUXUIgj-8pqtw1dw/videos,1.49M subscribers,1490000,"312,793,636 views",312793636,"Joined Aug 14, 2022",2022-08-14,252 videos,252,Bangladesh,http://www.youtube.com/@CineRecapsBD,ok
UCj4qrWgL8bmAfBTr6EwThow,Survival Alex,nature_animals,1,1,1373606,1373606,https://www.youtube.com/channel/UCj4qrWgL8bmAfBTr6EwThow/videos,14.2K subscribers,14200,"5,863,586 views",5863586,"Joined Jan 26, 2026",2026-01-26,98 videos,98,United States,http://www.youtube.com/@survivalalex-c6w,ok
UCkQ2J1LUtzt_kNzH_cC24AA,Internet Education,psychology_society,1,1,1376356,1376356,https://www.youtube.com/channel/UCkQ2J1LUtzt_kNzH_cC24AA/videos,56.2K subscribers,56200,"11,967,996 views",11967996,"Joined Oct 31, 2024",2024-10-31,41 videos,41,,http://www.youtube.com/@InternetEducation-cr,ok
UCPJ_UzD4PEC-_vwN32amlIQ,Open Letter,geography_logistics|psychology_society,2,2,1359393,1295937,https://www.youtube.com/channel/UCPJ_UzD4PEC-_vwN32amlIQ/videos,1.32M subscribers,1320000,"201,662,804 views",201662804,"Joined Jan 9, 2018",2018-01-09,496 videos,496,India,http://www.youtube.com/@openletteryt,ok
UCZqJKUTmgB-cffFSzL3ENJA,Brofessor Stein,crime_scams_mystery,1,1,1339043,1339043,https://www.youtube.com/channel/UCZqJKUTmgB-cffFSzL3ENJA/videos,365K subscribers,365000,"81,719,134 views",81719134,"Joined Mar 3, 2024",2024-03-03,214 videos,214,Norway,http://www.youtube.com/@BrofessorStein,ok
UCkf4ZhyckqAgr_bf-PPS7jA,Wild Animals - Animal Documentary,nature_animals,2,2,1338563,1131641,https://www.youtube.com/channel/UCkf4ZhyckqAgr_bf-PPS7jA/videos,40.3K subscribers,40300,"9,396,160 views",9396160,"Joined Sep 25, 2015",2015-09-25,78 videos,78,United States,http://www.youtube.com/@wildanimalsb52,ok
UC-XhHNXDoB6gIMYsi9p8cLg,The Invisible Game,technology_ai,1,1,1357265,1357265,https://www.youtube.com/channel/UC-XhHNXDoB6gIMYsi9p8cLg/videos,46.8K subscribers,46800,"7,381,940 views",7381940,"Joined Jul 3, 2024",2024-07-03,23 videos,23,,http://www.youtube.com/@InvisibleGameCo,ok
UC4flZ-DVneV-yy3Izp4YLzg,Chris Explains,history_civilization,1,1,1316048,1316048,https://www.youtube.com/channel/UC4flZ-DVneV-yy3Izp4YLzg/videos,27.9K subscribers,27900,"5,831,512 views",5831512,"Joined Feb 24, 2025",2025-02-24,48 videos,48,United States,http://www.youtube.com/@chris_explainsyt,ok
UCEy85baRPPw7Ls5HkMv8uRA,CRG Explains,culture_entertainment,1,1,1290719,1290719,https://www.youtube.com/channel/UCEy85baRPPw7Ls5HkMv8uRA/videos,28.8K subscribers,28800,"12,690,680 views",12690680,"Joined Aug 31, 2025",2025-08-31,99 videos,99,Czechia,http://www.youtube.com/@CRG-explains,ok
UCicVSNyM7PMXEzdoAsTB02w,Chat History,history_civilization,1,1,1300624,1300624,https://www.youtube.com/channel/UCicVSNyM7PMXEzdoAsTB02w/videos,1.09M subscribers,1090000,"119,808,154 views",119808154,"Joined Jul 11, 2022",2022-07-11,98 videos,98,United States,http://www.youtube.com/@ChatHistory,ok
UCgoyBmLOMNWmsiVkj-MezyQ,ExpHub - Prashant Kirad,consumer_systems,1,1,1266437,1266437,https://www.youtube.com/channel/UCgoyBmLOMNWmsiVkj-MezyQ/videos,12.2M subscribers,12200000,"788,696,680 views",788696680,"Joined Sep 13, 2020",2020-09-13,390 videos,390,India,http://www.youtube.com/@ExpHub,ok
UCUiD1Ph7YbaQfBEn_Lr0DPw,Selwen,culture_entertainment,1,1,1264442,1264442,https://www.youtube.com/channel/UCUiD1Ph7YbaQfBEn_Lr0DPw/videos,61.6K subscribers,61600,"7,829,004 views",7829004,"Joined Aug 26, 2015",2015-08-26,22 videos,22,Portugal,http://www.youtube.com/@SelwenG,ok
UC7-Z34pbJ0ZAOJRmUCEz0Cg,Geography By Geoff,geography_logistics,2,2,1258842,678990,https://www.youtube.com/channel/UC7-Z34pbJ0ZAOJRmUCEz0Cg/videos,1.09M subscribers,1090000,"271,891,206 views",271891206,"Joined Sep 5, 2021",2021-09-05,517 videos,517,United States,http://www.youtube.com/@GeographyByGeoff,ok
UCe9imMhDp6Kn3dn75mzUUZw,GaiaDocs,nature_animals,3,3,1255019,907573,https://www.youtube.com/channel/UCe9imMhDp6Kn3dn75mzUUZw/videos,47K subscribers,47000,"20,163,238 views",20163238,"Joined Dec 23, 2025",2025-12-23,65 videos,65,Australia,http://www.youtube.com/@gaiadocsEN,ok
UC9QQbK2NjEzlS6u9nFU_Dcw,Paleora,nature_animals|practical_lifestyle,4,4,1238458,233036,https://www.youtube.com/channel/UC9QQbK2NjEzlS6u9nFU_Dcw/videos,26.2K subscribers,26200,"6,603,729 views",6603729,"Joined Feb 16, 2024",2024-02-16,119 videos,119,,http://www.youtube.com/@PaleoraSpace,ok
UCDGrKOtVH1kWDD-DrkTm0ew,Hidden Planet TV,nature_animals,1,1,1234382,1234382,https://www.youtube.com/channel/UCDGrKOtVH1kWDD-DrkTm0ew/videos,20.2K subscribers,20200,"9,990,082 views",9990082,"Joined May 10, 2025",2025-05-10,243 videos,243,United States,http://www.youtube.com/@hiddenplanetvip,ok
UCiaQXTGzrFfBCppui4rPDIg,Avoid Flight Bans,geography_logistics,1,1,1222644,1222644,https://www.youtube.com/channel/UCiaQXTGzrFfBCppui4rPDIg/videos,67.7K subscribers,67700,"10,197,871 views",10197871,"Joined Jul 6, 2025",2025-07-06,211 videos,211,United States,http://www.youtube.com/@AvoidFlightBans,ok
UCNYsIqBwQyhnNDVf7SXJV9w,Exploring With Josh,geography_logistics,1,1,1219473,1219473,https://www.youtube.com/channel/UCNYsIqBwQyhnNDVf7SXJV9w/videos,4.82M subscribers,4820000,"624,517,205 views",624517205,"Joined Aug 18, 2013",2013-08-18,973 videos,973,United States,http://www.youtube.com/@ExploringWithJosh,ok
UCZ1OsbnPa1RX6rl9NWlRTOg,अंतरिक्ष TV by Kaushik Bhattacharjee,geography_logistics|history_civilization,2,2,1211312,818467,https://www.youtube.com/channel/UCZ1OsbnPa1RX6rl9NWlRTOg/videos,5.36M subscribers,5360000,"955,558,527 views",955558527,"Joined Feb 12, 2017",2017-02-12,"1,603 videos",1603,India,http://www.youtube.com/@AntarikshTV,ok
UCKpRrmxe1Uaq_uah7aoaIdQ,vetoo,practical_lifestyle,1,1,1486178,1486178,https://www.youtube.com/channel/UCKpRrmxe1Uaq_uah7aoaIdQ/videos,24.6K subscribers,24600,"1,554,385 views",1554385,"Joined Dec 19, 2023",2023-12-19,26 videos,26,United States,http://www.youtube.com/@v3toooo,ok
UCxlJ45KjG4XVcQ_hd8j227A,Peekaboo Kidz,geography_logistics|science_engineering,2,1,1203082,1029433,https://www.youtube.com/channel/UCxlJ45KjG4XVcQ_hd8j227A/videos,7.73M subscribers,7730000,"2,940,568,389 views",2940568389,"Joined Jun 6, 2014",2014-06-06,"1,106 videos",1106,India,http://www.youtube.com/@Peekaboo_Kidz,ok
UCx64BwX6BzdPjEQDLzoe4xQ,pywaket1,culture_entertainment,1,1,1198607,1198607,https://www.youtube.com/channel/UCx64BwX6BzdPjEQDLzoe4xQ/videos,4.08K subscribers,4080,"1,230,506 views",1230506,"Joined Nov 17, 2009",2009-11-17,8 videos,8,United States,http://www.youtube.com/@pywaket1,ok
UCtrFDttZdb4QxBpQc3fi1Cg,Uncharted Mysteries,history_civilization,7,7,1197834,451769,https://www.youtube.com/channel/UCtrFDttZdb4QxBpQc3fi1Cg/videos,293K subscribers,293000,"38,570,406 views",38570406,"Joined Jul 22, 2017",2017-07-22,86 videos,86,Australia,http://www.youtube.com/@TheUnchartedMysteries,ok
UCc7h-w42GLvShOJp9mLEnfQ,Bixu,nature_animals,2,2,1188032,980355,https://www.youtube.com/channel/UCc7h-w42GLvShOJp9mLEnfQ/videos,3.07M subscribers,3070000,"737,143,751 views",737143751,"Joined Feb 20, 2022",2022-02-20,436 videos,436,India,http://www.youtube.com/@Bixufr,ok
UC6n8I1UDTKP1IWjQMg6_TwA,The B1M,science_engineering,1,1,1163881,1163881,https://www.youtube.com/channel/UC6n8I1UDTKP1IWjQMg6_TwA/videos,4.05M subscribers,4050000,"924,462,047 views",924462047,"Joined Feb 5, 2012",2012-02-05,914 videos,914,United Kingdom,http://www.youtube.com/@TheB1M,ok
UCdl3ece6ZfQwsiLbMnh2bCw,AstroKobi,science_engineering,1,1,1204026,1204026,https://www.youtube.com/channel/UCdl3ece6ZfQwsiLbMnh2bCw/videos,3.16M subscribers,3160000,"1,587,459,263 views",1587459263,"Joined Jan 16, 2022",2022-01-16,871 videos,871,United Kingdom,http://www.youtube.com/@AstroKobi,ok
UC0Xq4qcUT1GjcdOX5jYPuBA,My Unreal Planet TV,history_civilization|nature_animals|science_engineering,5,5,1154068,256618,https://www.youtube.com/channel/UC0Xq4qcUT1GjcdOX5jYPuBA/videos,247K subscribers,247000,"83,700,650 views",83700650,"Joined Apr 8, 2024",2024-04-08,587 videos,587,United States,http://www.youtube.com/@myunrealplanettv.,ok
UCkG49maW4sr4pfxYmz9Jj0g,Flashback Frenzy,history_civilization,2,2,1151445,784657,https://www.youtube.com/channel/UCkG49maW4sr4pfxYmz9Jj0g/videos,25.2K subscribers,25200,"3,184,342 views",3184342,"Joined Oct 11, 2025",2025-10-11,4 videos,4,India,http://www.youtube.com/@FlashbackFrenzzzy,ok
UC7ACBBjiLZEKSy47w8T35Lw,Omar Eddaoudi,psychology_society,1,1,1115686,1115686,https://www.youtube.com/channel/UC7ACBBjiLZEKSy47w8T35Lw/videos,30.7K subscribers,30700,"1,287,857 views",1287857,"Joined Oct 31, 2019",2019-10-31,170 videos,170,Canada,http://www.youtube.com/@omareddaoudi795,ok
UCQBJHoWMKDyg0_GpdoG1h-w,Something Sinister,crime_scams_mystery,1,1,1101287,1101287,https://www.youtube.com/channel/UCQBJHoWMKDyg0_GpdoG1h-w/videos,245K subscribers,245000,"19,089,697 views",19089697,"Joined Jan 21, 2017",2017-01-21,175 videos,175,United States,http://www.youtube.com/@something_sinister,ok
UCl3G-bxtbMLaKfaRq7ljHSA,Marina McBain,culture_entertainment,1,1,1078834,1078834,https://www.youtube.com/channel/UCl3G-bxtbMLaKfaRq7ljHSA/videos,240K subscribers,240000,"28,897,355 views",28897355,"Joined Jul 2, 2015",2015-07-02,101 videos,101,United Kingdom,http://www.youtube.com/@marinamcbain,ok
UC0g0WbvanQND4dC1JDaW1_w,Wild Horizons,nature_animals,1,1,1058334,1058334,https://www.youtube.com/channel/UC0g0WbvanQND4dC1JDaW1_w/videos,64.8K subscribers,64800,"18,714,131 views",18714131,"Joined Jul 10, 2009",2009-07-10,81 videos,81,United States,http://www.youtube.com/@WildHorizons6688,ok
UCm9f3QOllxPvLXtN5qCK3Hg,Beyond Economy,work_career_education,1,1,1040064,1040064,https://www.youtube.com/channel/UCm9f3QOllxPvLXtN5qCK3Hg/videos,12.5K subscribers,12500,"1,826,914 views",1826914,"Joined Aug 27, 2020",2020-08-27,40 videos,40,United States,http://www.youtube.com/@beyondeconomy98,ok
UCT6Y5JJPKe_JDMivpKgVXew,Fall of Civilizations,history_civilization,1,1,1055690,1055690,https://www.youtube.com/channel/UCT6Y5JJPKe_JDMivpKgVXew/videos,1.5M subscribers,1500000,"219,632,959 views",219632959,"Joined Jan 20, 2019",2019-01-20,46 videos,46,United Kingdom,http://www.youtube.com/@FallofCivilizations,ok
UC0ra0vN_iF5AwwU7G8q79rw,Majestic Studios,history_civilization,1,1,1009344,1009344,https://www.youtube.com/channel/UC0ra0vN_iF5AwwU7G8q79rw/videos,230K subscribers,230000,"82,993,723 views",82993723,"Joined Mar 19, 2025",2025-03-19,90 videos,90,,http://www.youtube.com/@MajesticAIStudio,ok
UCCkLTaPLElW6ps3sfx8TUNA,Shanspeare,culture_entertainment,1,1,1008391,1008391,https://www.youtube.com/channel/UCCkLTaPLElW6ps3sfx8TUNA/videos,830K subscribers,830000,"41,938,857 views",41938857,"Joined Jun 14, 2020",2020-06-14,88 videos,88,United States,http://www.youtube.com/@Shanspeare,ok
UCdxuNy-HHb-F3PNG4SRqiOw,JRE Collection,nature_animals,1,1,1105938,1105938,https://www.youtube.com/channel/UCdxuNy-HHb-F3PNG4SRqiOw/videos,79.1K subscribers,79100,"34,566,968 views",34566968,"Joined Sep 5, 2011",2011-09-05,325 videos,325,United States,http://www.youtube.com/@JRECollection1,ok
UCJqo83iPTdpMNOT-3O-RnKA,Blueprint,science_engineering|technology_ai,4,4,1007806,860711,https://www.youtube.com/channel/UCJqo83iPTdpMNOT-3O-RnKA/videos,301K subscribers,301000,"44,798,603 views",44798603,"Joined Sep 5, 2024",2024-09-05,326 videos,326,United Kingdom,http://www.youtube.com/@BlueprintITVS,ok
UCSHZKyawb77ixDdsGog4iWA,Lex Fridman,history_civilization,1,1,1006618,1006618,https://www.youtube.com/channel/UCSHZKyawb77ixDdsGog4iWA/videos,5.04M subscribers,5040000,"920,130,300 views",920130300,"Joined Sep 19, 2006",2006-09-19,866 videos,866,United States,http://www.youtube.com/@lexfridman,ok
UCwbI9_kO6r8zTA5O_nksLaQ,Mighty Monk,crime_scams_mystery|history_civilization|nature_animals,4,4,984740,561382,https://www.youtube.com/channel/UCwbI9_kO6r8zTA5O_nksLaQ/videos,1.55M subscribers,1550000,"392,472,404 views",392472404,"Joined Dec 27, 2022",2022-12-27,300 videos,300,India,http://www.youtube.com/@mightymonkofficial,ok
UCB_qr75-ydFVKSF9Dmo6izg,FORMULA 1,geography_logistics,1,1,993713,993713,https://www.youtube.com/channel/UCB_qr75-ydFVKSF9Dmo6izg/videos,15M subscribers,15000000,"10,166,125,990 views",10166125990,"Joined Dec 28, 2005",2005-12-28,"10,497 videos",10497,,http://www.youtube.com/@Formula1,ok
UCDBRkd8deH-Vk1nWQKWJ72w,Captain Discovery,practical_lifestyle,1,1,975575,975575,https://www.youtube.com/channel/UCDBRkd8deH-Vk1nWQKWJ72w/videos,225K subscribers,225000,"44,556,492 views",44556492,"Joined Jan 2, 2024",2024-01-02,377 videos,377,United States,http://www.youtube.com/@CaptainDiscover,ok
UCX2zCrhyNcgpWP5r6mdcuSg,SoulArc Studios,psychology_society,1,1,971282,971282,https://www.youtube.com/channel/UCX2zCrhyNcgpWP5r6mdcuSg/videos,46.1K subscribers,46100,"2,967,649 views",2967649,"Joined Jun 27, 2025",2025-06-27,11 videos,11,India,http://www.youtube.com/@SoulArcStudios,ok
UCbyE5OvaP4GJhKvPCXxjWvw,Fire of Learning,science_engineering,1,1,973011,973011,https://www.youtube.com/channel/UCbyE5OvaP4GJhKvPCXxjWvw/videos,900K subscribers,900000,"98,344,310 views",98344310,"Joined Nov 16, 2011",2011-11-16,136 videos,136,United States,http://www.youtube.com/@Fireoflearning,ok
UCKhpM-cu2Cod-GyG6KngNYg,Logical Money,practical_lifestyle,1,1,944206,944206,https://www.youtube.com/channel/UCKhpM-cu2Cod-GyG6KngNYg/videos,17K subscribers,17000,"1,096,323 views",1096323,"Joined Jun 27, 2026",2026-06-27,11 videos,11,United Arab Emirates,http://www.youtube.com/@LogicalMoney72,ok
UCnpOlzpWAjg03o8sOd6K1xw,Coffee and Cults,culture_entertainment,1,1,953516,953516,https://www.youtube.com/channel/UCnpOlzpWAjg03o8sOd6K1xw/videos,405K subscribers,405000,"46,704,466 views",46704466,"Joined Jan 30, 2021",2021-01-30,106 videos,106,United Kingdom,http://www.youtube.com/@coffeeandcults,ok
UCSSPJOns5eCPlxB42Wje4ig,Theyogi,nature_animals,1,1,938678,938678,https://www.youtube.com/channel/UCSSPJOns5eCPlxB42Wje4ig/videos,337K subscribers,337000,"41,718,159 views",41718159,"Joined Aug 28, 2021",2021-08-28,179 videos,179,India,http://www.youtube.com/@Theyogii,ok
UCnBbQHNiSYbLqH8nybUSH8Q,Abyssal Detective,geography_logistics,1,1,942139,942139,https://www.youtube.com/channel/UCnBbQHNiSYbLqH8nybUSH8Q/videos,485K subscribers,485000,"78,596,312 views",78596312,"Joined Dec 18, 2008",2008-12-18,129 videos,129,United States,http://www.youtube.com/@AbyssalDetective,ok
UCHmq99a0Q5La7UmP0kYbUeQ,zoeunlimited,culture_entertainment,1,1,926489,926489,https://www.youtube.com/channel/UCHmq99a0Q5La7UmP0kYbUeQ/videos,3.41M subscribers,3410000,"541,213,138 views",541213138,"Joined Apr 16, 2019",2019-04-16,"1,034 videos",1034,United States,http://www.youtube.com/@zoeunlimited,ok
UCKQ5Jj35sjTmJigRtlCPhVQ,ComicVerse,consumer_systems,1,1,918164,918164,https://www.youtube.com/channel/UCKQ5Jj35sjTmJigRtlCPhVQ/videos,1.66M subscribers,1660000,"590,492,062 views",590492062,"Joined Apr 26, 2017",2017-04-26,"1,473 videos",1473,India,http://www.youtube.com/@comicverseog,ok
UCV6KDgJskWaEckne5aPA0aQ,Graham Stephan,work_career_education,1,1,899128,899128,https://www.youtube.com/channel/UCV6KDgJskWaEckne5aPA0aQ/videos,5.18M subscribers,5180000,"1,416,865,136 views",1416865136,"Joined Dec 24, 2016",2016-12-24,"1,663 videos",1663,United States,http://www.youtube.com/@GrahamStephan,ok
UC8Phwm8-hbzECKGWuwSBG_w,The Unknown Explained,history_civilization,1,1,898451,898451,https://www.youtube.com/channel/UC8Phwm8-hbzECKGWuwSBG_w/videos,22K subscribers,22000,"3,591,215 views",3591215,"Joined May 8, 2018",2018-05-08,101 videos,101,United States,http://www.youtube.com/@unknownexplainedYT,ok
UCA295QVkf9O1RQ8_-s3FVXg,Aevy TV,geography_logistics|technology_ai,2,2,892091,663912,https://www.youtube.com/channel/UCA295QVkf9O1RQ8_-s3FVXg/videos,1.6M subscribers,1600000,"439,915,388 views",439915388,"Joined Jun 4, 2022",2022-06-04,868 videos,868,India,http://www.youtube.com/@aevytv,ok
UC23fO7Q-MaS0kXejbXHU3ew,Ankul Rajpurohit,business_economics,1,1,889414,889414,https://www.youtube.com/channel/UC23fO7Q-MaS0kXejbXHU3ew/videos,198K subscribers,198000,"180,659,695 views",180659695,"Joined Feb 28, 2023",2023-02-28,192 videos,192,India,http://www.youtube.com/@AnkulRajpurohit,ok
UCMWimE1l_u-A9S4eXfYG5dA,Mandarin Tech,geography_logistics,1,1,884580,884580,https://www.youtube.com/channel/UCMWimE1l_u-A9S4eXfYG5dA/videos,70.3K subscribers,70300,"26,690,850 views",26690850,"Joined Sep 18, 2025",2025-09-18,279 videos,279,United States,http://www.youtube.com/@Mandarintechmido,ok
UC7OxCeIvb7GihTlyUjYMmig,Hosh TV,nature_animals,1,1,883822,883822,https://www.youtube.com/channel/UC7OxCeIvb7GihTlyUjYMmig/videos,169K subscribers,169000,"53,596,631 views",53596631,"Joined Jun 16, 2023",2023-06-16,51 videos,51,Pakistan,http://www.youtube.com/@HoshTV,ok
UCW39zufHfsuGgpLviKh297Q,DW Documentary,business_economics|crime_scams_mystery|practical_lifestyle|science_engineering|technology_ai,11,11,879704,289186,https://www.youtube.com/channel/UCW39zufHfsuGgpLviKh297Q/videos,6.48M subscribers,6480000,"936,957,957 views",936957957,"Joined Nov 22, 2016",2016-11-22,"1,633 videos",1633,Germany,http://www.youtube.com/@DWDocumentary,ok
UCBwmMxybNva6P_5VmxjzwqA,Apna College,technology_ai,1,1,877493,877493,https://www.youtube.com/channel/UCBwmMxybNva6P_5VmxjzwqA/videos,7.85M subscribers,7850000,"1,320,790,689 views",1320790689,"Joined Aug 5, 2020",2020-08-05,"1,053 videos",1053,,http://www.youtube.com/@ApnaCollegeOfficial,ok
UCxAt0KkZZUxgG3yxl-WDM2A,Secret Origins,history_civilization|nature_animals,2,2,885330,491984,https://www.youtube.com/channel/UCxAt0KkZZUxgG3yxl-WDM2A/videos,630K subscribers,630000,"80,288,132 views",80288132,"Joined Oct 6, 2022",2022-10-06,379 videos,379,United States,http://www.youtube.com/@secretoriginsofficial,ok
UCN9v4QG3AQEP3zuRvVs2dAg,History Time,history_civilization,2,2,871476,723950,https://www.youtube.com/channel/UCN9v4QG3AQEP3zuRvVs2dAg/videos,1.33M subscribers,1330000,"208,329,292 views",208329292,"Joined Feb 20, 2017",2017-02-20,167 videos,167,United Kingdom,http://www.youtube.com/@HistoryTime,ok
UCmWP4f7x5sO4EaJvmCAi0vw,DocuReal,science_engineering,2,2,862851,737714,https://www.youtube.com/channel/UCmWP4f7x5sO4EaJvmCAi0vw/videos,195K subscribers,195000,"25,284,477 views",25284477,"Joined Nov 5, 2021",2021-11-05,594 videos,594,United Kingdom,http://www.youtube.com/@docurealtv,ok
UCh_975Ocjp37KbNTFKlUjzQ,Top Unreal Travel,nature_animals,1,1,859437,859437,https://www.youtube.com/channel/UCh_975Ocjp37KbNTFKlUjzQ/videos,69.2K subscribers,69200,"21,004,578 views",21004578,"Joined Oct 10, 2024",2024-10-10,165 videos,165,United States,http://www.youtube.com/@TopUnrealHDR,ok
UCUyDOdBWhC1MCxEjC46d-zw,Alex Hormozi,psychology_society,1,1,845873,845873,https://www.youtube.com/channel/UCUyDOdBWhC1MCxEjC46d-zw/videos,4.44M subscribers,4440000,"1,086,721,619 views",1086721619,"Joined Jan 3, 2009",2009-01-03,"5,523 videos",5523,United States,http://www.youtube.com/@AlexHormozi,ok
UCpxYSWgxVt3Pyn1ovXsGQ0g,PBS Terra,nature_animals,1,1,870209,870209,https://www.youtube.com/channel/UCpxYSWgxVt3Pyn1ovXsGQ0g/videos,1.03M subscribers,1030000,"232,207,009 views",232207009,"Joined Dec 27, 2019",2019-12-27,527 videos,527,United States,http://www.youtube.com/@pbsterra,ok
UC-9b7aDP6ZN0coj9-xFnrtw,Astrum,science_engineering,1,1,839482,839482,https://www.youtube.com/channel/UC-9b7aDP6ZN0coj9-xFnrtw/videos,2.86M subscribers,2860000,"599,551,540 views",599551540,"Joined Oct 9, 2013",2013-10-09,484 videos,484,United Kingdom,http://www.youtube.com/@astrumspace,ok
UCE4CKcvDulwHRipI4MJTKBQ,Tinysey,culture_entertainment,1,1,826861,826861,https://www.youtube.com/channel/UCE4CKcvDulwHRipI4MJTKBQ/videos,83.5K subscribers,83500,"9,686,043 views",9686043,"Joined May 21, 2012",2012-05-21,89 videos,89,United States,http://www.youtube.com/@Tinysey,ok
UCjHz5SVHeMT0AViCYZvsGDA,NOVA PBS Official,history_civilization,1,1,836510,836510,https://www.youtube.com/channel/UCjHz5SVHeMT0AViCYZvsGDA/videos,1.5M subscribers,1500000,"268,832,139 views",268832139,"Joined May 17, 2006",2006-05-17,"1,545 videos",1545,United States,http://www.youtube.com/@novapbs,ok
UCvEx40iw2E6bbUE_gLFTHiA,Silicon Money,technology_ai,1,1,817393,817393,https://www.youtube.com/channel/UCvEx40iw2E6bbUE_gLFTHiA/videos,10.1K subscribers,10100,"2,090,996 views",2090996,"Joined Jul 12, 2023",2023-07-12,14 videos,14,United States,http://www.youtube.com/@siliconmoney,ok
UCxqAWLTk1CmBvZFPzeZMd9A,Domain of Science,nature_animals,1,1,823517,823517,https://www.youtube.com/channel/UCxqAWLTk1CmBvZFPzeZMd9A/videos,1.66M subscribers,1660000,"72,556,083 views",72556083,"Joined Apr 8, 2010",2010-04-08,75 videos,75,United Kingdom,http://www.youtube.com/@ScienceMaps,ok
UC-mfn4ibOC5ewLcpmgl0C4g,Michael Girdley,business_economics,6,6,815683,288645,https://www.youtube.com/channel/UC-mfn4ibOC5ewLcpmgl0C4g/videos,343K subscribers,343000,"60,921,396 views",60921396,"Joined Nov 22, 2022",2022-11-22,523 videos,523,United States,http://www.youtube.com/@Michael-Girdley,ok
UClHVl2N3jPEbkNJVx-ItQIQ,HealthyGamerGG,work_career_education,1,1,816862,816862,https://www.youtube.com/channel/UClHVl2N3jPEbkNJVx-ItQIQ/videos,3.44M subscribers,3440000,"891,377,622 views",891377622,"Joined Jan 17, 2019",2019-01-17,"3,021 videos",3021,United States,http://www.youtube.com/@HealthyGamerGG,ok
UCVZapV0958xAUsCctF_ED4w,Shan Prasher,culture_entertainment,1,1,815426,815426,https://www.youtube.com/channel/UCVZapV0958xAUsCctF_ED4w/videos,564K subscribers,564000,"247,798,730 views",247798730,"Joined Dec 19, 2019",2019-12-19,599 videos,599,Canada,http://www.youtube.com/@ShanPrasher,ok
UCxbnsftoQou1IfWZlEb_1iA,SPACE BEFOREAFTER,science_engineering,1,1,809534,809534,https://www.youtube.com/channel/UCxbnsftoQou1IfWZlEb_1iA/videos,18.1K subscribers,18100,"3,109,265 views",3109265,"Joined Dec 27, 2025",2025-12-27,196 videos,196,United States,http://www.youtube.com/@space-before-after,ok
UCQuAIpRBByh0t5oaWJoWGrg,Internet Audit,culture_entertainment,1,1,808181,808181,https://www.youtube.com/channel/UCQuAIpRBByh0t5oaWJoWGrg/videos,22.2K subscribers,22200,"3,598,585 views",3598585,"Joined Mar 27, 2010",2010-03-27,37 videos,37,,http://www.youtube.com/@InternetAudit,ok
UCg5WjzrwxRRUUDf7WHKPzsA,Kallaway,psychology_society,1,1,801121,801121,https://www.youtube.com/channel/UCg5WjzrwxRRUUDf7WHKPzsA/videos,443K subscribers,443000,"14,475,338 views",14475338,"Joined Oct 3, 2024",2024-10-03,92 videos,92,United States,http://www.youtube.com/@kallawaymarketing,ok
UCxcrzzhQDj5zKJbXfIscCtg,ABC News In-depth,consumer_systems|culture_entertainment|technology_ai,4,4,807300,538225,https://www.youtube.com/channel/UCxcrzzhQDj5zKJbXfIscCtg/videos,2.43M subscribers,2430000,"1,082,649,659 views",1082649659,"Joined Aug 18, 2019",2019-08-18,"7,940 videos",7940,Australia,http://www.youtube.com/@ABCNewsIndepth,ok
UCXONTfGmLC7ltFgLAlHs24g,Ty Notts,crime_scams_mystery,2,2,786690,568171,https://www.youtube.com/channel/UCXONTfGmLC7ltFgLAlHs24g/videos,230K subscribers,230000,"23,137,857 views",23137857,"Joined May 13, 2016",2016-05-13,405 videos,405,United States,http://www.youtube.com/@TyNotts,ok
UCDOU0EAiCU_u5SH0cnm3eMQ,Nomadic Lifeaholic,nature_animals,1,1,778583,778583,https://www.youtube.com/channel/UCDOU0EAiCU_u5SH0cnm3eMQ/videos,66.1K subscribers,66100,"22,866,695 views",22866695,"Joined Mar 1, 2024",2024-03-01,152 videos,152,United States,http://www.youtube.com/@NomadicLifeaholic,ok
UCRVXfhLRsLWi3_IKnMDiI1Q,poi,science_engineering,1,1,763870,763870,https://www.youtube.com/channel/UCRVXfhLRsLWi3_IKnMDiI1Q/videos,407K subscribers,407000,"46,921,344 views",46921344,"Joined Jan 2, 2023",2023-01-02,212 videos,212,United States,http://www.youtube.com/@WEIRDpoi,ok
UCJudcZ0LPiqLHVTj3s2H9Mw,AIVS,technology_ai,1,1,751179,751179,https://www.youtube.com/channel/UCJudcZ0LPiqLHVTj3s2H9Mw/videos,110K subscribers,110000,"4,407,077 views",4407077,"Joined Sep 18, 2024",2024-09-18,11 videos,11,United States,http://www.youtube.com/@A.I.VideoStudio,ok
UCEeey_4nQMkhTTd0J2HZxoA,Zaki Saudagar,culture_entertainment,1,1,749502,749502,https://www.youtube.com/channel/UCEeey_4nQMkhTTd0J2HZxoA/videos,850K subscribers,850000,"131,994,452 views",131994452,"Joined Jun 20, 2016",2016-06-20,786 videos,786,India,http://www.youtube.com/@zakisaudagar,ok
UCaXkIU1QidjPwiAYu6GcHjg,MS NOW,technology_ai,1,1,750611,750611,https://www.youtube.com/channel/UCaXkIU1QidjPwiAYu6GcHjg/videos,9.96M subscribers,9960000,"20,912,650,272 views",20912650272,"Joined Dec 1, 2011",2011-12-01,"119,223 videos",119223,United States,http://www.youtube.com/@msnow,ok
UCweDKPSF65wRw5VHFUJYiow,Curious Archive,nature_animals,1,1,743935,743935,https://www.youtube.com/channel/UCweDKPSF65wRw5VHFUJYiow/videos,1.47M subscribers,1470000,"183,438,260 views",183438260,"Joined Jun 13, 2021",2021-06-13,133 videos,133,United States,http://www.youtube.com/@CuriousArchive,ok
UCTWbP-2W-_6mzWLg2oZmT7Q,RetroGamingNow,crime_scams_mystery,1,1,742085,742085,https://www.youtube.com/channel/UCTWbP-2W-_6mzWLg2oZmT7Q/videos,713K subscribers,713000,"157,812,411 views",157812411,"Joined Sep 19, 2012",2012-09-19,667 videos,667,,http://www.youtube.com/@RetroGamingNow,ok
UCQoPrZpOtAqLL1tFEey-Xzw,WILD Xfact,nature_animals,2,2,727687,582939,https://www.youtube.com/channel/UCQoPrZpOtAqLL1tFEey-Xzw/videos,81.4K subscribers,81400,"33,107,212 views",33107212,"Joined Apr 15, 2023",2023-04-15,68 videos,68,India,http://www.youtube.com/@WILDXfact,ok
UC1s9576cQFdQq3QTtTxocmA,Real Crime,crime_scams_mystery,1,1,726797,726797,https://www.youtube.com/channel/UC1s9576cQFdQq3QTtTxocmA/videos,2.17M subscribers,2170000,"528,943,977 views",528943977,"Joined May 10, 2019",2019-05-10,"1,304 videos",1304,United Kingdom,http://www.youtube.com/@RealCrime,ok
UChhyfYkhuVrzmvDr-WqpDSw,Not Even Emily,psychology_society,1,1,719184,719184,https://www.youtube.com/channel/UChhyfYkhuVrzmvDr-WqpDSw/videos,1.49M subscribers,1490000,"122,020,632 views",122020632,"Joined Dec 19, 2015",2015-12-19,283 videos,283,,http://www.youtube.com/@notevenemily,ok
UCptVB4TPKWoka-ZFsAdh95w,Alex Newman,business_economics,1,1,716706,716706,https://www.youtube.com/channel/UCptVB4TPKWoka-ZFsAdh95w/videos,10.4K subscribers,10400,"1,305,770 views",1305770,"Joined Jun 15, 2022",2022-06-15,198 videos,198,United States,http://www.youtube.com/@imalexnewman,ok
UCcA2aJFGGbSHVuqVp23rJlw,Money Chuck,business_economics|crime_scams_mystery,2,2,700146,458746,https://www.youtube.com/channel/UCcA2aJFGGbSHVuqVp23rJlw/videos,18.1K subscribers,18100,"3,595,182 views",3595182,"Joined Sep 22, 2025",2025-09-22,34 videos,34,,http://www.youtube.com/@MoneyChuck,ok
UCqW-Q4PRQE5_n2vbAaC1rUg,messyintheusa,consumer_systems,1,1,691508,691508,https://www.youtube.com/channel/UCqW-Q4PRQE5_n2vbAaC1rUg/videos,14.4K subscribers,14400,"3,380,900 views",3380900,"Joined Aug 22, 2025",2025-08-22,82 videos,82,United States,http://www.youtube.com/@messyintheusa,ok
UCnYMOamNKLGVlJgRUbamveA,Tom Bilyeu,work_career_education,1,1,698402,698402,https://www.youtube.com/channel/UCnYMOamNKLGVlJgRUbamveA/videos,4.64M subscribers,4640000,"548,392,409 views",548392409,"Joined Nov 10, 2016",2016-11-10,"1,908 videos",1908,United States,http://www.youtube.com/@TomBilyeu,ok
UCZwU2G-KVl-P-O-B35chZOQ,History Hit,history_civilization,1,1,697283,697283,https://www.youtube.com/channel/UCZwU2G-KVl-P-O-B35chZOQ/videos,1.99M subscribers,1990000,"353,129,450 views",353129450,"Joined Jul 4, 2008",2008-07-04,821 videos,821,United Kingdom,http://www.youtube.com/@HistoryHit,ok
UCHb55meDzFOdxr6UG_ho4iw,ShriGuruCool,crime_scams_mystery,1,1,691354,691354,https://www.youtube.com/channel/UCHb55meDzFOdxr6UG_ho4iw/videos,241K subscribers,241000,"31,696,894 views",31696894,"Joined Jul 1, 2025",2025-07-01,95 videos,95,,http://www.youtube.com/@ShriGuruCool,ok
UCTvMSxiFOY3vKLmnoYogDEQ,eggsoup,culture_entertainment,1,1,679774,679774,https://www.youtube.com/channel/UCTvMSxiFOY3vKLmnoYogDEQ/videos,302K subscribers,302000,"87,383,581 views",87383581,"Joined Feb 11, 2014",2014-02-11,628 videos,628,United States,http://www.youtube.com/@eggsoup,ok
UCkOhyFunM8NpDkNlghy3Y9g,RealTalk Clips,crime_scams_mystery,1,1,678545,678545,https://www.youtube.com/channel/UCkOhyFunM8NpDkNlghy3Y9g/videos,1.98M subscribers,1980000,"450,858,317 views",450858317,"Joined Jul 2, 2022",2022-07-02,"2,067 videos",2067,,http://www.youtube.com/@realtalkclipp,ok
UCNye-wNBqNL5ZzHSJj3l8Bg,Al Jazeera English,business_economics|science_engineering|work_career_education,3,3,678439,576362,https://www.youtube.com/channel/UCNye-wNBqNL5ZzHSJj3l8Bg/videos,18.2M subscribers,18200000,"7,659,333,848 views",7659333848,"Joined Nov 23, 2006",2006-11-23,"145,725 videos",145725,Qatar,http://www.youtube.com/@aljazeeraenglish,ok
UCNGIytL4kzna9zJzAHaoZ2g,Internet Oddities,culture_entertainment,1,1,677115,677115,https://www.youtube.com/channel/UCNGIytL4kzna9zJzAHaoZ2g/videos,181K subscribers,181000,"27,912,573 views",27912573,"Joined Jun 8, 2022",2022-06-08,46 videos,46,,http://www.youtube.com/@internetoddities,ok
UCRxL0nf9H3ZL-CeI8wGmPHQ,Discover Wildlife,nature_animals,6,6,668762,478254,https://www.youtube.com/channel/UCRxL0nf9H3ZL-CeI8wGmPHQ/videos,97.9K subscribers,97900,"23,967,295 views",23967295,"Joined Nov 9, 2013",2013-11-09,135 videos,135,United States,http://www.youtube.com/@DiscoverWildlifeEN,ok
UCshPyRiu9XTQb2gEagNt-3A,Raj Shamani Clips,culture_entertainment|work_career_education,2,1,663579,340673,https://www.youtube.com/channel/UCshPyRiu9XTQb2gEagNt-3A/videos,1.64M subscribers,1640000,"257,414,322 views",257414322,"Joined Mar 30, 2021",2021-03-30,"3,516 videos",3516,India,http://www.youtube.com/@rajshamaniclips,ok
UCa7xWePhgtgYNgyXSK63I4Q,Steve Ronin,geography_logistics,1,1,663264,663264,https://www.youtube.com/channel/UCa7xWePhgtgYNgyXSK63I4Q/videos,1.05M subscribers,1050000,"115,782,049 views",115782049,"Joined Jan 16, 2012",2012-01-16,471 videos,471,United States,http://www.youtube.com/@SteveRonin,ok
UCufvVan2COV7M3FX5dPdlHA,Old Money Dynasty,culture_entertainment,1,1,658277,658277,https://www.youtube.com/channel/UCufvVan2COV7M3FX5dPdlHA/videos,96.1K subscribers,96100,"11,799,764 views",11799764,"Joined Aug 29, 2025",2025-08-29,93 videos,93,Norway,http://www.youtube.com/@OldMoneyDynasty,ok
UCyAMoOTlfSGPxrtvh6M6wig,Shyam Meera Singh ,crime_scams_mystery,1,1,662308,662308,https://www.youtube.com/channel/UCyAMoOTlfSGPxrtvh6M6wig/videos,1.83M subscribers,1830000,"236,534,673 views",236534673,"Joined May 18, 2022",2022-05-18,201 videos,201,India,http://www.youtube.com/@ShyamMeeraSingh1,ok
UCU7P02iSvhmLQwTK4pOV09g,SunKran Travel,geography_logistics|history_civilization|nature_animals,3,3,654922,75412,https://www.youtube.com/channel/UCU7P02iSvhmLQwTK4pOV09g/videos,27.1K subscribers,27100,"11,214,661 views",11214661,"Joined Jul 13, 2024",2024-07-13,117 videos,117,United States,http://www.youtube.com/@SunKranTravel,ok
UCJ5kKhnQUbZmABUeJJvj9aw,FORGOTTEN HISTORY,history_civilization,18,18,653781,115054,https://www.youtube.com/channel/UCJ5kKhnQUbZmABUeJJvj9aw/videos,1.1M subscribers,1100000,"142,876,894 views",142876894,"Joined Oct 8, 2021",2021-10-08,"1,822 videos",1822,United States,http://www.youtube.com/@FORGOTTENHISTORYCHANNEL,ok
UCTRgu3iuyGXbhz5kYNjpObw,Get.history,history_civilization,2,2,652141,400934,https://www.youtube.com/channel/UCTRgu3iuyGXbhz5kYNjpObw/videos,167K subscribers,167000,"34,113,722 views",34113722,"Joined Mar 5, 2025",2025-03-05,315 videos,315,Germany,http://www.youtube.com/@Get.history,ok
UCFSrAqP3S72YvPru-Ts9lcg,I Shouldn't Be Alive,nature_animals,2,2,628404,372491,https://www.youtube.com/channel/UCFSrAqP3S72YvPru-Ts9lcg/videos,188K subscribers,188000,"42,614,577 views",42614577,"Joined Aug 25, 2023",2023-08-25,"1,172 videos",1172,United States,http://www.youtube.com/@IShouldntBeAliveChannel,ok
UCfYW5GXBXueSO5p9bxD45qg,BBC Global,psychology_society|work_career_education,3,3,634806,440262,https://www.youtube.com/channel/UCfYW5GXBXueSO5p9bxD45qg/videos,790K subscribers,790000,"201,660,676 views",201660676,"Joined Aug 4, 2017",2017-08-04,810 videos,810,United Kingdom,http://www.youtube.com/@BBC_Global,ok
UCmAwGVLrHRw4FUmnJmsrGNg,TinyTickles™ Fun Facts,science_engineering,1,1,622927,622927,https://www.youtube.com/channel/UCmAwGVLrHRw4FUmnJmsrGNg/videos,2.33K subscribers,2330,"1,150,650 views",1150650,"Joined Feb 20, 2025",2025-02-20,89 videos,89,Singapore,http://www.youtube.com/@TinyTicklesFunFacts,ok
UCokeVZg4VaSLVBDiziJsMDA,Behind Asia,geography_logistics,2,2,623326,447738,https://www.youtube.com/channel/UCokeVZg4VaSLVBDiziJsMDA/videos,458K subscribers,458000,"85,837,022 views",85837022,"Joined Apr 13, 2020",2020-04-13,939 videos,939,Australia,http://www.youtube.com/@BehindAsia,ok
UCmnxIjObfh9mRqHOstKOQWA,WILDLIFE PLANET HINDI,nature_animals,1,1,619858,619858,https://www.youtube.com/channel/UCmnxIjObfh9mRqHOstKOQWA/videos,122K subscribers,122000,"16,679,800 views",16679800,"Joined Mar 1, 2022",2022-03-01,345 videos,345,India,http://www.youtube.com/@WildlifePlanetHindi,ok
UC6JEz6BKg7hX7idKecN7QYA,Jist,business_economics|crime_scams_mystery|geography_logistics|work_career_education,4,4,619815,120347,https://www.youtube.com/channel/UC6JEz6BKg7hX7idKecN7QYA/videos,2.8M subscribers,2800000,"434,604,383 views",434604383,"Joined Feb 9, 2016",2016-02-09,"3,282 videos",3282,India,http://www.youtube.com/@jistnews,ok
UCdHqdfzdvT7tbAfeQM1gLnQ,Grant Rudow,crime_scams_mystery|culture_entertainment,2,2,617148,543040,https://www.youtube.com/channel/UCdHqdfzdvT7tbAfeQM1gLnQ/videos,150K subscribers,150000,"24,477,388 views",24477388,"Joined Jul 1, 2023",2023-07-01,35 videos,35,United States,http://www.youtube.com/@GrantRudow,ok
UC5HC4XFxoBK20yNiuzstcBA,PBS America,history_civilization|practical_lifestyle,2,2,619282,336704,https://www.youtube.com/channel/UC5HC4XFxoBK20yNiuzstcBA/videos,374K subscribers,374000,"54,777,022 views",54777022,"Joined Oct 24, 2011",2011-10-24,403 videos,403,United Kingdom,http://www.youtube.com/@PBSAmerica,ok
UCOMQHhKOG9fk4jGYw_uhVhA,Biturbo Media,practical_lifestyle,1,1,618763,618763,https://www.youtube.com/channel/UCOMQHhKOG9fk4jGYw_uhVhA/videos,721K subscribers,721000,"175,811,873 views",175811873,"Joined May 3, 2019",2019-05-03,282 videos,282,,http://www.youtube.com/@Biturbomedia,ok
UC7lArlQ18UhSjXwO--aykhQ,Unraveling the Scriptures,history_civilization,1,1,614533,614533,https://www.youtube.com/channel/UC7lArlQ18UhSjXwO--aykhQ/videos,625K subscribers,625000,"70,240,825 views",70240825,"Joined Mar 15, 2023",2023-03-15,550 videos,550,Brazil,http://www.youtube.com/@UnravelingtheScriptures,ok
UCDmNmxF3ZVMeGyvWE9tOqPQ,ABC13 Houston,crime_scams_mystery,1,1,613966,613966,https://www.youtube.com/channel/UCDmNmxF3ZVMeGyvWE9tOqPQ/videos,1.52M subscribers,1520000,"1,238,765,950 views",1238765950,"Joined Jan 6, 2011",2011-01-06,"21,393 videos",21393,United States,http://www.youtube.com/@ABC13Houston,ok
UC5WE_bClugxSVG1ENir8qzg,hazards and catastrophes,science_engineering,1,1,614302,614302,https://www.youtube.com/channel/UC5WE_bClugxSVG1ENir8qzg/videos,479K subscribers,479000,"67,471,321 views",67471321,"Joined Apr 19, 2017",2017-04-19,310 videos,310,,http://www.youtube.com/@hazardsandcatastrophes,ok
UCUUlw3anBIkbW9W44Y-eURw,Zero1 by Zerodha,practical_lifestyle,1,1,610125,610125,https://www.youtube.com/channel/UCUUlw3anBIkbW9W44Y-eURw/videos,832K subscribers,832000,"106,867,708 views",106867708,"Joined Sep 25, 2023",2023-09-25,545 videos,545,United States,http://www.youtube.com/@Zero1byZerodha,ok
UCVicnjBHl0RpAbzQisxfkWQ,Nollid,culture_entertainment,2,2,596838,316301,https://www.youtube.com/channel/UCVicnjBHl0RpAbzQisxfkWQ/videos,50K subscribers,50000,"9,859,888 views",9859888,"Joined May 8, 2022",2022-05-08,392 videos,392,,http://www.youtube.com/@iamnollid,ok
UCEkq_VdPv0JJNQzZzb1bQ2Q,Imtinan Ahmad,nature_animals,1,1,603581,603581,https://www.youtube.com/channel/UCEkq_VdPv0JJNQzZzb1bQ2Q/videos,882K subscribers,882000,"248,581,032 views",248581032,"Joined Feb 2, 2024",2024-02-02,579 videos,579,Pakistan,http://www.youtube.com/@AskImtinan1,ok
UChS4VG1jXDcxDnUvwcMcxtg,Neu,geography_logistics,1,1,592321,592321,https://www.youtube.com/channel/UChS4VG1jXDcxDnUvwcMcxtg/videos,36K subscribers,36000,"4,533,237 views",4533237,"Joined Apr 19, 2025",2025-04-19,38 videos,38,United States,http://www.youtube.com/@neu-youtube,ok
UCE7qCIhvBXz5W1W_F0WcPgQ,EXPLORE HORIZONS,nature_animals,1,1,589125,589125,https://www.youtube.com/channel/UCE7qCIhvBXz5W1W_F0WcPgQ/videos,23.7K subscribers,23700,"9,909,699 views",9909699,"Joined Dec 31, 2024",2024-12-31,126 videos,126,United States,http://www.youtube.com/@EXPLOREHORIZONS66,ok
UCR_AGAYL6I4wKa4Zih1496g,Flick Movies,nature_animals,1,1,588298,588298,https://www.youtube.com/channel/UCR_AGAYL6I4wKa4Zih1496g/videos,81K subscribers,81000,"23,632,625 views",23632625,"Joined Feb 27, 2019",2019-02-27,43 videos,43,India,http://www.youtube.com/@Flick_movies_explanation,ok
UCrFMOgQBOVnbNg3FLEUHUmg,CrimeChron,culture_entertainment,1,1,585979,585979,https://www.youtube.com/channel/UCrFMOgQBOVnbNg3FLEUHUmg/videos,43.8K subscribers,43800,"10,024,979 views",10024979,"Joined Nov 23, 2020",2020-11-23,215 videos,215,United Kingdom,http://www.youtube.com/@ChronMedia,ok
UCe1Mh6sCPbsIgsgso3QPOow,Actual Space,science_engineering,1,1,592965,592965,https://www.youtube.com/channel/UCe1Mh6sCPbsIgsgso3QPOow/videos,52.6K subscribers,52600,"7,895,545 views",7895545,"Joined Jan 10, 2023",2023-01-10,78 videos,78,India,http://www.youtube.com/@Actualspace78,ok
UCm8YgDXpUL-VR7kZhjHXRDQ,Pexto,culture_entertainment,1,1,569907,569907,https://www.youtube.com/channel/UCm8YgDXpUL-VR7kZhjHXRDQ/videos,588K subscribers,588000,"176,184,746 views",176184746,"Joined Sep 21, 2022",2022-09-21,128 videos,128,United States,http://www.youtube.com/@Pexto,ok
UCBAeFXaLV1ZqKqc-Uf3pKaA,WELT Documentary,technology_ai,1,1,572014,572014,https://www.youtube.com/channel/UCBAeFXaLV1ZqKqc-Uf3pKaA/videos,1.27M subscribers,1270000,"359,351,922 views",359351922,"Joined Oct 8, 2019",2019-10-08,464 videos,464,United States,http://www.youtube.com/@WELTDocumentary,ok
UCWJcs8BeWSiHXxjgLKyHwUQ,Scams & Frauds,consumer_systems,1,1,566830,566830,https://www.youtube.com/channel/UCWJcs8BeWSiHXxjgLKyHwUQ/videos,20.3K subscribers,20300,"3,567,660 views",3567660,"Joined Sep 11, 2024",2024-09-11,83 videos,83,United States,http://www.youtube.com/@scamsfrauds,ok
UCrNfRFWnLC3tCy1TnyhVQ7g,Casual Finance,crime_scams_mystery|technology_ai,2,2,565905,494197,https://www.youtube.com/channel/UCrNfRFWnLC3tCy1TnyhVQ7g/videos,336K subscribers,336000,"16,891,202 views",16891202,"Joined Jul 16, 2025",2025-07-16,172 videos,172,United States,http://www.youtube.com/@CasuallyFinance,ok
UCb72Gn5LXaLEcsOuPKGfQOg,DW Planet A,technology_ai,1,1,562525,562525,https://www.youtube.com/channel/UCb72Gn5LXaLEcsOuPKGfQOg/videos,797K subscribers,797000,"171,742,769 views",171742769,"Joined Jan 22, 2020",2020-01-22,668 videos,668,Germany,http://www.youtube.com/@DWPlanetA,ok
UCJSUWVPJJMk7Ky3FpLDtFyQ,Extreme Earth,science_engineering,1,1,560845,560845,https://www.youtube.com/channel/UCJSUWVPJJMk7Ky3FpLDtFyQ/videos,43.2K subscribers,43200,"10,690,150 views",10690150,"Joined Sep 5, 2024",2024-09-05,458 videos,458,United Kingdom,http://www.youtube.com/@ExtremeEarthITVS,ok
UCwOu8GE6bUcIDfEERFEg8gA,Ittehaaz,history_civilization,3,3,562673,208551,https://www.youtube.com/channel/UCwOu8GE6bUcIDfEERFEg8gA/videos,25.2K subscribers,25200,"3,028,756 views",3028756,"Joined Aug 15, 2025",2025-08-15,27 videos,27,Qatar,http://www.youtube.com/@Ittehaaz,ok
UCRln3Naeg3t99GwKhWVCtJQ,Old Money Documentaries,history_civilization,1,1,552307,552307,https://www.youtube.com/channel/UCRln3Naeg3t99GwKhWVCtJQ/videos,113K subscribers,113000,"19,275,806 views",19275806,"Joined Oct 6, 2023",2023-10-06,188 videos,188,United States,http://www.youtube.com/@OldMoneyDocumentaries,ok
UCHacVMLp7bHDC7e4eoPi9Dw,Psychology Simplified,psychology_society,1,1,550814,550814,https://www.youtube.com/channel/UCHacVMLp7bHDC7e4eoPi9Dw/videos,275K subscribers,275000,"22,133,050 views",22133050,"Joined Nov 16, 2025",2025-11-16,113 videos,113,United Kingdom,http://www.youtube.com/@PsychologyIsSimplified,ok
UC79m58ZoY79og37BhoP3C-g,Where on Earth,practical_lifestyle,1,1,550760,550760,https://www.youtube.com/channel/UC79m58ZoY79og37BhoP3C-g/videos,55.7K subscribers,55700,"7,568,121 views",7568121,"Joined Nov 25, 2006",2006-11-25,96 videos,96,United States,http://www.youtube.com/@WhereonEarth4K,ok
UCc9YPr8hcmweqrpQuFUZeiQ,Think Wings,culture_entertainment,1,1,539357,539357,https://www.youtube.com/channel/UCc9YPr8hcmweqrpQuFUZeiQ/videos,393K subscribers,393000,"131,880,212 views",131880212,"Joined Oct 9, 2009",2009-10-09,468 videos,468,India,http://www.youtube.com/@ThinkWings,ok
UCWkHlUiYLeRSIMP8yM7rxxg,PJ Explained,consumer_systems,1,1,528283,528283,https://www.youtube.com/channel/UCWkHlUiYLeRSIMP8yM7rxxg/videos,2.66M subscribers,2660000,"1,936,737,141 views",1936737141,"Joined Apr 25, 2017",2017-04-25,"3,099 videos",3099,India,http://www.youtube.com/@PJExplained,ok
UCfYCRj25JJQ41JGPqiqXmJw,Sam Chui,geography_logistics,1,1,533718,533718,https://www.youtube.com/channel/UCfYCRj25JJQ41JGPqiqXmJw/videos,3.9M subscribers,3900000,"1,088,348,486 views",1088348486,"Joined Nov 3, 2007",2007-11-03,594 videos,594,United States,http://www.youtube.com/@SamChui,ok
UCM7I_NC8mIyNLlslSi129ow,You Betcha,work_career_education,1,1,526318,526318,https://www.youtube.com/channel/UCM7I_NC8mIyNLlslSi129ow/videos,1.22M subscribers,1220000,"1,202,750,159 views",1202750159,"Joined Jun 24, 2018",2018-06-24,997 videos,997,United States,http://www.youtube.com/@ohhyoubetcha,ok
UCT9ehHCu59wpsPyrcKZt72w,True Lives,crime_scams_mystery,1,1,517738,517738,https://www.youtube.com/channel/UCT9ehHCu59wpsPyrcKZt72w/videos,1.34M subscribers,1340000,"330,208,720 views",330208720,"Joined Sep 30, 2020",2020-09-30,915 videos,915,United Kingdom,http://www.youtube.com/@TrueLivesITVS,ok
UCMmaBzfCCwZ2KqaBJjkj0fw,Kings and Generals,history_civilization,2,2,522565,328159,https://www.youtube.com/channel/UCMmaBzfCCwZ2KqaBJjkj0fw/videos,4.19M subscribers,4190000,"1,062,279,099 views",1062279099,"Joined May 7, 2016",2016-05-07,"2,197 videos",2197,Canada,http://www.youtube.com/@KingsandGenerals,ok
UCPGNioeYrJq4nyAt-DVIHZg,SR PAY STORIES,crime_scams_mystery,1,1,516482,516482,https://www.youtube.com/channel/UCPGNioeYrJq4nyAt-DVIHZg/videos,833K subscribers,833000,"93,258,630 views",93258630,"Joined Jan 5, 2022",2022-01-05,128 videos,128,India,http://www.youtube.com/@srpaystories,ok
UCoKOHg2lt4gHxQ7zS3nRZiQ,Lost American History,history_civilization,2,2,514501,340375,https://www.youtube.com/channel/UCoKOHg2lt4gHxQ7zS3nRZiQ/videos,44.4K subscribers,44400,"3,520,310 views",3520310,"Joined Jun 18, 2025",2025-06-18,73 videos,73,United States,http://www.youtube.com/@LostAmericanHistory,ok
UCrAcTVpvymbni9njx3LQbRA,Zoanfly,nature_animals,1,1,512228,512228,https://www.youtube.com/channel/UCrAcTVpvymbni9njx3LQbRA/videos,133K subscribers,133000,"18,633,587 views",18633587,"Joined Sep 14, 2023",2023-09-14,114 videos,114,,http://www.youtube.com/@Zoanfly,ok
UCFBpVaKCC0ajGps1vf0AgBg,Humphrey Yang,practical_lifestyle,1,1,514309,514309,https://www.youtube.com/channel/UCFBpVaKCC0ajGps1vf0AgBg/videos,2.08M subscribers,2080000,"575,470,221 views",575470221,"Joined Dec 2, 2010",2010-12-02,"1,115 videos",1115,United States,http://www.youtube.com/@humphrey,ok
UCLdLVA4iiC6x22Rb0_-R0nQ,Explains 101,consumer_systems,2,2,498448,342780,https://www.youtube.com/channel/UCLdLVA4iiC6x22Rb0_-R0nQ/videos,347K subscribers,347000,"17,380,658 views",17380658,"Joined May 22, 2024",2024-05-22,70 videos,70,,http://www.youtube.com/@Explains101,ok
UC5r1VYqhmny1nM7w-Sl3wDA,True Sage ,psychology_society,1,1,485773,485773,https://www.youtube.com/channel/UC5r1VYqhmny1nM7w-Sl3wDA/videos,40.9K subscribers,40900,"1,885,863 views",1885863,"Joined Nov 1, 2021",2021-11-01,59 videos,59,United Kingdom,http://www.youtube.com/@TrueSageJourney,ok
UCohG8-NtggGKbzx8K7YF1uw,GLOBAL DOCUMENTARY - Discovery Travel,practical_lifestyle,1,1,506804,506804,https://www.youtube.com/channel/UCohG8-NtggGKbzx8K7YF1uw/videos,24.3K subscribers,24300,"3,142,023 views",3142023,"Joined Oct 13, 2025",2025-10-13,33 videos,33,United States,http://www.youtube.com/@GLOBALDOCUMENTARY4k,ok
UCGLcx_fFZ3GlLXO5anHSm9w,The Jordan Harbinger Show,psychology_society,1,1,494416,494416,https://www.youtube.com/channel/UCGLcx_fFZ3GlLXO5anHSm9w/videos,297K subscribers,297000,"47,609,624 views",47609624,"Joined Mar 12, 2018",2018-03-12,722 videos,722,United States,http://www.youtube.com/@JordanHarbingerShow,ok
UCLzrP1E-I3kILtq437gdLpA,Dumanity,work_career_education,1,1,479599,479599,https://www.youtube.com/channel/UCLzrP1E-I3kILtq437gdLpA/videos,128K subscribers,128000,"13,574,280 views",13574280,"Joined Dec 14, 2024",2024-12-14,21 videos,21,,http://www.youtube.com/@DumanityDavid,ok
UCYKOf8GU6QyAqAzX2_7M_UQ,FactoPiaX,geography_logistics,1,1,475462,475462,https://www.youtube.com/channel/UCYKOf8GU6QyAqAzX2_7M_UQ/videos,9.11K subscribers,9110,"546,352 views",546352,"Joined Aug 16, 2019",2019-08-16,55 videos,55,Australia,http://www.youtube.com/@factopiaxs,ok
UCyk5za4VgMKDPju64TPOh9g,Fragix,culture_entertainment,1,1,473891,473891,https://www.youtube.com/channel/UCyk5za4VgMKDPju64TPOh9g/videos,5.62K subscribers,5620,"1,468,962 views",1468962,"Joined Nov 5, 2024",2024-11-05,16 videos,16,India,http://www.youtube.com/@Fragix,ok
UCcyq283he07B7_KUX07mmtA,Business Insider,consumer_systems,1,1,477102,477102,https://www.youtube.com/channel/UCcyq283he07B7_KUX07mmtA/videos,10.6M subscribers,10600000,"6,644,268,725 views",6644268725,"Joined Oct 2, 2009",2009-10-02,"8,072 videos",8072,United States,http://www.youtube.com/@BusinessInsider,ok
UCZjVE44LOvxPyKA-tymFoyQ,Martik Finance,business_economics,2,2,469452,291936,https://www.youtube.com/channel/UCZjVE44LOvxPyKA-tymFoyQ/videos,97K subscribers,97000,"4,416,273 views",4416273,"Joined Jan 1, 2025",2025-01-01,46 videos,46,,http://www.youtube.com/@MartikFinance,ok
UCigUBIf-zt_DA6xyOQtq2WA,ClearValue Tax,work_career_education,1,1,473851,473851,https://www.youtube.com/channel/UCigUBIf-zt_DA6xyOQtq2WA/videos,2.89M subscribers,2890000,"96,084,566 views",96084566,"Joined Oct 8, 2018",2018-10-08,170 videos,170,United States,http://www.youtube.com/@clearvaluetax9382,ok
UCzuV3Y_9Bhp1nGLgCd3XkNA,Ammarify,culture_entertainment,1,1,464755,464755,https://www.youtube.com/channel/UCzuV3Y_9Bhp1nGLgCd3XkNA/videos,15.3K subscribers,15300,"1,734,132 views",1734132,"Joined Jun 16, 2025",2025-06-16,31 videos,31,Pakistan,http://www.youtube.com/@ammarify-1,ok
UCxRJFZ_0hr99TFgCe6CXKQA,Ashley Embers,psychology_society,1,1,464487,464487,https://www.youtube.com/channel/UCxRJFZ_0hr99TFgCe6CXKQA/videos,254K subscribers,254000,"32,765,176 views",32765176,"Joined Jan 5, 2019",2019-01-05,284 videos,284,Canada,http://www.youtube.com/@AshleyEmbers,ok
UCHJuQZuzapBh-CuhRYxIZrg,Insider,crime_scams_mystery,2,2,463200,392566,https://www.youtube.com/channel/UCHJuQZuzapBh-CuhRYxIZrg/videos,9.58M subscribers,9580000,"5,618,844,272 views",5618844272,"Joined Sep 25, 2015",2015-09-25,"8,102 videos",8102,United States,http://www.youtube.com/@Insider,ok
UC-QTh5HFiw28MwFrmFrRjzA,Beginning To Now,history_civilization,2,2,460883,324394,https://www.youtube.com/channel/UC-QTh5HFiw28MwFrmFrRjzA/videos,320K subscribers,320000,"31,836,876 views",31836876,"Joined Feb 8, 2021",2021-02-08,12 videos,12,United States,http://www.youtube.com/@BeginningToNoww,ok
UCNvzD7Z-g64bPXxGzaQaa4g,gameranx,culture_entertainment,1,1,452094,452094,https://www.youtube.com/channel/UCNvzD7Z-g64bPXxGzaQaa4g/videos,8.63M subscribers,8630000,"4,518,498,907 views",4518498907,"Joined Apr 9, 2012",2012-04-09,"4,853 videos",4853,United States,http://www.youtube.com/@gameranxTV,ok
UCOAiGW4d1FEVpWdjYWiDtgA,StoryBuzz,crime_scams_mystery|practical_lifestyle,2,2,446558,324839,https://www.youtube.com/channel/UCOAiGW4d1FEVpWdjYWiDtgA/videos,285K subscribers,285000,"58,938,269 views",58938269,"Joined Dec 11, 2023",2023-12-11,154 videos,154,Bangladesh,http://www.youtube.com/@StoryBuzzYT,ok
UCG_nvdTLdijiAAuPKxtvBjA,Filmento,technology_ai,1,1,443475,443475,https://www.youtube.com/channel/UCG_nvdTLdijiAAuPKxtvBjA/videos,842K subscribers,842000,"219,560,055 views",219560055,"Joined Jun 24, 2013",2013-06-24,265 videos,265,United States,http://www.youtube.com/@Filmento,ok
UCC_S5oOAJp0iaF4fDT3QS0g,verilybitchie,practical_lifestyle,1,1,435989,435989,https://www.youtube.com/channel/UCC_S5oOAJp0iaF4fDT3QS0g/videos,424K subscribers,424000,"32,874,133 views",32874133,"Joined Aug 8, 2010",2010-08-08,101 videos,101,,http://www.youtube.com/@verilybitchie,ok
UCPTDdIFlaBrHdCEerIjdXKw,Khalan Studio,work_career_education,1,1,429970,429970,https://www.youtube.com/channel/UCPTDdIFlaBrHdCEerIjdXKw/videos,14.2K subscribers,14200,"1,604,083 views",1604083,"Joined Sep 18, 2025",2025-09-18,19 videos,19,,http://www.youtube.com/@KhalanStudio,ok
UC45OWitn6BWG20rxLCL109A,Snook,crime_scams_mystery|psychology_society,2,2,433554,299316,https://www.youtube.com/channel/UC45OWitn6BWG20rxLCL109A/videos,817K subscribers,817000,"120,305,778 views",120305778,"Joined Aug 14, 2018",2018-08-14,366 videos,366,,http://www.youtube.com/@Snook_YT,ok
UCiBGqUxeTe4AYQyRseSZaKw,MonkeyExplains,business_economics|technology_ai,2,2,428949,319238,https://www.youtube.com/channel/UCiBGqUxeTe4AYQyRseSZaKw/videos,238K subscribers,238000,"18,935,249 views",18935249,"Joined Sep 15, 2012",2012-09-15,98 videos,98,Singapore,http://www.youtube.com/@MonkeyExplains1999,ok
UCSAKn7R948auGKixely8yLg,Master POV,culture_entertainment,1,1,423903,423903,https://www.youtube.com/channel/UCSAKn7R948auGKixely8yLg/videos,102K subscribers,102000,"13,960,653 views",13960653,"Joined Dec 23, 2025",2025-12-23,113 videos,113,United States,http://www.youtube.com/@MasterPOVs,ok
UCEk2QG770jl3B1tkyi6cyXA,Seriesly,consumer_systems,1,1,421763,421763,https://www.youtube.com/channel/UCEk2QG770jl3B1tkyi6cyXA/videos,49.8K subscribers,49800,"12,076,908 views",12076908,"Joined Mar 7, 2025",2025-03-07,177 videos,177,United States,http://www.youtube.com/@SerieslyYT,ok
UCWqJpFqlX59OML324QIByZA,List 25,science_engineering,1,1,417482,417482,https://www.youtube.com/channel/UCWqJpFqlX59OML324QIByZA/videos,2.83M subscribers,2830000,"829,544,186 views",829544186,"Joined Oct 28, 2006",2006-10-28,"3,520 videos",3520,United States,http://www.youtube.com/@list25,ok
UCgMJGv4cQl8-q71AyFeFmtg,ScreenCrush,consumer_systems,2,2,415854,304985,https://www.youtube.com/channel/UCgMJGv4cQl8-q71AyFeFmtg/videos,1.92M subscribers,1920000,"749,575,830 views",749575830,"Joined Feb 7, 2012",2012-02-07,"3,244 videos",3244,United States,http://www.youtube.com/@ScreenCrush,ok
UCOt1w2WtK3pclatuiNSsxRA,MocoWAVE,culture_entertainment,1,1,411657,411657,https://www.youtube.com/channel/UCOt1w2WtK3pclatuiNSsxRA/videos,58.6K subscribers,58600,"609,177 views",609177,"Joined Jul 12, 2018",2018-07-12,2 videos,2,United States,http://www.youtube.com/@MocoWAVE,ok
UCijcd0GR0fkxCAZwkiuWqtQ,Free Documentary,science_engineering,1,1,422884,422884,https://www.youtube.com/channel/UCijcd0GR0fkxCAZwkiuWqtQ/videos,5.82M subscribers,5820000,"1,258,611,827 views",1258611827,"Joined Jun 6, 2013",2013-06-06,"1,011 videos",1011,Germany,http://www.youtube.com/@FreeDocumentary,ok
UCUFoQUaVRt3MVFxqwPUMLCQ,StudioBinder,culture_entertainment,1,1,409143,409143,https://www.youtube.com/channel/UCUFoQUaVRt3MVFxqwPUMLCQ/videos,2.24M subscribers,2240000,"153,942,846 views",153942846,"Joined Apr 8, 2015",2015-04-08,703 videos,703,United States,http://www.youtube.com/@StudioBinder,ok
UCMlLzlRwL4WWDTaTfna6Zlw,JarToon,crime_scams_mystery,1,1,403399,403399,https://www.youtube.com/channel/UCMlLzlRwL4WWDTaTfna6Zlw/videos,642K subscribers,642000,"145,210,048 views",145210048,"Joined Jun 5, 2023",2023-06-05,295 videos,295,United States,http://www.youtube.com/@JarToonyt,ok
UCeUD9-4tOwIhA3gUsCxb7vA,All i need is 20 minutes,business_economics,1,1,386508,386508,https://www.youtube.com/channel/UCeUD9-4tOwIhA3gUsCxb7vA/videos,28.2K subscribers,28200,"703,835 views",703835,"Joined Nov 11, 2025",2025-11-11,16 videos,16,United Kingdom,http://www.youtube.com/@AlliNeedIs20minutes,ok
UCG7_kGJaHmWqSRIAgLDjBFA,Real Estate The Ramsey Way,practical_lifestyle,1,1,387465,387465,https://www.youtube.com/channel/UCG7_kGJaHmWqSRIAgLDjBFA/videos,13.8K subscribers,13800,"9,928,787 views",9928787,"Joined Jul 6, 2022",2022-07-06,82 videos,82,United States,http://www.youtube.com/@Ramsey_RealEstate,ok
UCutgizyE1iDZBZQFqte_jHA,Razzu Bolta hai,nature_animals,1,1,386121,386121,https://www.youtube.com/channel/UCutgizyE1iDZBZQFqte_jHA/videos,80.6K subscribers,80600,"37,493,628 views",37493628,"Joined Aug 13, 2025",2025-08-13,17 videos,17,India,http://www.youtube.com/@RazzuBoltaHai-1,ok
UCJ5gGCjn6ItdPQF0ZO9YROA,"Leo Cui, Ph.D., CFA ",technology_ai,1,1,376882,376882,https://www.youtube.com/channel/UCJ5gGCjn6ItdPQF0ZO9YROA/videos,26.3K subscribers,26300,"665,707 views",665707,"Joined Aug 3, 2022",2022-08-03,30 videos,30,United States,http://www.youtube.com/@Leo-cui-phd-cfa,ok
UCY6VZZo9MZCyIIozTs0khNA,"easy, actually",business_economics,1,1,371915,371915,https://www.youtube.com/channel/UCY6VZZo9MZCyIIozTs0khNA/videos,1.13M subscribers,1130000,"34,464,330 views",34464330,"Joined Jan 13, 2024",2024-01-13,24 videos,24,,http://www.youtube.com/@easyactually,ok
UCLZyEY5Yj9S3EoxWKiSSh4w,Quera Official,science_engineering,1,1,374122,374122,https://www.youtube.com/channel/UCLZyEY5Yj9S3EoxWKiSSh4w/videos,69.3K subscribers,69300,"11,271,281 views",11271281,"Joined Jun 20, 2025",2025-06-20,54 videos,54,India,http://www.youtube.com/@QueraOfficial,ok
UCeRxxz9ByOqdd8A-0iF_Idg,Mayday: Air Disaster,business_economics|geography_logistics,2,2,370242,189143,https://www.youtube.com/channel/UCeRxxz9ByOqdd8A-0iF_Idg/videos,1.1M subscribers,1100000,"440,735,107 views",440735107,"Joined Jan 18, 2021",2021-01-18,"1,449 videos",1449,Canada,http://www.youtube.com/@MaydayAirDisaster,ok
UCvqttS8EzhRq2YWg03qKRCQ,Sanjay Kathuria ,practical_lifestyle,1,1,361875,361875,https://www.youtube.com/channel/UCvqttS8EzhRq2YWg03qKRCQ/videos,1.37M subscribers,1370000,"387,280,938 views",387280938,"Joined Jan 16, 2024",2024-01-16,"1,497 videos",1497,India,http://www.youtube.com/@Sanjay_Kathuria,ok
UCO-K4Bggr246g8Yudin0_7Q,Claw Wildlife ,nature_animals,2,2,361034,196326,https://www.youtube.com/channel/UCO-K4Bggr246g8Yudin0_7Q/videos,30.7K subscribers,30700,"12,824,030 views",12824030,"Joined Aug 13, 2025",2025-08-13,231 videos,231,United States,http://www.youtube.com/@clawwildlife8386,ok
UCTiL1q9YbrVam5nP2xzFTWQ,SpaceWeatherNews (S0),science_engineering,1,1,361301,361301,https://www.youtube.com/channel/UCTiL1q9YbrVam5nP2xzFTWQ/videos,843K subscribers,843000,"303,028,316 views",303028316,"Joined May 2, 2011",2011-05-02,"6,785 videos",6785,United States,http://www.youtube.com/@SpaceWeatherNewsS0s,ok
UChnCR1RlPBGdycrJiVgQZ4g,Strange Space,science_engineering,1,1,357227,357227,https://www.youtube.com/channel/UChnCR1RlPBGdycrJiVgQZ4g/videos,15.1K subscribers,15100,"1,639,324 views",1639324,"Joined Dec 11, 2022",2022-12-11,68 videos,68,India,http://www.youtube.com/@strangespace7832,ok
UCkuaNzAsSERRH5ecamFnf1g,Relationship Decode,psychology_society,1,1,354080,354080,https://www.youtube.com/channel/UCkuaNzAsSERRH5ecamFnf1g/videos,7.09K subscribers,7090,"595,252 views",595252,"Joined Aug 4, 2025",2025-08-04,10 videos,10,United Kingdom,http://www.youtube.com/@RelationshipDecode-n9x,ok
UCDy5K4UNhE3l9-3mu9V-d3A,How People Make Money,business_economics|work_career_education,2,2,350319,192878,https://www.youtube.com/channel/UCDy5K4UNhE3l9-3mu9V-d3A/videos,129K subscribers,129000,"5,789,835 views",5789835,"Joined Feb 17, 2025",2025-02-17,45 videos,45,,http://www.youtube.com/@how-people-make-money,ok
UCIczOFxwgv27AlTkZZMj8yw,Unexplained Mysteries,crime_scams_mystery,4,4,350944,37010,https://www.youtube.com/channel/UCIczOFxwgv27AlTkZZMj8yw/videos,2.01M subscribers,2009999,"721,253,810 views",721253810,"Joined Jan 30, 2014",2014-01-30,"7,536 videos",7536,United Kingdom,http://www.youtube.com/@UnexplainedMysteriesOfficial,ok
UC-rCCy3FQ-GItDimSR9lhzw,Future of Life Institute,work_career_education,2,2,346312,284547,https://www.youtube.com/channel/UC-rCCy3FQ-GItDimSR9lhzw/videos,102K subscribers,102000,"20,529,761 views",20529761,"Joined Apr 18, 2016",2016-04-18,498 videos,498,,http://www.youtube.com/@futureoflifeinstitute,ok
UCgmppnfPK_SOkjDRqbgxu8Q,Filmity ,crime_scams_mystery,1,1,339971,339971,https://www.youtube.com/channel/UCgmppnfPK_SOkjDRqbgxu8Q/videos,23.7K subscribers,23700,"8,329,296 views",8329296,"Joined Oct 3, 2024",2024-10-03,27 videos,27,India,http://www.youtube.com/@noobfilmity,ok
UCxsYJ_S4jVayHx828AtQjig,Nathan Laundry,psychology_society,1,1,343560,343560,https://www.youtube.com/channel/UCxsYJ_S4jVayHx828AtQjig/videos,30.1K subscribers,30100,"1,276,176 views",1276176,"Joined Apr 16, 2013",2013-04-16,94 videos,94,,http://www.youtube.com/@nathanlaundry,ok
UC_iEmYXdZJvjxdUMehwSXqw,Asian Dad Energy,work_career_education,1,1,343383,343383,https://www.youtube.com/channel/UC_iEmYXdZJvjxdUMehwSXqw/videos,124K subscribers,124000,"7,851,729 views",7851729,"Joined May 13, 2025",2025-05-13,95 videos,95,United States,http://www.youtube.com/@AsianDadEnergy,ok
UCFkWwLHM-uqjccOv6oCv14g,The Secret,practical_lifestyle,1,1,333922,333922,https://www.youtube.com/channel/UCFkWwLHM-uqjccOv6oCv14g/videos,398K subscribers,398000,"131,144,670 views",131144670,"Joined Feb 20, 2025",2025-02-20,"2,402 videos",2402,United States,http://www.youtube.com/@TheSecret-c1f,ok
UCbAlVnKhbGLK78GsSemQXxw,Top Fives,science_engineering,1,1,316618,316618,https://www.youtube.com/channel/UCbAlVnKhbGLK78GsSemQXxw/videos,3.15M subscribers,3150000,"1,357,198,856 views",1357198856,"Joined Mar 27, 2015",2015-03-27,"2,549 videos",2549,United States,http://www.youtube.com/@topfives,ok
UCiq1FIgtEK7LRAOB1JXTPig,Silicon Valley Girl,work_career_education,1,1,318518,318518,https://www.youtube.com/channel/UCiq1FIgtEK7LRAOB1JXTPig/videos,1.56M subscribers,1560000,"54,118,198 views",54118198,"Joined Apr 4, 2018",2018-04-04,419 videos,419,United States,http://www.youtube.com/@SiliconValleyGirl,ok
UCrC8mOqJQpoB7NuIMKIS6rQ,StudyIQ IAS,geography_logistics,1,1,318600,318600,https://www.youtube.com/channel/UCrC8mOqJQpoB7NuIMKIS6rQ/videos,20.5M subscribers,20500000,"8,474,437,027 views",8474437027,"Joined Jun 22, 2015",2015-06-22,"66,489 videos",66489,India,http://www.youtube.com/@StudyIQEducationLtd,ok
UCK-0srt5hdY5m6Zos_NlJZg,The Secrets of the Universe,science_engineering,1,1,314054,314054,https://www.youtube.com/channel/UCK-0srt5hdY5m6Zos_NlJZg/videos,1.79M subscribers,1790000,"306,892,401 views",306892401,"Joined May 18, 2017",2017-05-18,652 videos,652,India,http://www.youtube.com/@TheSecretsoftheUniverse,ok
UCKWaEZ-_VweaEx1j62do_vQ,IBM Technology,technology_ai,1,1,311792,311792,https://www.youtube.com/channel/UCKWaEZ-_VweaEx1j62do_vQ/videos,1.77M subscribers,1770000,"127,388,466 views",127388466,"Joined May 27, 2008",2008-05-27,"1,744 videos",1744,United States,http://www.youtube.com/@IBMTechnology,ok
UCUTF61UNExRdjmoK5mXwWfQ,AI Uncovered,technology_ai,1,1,307352,307352,https://www.youtube.com/channel/UCUTF61UNExRdjmoK5mXwWfQ/videos,243K subscribers,243000,"25,438,301 views",25438301,"Joined Apr 9, 2023",2023-04-09,818 videos,818,Sweden,http://www.youtube.com/@AI.Uncovered,ok
UCupvZG-5ko_eiXAupbDfxWw,CNN,practical_lifestyle,1,1,307301,307301,https://www.youtube.com/channel/UCupvZG-5ko_eiXAupbDfxWw/videos,19.7M subscribers,19700000,"21,202,655,505 views",21202655505,"Joined Oct 2, 2005",2005-10-02,"186,030 videos",186030,United States,http://www.youtube.com/@CNN,ok
UCkr56dbz1QIuobBPqKSROPw,History & Civilizations,culture_entertainment,1,1,311816,311816,https://www.youtube.com/channel/UCkr56dbz1QIuobBPqKSROPw/videos,494K subscribers,494000,"102,099,410 views",102099410,"Joined Oct 17, 2018",2018-10-17,205 videos,205,France,http://www.youtube.com/@HistoryCivilisations,ok
UCjwTasXewi5CRFi564vrf0g,Its Rascal,culture_entertainment,1,1,297088,297088,https://www.youtube.com/channel/UCjwTasXewi5CRFi564vrf0g/videos,37.5K subscribers,37500,"4,228,036 views",4228036,"Joined Feb 19, 2019",2019-02-19,50 videos,50,United States,http://www.youtube.com/@itsrascaldev,ok
UCknLrEdhRCp1aegoMqRaCZg,DW News,technology_ai,1,1,295650,295650,https://www.youtube.com/channel/UCknLrEdhRCp1aegoMqRaCZg/videos,6.39M subscribers,6390000,"3,334,163,227 views",3334163227,"Joined Sep 4, 2007",2007-09-04,"49,141 videos",49141,Germany,http://www.youtube.com/@dwnews,ok
UC6LYB8YhQKo2H6EK3q6U6kw,Bedtime & Historian ,history_civilization,3,3,289976,79009,https://www.youtube.com/channel/UC6LYB8YhQKo2H6EK3q6U6kw/videos,79.7K subscribers,79700,"7,228,549 views",7228549,"Joined Jul 1, 2025",2025-07-01,146 videos,146,United States,http://www.youtube.com/@TheBedtimeHistory-icdi,ok
UCHs3bWyXIw_6J0ORvg97b2w,Live Hindi,business_economics,1,1,286162,286162,https://www.youtube.com/channel/UCHs3bWyXIw_6J0ORvg97b2w/videos,4.28M subscribers,4280000,"705,827,488 views",705827488,"Joined Jun 17, 2015",2015-06-17,863 videos,863,India,http://www.youtube.com/@Live-Hindi,ok
UCv1Ofp6-yhh98BzGpbAWbag,The Painful Explainer,history_civilization,1,1,282838,282838,https://www.youtube.com/channel/UCv1Ofp6-yhh98BzGpbAWbag/videos,104K subscribers,104000,"17,684,589 views",17684589,"Joined Jun 23, 2007",2007-06-23,154 videos,154,,http://www.youtube.com/@ThePainfulExplainer,ok
UCvBy3qcISSOcrbqPhqmG4Xw,Damon Cassidy,work_career_education,1,1,289867,289867,https://www.youtube.com/channel/UCvBy3qcISSOcrbqPhqmG4Xw/videos,319K subscribers,319000,"38,213,747 views",38213747,"Joined Dec 4, 2022",2022-12-04,164 videos,164,,http://www.youtube.com/@DamonCassidy,ok
UCUciwZ0NoHPr8TK5HHqVxRw,Arcana Travel,nature_animals,1,1,281762,281762,https://www.youtube.com/channel/UCUciwZ0NoHPr8TK5HHqVxRw/videos,20.9K subscribers,20900,"3,906,397 views",3906397,"Joined Feb 18, 2011",2011-02-18,38 videos,38,United States,http://www.youtube.com/@Arcanatravel4k,ok
UCjBAg-qMsuVtTUOodRu-7Pw,Dareecha,history_civilization,1,1,278834,278834,https://www.youtube.com/channel/UCjBAg-qMsuVtTUOodRu-7Pw/videos,117K subscribers,117000,"10,865,174 views",10865174,"Joined Oct 19, 2024",2024-10-19,64 videos,64,Pakistan,http://www.youtube.com/@DareechaPK,ok
UCvqoIO_6h6xmlSrFOxFNSjA,Prophecy & Stone,history_civilization,1,1,278210,278210,https://www.youtube.com/channel/UCvqoIO_6h6xmlSrFOxFNSjA/videos,88.3K subscribers,88300,"6,608,316 views",6608316,"Joined Jun 21, 2025",2025-06-21,113 videos,113,,http://www.youtube.com/@ProphecyStone,ok
UCJVXj8BvHykEklEeKjFwaXQ,Micro,geography_logistics,1,1,275632,275632,https://www.youtube.com/channel/UCJVXj8BvHykEklEeKjFwaXQ/videos,201K subscribers,201000,"22,677,780 views",22677780,"Joined Aug 14, 2024",2024-08-14,38 videos,38,United States,http://www.youtube.com/@Micro-Econ-YT,ok
UCeSv-5lk1uqGyO9zpNYMvrA,Mil Gear Explainer,practical_lifestyle,1,1,275525,275525,https://www.youtube.com/channel/UCeSv-5lk1uqGyO9zpNYMvrA/videos,27.8K subscribers,27800,"4,828,035 views",4828035,"Joined Nov 9, 2025",2025-11-09,59 videos,59,United States,http://www.youtube.com/@MilGearExplainer,ok
UCA1zVt6y6hidCOBUrn1si8Q,FD Finance,culture_entertainment|geography_logistics,2,2,276085,145578,https://www.youtube.com/channel/UCA1zVt6y6hidCOBUrn1si8Q/videos,206K subscribers,206000,"26,226,621 views",26226621,"Joined Dec 18, 2023",2023-12-18,243 videos,243,Germany,http://www.youtube.com/@FD_Finance,ok
UCx8Z14PpntdaxCt2hakbQLQ,The Lallantop,work_career_education,1,1,275630,275630,https://www.youtube.com/channel/UCx8Z14PpntdaxCt2hakbQLQ/videos,35M subscribers,35000000,"18,834,332,418 views",18834332418,"Joined Mar 23, 2015",2015-03-23,"88,223 videos",88223,India,http://www.youtube.com/@TheLallantop,ok
UC4mnn6lTCmhk08BqfHae0yA,Herald of Ages,history_civilization,1,1,271653,271653,https://www.youtube.com/channel/UC4mnn6lTCmhk08BqfHae0yA/videos,18.6K subscribers,18600,"1,228,316 views",1228316,"Joined Jan 15, 2024",2024-01-15,16 videos,16,United States,http://www.youtube.com/@heraldofages,ok
UCdwrzLH6HnkyWSCcY_d4eXA,Found In Africa,culture_entertainment,1,1,268121,268121,https://www.youtube.com/channel/UCdwrzLH6HnkyWSCcY_d4eXA/videos,60.2K subscribers,60200,"5,895,281 views",5895281,"Joined Mar 31, 2025",2025-03-31,24 videos,24,,http://www.youtube.com/@FoundinAfrica,ok
UCZRoNJu1OszFqABP8AuJIuw,Logically Answered,work_career_education,1,1,267755,267755,https://www.youtube.com/channel/UCZRoNJu1OszFqABP8AuJIuw/videos,925K subscribers,925000,"209,643,533 views",209643533,"Joined Aug 25, 2012",2012-08-25,"1,177 videos",1177,United States,http://www.youtube.com/@LogicallyAnswered,ok
UCo7FvfMJeTRhO-d7xT8IZlg,Casual Economics,business_economics,1,1,266988,266988,https://www.youtube.com/channel/UCo7FvfMJeTRhO-d7xT8IZlg/videos,90K subscribers,90000,"4,857,481 views",4857481,"Joined Jun 9, 2021",2021-06-09,10 videos,10,Canada,http://www.youtube.com/@casual_economics,ok
UC3M939zbt4VwZrqN4oM-Kdw,Jack’s Dossier,history_civilization,1,1,264834,264834,https://www.youtube.com/channel/UC3M939zbt4VwZrqN4oM-Kdw/videos,45.5K subscribers,45500,"6,457,605 views",6457605,"Joined Jul 19, 2020",2020-07-19,33 videos,33,United Kingdom,http://www.youtube.com/@TheLastSupperyt,ok
UC16niRr50-MSBwiO3YDb3RA,BBC News,work_career_education,2,2,266310,140793,https://www.youtube.com/channel/UC16niRr50-MSBwiO3YDb3RA/videos,20M subscribers,20000000,"7,223,693,499 views",7223693499,"Joined Apr 7, 2006",2006-04-07,"32,595 videos",32595,United Kingdom,http://www.youtube.com/@BBCNews,ok
UC2Kyj04yISmHr1V-UlJz4eg,Jared Henderson,psychology_society,1,1,260635,260635,https://www.youtube.com/channel/UC2Kyj04yISmHr1V-UlJz4eg/videos,772K subscribers,772000,"42,446,719 views",42446719,"Joined Jul 3, 2022",2022-07-03,110 videos,110,United States,http://www.youtube.com/@_jared,ok
UCuu8TaJ-CPGV0_dJ-7OEY3A,Jeff Gao,psychology_society,1,1,264531,264531,https://www.youtube.com/channel/UCuu8TaJ-CPGV0_dJ-7OEY3A/videos,207K subscribers,207000,"24,157,575 views",24157575,"Joined Oct 16, 2021",2021-10-16,121 videos,121,Australia,http://www.youtube.com/@jgao1999,ok
UCSWj8mqQCcrcBlXPi4ThRDQ,KodeKloud,practical_lifestyle,1,1,249872,249872,https://www.youtube.com/channel/UCSWj8mqQCcrcBlXPi4ThRDQ/videos,427K subscribers,427000,"36,725,200 views",36725200,"Joined Dec 31, 2006",2006-12-31,"1,270 videos",1270,India,http://www.youtube.com/@KodeKloud,ok
UCgbzclo4Mfy_D68w_Bm_xHg,Tried&Refused Productions.,culture_entertainment,1,1,260589,260589,https://www.youtube.com/channel/UCgbzclo4Mfy_D68w_Bm_xHg/videos,1.31M subscribers,1310000,"718,700,032 views",718700032,"Joined Jul 29, 2015",2015-07-29,"1,841 videos",1841,India,http://www.youtube.com/@TriedRefusedProductions,ok
UCKFjNynYRgDfnSIXzELPqTA,Free Documentary - Engineering,geography_logistics|science_engineering,3,3,247804,170935,https://www.youtube.com/channel/UCKFjNynYRgDfnSIXzELPqTA/videos,558K subscribers,558000,"143,831,907 views",143831907,"Joined Nov 8, 2022",2022-11-08,363 videos,363,United States,http://www.youtube.com/@FD_Engineering,ok
UCvISE7GgoP8-x5WZzECSwvw,Josh Brett,consumer_systems,1,1,242349,242349,https://www.youtube.com/channel/UCvISE7GgoP8-x5WZzECSwvw/videos,562K subscribers,562000,"105,540,761 views",105540761,"Joined Feb 5, 2014",2014-02-05,67 videos,67,United Kingdom,http://www.youtube.com/@brettjosh,ok
UCp9eTbnNSBFIFEdCSmPTrtw,The Escalist,history_civilization,2,2,236577,122788,https://www.youtube.com/channel/UCp9eTbnNSBFIFEdCSmPTrtw/videos,33.1K subscribers,33100,"9,505,783 views",9505783,"Joined Dec 9, 2007",2007-12-09,102 videos,102,United States,http://www.youtube.com/@the.escalist,ok
UC5zrlRzhT_cFI9zT6uQSijg,American Experience | PBS,history_civilization,1,1,246666,246666,https://www.youtube.com/channel/UC5zrlRzhT_cFI9zT6uQSijg/videos,560K subscribers,560000,"96,396,836 views",96396836,"Joined May 15, 2007",2007-05-15,"1,242 videos",1242,United States,http://www.youtube.com/@AmericanExperiencePBS,ok
UCxsXn1oYJcddzSJ83NIZTPw,Human Survival Files ,nature_animals,1,1,234882,234882,https://www.youtube.com/channel/UCxsXn1oYJcddzSJ83NIZTPw/videos,931 subscribers,931,"283,466 views",283466,"Joined Jul 7, 2025",2025-07-07,24 videos,24,United States,http://www.youtube.com/@humansurvivalfiles,ok
UChkMsCs5UKGsPZpIUQswiIw,Audio Books Arc,psychology_society,2,2,234863,180002,https://www.youtube.com/channel/UChkMsCs5UKGsPZpIUQswiIw/videos,143K subscribers,143000,"11,282,811 views",11282811,"Joined May 14, 2023",2023-05-14,420 videos,420,India,http://www.youtube.com/@AudiobooksArc,ok
UC0L1suV8pVgO4pCAIBNGx5w,60 Minutes Australia,technology_ai,1,1,233584,233584,https://www.youtube.com/channel/UC0L1suV8pVgO4pCAIBNGx5w/videos,6.71M subscribers,6710000,"2,789,083,204 views",2789083204,"Joined Jan 8, 2013",2013-01-08,"6,322 videos",6322,Australia,http://www.youtube.com/@60MinutesAU,ok
UC9DFnmy6eL-EtW9AYodrF9g,Maniax Edits,consumer_systems,1,1,229703,229703,https://www.youtube.com/channel/UC9DFnmy6eL-EtW9AYodrF9g/videos,1.19K subscribers,1190,"399,138 views",399138,"Joined Jun 1, 2022",2022-06-01,19 videos,19,,http://www.youtube.com/@maniax2518,ok
UCSMqateX8OA2s1wsOR2EgJA,TLDR News,work_career_education,1,1,227214,227214,https://www.youtube.com/channel/UCSMqateX8OA2s1wsOR2EgJA/videos,927K subscribers,927000,"208,668,284 views",208668284,"Joined May 30, 2017",2017-05-30,"1,191 videos",1191,United Kingdom,http://www.youtube.com/@TLDRnews,ok
UC3nPaf5MeeDTHA2JN7clidg,Bellular News,culture_entertainment,1,1,225775,225775,https://www.youtube.com/channel/UC3nPaf5MeeDTHA2JN7clidg/videos,539K subscribers,539000,"220,425,692 views",220425692,"Joined Jul 6, 2015",2015-07-06,"1,741 videos",1741,United Kingdom,http://www.youtube.com/@BellularNews,ok
UCYoUuK_uXILQmvip-6jDZ-A,Vaibhav Kadnar,business_economics,1,1,226473,226473,https://www.youtube.com/channel/UCYoUuK_uXILQmvip-6jDZ-A/videos,7M subscribers,7000000,"1,937,401,332 views",1937401332,"Joined Nov 9, 2016",2016-11-09,"1,258 videos",1258,India,http://www.youtube.com/@VaibhavKadnar,ok
UCIaH-gZIVC432YRjNVvnyCA,Chris Williamson,psychology_society,1,1,226031,226031,https://www.youtube.com/channel/UCIaH-gZIVC432YRjNVvnyCA/videos,4.37M subscribers,4370000,"1,219,801,668 views",1219801668,"Joined Feb 12, 2018",2018-02-12,"4,665 videos",4665,United States,http://www.youtube.com/@ChrisWillx,ok
UCK8a56y4aVNhlpsJ1f3ZA4Q,Tomorrows Filmmakers,history_civilization,1,1,224769,224769,https://www.youtube.com/channel/UCK8a56y4aVNhlpsJ1f3ZA4Q/videos,964K subscribers,964000,"41,226,723 views",41226723,"Joined May 6, 2015",2015-05-06,96 videos,96,United States,http://www.youtube.com/@TomorrowsFilmmakers,ok
UCpkcfCp362efwIYjFXQxSqA,The World History Channel,history_civilization,1,1,219098,219098,https://www.youtube.com/channel/UCpkcfCp362efwIYjFXQxSqA/videos,267K subscribers,267000,"47,876,391 views",47876391,"Joined Jun 1, 2023",2023-06-01,419 videos,419,,http://www.youtube.com/@TheWorldHistoryChannel,ok
UClJKPpFvz_pZb8zBJorPAkQ,The Movie Echo,crime_scams_mystery,3,3,218784,135773,https://www.youtube.com/channel/UClJKPpFvz_pZb8zBJorPAkQ/videos,69.5K subscribers,69500,"13,669,917 views",13669917,"Joined Dec 13, 2024",2024-12-13,94 videos,94,India,http://www.youtube.com/@themoviecho,ok
UCmJf6_W7W-Q7rTd5skVEgqA,NORTH 02,history_civilization,1,1,219067,219067,https://www.youtube.com/channel/UCmJf6_W7W-Q7rTd5skVEgqA/videos,719K subscribers,719000,"116,325,452 views",116325452,"Joined Aug 7, 2018",2018-08-07,163 videos,163,United States,http://www.youtube.com/@NORTH02,ok
UCXnIVQMg0g-zQOHL5es49hg,BBTV Official,nature_animals,1,1,214362,214362,https://www.youtube.com/channel/UCXnIVQMg0g-zQOHL5es49hg/videos,132K subscribers,132000,"65,455,974 views",65455974,"Joined Oct 21, 2024",2024-10-21,226 videos,226,United States,http://www.youtube.com/@bbtv28,ok
UCuw0GgMlZlAsWvpI8PgCN8g,ENDEVR,geography_logistics|technology_ai,2,2,210906,154234,https://www.youtube.com/channel/UCuw0GgMlZlAsWvpI8PgCN8g/videos,1.48M subscribers,1480000,"308,626,933 views",308626933,"Joined Jul 29, 2019",2019-07-29,622 videos,622,Germany,http://www.youtube.com/@ENDEVRDocs,ok
UCb3cDvWiHwRzQaK81PrISbg,Leeja Miller,crime_scams_mystery,1,1,208991,208991,https://www.youtube.com/channel/UCb3cDvWiHwRzQaK81PrISbg/videos,708K subscribers,708000,"82,410,067 views",82410067,"Joined Jul 7, 2020",2020-07-07,467 videos,467,United States,http://www.youtube.com/@LeejaMiller,ok
UCmLQqA5g62GIfQa9oME05wQ,Origins Explained,history_civilization,5,5,209263,100802,https://www.youtube.com/channel/UCmLQqA5g62GIfQa9oME05wQ/videos,3.89M subscribers,3890000,"1,039,140,862 views",1039140862,"Joined Jan 17, 2016",2016-01-17,"4,471 videos",4471,United States,http://www.youtube.com/@OriginsExplained,ok
UCohgJ1UZcLte8e4TMqm8Abg,Filmaya Pro,crime_scams_mystery,3,3,203163,181037,https://www.youtube.com/channel/UCohgJ1UZcLte8e4TMqm8Abg/videos,42.1K subscribers,42100,"14,200,419 views",14200419,"Joined Sep 25, 2025",2025-09-25,56 videos,56,,http://www.youtube.com/@FilmayaPro,ok
UCpr1JAIc49gu9-FAlO4uAKw,timewarp cities,history_civilization,1,1,201014,201014,https://www.youtube.com/channel/UCpr1JAIc49gu9-FAlO4uAKw/videos,54K subscribers,54000,"4,789,034 views",4789034,"Joined Oct 12, 2025",2025-10-12,77 videos,77,,http://www.youtube.com/@timewarpcities,ok
UCQOffjT8orWTs2YxJHIOlYA,Build Inc.,culture_entertainment,1,1,208152,208152,https://www.youtube.com/channel/UCQOffjT8orWTs2YxJHIOlYA/videos,15.5K subscribers,15500,"2,563,999 views",2563999,"Joined Feb 11, 2021",2021-02-11,66 videos,66,Canada,http://www.youtube.com/@BuildIncDocumenatries,ok
UClVmPVF1AxBkx-hcA371RoQ,Wrongly Assumed,history_civilization,1,1,200200,200200,https://www.youtube.com/channel/UClVmPVF1AxBkx-hcA371RoQ/videos,2.94K subscribers,2940,"905,020 views",905020,"Joined May 11, 2026",2026-05-11,12 videos,12,Romania,http://www.youtube.com/@WronglyAssumed,ok
UCytiKJcsuKFARvAeUABvRBA,HinExp,technology_ai,1,1,197716,197716,https://www.youtube.com/channel/UCytiKJcsuKFARvAeUABvRBA/videos,45.3K subscribers,45300,"3,446,211 views",3446211,"Joined Apr 19, 2026",2026-04-19,33 videos,33,India,http://www.youtube.com/@HinExpofficial,ok
UCXirHhcCTfZediXFsjTrMuw,Magical Manhwa Recaps,consumer_systems,1,1,196072,196072,https://www.youtube.com/channel/UCXirHhcCTfZediXFsjTrMuw/videos,273K subscribers,273000,"74,989,300 views",74989300,"Joined Aug 8, 2023",2023-08-08,656 videos,656,United States,http://www.youtube.com/@Magical_ManhwaRecaps,ok
UCpgh3p0dfB73tftHU64PYJA,Mackard,work_career_education,1,1,197682,197682,https://www.youtube.com/channel/UCpgh3p0dfB73tftHU64PYJA/videos,39.4K subscribers,39400,"6,940,930 views",6940930,"Joined Jun 24, 2025",2025-06-24,52 videos,52,United States,http://www.youtube.com/@Mackard,ok
UCkovl5nTg7aSUCmAfwniYGg,South African Music Culture,culture_entertainment,1,1,193504,193504,https://www.youtube.com/channel/UCkovl5nTg7aSUCmAfwniYGg/videos,10K subscribers,10000,"991,334 views",991334,"Joined Apr 5, 2023",2023-04-05,12 videos,12,,http://www.youtube.com/@SouthAfricanMusicCulture,ok
UCEHYEnOkKZJgxcGhPQvFF_Q,Robbers IQ,history_civilization,1,1,193030,193030,https://www.youtube.com/channel/UCEHYEnOkKZJgxcGhPQvFF_Q/videos,205K subscribers,205000,"33,484,228 views",33484228,"Joined Jan 22, 2023",2023-01-22,144 videos,144,United States,http://www.youtube.com/@RobbersIQ,ok
UCfCAy6CkaliVqbwqKT2VSYw,SUCCESS CHASERS,psychology_society,1,1,190301,190301,https://www.youtube.com/channel/UCfCAy6CkaliVqbwqKT2VSYw/videos,888K subscribers,888000,"32,464,490 views",32464490,"Joined Mar 4, 2015",2015-03-04,257 videos,257,United States,http://www.youtube.com/@SUCCESSCHASERS,ok
UCkK8gZ4GtSa3JjbNabJci3Q,Creative Mind new journey,practical_lifestyle,1,1,191417,191417,https://www.youtube.com/channel/UCkK8gZ4GtSa3JjbNabJci3Q/videos,105K subscribers,105000,"7,125,685 views",7125685,"Joined Nov 25, 2021",2021-11-25,108 videos,108,India,http://www.youtube.com/@Saikat_samanta,ok
UC7bxFmhgSQe4aMAwIw-lzsQ,mattyballz,culture_entertainment,1,1,188873,188873,https://www.youtube.com/channel/UC7bxFmhgSQe4aMAwIw-lzsQ/videos,568K subscribers,568000,"146,556,912 views",146556912,"Joined Aug 10, 2014",2014-08-10,421 videos,421,United States,http://www.youtube.com/@mattyballz,ok
UC3hQxO2yb4TjIar90ccXjfQ,The Ultimate Discovery,geography_logistics,1,1,187991,187991,https://www.youtube.com/channel/UC3hQxO2yb4TjIar90ccXjfQ/videos,1.14M subscribers,1140000,"444,627,711 views",444627711,"Joined Oct 18, 2014",2014-10-18,"3,568 videos",3568,United States,http://www.youtube.com/@ultimatediscovery,ok
UCLn2w1ezRJiywUlu55oCzMA,Eric Demeusy,culture_entertainment,1,1,187690,187690,https://www.youtube.com/channel/UCLn2w1ezRJiywUlu55oCzMA/videos,17.4K subscribers,17400,"1,164,690 views",1164690,"Joined Aug 28, 2007",2007-08-28,37 videos,37,,http://www.youtube.com/@EricDemeusy,ok
UCAKPIc6R4Z0AyIAFaTACCjA,Old Line Power,history_civilization,1,1,187383,187383,https://www.youtube.com/channel/UCAKPIc6R4Z0AyIAFaTACCjA/videos,33.5K subscribers,33500,"4,528,573 views",4528573,"Joined Aug 28, 2025",2025-08-28,43 videos,43,United States,http://www.youtube.com/@OldLinePower,ok
UCGmbysJQhLK663YVGnjZLmA,Dead Curious ,crime_scams_mystery,1,1,183790,183790,https://www.youtube.com/channel/UCGmbysJQhLK663YVGnjZLmA/videos,45.3K subscribers,45300,"13,044,455 views",13044455,"Joined Aug 29, 2024",2024-08-29,702 videos,702,United States,http://www.youtube.com/@DeadCuriousStudio,ok
UCz8QaiQxApLq8sLNcszYyJw,Firstpost,technology_ai|work_career_education,2,2,184579,97220,https://www.youtube.com/channel/UCz8QaiQxApLq8sLNcszYyJw/videos,9.67M subscribers,9670000,"5,864,251,844 views",5864251844,"Joined Oct 10, 2019",2019-10-10,"95,066 videos",95066,India,http://www.youtube.com/@Firstpost,ok
UCmmPgObSUPw1HL2lq6H4ffA,Geography Now,geography_logistics,1,1,183836,183836,https://www.youtube.com/channel/UCmmPgObSUPw1HL2lq6H4ffA/videos,3.92M subscribers,3920000,"721,415,275 views",721415275,"Joined Aug 31, 2014",2014-08-31,"1,314 videos",1314,United States,http://www.youtube.com/@GeographyNow,ok
UCSnjjOi6ThcHQy8gvJIimgA,Terminato,consumer_systems,2,1,182852,99097,https://www.youtube.com/channel/UCSnjjOi6ThcHQy8gvJIimgA/videos,204K subscribers,204000,"55,695,915 views",55695915,"Joined Mar 28, 2018",2018-03-28,677 videos,677,India,http://www.youtube.com/@terminato01,ok
UCrkjX-SG6vQExRPCi1Tf30g,Glore,geography_logistics,1,1,181513,181513,https://www.youtube.com/channel/UCrkjX-SG6vQExRPCi1Tf30g/videos,315K subscribers,315000,"373,949,089 views",373949089,"Joined Sep 20, 2023",2023-09-20,222 videos,222,,http://www.youtube.com/@Glore3,ok
UCK42b7JgorTQQGSWkE-fqYQ,More Sam Shamoun,consumer_systems,1,1,180616,180616,https://www.youtube.com/channel/UCK42b7JgorTQQGSWkE-fqYQ/videos,96.3K subscribers,96300,"14,704,715 views",14704715,"Joined May 28, 2015",2015-05-28,538 videos,538,United States,http://www.youtube.com/@moresamshamoun,ok
UCgNg3vwj3xt7QOrcIDaHdFg,PolyMatter,work_career_education,1,1,179396,179396,https://www.youtube.com/channel/UCgNg3vwj3xt7QOrcIDaHdFg/videos,1.93M subscribers,1930000,"239,940,626 views",239940626,"Joined Jun 20, 2015",2015-06-20,188 videos,188,United States,http://www.youtube.com/@PolyMatter,ok
UCWXYDYv5STLk-zoxMP2I1Lw,Dan Koe,work_career_education,1,1,182970,182970,https://www.youtube.com/channel/UCWXYDYv5STLk-zoxMP2I1Lw/videos,1.41M subscribers,1410000,"48,988,957 views",48988957,"Joined Mar 14, 2016",2016-03-14,250 videos,250,United States,http://www.youtube.com/@DanKoeTalks,ok
UCIALMKvObZNtJ6AmdCLP7Lg,Bloomberg Television,culture_entertainment,1,1,178155,178155,https://www.youtube.com/channel/UCIALMKvObZNtJ6AmdCLP7Lg/videos,3.25M subscribers,3250000,"1,454,002,434 views",1454002434,"Joined May 3, 2017",2017-05-03,"96,747 videos",96747,United States,http://www.youtube.com/@markets,ok
UCyr06aC8BDlJ6dObel52XJw,Machine Eye,geography_logistics,2,2,175089,118339,https://www.youtube.com/channel/UCyr06aC8BDlJ6dObel52XJw/videos,334K subscribers,334000,"73,419,376 views",73419376,"Joined Dec 31, 2016",2016-12-31,185 videos,185,Taiwan,http://www.youtube.com/@MachineEye,ok
UCx3jhoCjNpOuYYQ9yDVx6CQ,Rajnikant Sharma,business_economics,2,2,173306,160950,https://www.youtube.com/channel/UCx3jhoCjNpOuYYQ9yDVx6CQ/videos,293K subscribers,293000,"49,777,873 views",49777873,"Joined Mar 22, 2022",2022-03-22,540 videos,540,India,http://www.youtube.com/@HiRajnikantSharma,ok
UCO_biEUmMGgKOYvTUfCu4Dw,Geography Explainer,geography_logistics,1,1,167209,167209,https://www.youtube.com/channel/UCO_biEUmMGgKOYvTUfCu4Dw/videos,1.44K subscribers,1440,"246,671 views",246671,"Joined Aug 5, 2025",2025-08-05,8 videos,8,Switzerland,http://www.youtube.com/@GeoExplainer123,ok
UCdNfjLbN22bM7-tMBQYZ2Nw,marcelomontalvao,culture_entertainment,1,1,166516,166516,https://www.youtube.com/channel/UCdNfjLbN22bM7-tMBQYZ2Nw/videos,6.64K subscribers,6640,"1,733,746 views",1733746,"Joined Nov 2, 2009",2009-11-02,60 videos,60,,http://www.youtube.com/@marcelomontalvao,ok
UCVeuau7DLrg7zlAjxxDbdww,HubSpot Marketing,psychology_society,1,1,170990,170990,https://www.youtube.com/channel/UCVeuau7DLrg7zlAjxxDbdww/videos,636K subscribers,636000,"43,182,425 views",43182425,"Joined Apr 23, 2007",2007-04-23,"1,177 videos",1177,United States,http://www.youtube.com/@HubSpotMarketing,ok
UCnnxJMmo7WGU8i1WMTnwUXw,Privileged Few,work_career_education,1,1,163759,163759,https://www.youtube.com/channel/UCnnxJMmo7WGU8i1WMTnwUXw/videos,179K subscribers,179000,"17,204,792 views",17204792,"Joined Apr 10, 2024",2024-04-10,216 videos,216,United States,http://www.youtube.com/@privilegedfew,ok
UCctXZhXmG-kf3tlIXgVZUlw,GaryVee,psychology_society,1,1,162816,162816,https://www.youtube.com/channel/UCctXZhXmG-kf3tlIXgVZUlw/videos,4.85M subscribers,4850000,"691,655,184 views",691655184,"Joined Oct 6, 2007",2007-10-06,"7,429 videos",7429,United States,http://www.youtube.com/@garyvee,ok
UC4JX40jDee_tINbkjycV4Sg,Tech With Tim,work_career_education,1,1,163545,163545,https://www.youtube.com/channel/UC4JX40jDee_tINbkjycV4Sg/videos,2.07M subscribers,2069999,"229,014,194 views",229014194,"Joined Apr 22, 2014",2014-04-22,"2,138 videos",2138,Canada,http://www.youtube.com/@TechWithTim,ok
UCMhfTJxvzp70aOMUMORgsBw,Edwards Economics,consumer_systems,2,2,162216,114800,https://www.youtube.com/channel/UCMhfTJxvzp70aOMUMORgsBw/videos,362K subscribers,362000,"13,224,703 views",13224703,"Joined Oct 15, 2016",2016-10-15,104 videos,104,United States,http://www.youtube.com/@EdwardsEconomics,ok
UCUGwVgtUewevtLvu7NaxVrw,Dr. Roy Casagranda,psychology_society,1,1,162565,162565,https://www.youtube.com/channel/UCUGwVgtUewevtLvu7NaxVrw/videos,591K subscribers,591000,"52,979,214 views",52979214,"Joined Feb 21, 2014",2014-02-21,325 videos,325,,http://www.youtube.com/@DrRoyCasagranda,ok
UCZ-H-n8fa7NqReTRKe7ByEg,Wealth Logic ,practical_lifestyle,1,1,161539,161539,https://www.youtube.com/channel/UCZ-H-n8fa7NqReTRKe7ByEg/videos,84.1K subscribers,84100,"7,956,656 views",7956656,"Joined Jul 2, 2024",2024-07-02,134 videos,134,,http://www.youtube.com/@TheWealth_Logic,ok
UCMoN2Dm3XlzmXSbLmIjBxCg,Heavymatic,business_economics,1,1,159855,159855,https://www.youtube.com/channel/UCMoN2Dm3XlzmXSbLmIjBxCg/videos,59.1K subscribers,59100,"9,933,855 views",9933855,"Joined Feb 16, 2024",2024-02-16,80 videos,80,United States,http://www.youtube.com/@heavymaticyt,ok
UCAuUUnT6oDeKwE6v1NGQxug,TED,technology_ai|work_career_education,2,2,159665,117266,https://www.youtube.com/channel/UCAuUUnT6oDeKwE6v1NGQxug/videos,27.7M subscribers,27700000,"3,213,588,070 views",3213588070,"Joined Dec 6, 2006",2006-12-06,"5,781 videos",5781,United States,http://www.youtube.com/@TED,ok
UCtxT50MzIRx0H2qdQYRoQeg,Movies Insight Hindi,practical_lifestyle,1,1,152701,152701,https://www.youtube.com/channel/UCtxT50MzIRx0H2qdQYRoQeg/videos,6.18M subscribers,6180000,"2,463,104,965 views",2463104965,"Joined Feb 9, 2020",2020-02-09,"2,093 videos",2093,India,http://www.youtube.com/@moviesinsighthindi,ok
UC16mlRbA6vVaUzDkckHtkGw,Dear Old Blighty,business_economics,1,1,150570,150570,https://www.youtube.com/channel/UC16mlRbA6vVaUzDkckHtkGw/videos,71.7K subscribers,71700,"13,063,745 views",13063745,"Joined Jun 20, 2025",2025-06-20,274 videos,274,United States,http://www.youtube.com/@DearOldBlighty,ok
UCn8zNIfYAQNdrFRrr8oibKw,VICE,crime_scams_mystery,1,1,155173,155173,https://www.youtube.com/channel/UCn8zNIfYAQNdrFRrr8oibKw/videos,19.2M subscribers,19200000,"5,578,860,338 views",5578860338,"Joined Dec 15, 2005",2005-12-15,"4,394 videos",4394,United States,http://www.youtube.com/@VICE,ok
UCdBjCBrh6gvcf7N1n9kjMiQ,Ancient History,culture_entertainment|history_civilization,2,2,146012,82871,https://www.youtube.com/channel/UCdBjCBrh6gvcf7N1n9kjMiQ/videos,21.5K subscribers,21500,"3,048,694 views",3048694,"Joined May 9, 2025",2025-05-09,41 videos,41,India,http://www.youtube.com/@AncientHistory-q9w,ok
UCR_kFbcwWy1cKLCkmcMf4lg,ABC Science,science_engineering,1,1,142631,142631,https://www.youtube.com/channel/UCR_kFbcwWy1cKLCkmcMf4lg/videos,703K subscribers,703000,"217,794,007 views",217794007,"Joined Sep 15, 2009",2009-09-15,"1,081 videos",1081,Australia,http://www.youtube.com/@ABCScience,ok
UC4xKdmAXFh4ACyhpiQ_3qBw,TechLead,technology_ai,2,2,137259,137108,https://www.youtube.com/channel/UC4xKdmAXFh4ACyhpiQ_3qBw/videos,1.46M subscribers,1460000,"113,819,583 views",113819583,"Joined Sep 20, 2016",2016-09-20,384 videos,384,United States,http://www.youtube.com/@TechLead,ok
UCOk2CgtW_euf-9w34fnYQnA,Chronicle - Medieval History Documentaries,history_civilization,1,1,140737,140737,https://www.youtube.com/channel/UCOk2CgtW_euf-9w34fnYQnA/videos,891K subscribers,891000,"149,151,376 views",149151376,"Joined Jun 11, 2021",2021-06-11,504 videos,504,United Kingdom,http://www.youtube.com/@ChronicleMedieval,ok
UCRxTw7KfR1afSuRHDzkyHNA,pepecore.,history_civilization,1,1,127703,127703,https://www.youtube.com/channel/UCRxTw7KfR1afSuRHDzkyHNA/videos,6.85K subscribers,6850,"552,700 views",552700,"Joined May 24, 2026",2026-05-24,12 videos,12,Canada,http://www.youtube.com/@pepecore-1,ok
UCeBQ24VfikOriqSdKtomh0w,The Iced Coffee Hour Clips,practical_lifestyle,1,1,126280,126280,https://www.youtube.com/channel/UCeBQ24VfikOriqSdKtomh0w/videos,441K subscribers,441000,"384,587,710 views",384587710,"Joined Mar 23, 2021",2021-03-23,"3,130 videos",3130,United States,http://www.youtube.com/@TheIcedCoffeeHourClips,ok
UCRBxiybrJl5YYJDJuKVVCsg,The Truth IS,culture_entertainment,4,4,135497,116633,https://www.youtube.com/channel/UCRBxiybrJl5YYJDJuKVVCsg/videos,448K subscribers,448000,"81,588,419 views",81588419,"Joined Feb 9, 2021",2021-02-09,"1,031 videos",1031,United States,http://www.youtube.com/@TheTruthIS,ok
UCPx37Sxf0nrTzd8JA2DHGwg,History After Dark,history_civilization,2,2,124488,113883,https://www.youtube.com/channel/UCPx37Sxf0nrTzd8JA2DHGwg/videos,70.2K subscribers,70200,"4,009,655 views",4009655,"Joined May 17, 2025",2025-05-17,39 videos,39,Germany,http://www.youtube.com/@historyafterdarkfilms,ok
UCBuAkf7VY9EylKftT70RVoA,Reconic,crime_scams_mystery,1,1,121406,121406,https://www.youtube.com/channel/UCBuAkf7VY9EylKftT70RVoA/videos,224K subscribers,224000,"108,332,707 views",108332707,"Joined Jul 25, 2021",2021-07-25,190 videos,190,India,http://www.youtube.com/@RealReconic,ok
UC32XD2TGOG0He0Ikxc7it4Q,Kaushik Bhattacharjee,technology_ai,1,1,121311,121311,https://www.youtube.com/channel/UC32XD2TGOG0He0Ikxc7it4Q/videos,343K subscribers,343000,"50,933,707 views",50933707,"Joined Jul 21, 2018",2018-07-21,276 videos,276,India,http://www.youtube.com/@Kaushikantariksh,ok
UCeMcDx6-rOq_RlKSPehk2tQ,The Space Race,science_engineering,1,1,134429,134429,https://www.youtube.com/channel/UCeMcDx6-rOq_RlKSPehk2tQ/videos,855K subscribers,855000,"190,844,498 views",190844498,"Joined Jul 20, 2021",2021-07-20,465 videos,465,Canada,http://www.youtube.com/@TheSpaceRaceYT,ok
UCU46OjqSzu4IDAWiruWYuYQ,Easy Documentary Nature,science_engineering,1,1,119730,119730,https://www.youtube.com/channel/UCU46OjqSzu4IDAWiruWYuYQ/videos,8.57K subscribers,8570,"1,397,841 views",1397841,"Joined Mar 8, 2024",2024-03-08,138 videos,138,France,http://www.youtube.com/@EasyDocumentaryNature,ok
UC8t5I0joFuaInR9oNPKjpyQ,Studio Number Six,culture_entertainment,1,1,119327,119327,https://www.youtube.com/channel/UC8t5I0joFuaInR9oNPKjpyQ/videos,302K subscribers,302000,"184,831,555 views",184831555,"Joined Jan 1, 2023",2023-01-01,460 videos,460,United Kingdom,http://www.youtube.com/@studionumbersix,ok
UC4fjzzxyd-osNfUGVaFoXLg,The Drowsy Astronaut,practical_lifestyle,1,1,115791,115791,https://www.youtube.com/channel/UC4fjzzxyd-osNfUGVaFoXLg/videos,3.16K subscribers,3160,"416,535 views",416535,"Joined Aug 25, 2025",2025-08-25,129 videos,129,,http://www.youtube.com/@TheDrowsyAstronaut,ok
UC3lv_rnB5LgXW8t9sUH3hXw,DisastersUncovered,business_economics,1,1,111760,111760,https://www.youtube.com/channel/UC3lv_rnB5LgXW8t9sUH3hXw/videos,31.9K subscribers,31900,"4,829,499 views",4829499,"Joined Dec 22, 2024",2024-12-22,81 videos,81,United Kingdom,http://www.youtube.com/@disastersuncovered,ok
UCVjsbqKtxkLt7bal4NWRjJQ,The Take,culture_entertainment,1,1,115614,115614,https://www.youtube.com/channel/UCVjsbqKtxkLt7bal4NWRjJQ/videos,1.52M subscribers,1520000,"478,379,447 views",478379447,"Joined Apr 12, 2016",2016-04-12,"1,613 videos",1613,United States,http://www.youtube.com/@thetake,ok
UCu2Xw0RIQUwkPNAtYW9xb8A,The Prateek World,consumer_systems,1,1,109369,109369,https://www.youtube.com/channel/UCu2Xw0RIQUwkPNAtYW9xb8A/videos,169K subscribers,169000,"100,561,350 views",100561350,"Joined Aug 6, 2021",2021-08-06,"1,072 videos",1072,India,http://www.youtube.com/@theprateekworld,ok
UCpPc2Y6D9538RWtcage4o2w,TrackID,culture_entertainment,1,1,106820,106820,https://www.youtube.com/channel/UCpPc2Y6D9538RWtcage4o2w/videos,7.52K subscribers,7520,"1,442,414 views",1442414,"Joined Apr 10, 2007",2007-04-10,18 videos,18,,http://www.youtube.com/@trackID-w6h,ok
UCOch_vMp7AKaiGE7e6kSHfg,How to Survive Show,business_economics,1,1,111312,111312,https://www.youtube.com/channel/UCOch_vMp7AKaiGE7e6kSHfg/videos,2.12M subscribers,2120000,"513,203,793 views",513203793,"Joined Mar 10, 2016",2016-03-10,"1,059 videos",1059,United States,http://www.youtube.com/@howtosurviveshow,ok
UCzQ2FFVe7m8yIgzXMZtlSjg,Steve Eisman,technology_ai,1,1,105812,105812,https://www.youtube.com/channel/UCzQ2FFVe7m8yIgzXMZtlSjg/videos,191K subscribers,191000,"15,987,447 views",15987447,"Joined Apr 3, 2025",2025-04-03,444 videos,444,,http://www.youtube.com/@RealEismanPlaybook,ok
UCf-U0uPVQZtcqXUWa_Hl4Mw,Into the Shadows,work_career_education,1,1,103232,103232,https://www.youtube.com/channel/UCf-U0uPVQZtcqXUWa_Hl4Mw/videos,1.26M subscribers,1260000,"200,344,123 views",200344123,"Joined Aug 5, 2021",2021-08-05,552 videos,552,Czechia,http://www.youtube.com/@IntotheShadows,ok
UCuQxN9hstqdLA0sv8kWx5dg,Archeovest,nature_animals,1,1,101974,101974,https://www.youtube.com/channel/UCuQxN9hstqdLA0sv8kWx5dg/videos,2.36K subscribers,2360,"605,065 views",605065,"Joined Oct 31, 2007",2007-10-31,80 videos,80,,http://www.youtube.com/@Archeovest,ok
UCsvqVGtbbyHaMoevxPAq9Fg,Simplilearn,technology_ai,1,1,98373,98373,https://www.youtube.com/channel/UCsvqVGtbbyHaMoevxPAq9Fg/videos,6.72M subscribers,6720000,"570,224,115 views",570224115,"Joined Oct 29, 2009",2009-10-29,"12,296 videos",12296,United States,http://www.youtube.com/@SimplilearnOfficial,ok
UCYB8cOzzg6zijuq6luCrYyQ,RKH Media,consumer_systems,1,1,100367,100367,https://www.youtube.com/channel/UCYB8cOzzg6zijuq6luCrYyQ/videos,130K subscribers,130000,"34,807,439 views",34807439,"Joined Nov 29, 2023",2023-11-29,444 videos,444,Australia,http://www.youtube.com/@RKHMedia_,ok
UCu4XcDBdnZkV6-5z2f16M0g,Real Stories,crime_scams_mystery,1,1,97702,97702,https://www.youtube.com/channel/UCu4XcDBdnZkV6-5z2f16M0g/videos,6.74M subscribers,6740000,"1,041,741,661 views",1041741661,"Joined Feb 16, 2015",2015-02-16,"1,354 videos",1354,United Kingdom,http://www.youtube.com/@RealStories,ok
UCu7oxHVBemRuErORN6P1R6w,Inside Archaeology,history_civilization,1,1,97145,97145,https://www.youtube.com/channel/UCu7oxHVBemRuErORN6P1R6w/videos,100K subscribers,100000,"4,207,880 views",4207880,"Joined Nov 17, 2015",2015-11-17,454 videos,454,United Kingdom,http://www.youtube.com/@Inside_Archaeology,ok
UCawZsQWqfGSbCI5yjkdVkTA,Matthew Berman,technology_ai,1,1,94196,94196,https://www.youtube.com/channel/UCawZsQWqfGSbCI5yjkdVkTA/videos,630K subscribers,630000,"88,014,557 views",88014557,"Joined Jan 27, 2008",2008-01-27,"1,096 videos",1096,United States,http://www.youtube.com/@matthew_berman,ok
UCCsREoj8rSRkEvxWqxr74rQ,Cybernews,technology_ai,1,1,93876,93876,https://www.youtube.com/channel/UCCsREoj8rSRkEvxWqxr74rQ/videos,937K subscribers,937000,"120,755,455 views",120755455,"Joined Jul 22, 2020",2020-07-22,"2,546 videos",2546,United States,http://www.youtube.com/@cybernews,ok
UC-FK_0fNqLy0TbP9DM9buiw,Omar Najjarine,psychology_society,1,1,95012,95012,https://www.youtube.com/channel/UC-FK_0fNqLy0TbP9DM9buiw/videos,8.66K subscribers,8660,"371,375 views",371375,"Joined Apr 16, 2018",2018-04-16,95 videos,95,United States,http://www.youtube.com/@omarnajjarine,ok
UCoMdktPbSTixAyNGwb-UYkQ,Sky News,work_career_education,2,1,94101,78098,https://www.youtube.com/channel/UCoMdktPbSTixAyNGwb-UYkQ/videos,9.33M subscribers,9330000,"5,946,942,083 views",5946942083,"Joined Jun 12, 2006",2006-06-12,"76,696 videos",76696,United Kingdom,http://www.youtube.com/@SkyNews,ok
UC4UVmkFWcqT6aHPG6tRAlvA,Cheatham Media,consumer_systems,1,1,88874,88874,https://www.youtube.com/channel/UC4UVmkFWcqT6aHPG6tRAlvA/videos,43K subscribers,43000,"4,372,401 views",4372401,"Joined Oct 28, 2025",2025-10-28,89 videos,89,,http://www.youtube.com/@CheathamMedia,ok
UCD8g_HsWfrBUmm-EepMaHHg,Hidden Film,practical_lifestyle,1,1,87928,87928,https://www.youtube.com/channel/UCD8g_HsWfrBUmm-EepMaHHg/videos,11.1K subscribers,11100,"6,086,173 views",6086173,"Joined Dec 8, 2025",2025-12-08,49 videos,49,India,http://www.youtube.com/@HiddenFilm1m,ok
UC42T20axeJ0I8Htezap9PiQ,Monstrous Machines,history_civilization,1,1,87689,87689,https://www.youtube.com/channel/UC42T20axeJ0I8Htezap9PiQ/videos,2.56K subscribers,2560,"537,581 views",537581,"Joined Apr 10, 2026",2026-04-10,29 videos,29,United States,http://www.youtube.com/@monstrousmachines1,ok
UC3vnHYOJk10ixaOrbgEhvLQ,Wayne Turner,practical_lifestyle,1,1,87681,87681,https://www.youtube.com/channel/UC3vnHYOJk10ixaOrbgEhvLQ/videos,566K subscribers,566000,"58,274,610 views",58274610,"Joined Apr 2, 2008",2008-04-02,618 videos,618,United States,http://www.youtube.com/@TheRealWayneTurner,ok
UCu6WUWDl9tx7bn2e8jy7sNw,Yudi J,practical_lifestyle,1,1,87490,87490,https://www.youtube.com/channel/UCu6WUWDl9tx7bn2e8jy7sNw/videos,314K subscribers,314000,"60,475,466 views",60475466,"Joined Jul 22, 2018",2018-07-22,"2,252 videos",2252,United States,http://www.youtube.com/@YudiJ,ok
UCc8mgmxzl_Yhf9PlvElZ68w,Marissa Van,work_career_education,1,1,87578,87578,https://www.youtube.com/channel/UCc8mgmxzl_Yhf9PlvElZ68w/videos,44.2K subscribers,44200,"6,493,278 views",6493278,"Joined Jan 29, 2025",2025-01-29,58 videos,58,United States,http://www.youtube.com/@Marissa-Van,ok
UCrbT82fJGrSRXkNaxE7aYPQ,World Affairs In Context,work_career_education,1,1,84168,84168,https://www.youtube.com/channel/UCrbT82fJGrSRXkNaxE7aYPQ/videos,611K subscribers,611000,"74,998,383 views",74998383,"Joined May 6, 2020",2020-05-06,793 videos,793,United States,http://www.youtube.com/@lenapetrova,ok
UCqBkdAuMACt37Ek6p4BemVA,Social Symone ♡,work_career_education,1,1,86540,86540,https://www.youtube.com/channel/UCqBkdAuMACt37Ek6p4BemVA/videos,340K subscribers,340000,"75,021,371 views",75021371,"Joined Mar 12, 2022",2022-03-12,560 videos,560,United States,http://www.youtube.com/@SocialSymone,ok
UCmZ9rAoFzPOKQbYutepd_5g,Michael Burns,psychology_society,1,1,82308,82308,https://www.youtube.com/channel/UCmZ9rAoFzPOKQbYutepd_5g/videos,212K subscribers,212000,"6,821,495 views",6821495,"Joined May 29, 2008",2008-05-29,45 videos,45,United States,http://www.youtube.com/@MichaelOBurns,ok
UCVogAsASqbceBmQMi1WA39g,ARTE.tv Documentary,technology_ai,1,1,83426,83426,https://www.youtube.com/channel/UCVogAsASqbceBmQMi1WA39g/videos,611K subscribers,611000,"64,625,420 views",64625420,"Joined Feb 17, 2014",2014-02-17,"1,383 videos",1383,United Kingdom,http://www.youtube.com/@artetvdocumentary,ok
UCBi2mrWuNuyYy4gbM6fU18Q,ABC News,psychology_society,1,1,78087,78087,https://www.youtube.com/channel/UCBi2mrWuNuyYy4gbM6fU18Q/videos,19.8M subscribers,19800000,"18,774,551,681 views",18774551681,"Joined Aug 7, 2006",2006-08-07,"118,633 videos",118633,United States,http://www.youtube.com/@ABCNews,ok
UC1zbeu02sJejIYi8h3mK2Gg,Echo of the Forests,nature_animals,1,1,77739,77739,https://www.youtube.com/channel/UC1zbeu02sJejIYi8h3mK2Gg/videos,6.16K subscribers,6160,"1,195,801 views",1195801,"Joined Jan 23, 2025",2025-01-23,143 videos,143,United States,http://www.youtube.com/@EchooftheForests,ok
UC06KL-Br-0EJNgbhvCHh2EQ,WILD Nature - Free Documentary,nature_animals,1,1,78626,78626,https://www.youtube.com/channel/UC06KL-Br-0EJNgbhvCHh2EQ/videos,43.2K subscribers,43200,"10,629,505 views",10629505,"Joined Jun 28, 2007",2007-06-28,108 videos,108,United States,http://www.youtube.com/@wildnaturedocumentaryus,ok
UCButGmXFqWNU-UxK7umP6yQ,Religious Story TV,history_civilization,1,1,75829,75829,https://www.youtube.com/channel/UCButGmXFqWNU-UxK7umP6yQ/videos,880K subscribers,880000,"71,299,351 views",71299351,"Joined Aug 26, 2013",2013-08-26,293 videos,293,Malta,http://www.youtube.com/@ReligiousStoryTV,ok
UCfi5WDLF5paBigZnKSsPiEw,VICE Vault,geography_logistics,1,1,76633,76633,https://www.youtube.com/channel/UCfi5WDLF5paBigZnKSsPiEw/videos,86.7K subscribers,86700,"14,485,822 views",14485822,"Joined Jul 22, 2025",2025-07-22,149 videos,149,United Kingdom,http://www.youtube.com/@VICEVaultChannel,ok
UC6AwWrRKNrwt83CMJqeTUzw,Mr. Finance,culture_entertainment,1,1,73065,73065,https://www.youtube.com/channel/UC6AwWrRKNrwt83CMJqeTUzw/videos,65.4K subscribers,65400,"2,073,586 views",2073586,"Joined Jun 28, 2026",2026-06-28,66 videos,66,,http://www.youtube.com/@misterfinanceyt,ok
UCzCsyvyrq38R6TnztEzOmgg,ByteMonk,work_career_education,1,1,76365,76365,https://www.youtube.com/channel/UCzCsyvyrq38R6TnztEzOmgg/videos,396K subscribers,396000,"19,354,990 views",19354990,"Joined Nov 13, 2021",2021-11-13,549 videos,549,United States,http://www.youtube.com/@ByteMonk,ok
UCcUEjyUhd-s3Dj0TS0Ekjow,Sleepy History with Oliver,history_civilization,1,1,72211,72211,https://www.youtube.com/channel/UCcUEjyUhd-s3Dj0TS0Ekjow/videos,30.2K subscribers,30200,"2,748,433 views",2748433,"Joined Jan 31, 2026",2026-01-31,188 videos,188,United States,http://www.youtube.com/@SleepyHistorywithOliver,ok
UCLXo7UDZvByw2ixzpQCufnA,Vox,psychology_society,1,1,68574,68574,https://www.youtube.com/channel/UCLXo7UDZvByw2ixzpQCufnA/videos,12.7M subscribers,12700000,"3,839,285,535 views",3839285535,"Joined Mar 4, 2014",2014-03-04,"2,354 videos",2354,United States,http://www.youtube.com/@Vox,ok
UCm5iBOcQ0GET_2FqFI61QDA,Cara Nicole,work_career_education,1,1,70063,70063,https://www.youtube.com/channel/UCm5iBOcQ0GET_2FqFI61QDA/videos,289K subscribers,289000,"33,419,591 views",33419591,"Joined Jul 13, 2013",2013-07-13,560 videos,560,United States,http://www.youtube.com/@thefinancialfreedomgirl,ok
UC3ScyryU9Oy9Wse3a8OAmYQ,FRONTLINE PBS | Official,consumer_systems,1,1,65763,65763,https://www.youtube.com/channel/UC3ScyryU9Oy9Wse3a8OAmYQ/videos,4.34M subscribers,4340000,"988,838,093 views",988838093,"Joined Aug 7, 2013",2013-08-07,"1,260 videos",1260,United States,http://www.youtube.com/@frontline,ok
UCRu-HFgvI8sALbKQg5F1mCg,Gravity of Frame,culture_entertainment,1,1,61946,61946,https://www.youtube.com/channel/UCRu-HFgvI8sALbKQg5F1mCg/videos,386 subscribers,386,"77,455 views",77455,"Joined Sep 5, 2025",2025-09-05,28 videos,28,United States,http://www.youtube.com/@GravityofFrame,ok
UCsg20ERGZt9eHVZRXROJSqg,Brett Malinowski,work_career_education,1,1,59524,59524,https://www.youtube.com/channel/UCsg20ERGZt9eHVZRXROJSqg/videos,524K subscribers,524000,"15,111,072 views",15111072,"Joined Nov 7, 2017",2017-11-07,78 videos,78,United States,http://www.youtube.com/@TheBrettWay,ok
UC-q-_DVLrAfmVApgnJTIa9A,Jaydone History,history_civilization,1,1,60436,60436,https://www.youtube.com/channel/UC-q-_DVLrAfmVApgnJTIa9A/videos,208K subscribers,208000,"38,085,848 views",38085848,"Joined Oct 24, 2021",2021-10-24,175 videos,175,United States,http://www.youtube.com/@jaydonehistory,ok
UC2NRf0-PH8IiMq5uA5FHJnA,quack doc,geography_logistics,1,1,56698,56698,https://www.youtube.com/channel/UC2NRf0-PH8IiMq5uA5FHJnA/videos,156K subscribers,156000,"25,319,685 views",25319685,"Joined Jan 22, 2023",2023-01-22,128 videos,128,United States,http://www.youtube.com/@quackdoc,ok
UCqUbOMOi-G__aTSOQmNCXpw,Hidden Compass,geography_logistics,1,1,56273,56273,https://www.youtube.com/channel/UCqUbOMOi-G__aTSOQmNCXpw/videos,16.4K subscribers,16400,"1,837,704 views",1837704,"Joined Mar 16, 2026",2026-03-16,60 videos,60,United States,http://www.youtube.com/@HiddenCompass-1,ok
UC6dI8msF1_I9HuDSvMtk_nQ,Akshon,culture_entertainment,1,1,57515,57515,https://www.youtube.com/channel/UC6dI8msF1_I9HuDSvMtk_nQ/videos,371K subscribers,371000,"194,225,592 views",194225592,"Joined May 19, 2016",2016-05-19,"2,095 videos",2095,Canada,http://www.youtube.com/@Akshonmedia,ok
UCZb1qK7zbqUui8Lm1muQNUg,VIVEK SINGH,crime_scams_mystery,1,1,56674,56674,https://www.youtube.com/channel/UCZb1qK7zbqUui8Lm1muQNUg/videos,1.08K subscribers,1080,"122,536 views",122536,"Joined Aug 7, 2025",2025-08-07,23 videos,23,India,http://www.youtube.com/@VIVEKSINGHTV,ok
UCN6jLlWVXaBCbfSopYOId1g,Front Page,geography_logistics,1,1,53643,53643,https://www.youtube.com/channel/UCN6jLlWVXaBCbfSopYOId1g/videos,119K subscribers,119000,"13,659,697 views",13659697,"Joined Jan 22, 2024",2024-01-22,525 videos,525,United States,http://www.youtube.com/@frontpagechannel,ok
UCEn5V6xJZxLfOm94fvo2wUw,Animated Archives HQ,crime_scams_mystery,1,1,51904,51904,https://www.youtube.com/channel/UCEn5V6xJZxLfOm94fvo2wUw/videos,379 subscribers,379,"51,163 views",51163,"Joined Jul 25, 2026",2026-07-25,11 videos,11,Saudi Arabia,http://www.youtube.com/@AnimatedArchivesHQ,ok
UC3yFifJYlb7LHk02tw36l0A,Fragments of History,history_civilization,1,1,51739,51739,https://www.youtube.com/channel/UC3yFifJYlb7LHk02tw36l0A/videos,17.9K subscribers,17900,"1,733,568 views",1733568,"Joined Jan 2, 2025",2025-01-02,167 videos,167,United States,http://www.youtube.com/@FragmentsofHistory01,ok
UCq_e7utqXqmxS2nmeLNWoew,Extreme Survival Stories,nature_animals,1,1,52542,52542,https://www.youtube.com/channel/UCq_e7utqXqmxS2nmeLNWoew/videos,27.4K subscribers,27400,"4,664,377 views",4664377,"Joined Jan 4, 2025",2025-01-04,88 videos,88,Poland,http://www.youtube.com/@ExtremeSurvivalStories,ok
UCke17z8av7hd9inAqH9n6xA,Emwelds,culture_entertainment,1,1,50580,50580,https://www.youtube.com/channel/UCke17z8av7hd9inAqH9n6xA/videos,5.8K subscribers,5800,"6,584,552 views",6584552,"Joined Aug 30, 2016",2016-08-30,22 videos,22,Australia,http://www.youtube.com/@Emwelds,ok
UCKelCK4ZaO6HeEI1KQjqzWA,The AI Daily Brief: Artificial Intelligence News,work_career_education,1,1,51008,51008,https://www.youtube.com/channel/UCKelCK4ZaO6HeEI1KQjqzWA/videos,585K subscribers,585000,"12,120,043 views",12120043,"Joined Apr 9, 2023",2023-04-09,"1,476 videos",1476,United States,http://www.youtube.com/@AIDailyBrief,ok
UCkRmoZiR_SOssKA89m1eYJg,Only Human,psychology_society,1,1,50062,50062,https://www.youtube.com/channel/UCkRmoZiR_SOssKA89m1eYJg/videos,2.79M subscribers,2790000,"384,941,339 views",384941339,"Joined Oct 23, 2013",2013-10-23,966 videos,966,United Kingdom,http://www.youtube.com/@OnlyHumanDocs,ok
UCGaE6BmH_h2eOo12binZ2Tg,BrainPilot,consumer_systems,1,1,50357,50357,https://www.youtube.com/channel/UCGaE6BmH_h2eOo12binZ2Tg/videos,360K subscribers,360000,"195,021,981 views",195021981,"Joined Jun 18, 2016",2016-06-18,"2,211 videos",2211,United Kingdom,http://www.youtube.com/@BrainPilot,ok
UCGRryxFxjXbVAtBPE9EbyMg,Joe Bartolozzi,internet_mysteries,1,1,4512216,4512216,https://www.youtube.com/channel/UCGRryxFxjXbVAtBPE9EbyMg/videos,5.71M subscribers,5710000,"2,115,529,437 views",2115529437,"Joined Jun 1, 2020",2020-06-01,"1,235 videos",1235,United States,http://www.youtube.com/@JoeBartolozzi,ok
UCoZd78hRUdxxsuGiABuHF_A,Historically,history_reconstruction,1,1,6535187,6535187,https://www.youtube.com/channel/UCoZd78hRUdxxsuGiABuHF_A/videos,1.36M subscribers,1360000,"349,938,653 views",349938653,"Joined Mar 8, 2023",2023-03-08,70 videos,70,Netherlands,http://www.youtube.com/@HeyHistorically,ok
UCTmNedKNPb9LtVqAjH-D4Uw,Aurelume Films,speculative_scifi,1,1,3003837,3003837,https://www.youtube.com/channel/UCTmNedKNPb9LtVqAjH-D4Uw/videos,57.9K subscribers,57900,"8,309,014 views",8309014,"Joined Dec 31, 2025",2025-12-31,7 videos,7,United States,http://www.youtube.com/@AurelumeFilms,ok
UCxgAuX3XZROujMmGphN_scA,Mark Tilbury,economic_explainers,1,1,6071991,6071991,https://www.youtube.com/channel/UCxgAuX3XZROujMmGphN_scA/videos,8.85M subscribers,8850000,"2,346,966,369 views",2346966369,"Joined Mar 15, 2014",2014-03-15,367 videos,367,United Kingdom,http://www.youtube.com/@marktilbury,ok
UCIFk2uvCNcEmZ77g0ESKLcQ,The Why Files,speculative_scifi,1,1,3542197,3542197,https://www.youtube.com/channel/UCIFk2uvCNcEmZ77g0ESKLcQ/videos,5.94M subscribers,5940000,"1,243,883,594 views",1243883594,"Joined Sep 16, 2020",2020-09-16,502 videos,502,United States,http://www.youtube.com/@TheWhyFiles,ok
UCx4MRJZPmX9rb6Y7PGmU2Bg,Survive Plus,wildlife_documentaries,1,1,2724903,2724903,https://www.youtube.com/channel/UCx4MRJZPmX9rb6Y7PGmU2Bg/videos,64K subscribers,64000,"12,561,128 views",12561128,"Joined Jul 28, 2025",2025-07-28,147 videos,147,United Kingdom,http://www.youtube.com/@SurvivePlus,ok
UCtEtiJyqe8KnUb5jEF3SiEQ,kwy true tale,speculative_scifi,1,1,2597919,2597919,https://www.youtube.com/channel/UCtEtiJyqe8KnUb5jEF3SiEQ/videos,79.8K subscribers,79800,"8,839,703 views",8839703,"Joined Dec 22, 2025",2025-12-22,9 videos,9,,http://www.youtube.com/@kwytruetale,ok
UCGy7SkBjcIAgTiwkXEtPnYg,Andrei Jikh,economic_explainers,3,3,2824397,1604087,https://www.youtube.com/channel/UCGy7SkBjcIAgTiwkXEtPnYg/videos,3.35M subscribers,3350000,"451,511,324 views",451511324,"Joined Mar 23, 2017",2017-03-23,"1,304 videos",1304,United States,http://www.youtube.com/@AndreiJikh,ok
UC00ifCvU8YOOzbL3RdiSTDw,GetsetflySCIENCE by Gaurav Thakur,speculative_scifi,1,1,2937925,2937925,https://www.youtube.com/channel/UC00ifCvU8YOOzbL3RdiSTDw/videos,9.83M subscribers,9830000,"1,433,640,484 views",1433640484,"Joined Feb 18, 2017",2017-02-18,493 videos,493,India,http://www.youtube.com/@GetSetFly,ok
UCwm2tuDiDGGuULDIx18hEWQ,WildVerse,wildlife_documentaries,4,4,2021748,264990,https://www.youtube.com/channel/UCwm2tuDiDGGuULDIx18hEWQ/videos,30.8K subscribers,30800,"13,376,180 views",13376180,"Joined Jul 18, 2025",2025-07-18,108 videos,108,Netherlands,http://www.youtube.com/@wildversechannel,ok
UCHUQEbNQBqO4hj7cxRxUPvQ,Gen-Z Way,economic_explainers,1,1,1955456,1955456,https://www.youtube.com/channel/UCHUQEbNQBqO4hj7cxRxUPvQ/videos,1.25M subscribers,1250000,"1,377,846,489 views",1377846489,"Joined Feb 28, 2021",2021-02-28,892 videos,892,,http://www.youtube.com/@GenZway,ok
UCmbF1cyNa6y7uNYiqYmSVJw,LITTLE BIT BETTER,economic_explainers,1,1,2306817,2306817,https://www.youtube.com/channel/UCmbF1cyNa6y7uNYiqYmSVJw/videos,1.32M subscribers,1320000,"76,699,180 views",76699180,"Joined Apr 8, 2021",2021-04-08,136 videos,136,Czechia,http://www.youtube.com/@littlebitbetter7,ok
UC7mNX1WWghL-zFDkK55sLAg,Movie union,speculative_scifi,1,1,1966073,1966073,https://www.youtube.com/channel/UC7mNX1WWghL-zFDkK55sLAg/videos,379K subscribers,379000,"102,400,800 views",102400800,"Joined Nov 19, 2023",2023-11-19,223 videos,223,Poland,http://www.youtube.com/@Movieunion1,ok
UCAcoda6jlC-xpxGhwW7yFZw,Matt Reconstructs History,history_reconstruction,2,2,1664184,1276332,https://www.youtube.com/channel/UCAcoda6jlC-xpxGhwW7yFZw/videos,108K subscribers,108000,"6,689,311 views",6689311,"Joined Jul 25, 2024",2024-07-25,21 videos,21,Portugal,http://www.youtube.com/@Matt_Reconstructs_History,ok
UCoJk14THeWd-KSMpXGtgRXQ,RICHARD TOMSON,speculative_scifi,1,1,1407162,1407162,https://www.youtube.com/channel/UCoJk14THeWd-KSMpXGtgRXQ/videos,16.6K subscribers,16600,"2,255,997 views",2255997,"Joined Sep 9, 2014",2014-09-09,28 videos,28,Sweden,http://www.youtube.com/@RichardTomson,ok
UC1KmNKYC1l0stjctkGswl6g,After Skool,speculative_scifi,1,1,1622605,1622605,https://www.youtube.com/channel/UC1KmNKYC1l0stjctkGswl6g/videos,3.78M subscribers,3780000,"284,098,778 views",284098778,"Joined Jul 24, 2016",2016-07-24,251 videos,251,,http://www.youtube.com/@AfterSkool,ok
UCqOoboPm3uhY_YXhvhmL-WA,Discovery,wildlife_documentaries,1,1,1354235,1354235,https://www.youtube.com/channel/UCqOoboPm3uhY_YXhvhmL-WA/videos,6.48M subscribers,6480000,"2,815,053,785 views",2815053785,"Joined Dec 13, 2006",2006-12-13,"9,190 videos",9190,United States,http://www.youtube.com/@discovery,ok
UC65IEk6PTfRZzyvrcYypHQg,Parallel Pipes,internet_mysteries,2,2,1334080,935437,https://www.youtube.com/channel/UC65IEk6PTfRZzyvrcYypHQg/videos,535K subscribers,535000,"56,503,849 views",56503849,"Joined Dec 12, 2019",2019-12-12,23 videos,23,,http://www.youtube.com/@ParallelPipes,ok
UC14Fb2zWTEZklONPXFbLrTQ,Primate Economics,economic_explainers,2,2,1114709,770694,https://www.youtube.com/channel/UC14Fb2zWTEZklONPXFbLrTQ/videos,573K subscribers,573000,"31,445,163 views",31445163,"Joined Feb 15, 2022",2022-02-15,28 videos,28,Australia,http://www.youtube.com/@Primateeconomics,ok
UCOpzwVUNsep7FpN5687XYEA,Sci-Fi Central,speculative_scifi,2,2,1089485,548152,https://www.youtube.com/channel/UCOpzwVUNsep7FpN5687XYEA/videos,1.4M subscribers,1400000,"346,099,402 views",346099402,"Joined Apr 8, 2015",2015-04-08,"1,278 videos",1278,United States,http://www.youtube.com/@Sci-FiCentral,ok
UCxoz4YfS4M3H3C57FD4jW4Q,Science Time,speculative_scifi,1,1,1019577,1019577,https://www.youtube.com/channel/UCxoz4YfS4M3H3C57FD4jW4Q/videos,1.16M subscribers,1160000,"199,836,595 views",199836595,"Joined Aug 17, 2019",2019-08-17,562 videos,562,Portugal,http://www.youtube.com/@ScienceTime24,ok
UCXgYsaO70gBNGcmpGKnln1Q,Worlds Before Us,history_reconstruction,2,2,947496,617621,https://www.youtube.com/channel/UCXgYsaO70gBNGcmpGKnln1Q/videos,42.9K subscribers,42900,"4,016,207 views",4016207,"Joined Jan 8, 2026",2026-01-08,63 videos,63,Portugal,http://www.youtube.com/@WorldsBeforeUsofficial,ok
UCPPrhcXtGR2aMoxrPJRKPLg,Para Bellum,history_reconstruction,1,1,934568,934568,https://www.youtube.com/channel/UCPPrhcXtGR2aMoxrPJRKPLg/videos,146K subscribers,146000,"14,054,077 views",14054077,"Joined Sep 18, 2022",2022-09-18,106 videos,106,Poland,http://www.youtube.com/@ParaBellumHistoryChannel,ok
UCqD5_a82vcsECJQfmlAoZ-Q,Easy Documentary,speculative_scifi,1,1,911139,911139,https://www.youtube.com/channel/UCqD5_a82vcsECJQfmlAoZ-Q/videos,70.3K subscribers,70300,"10,122,148 views",10122148,"Joined Aug 18, 2023",2023-08-18,272 videos,272,,http://www.youtube.com/@EasyDocumentary,ok
UCvQ_EDuk8w67a2UkCS1ptbA,Area52,speculative_scifi,1,1,949687,949687,https://www.youtube.com/channel/UCvQ_EDuk8w67a2UkCS1ptbA/videos,580K subscribers,580000,"70,308,774 views",70308774,"Joined May 16, 2023",2023-05-16,259 videos,259,Canada,http://www.youtube.com/@Area52Investigations,ok
UCpHaAKu74UHvcYCi2g_PvBQ,Shout! Studios,speculative_scifi,1,1,897771,897771,https://www.youtube.com/channel/UCpHaAKu74UHvcYCi2g_PvBQ/videos,1.34M subscribers,1340000,"638,609,522 views",638609522,"Joined Jan 17, 2007",2007-01-17,"5,152 videos",5152,United States,http://www.youtube.com/@ShoutStudios,ok
UCLuIudjbquBATgqkIJxQi6A,Animated History ,history_civilization|history_reconstruction,2,2,822378,822378,https://www.youtube.com/channel/UCLuIudjbquBATgqkIJxQi6A/videos,64.2K subscribers,64200,"6,514,786 views",6514786,"Joined Oct 5, 2025",2025-10-05,14 videos,14,Netherlands,http://www.youtube.com/@AnimatedHistoryy,ok
UCotwjyJnb-4KW7bmsOoLfkg,Art of the Problem,speculative_scifi,1,1,806895,806895,https://www.youtube.com/channel/UCotwjyJnb-4KW7bmsOoLfkg/videos,386K subscribers,386000,"25,326,892 views",25326892,"Joined Jun 11, 2011",2011-06-11,173 videos,173,Canada,http://www.youtube.com/@ArtOfTheProblem,ok
UCm8EZfto3AdXqklkb2k550w,FING,internet_mysteries,1,1,804151,804151,https://www.youtube.com/channel/UCm8EZfto3AdXqklkb2k550w/videos,1.94M subscribers,1940000,"180,802,946 views",180802946,"Joined Mar 6, 2012",2012-03-06,247 videos,247,India,http://www.youtube.com/@FING.,ok
UCR0v_ZA8zKJwxpU9HpDq3fQ,We Got Movies,speculative_scifi,1,1,811852,811852,https://www.youtube.com/channel/UCR0v_ZA8zKJwxpU9HpDq3fQ/videos,165K subscribers,165000,"41,890,642 views",41890642,"Joined Nov 2, 2016",2016-11-02,418 videos,418,United States,http://www.youtube.com/@WeGotMoviess,ok
UC8GlzFmANazkqEEojSl1ETA,Doctor NOS,wildlife_documentaries,1,1,729771,729771,https://www.youtube.com/channel/UC8GlzFmANazkqEEojSl1ETA/videos,1.96M subscribers,1960000,"779,415,832 views",779415832,"Joined Apr 19, 2017",2017-04-19,992 videos,992,United States,http://www.youtube.com/@DoctorNOS,ok
UCHa1_v_jRPdJFdU9tmOwxDA,Gaurav katare Extra,internet_mysteries,1,1,774879,774879,https://www.youtube.com/channel/UCHa1_v_jRPdJFdU9tmOwxDA/videos,4.74M subscribers,4740000,"976,788,693 views",976788693,"Joined Dec 26, 2015",2015-12-26,356 videos,356,India,http://www.youtube.com/@gauravkatareextra,ok
UCcxQHI0pPuOQWLaTJJZoBIQ,ReYOUniverse,speculative_scifi,1,1,722068,722068,https://www.youtube.com/channel/UCcxQHI0pPuOQWLaTJJZoBIQ/videos,795K subscribers,795000,"175,984,447 views",175984447,"Joined Mar 23, 2021",2021-03-23,272 videos,272,United States,http://www.youtube.com/@ryv,ok
UC31GyoVAjRLLK9Nh4298PzA,iamLucid,economic_explainers,1,1,719199,719199,https://www.youtube.com/channel/UC31GyoVAjRLLK9Nh4298PzA/videos,1.01M subscribers,1010000,"89,813,838 views",89813838,"Joined Jan 20, 2016",2016-01-20,281 videos,281,United States,http://www.youtube.com/@iamLucid,ok
UCsDTy8jvHcwMvSZf_JGi-FA,Abhi and Niyu,economic_explainers,1,1,710106,710106,https://www.youtube.com/channel/UCsDTy8jvHcwMvSZf_JGi-FA/videos,6.7M subscribers,6700000,"1,262,025,069 views",1262025069,"Joined Apr 2, 2018",2018-04-02,"1,214 videos",1214,India,http://www.youtube.com/@AbhiandNiyu,ok
UCmFeOdJI3IXgTBDzqBLD8qg,Moon,internet_mysteries,1,1,708027,708027,https://www.youtube.com/channel/UCmFeOdJI3IXgTBDzqBLD8qg/videos,1.75M subscribers,1750000,"345,850,992 views",345850992,"Joined Jan 10, 2020",2020-01-10,465 videos,465,United States,http://www.youtube.com/@Moon-Real,ok
UCtPrkXdtCM5DACLufB9jbsA,MrBallen,internet_mysteries,1,1,1915370,1915370,https://www.youtube.com/channel/UCtPrkXdtCM5DACLufB9jbsA/videos,11.2M subscribers,11200000,"2,962,533,019 views",2962533019,"Joined Mar 22, 2015",2015-03-22,879 videos,879,United States,http://www.youtube.com/@MrBallen,ok
UCVnW6nZwKO--v-hj1imiMEQ,CineBuzz,economic_explainers,2,2,648569,466089,https://www.youtube.com/channel/UCVnW6nZwKO--v-hj1imiMEQ/videos,87.5K subscribers,87500,"22,390,081 views",22390081,"Joined Sep 12, 2024",2024-09-12,120 videos,120,Bangladesh,http://www.youtube.com/@CineBuzzYT,ok
UCfW7Uk_vJfa2t5IeWikYv6Q,Explained In minutes,economic_explainers,1,1,594802,594802,https://www.youtube.com/channel/UCfW7Uk_vJfa2t5IeWikYv6Q/videos,120K subscribers,120000,"2,732,764 views",2732764,"Joined Feb 26, 2026",2026-02-26,2 videos,2,India,http://www.youtube.com/@xplainedInminutess,ok
UCZITkCJEfWt4sVq9c4QnoHg,Kuhlaki,internet_mysteries,2,2,664002,445294,https://www.youtube.com/channel/UCZITkCJEfWt4sVq9c4QnoHg/videos,42K subscribers,42000,"5,297,699 views",5297699,"Joined Dec 5, 2023",2023-12-05,42 videos,42,,http://www.youtube.com/@Kuhlaki,ok
UC7sDT8jZ76VLV1u__krUutA,DUST,speculative_scifi,1,1,557264,557264,https://www.youtube.com/channel/UC7sDT8jZ76VLV1u__krUutA/videos,3.51M subscribers,3510000,"459,469,336 views",459469336,"Joined Jul 29, 2016",2016-07-29,"1,236 videos",1236,United States,http://www.youtube.com/@watchdust,ok
UCdi-rTleLSNBYEVOWuAic5w,Paint Maniac,internet_mysteries,1,1,532832,532832,https://www.youtube.com/channel/UCdi-rTleLSNBYEVOWuAic5w/videos,28.6K subscribers,28600,"2,584,644 views",2584644,"Joined May 23, 2026",2026-05-23,11 videos,11,,http://www.youtube.com/@PaintManiac-u5v,ok
UCWJVsGYhm7K2SuIx362YziA,zapiwala ai,economic_explainers|history_reconstruction,2,1,554974,492475,https://www.youtube.com/channel/UCWJVsGYhm7K2SuIx362YziA/videos,134K subscribers,134000,"5,559,942 views",5559942,"Joined Dec 31, 2023",2023-12-31,85 videos,85,United States,http://www.youtube.com/@zapiwala,ok
UCzXHhxQpFRinC1VYBRQRzSQ,The Overnight Millionaire,internet_mysteries,1,1,522778,522778,https://www.youtube.com/channel/UCzXHhxQpFRinC1VYBRQRzSQ/videos,63.8K subscribers,63800,"13,244,860 views",13244860,"Joined Aug 17, 2023",2023-08-17,101 videos,101,United States,http://www.youtube.com/@TheOvernightMillionaire,ok
UCrD9iL5Lkzio-llw6dXDw_w,Unreal True Crime,speculative_scifi,1,1,471560,471560,https://www.youtube.com/channel/UCrD9iL5Lkzio-llw6dXDw_w/videos,142K subscribers,142000,"7,368,695 views",7368695,"Joined Feb 27, 2023",2023-02-27,111 videos,111,Colombia,http://www.youtube.com/@UnrealTrueCrime,ok
UCDKJdFer1phQI95UinPZehw,Turkey Tom,internet_mysteries,1,1,469584,469584,https://www.youtube.com/channel/UCDKJdFer1phQI95UinPZehw/videos,1.7M subscribers,1700000,"490,415,285 views",490415285,"Joined Jul 11, 2015",2015-07-11,299 videos,299,United States,http://www.youtube.com/@TurkeyTom,ok
UCHgI_MItRWEKLX7lKz7Xn0g,Top 5 Unknowns,internet_mysteries,2,2,432280,236344,https://www.youtube.com/channel/UCHgI_MItRWEKLX7lKz7Xn0g/videos,2.18M subscribers,2180000,"454,328,161 views",454328161,"Joined Jun 25, 2014",2014-06-25,"1,948 videos",1948,Canada,http://www.youtube.com/@Top5Unknowns,ok
UCmw5YZZ7qsemNWpP87AGiew,Resurrected History,history_reconstruction,1,1,431979,431979,https://www.youtube.com/channel/UCmw5YZZ7qsemNWpP87AGiew/videos,13.8K subscribers,13800,"1,372,188 views",1372188,"Joined Jul 28, 2021",2021-07-28,74 videos,74,United States,http://www.youtube.com/@resurrectedhistory10mv,ok
UC7fWeaHhqgM4Ry-RMpM2YYw,TRT World,internet_mysteries,1,1,447044,447044,https://www.youtube.com/channel/UC7fWeaHhqgM4Ry-RMpM2YYw/videos,10.3M subscribers,10300000,"3,113,036,505 views",3113036505,"Joined Mar 17, 2015",2015-03-17,"71,483 videos",71483,Türkiye,http://www.youtube.com/@trtworld,ok
UCQUnqaW8Q33siyLYhisN7HQ,Antidote,economic_explainers,1,1,430672,430672,https://www.youtube.com/channel/UCQUnqaW8Q33siyLYhisN7HQ/videos,271K subscribers,271000,"13,285,565 views",13285565,"Joined May 17, 2024",2024-05-17,22 videos,22,France,http://www.youtube.com/@Antidote_thechannel,ok
UCGBqkakG1XpPyrY1deesPBw,The Flo Factory,speculative_scifi,1,1,357310,357310,https://www.youtube.com/channel/UCGBqkakG1XpPyrY1deesPBw/videos,13.4K subscribers,13400,"2,042,298 views",2042298,"Joined Feb 8, 2025",2025-02-08,11 videos,11,,http://www.youtube.com/@theflofactory,ok
UC3ndYILeJQHyYENS-si226A,NatureVista - English,wildlife_documentaries,1,1,423891,423891,https://www.youtube.com/channel/UC3ndYILeJQHyYENS-si226A/videos,8.45K subscribers,8450,"1,859,635 views",1859635,"Joined Feb 12, 2024",2024-02-12,47 videos,47,Brazil,http://www.youtube.com/@NatureVistaEN,ok
UCQmSfO8cYdSV2Mu3gW4bpAw,Ancestors Civilization,history_reconstruction,2,2,333688,167992,https://www.youtube.com/channel/UCQmSfO8cYdSV2Mu3gW4bpAw/videos,19.4K subscribers,19400,"2,573,235 views",2573235,"Joined Jul 28, 2025",2025-07-28,102 videos,102,,http://www.youtube.com/@AncestorsCivilization,ok
UCUMccND2H_CVS0dMZKCPCXA,FinnovationZ by Prasad,economic_explainers,1,1,326024,326024,https://www.youtube.com/channel/UCUMccND2H_CVS0dMZKCPCXA/videos,2.67M subscribers,2670000,"523,526,302 views",523526302,"Joined Jan 12, 2014",2014-01-12,"1,792 videos",1792,India,http://www.youtube.com/@namaskarprasad,ok
UCJ3nrau9ioTz--nL-rdLWew,IP Bangla,internet_mysteries,1,1,324375,324375,https://www.youtube.com/channel/UCJ3nrau9ioTz--nL-rdLWew/videos,118K subscribers,118000,"14,963,199 views",14963199,"Joined Sep 18, 2024",2024-09-18,39 videos,39,India,http://www.youtube.com/@ipbangla,ok
UC99tXyh_OHorW4DafgVc3pQ,Animata Historia,history_reconstruction,2,2,301562,263233,https://www.youtube.com/channel/UC99tXyh_OHorW4DafgVc3pQ/videos,16.4K subscribers,16400,"1,765,491 views",1765491,"Joined Jun 12, 2025",2025-06-12,170 videos,170,United Kingdom,http://www.youtube.com/@Animata_Historia,ok
UC6b4NXX4ppECUzdvTsX9Dtw,ancient editions,history_reconstruction,2,2,299637,222452,https://www.youtube.com/channel/UC6b4NXX4ppECUzdvTsX9Dtw/videos,19.6K subscribers,19600,"5,164,551 views",5164551,"Joined Aug 9, 2025",2025-08-09,81 videos,81,United States,http://www.youtube.com/@ancienteditions,ok
UCFqYcXDkv9inrIsALD00SQA,Movie Gyan,economic_explainers,1,1,261442,261442,https://www.youtube.com/channel/UCFqYcXDkv9inrIsALD00SQA/videos,546K subscribers,546000,"131,052,300 views",131052300,"Joined Nov 10, 2022",2022-11-10,450 videos,450,India,http://www.youtube.com/@moviegyan69,ok
UCppyAe3EEAGcGknEr4C4H-A,Beyond The Rings,speculative_scifi,1,1,275528,275528,https://www.youtube.com/channel/UCppyAe3EEAGcGknEr4C4H-A/videos,10.7K subscribers,10700,"2,184,408 views",2184408,"Joined Nov 1, 2025",2025-11-01,78 videos,78,Brazil,http://www.youtube.com/@BeyondTheRingsYT,ok
UCcJyQ5dihoKAKwk2aRi-CQw,This Is History,history_reconstruction,1,1,712915,712915,https://www.youtube.com/channel/UCcJyQ5dihoKAKwk2aRi-CQw/videos,305K subscribers,305000,"33,713,655 views",33713655,"Joined Jan 31, 2021",2021-01-31,36 videos,36,United Kingdom,http://www.youtube.com/@this_is_history,ok
UCjIjoDsnz_ygrp2UhiBDZEw,Oldies Radio Station,internet_mysteries,1,1,234976,234976,https://www.youtube.com/channel/UCjIjoDsnz_ygrp2UhiBDZEw/videos,3.72K subscribers,3720,"1,444,818 views",1444818,"Joined May 3, 2026",2026-05-03,31 videos,31,United States,http://www.youtube.com/@OldiesRadioStation_99,ok
UCgw-ToxY5DEI1jjGuUYthrQ,ImranX ,history_reconstruction,2,2,229536,132525,https://www.youtube.com/channel/UCgw-ToxY5DEI1jjGuUYthrQ/videos,31.3K subscribers,31300,"2,753,208 views",2753208,"Joined Dec 28, 2024",2024-12-28,84 videos,84,India,http://www.youtube.com/@imranXAI,ok
UCywCTTyUWYsLo2-87I6XgkQ,The Net Explainer,internet_mysteries,1,1,232696,232696,https://www.youtube.com/channel/UCywCTTyUWYsLo2-87I6XgkQ/videos,6.68K subscribers,6680,"734,959 views",734959,"Joined Apr 9, 2026",2026-04-09,13 videos,13,United States,http://www.youtube.com/@TheNetExplainer,ok
UCBr2W3nb0jPSnommNbbpMAw,Economics Help,economic_explainers,1,1,229209,229209,https://www.youtube.com/channel/UCBr2W3nb0jPSnommNbbpMAw/videos,94.1K subscribers,94100,"19,319,955 views",19319955,"Joined Sep 21, 2008",2008-09-21,461 videos,461,United Kingdom,http://www.youtube.com/@economicshelp,ok
UCf3dc-Y3k5vBTCVpPCAfG6g,Tube Sensei,history_reconstruction,1,1,222549,222549,https://www.youtube.com/channel/UCf3dc-Y3k5vBTCVpPCAfG6g/videos,921K subscribers,921000,"61,670,494 views",61670494,"Joined Jul 10, 2023",2023-07-10,111 videos,111,India,http://www.youtube.com/@TubeSenseiofficial,ok
UCSmi9AQVgpfy-iP8omwd7vA,Ultimate Nature Documentaries,wildlife_documentaries,2,2,227200,113721,https://www.youtube.com/channel/UCSmi9AQVgpfy-iP8omwd7vA/videos,29.2K subscribers,29200,"4,671,070 views",4671070,"Joined Oct 25, 2024",2024-10-25,345 videos,345,United Kingdom,http://www.youtube.com/@UltimateNatureDocs,ok
UCGBO6EahCqQSyXIws1MQdDg,Future Business Tech,speculative_scifi,2,2,218694,115940,https://www.youtube.com/channel/UCGBO6EahCqQSyXIws1MQdDg/videos,162K subscribers,162000,"24,177,949 views",24177949,"Joined Jun 10, 2010",2010-06-10,133 videos,133,United States,http://www.youtube.com/@FutureBusinessTech,ok
UCMlyxcyZvxs7UzvbUEQJehA,Fewne,economic_explainers,1,1,218639,218639,https://www.youtube.com/channel/UCMlyxcyZvxs7UzvbUEQJehA/videos,15.3K subscribers,15300,"1,091,526 views",1091526,"Joined Oct 25, 2024",2024-10-25,76 videos,76,India,http://www.youtube.com/@Fewne,ok
UC7lSvMZ4xHbj_P_sUpoFxmg,History Unwalled,history_reconstruction,1,1,212408,212408,https://www.youtube.com/channel/UC7lSvMZ4xHbj_P_sUpoFxmg/videos,15.1K subscribers,15100,"1,544,427 views",1544427,"Joined Mar 21, 2026",2026-03-21,41 videos,41,,http://www.youtube.com/@HistoryUnwalled,ok
UCUrvQ_4fw01WfWWK-E2KLlA,MODTRICCA,internet_mysteries,1,1,204166,204166,https://www.youtube.com/channel/UCUrvQ_4fw01WfWWK-E2KLlA/videos,410K subscribers,410000,"100,463,028 views",100463028,"Joined Oct 29, 2022",2022-10-29,261 videos,261,United States,http://www.youtube.com/@modtricca,ok
UCW-B3YqxljqVGYChJS0FjxQ,The Invisible Hand,economic_explainers,1,1,200588,200588,https://www.youtube.com/channel/UCW-B3YqxljqVGYChJS0FjxQ/videos,281K subscribers,281000,"38,702,788 views",38702788,"Joined May 23, 2023",2023-05-23,98 videos,98,United Kingdom,http://www.youtube.com/@TheInvisibleHandCo,ok
UCYatHuZUhLwuj-3OLKYj6zg,DADA TuhiRam ,economic_explainers,1,1,195702,195702,https://www.youtube.com/channel/UCYatHuZUhLwuj-3OLKYj6zg/videos,105K subscribers,105000,"7,586,837 views",7586837,"Joined Nov 23, 2024",2024-11-23,87 videos,87,India,http://www.youtube.com/@DADA_TuhiRam,ok
UCbCb9tjw70AYM4Xp8eEzQWw,WUFO Earth,speculative_scifi,1,1,209930,209930,https://www.youtube.com/channel/UCbCb9tjw70AYM4Xp8eEzQWw/videos,20.2K subscribers,20200,"4,251,626 views",4251626,"Joined Apr 7, 2008",2008-04-07,56 videos,56,United States,http://www.youtube.com/@wufoearth,ok
UCMVhLAn7fXvYKlwM0ytKNmQ,Vincent Perez  Films,speculative_scifi,1,1,183467,183467,https://www.youtube.com/channel/UCMVhLAn7fXvYKlwM0ytKNmQ/videos,11.9K subscribers,11900,"1,837,818 views",1837818,"Joined May 3, 2025",2025-05-03,61 videos,61,Spain,http://www.youtube.com/@Vincent_Perez_Films,ok
UC9ZBqKzvc6heH9Tui25fP0w,Biome Science,wildlife_documentaries,1,1,177561,177561,https://www.youtube.com/channel/UC9ZBqKzvc6heH9Tui25fP0w/videos,736 subscribers,736,"189,084 views",189084,"Joined Dec 26, 2025",2025-12-26,7 videos,7,South Africa,http://www.youtube.com/@Biomescience,ok
UCkoKI2T_WmQNVWQFCbjFGJQ,History Reconstruction,history_reconstruction,2,2,169426,133977,https://www.youtube.com/channel/UCkoKI2T_WmQNVWQFCbjFGJQ/videos,29.6K subscribers,29600,"1,841,496 views",1841496,"Joined May 19, 2026",2026-05-19,72 videos,72,Brazil,http://www.youtube.com/@HistoryReconstructionTV,ok
UCSaosepXoz855RLvlrbjyyQ,8K ProRes ULTRA HD,speculative_scifi,1,1,170966,170966,https://www.youtube.com/channel/UCSaosepXoz855RLvlrbjyyQ/videos,20.8K subscribers,20800,"4,221,918 views",4221918,"Joined Oct 19, 2024",2024-10-19,259 videos,259,,http://www.youtube.com/@8KProrResULTRAHD,ok
UCo5yk-Nj_bW4Svx-kodIybw,History Revived,history_reconstruction,1,1,158530,158530,https://www.youtube.com/channel/UCo5yk-Nj_bW4Svx-kodIybw/videos,126K subscribers,126000,"159,110 views",159110,"Joined Nov 21, 2024",2024-11-21,2 videos,2,,http://www.youtube.com/@historyrevived-official,ok
UCJHiG7fRmk8Gdxy6numisMA,Ancient Streets,history_reconstruction,4,4,150926,37123,https://www.youtube.com/channel/UCJHiG7fRmk8Gdxy6numisMA/videos,5.42K subscribers,5420,"624,140 views",624140,"Joined Dec 11, 2025",2025-12-11,84 videos,84,,http://www.youtube.com/@AncientStreets,ok
UC-uhvujip5deVcEtLxnW8qg,TLDR News Global,economic_explainers,1,1,156102,156102,https://www.youtube.com/channel/UC-uhvujip5deVcEtLxnW8qg/videos,1.15M subscribers,1150000,"255,166,610 views",255166610,"Joined Dec 6, 2020",2020-12-06,966 videos,966,United Kingdom,http://www.youtube.com/@TLDRnewsGLOBAL,ok
UCcSC_VPnipXJeqPUc2oZtrw,Relax History AI,history_reconstruction,5,5,166708,19007,https://www.youtube.com/channel/UCcSC_VPnipXJeqPUc2oZtrw/videos,116K subscribers,116000,"26,188,128 views",26188128,"Joined Jan 3, 2025",2025-01-03,354 videos,354,United States,http://www.youtube.com/@RelaxHistoryAI,ok
UCjAXMNVk-bbSPWF7pjIwFJg,Vikash Forensics,internet_mysteries,2,2,146822,79317,https://www.youtube.com/channel/UCjAXMNVk-bbSPWF7pjIwFJg/videos,5.53K subscribers,5530,"489,897 views",489897,"Joined Nov 2, 2025",2025-11-02,4 videos,4,India,http://www.youtube.com/@Vikash4nsics,ok
UCmqS13G_ofWMvgxLLUpOmXQ,WealthWise,history_reconstruction,1,1,137920,137920,https://www.youtube.com/channel/UCmqS13G_ofWMvgxLLUpOmXQ/videos,45.9K subscribers,45900,"2,545,021 views",2545021,"Joined Sep 28, 2022",2022-09-28,201 videos,201,India,http://www.youtube.com/@wealth_wise007,ok
UCB2VZlL3LBwe2p3r0f9QY5g,hollnes,wildlife_documentaries,1,1,129518,129518,https://www.youtube.com/channel/UCB2VZlL3LBwe2p3r0f9QY5g/videos,71.7K subscribers,71700,"14,143,857 views",14143857,"Joined Jan 11, 2025",2025-01-11,18 videos,18,United States,http://www.youtube.com/@hollnes17,ok
UCaWj2ql_J2M7Dqd78B5U7yQ,Charles VS The Past,history_reconstruction,5,5,127763,59833,https://www.youtube.com/channel/UCaWj2ql_J2M7Dqd78B5U7yQ/videos,9.38K subscribers,9380,"801,661 views",801661,"Joined Aug 12, 2025",2025-08-12,90 videos,90,France,http://www.youtube.com/@Charles-vs-the-past,ok
UC65iOHIfKDesHEJDgzNHZsg,Beeyond Ideas,speculative_scifi,1,1,128693,128693,https://www.youtube.com/channel/UC65iOHIfKDesHEJDgzNHZsg/videos,373K subscribers,373000,"31,075,443 views",31075443,"Joined Jul 18, 2020",2020-07-18,79 videos,79,Sweden,http://www.youtube.com/@BeeyondIdeas,ok
UCWfnMYXFqLjJdu8wEsKL2OQ,DatingtoWin,internet_mysteries,1,1,121330,121330,https://www.youtube.com/channel/UCWfnMYXFqLjJdu8wEsKL2OQ/videos,9.01K subscribers,9010,"858,217 views",858217,"Joined Apr 30, 2025",2025-04-30,469 videos,469,United States,http://www.youtube.com/@DatingtoWin25,ok
UCKgC1zNdz19-88JIA3dfcVg,GeoWildLife,wildlife_documentaries,1,1,118848,118848,https://www.youtube.com/channel/UCKgC1zNdz19-88JIA3dfcVg/videos,2.67K subscribers,2670,"326,115 views",326115,"Joined Sep 18, 2024",2024-09-18,18 videos,18,Sweden,http://www.youtube.com/@GeoWildLife,ok
UC6LweKXMrLmT9zzXFWBrHhw,FD Adventure,wildlife_documentaries,1,1,127653,127653,https://www.youtube.com/channel/UC6LweKXMrLmT9zzXFWBrHhw/videos,165K subscribers,165000,"49,992,439 views",49992439,"Joined Feb 9, 2022",2022-02-09,187 videos,187,Germany,http://www.youtube.com/@FDAdventure,ok
UC2YRJWG-tEaMM2NP8d0NkgQ,The Past Rendered,history_reconstruction,1,1,119305,119305,https://www.youtube.com/channel/UC2YRJWG-tEaMM2NP8d0NkgQ/videos,11.4K subscribers,11400,"1,068,235 views",1068235,"Joined Jan 22, 2023",2023-01-22,15 videos,15,South Africa,http://www.youtube.com/@ThePastRendered,ok
UCcTBzAu-sSTjffEKastwhbA,BomboWannaKnow,wildlife_documentaries,1,1,108394,108394,https://www.youtube.com/channel/UCcTBzAu-sSTjffEKastwhbA/videos,1.05K subscribers,1050,"149,179 views",149179,"Joined Jan 16, 2026",2026-01-16,8 videos,8,United States,http://www.youtube.com/@BomboWannaKnow,ok
UCsEw1xMjZJR2AbdL_V5vDzA,MovieVerse Hindi,practical_lifestyle|speculative_scifi,2,2,101215,101215,https://www.youtube.com/channel/UCsEw1xMjZJR2AbdL_V5vDzA/videos,104K subscribers,104000,"18,084,559 views",18084559,"Joined Feb 23, 2025",2025-02-23,129 videos,129,India,http://www.youtube.com/@MovieVerseHindii-w4r,ok
UCBH8K4CGLlawdLMQsCS86xg,Ai with Gary,history_reconstruction,1,1,87607,87607,https://www.youtube.com/channel/UCBH8K4CGLlawdLMQsCS86xg/videos,47.2K subscribers,47200,"822,023 views",822023,"Joined Oct 1, 2024",2024-10-01,60 videos,60,United States,http://www.youtube.com/@ai_with_gary,ok
UC3XtX9yT-EReSQJvzWVdnXg,RaseliaN,internet_mysteries,1,1,87392,87392,https://www.youtube.com/channel/UC3XtX9yT-EReSQJvzWVdnXg/videos,34.9K subscribers,34900,"5,215,222 views",5215222,"Joined Nov 11, 2023",2023-11-11,33 videos,33,Bangladesh,http://www.youtube.com/@RaseliaN,ok
UCisHJobjgyF4r8pIB8-bRWw,Vanished History,history_reconstruction,1,1,86494,86494,https://www.youtube.com/channel/UCisHJobjgyF4r8pIB8-bRWw/videos,9.58K subscribers,9580,"701,873 views",701873,"Joined Nov 27, 2025",2025-11-27,27 videos,27,United States,http://www.youtube.com/@VanishedHistoryYT,ok
UCNjPtOCvMrKY5eLwr_-7eUg,Alux.com,economic_explainers,1,1,89351,89351,https://www.youtube.com/channel/UCNjPtOCvMrKY5eLwr_-7eUg/videos,5.1M subscribers,5100000,"653,789,829 views",653789829,"Joined Oct 27, 2013",2013-10-27,"3,085 videos",3085,United States,http://www.youtube.com/@alux,ok
UCyA2QG2Z1vTqExHXoo8UY6A,History of the Future,speculative_scifi,8,8,85629,10817,https://www.youtube.com/channel/UCyA2QG2Z1vTqExHXoo8UY6A/videos,10.4K subscribers,10400,"1,217,977 views",1217977,"Joined Feb 3, 2024",2024-02-03,48 videos,48,Spain,http://www.youtube.com/@HistoryoftheFuture-c7k,ok
UCCP5j9VOo0QCLMTTf1ORtRA,Lilly's Tech Tips,history_reconstruction,1,1,103578,103578,https://www.youtube.com/channel/UCCP5j9VOo0QCLMTTf1ORtRA/videos,85.3K subscribers,85300,"4,182,418 views",4182418,"Joined Sep 5, 2023",2023-09-05,131 videos,131,Ireland,http://www.youtube.com/@LillysTechTips,ok
UCt8F7pkSZK56hWBHWZLzQVw,Mike's POV History,history_reconstruction,1,1,79311,79311,https://www.youtube.com/channel/UCt8F7pkSZK56hWBHWZLzQVw/videos,13.6K subscribers,13600,"1,409,442 views",1409442,"Joined May 25, 2025",2025-05-25,22 videos,22,United Kingdom,http://www.youtube.com/@MikesPOVHistory,ok
UCMePBDaNUNwp7ETgNpbPR6A,Mystery Archives,internet_mysteries,1,1,78391,78391,https://www.youtube.com/channel/UCMePBDaNUNwp7ETgNpbPR6A/videos,324K subscribers,324000,"33,887,585 views",33887585,"Joined Jul 28, 2016",2016-07-28,410 videos,410,United States,http://www.youtube.com/@MysteryArchives,ok
UCAwfCgYna9kN2XRx0-wObyQ,WUFO - Science Documentaries,science_engineering|speculative_scifi,2,2,76517,76517,https://www.youtube.com/channel/UCAwfCgYna9kN2XRx0-wObyQ/videos,44.5K subscribers,44500,"7,068,251 views",7068251,"Joined Nov 22, 2023",2023-11-22,88 videos,88,United States,http://www.youtube.com/@wufoscience,ok
UCOBMTKkkVlOi6-zCYg6R9zQ,THE MOVIE ZONE,speculative_scifi,1,1,82469,82469,https://www.youtube.com/channel/UCOBMTKkkVlOi6-zCYg6R9zQ/videos,35.3K subscribers,35300,"7,936,698 views",7936698,"Joined Aug 12, 2025",2025-08-12,91 videos,91,United Kingdom,http://www.youtube.com/@TheMovieZoneYT,ok
UCGUA1G140MmtPbRnENA5zEA,VISTAAR CINETALKS ,economic_explainers,1,1,74100,74100,https://www.youtube.com/channel/UCGUA1G140MmtPbRnENA5zEA/videos,5.64K subscribers,5640,"1,332,879 views",1332879,"Joined Sep 5, 2021",2021-09-05,50 videos,50,,http://www.youtube.com/@VistaarCineTalks,ok
UCdR7eGozLjafYMTd2BFnJaQ,Youri van Hofwegen,history_reconstruction,1,1,70864,70864,https://www.youtube.com/channel/UCdR7eGozLjafYMTd2BFnJaQ/videos,316K subscribers,316000,"18,418,539 views",18418539,"Joined May 21, 2016",2016-05-21,251 videos,251,United Kingdom,http://www.youtube.com/@Yourivanhofwegen,ok
UCWU1EakN5da6jXrOkrU3yFg,Money Degree,economic_explainers,1,1,71687,71687,https://www.youtube.com/channel/UCWU1EakN5da6jXrOkrU3yFg/videos,77K subscribers,77000,"3,472,879 views",3472879,"Joined Apr 4, 2023",2023-04-04,91 videos,91,North Macedonia,http://www.youtube.com/@MoneyDegree,ok
UCAMvT4Hv3cjmqYilDhuDS_A,Parseca,speculative_scifi,1,1,70245,70245,https://www.youtube.com/channel/UCAMvT4Hv3cjmqYilDhuDS_A/videos,1.68K subscribers,1680,"232,957 views",232957,"Joined May 18, 2006",2006-05-18,17 videos,17,United States,http://www.youtube.com/@Parseca4K,ok
UCsmnfJ6534x5vFxn0nSYVog,DarkWaters9,internet_mysteries,2,2,69098,53088,https://www.youtube.com/channel/UCsmnfJ6534x5vFxn0nSYVog/videos,86.8K subscribers,86800,"20,952,256 views",20952256,"Joined Apr 10, 2023",2023-04-10,441 videos,441,United States,http://www.youtube.com/@DarkWaters9,ok
UCJuyiB0GT9-q92gC_M3XLpg,Indie Rights Movies For Free,speculative_scifi,1,1,68788,68788,https://www.youtube.com/channel/UCJuyiB0GT9-q92gC_M3XLpg/videos,887K subscribers,887000,"257,109,369 views",257109369,"Joined Mar 4, 2015",2015-03-04,"1,746 videos",1746,United States,http://www.youtube.com/@IndieRightsMoviesForFree,ok
UCjgHF4-QRf-nX2XDatoHpAA,Flevo Mapping,speculative_scifi,1,1,68195,68195,https://www.youtube.com/channel/UCjgHF4-QRf-nX2XDatoHpAA/videos,2.63K subscribers,2630,"214,008 views",214008,"Joined Nov 17, 2024",2024-11-17,35 videos,35,Netherlands,http://www.youtube.com/@flevo_mapping,ok
UC8JT2m0mKEgvEtie3JNKwew,Naked Science,nature_animals|speculative_scifi,2,2,70773,70773,https://www.youtube.com/channel/UC8JT2m0mKEgvEtie3JNKwew/videos,1.74M subscribers,1740000,"432,388,381 views",432388381,"Joined Oct 27, 2009",2009-10-27,820 videos,820,United Kingdom,http://www.youtube.com/@NakedScience,ok
UC5M4AITera9RmytwHTIQWvQ,Andrew Restores History,history_reconstruction,1,1,62883,62883,https://www.youtube.com/channel/UC5M4AITera9RmytwHTIQWvQ/videos,12.8K subscribers,12800,"725,328 views",725328,"Joined Dec 26, 2025",2025-12-26,44 videos,44,United States,http://www.youtube.com/@AndrewRestoresHistory-k3n,ok
UCnThE8FLrlN-tYvZhZL0uaA,Finance Bureau,business_economics|economic_explainers,2,2,61338,61338,https://www.youtube.com/channel/UCnThE8FLrlN-tYvZhZL0uaA/videos,93.3K subscribers,93300,"8,858,581 views",8858581,"Joined Oct 13, 2025",2025-10-13,443 videos,443,United Arab Emirates,http://www.youtube.com/@FinanceBureauOfficial,ok
UCmB6U6fVkEaUpOI-_5uRjZA,Study Glows,economic_explainers,1,1,63220,63220,https://www.youtube.com/channel/UCmB6U6fVkEaUpOI-_5uRjZA/videos,2.42M subscribers,2420000,"756,853,495 views",756853495,"Joined Jan 6, 2019",2019-01-06,"16,570 videos",16570,India,http://www.youtube.com/@StudyGlows,ok
UCe-WJ14657ObdpIs2kIL13w,VIRAT IAS INSIGHTS,consumer_systems|economic_explainers,2,2,50363,50363,https://www.youtube.com/channel/UCe-WJ14657ObdpIs2kIL13w/videos,104K subscribers,104000,"17,456,554 views",17456554,"Joined Mar 28, 2023",2023-03-28,469 videos,469,India,http://www.youtube.com/@ViratiasInsights,ok
UCNAf1k0yIjyGu3k9BwAg3lg,Sky Sports Premier League,history_reconstruction,1,1,66007,66007,https://www.youtube.com/channel/UCNAf1k0yIjyGu3k9BwAg3lg/videos,5.99M subscribers,5990000,"5,557,481,399 views",5557481399,"Joined Jul 6, 2015",2015-07-06,"15,582 videos",15582,United Kingdom,http://www.youtube.com/@skysportspremierleague,ok
UCXmqR3oz1H_dvDc6nerTvgw,The Power of the Word,everyday_history,1,1,3437270,3437270,https://www.youtube.com/channel/UCXmqR3oz1H_dvDc6nerTvgw/videos,886K subscribers,886000,"102,217,788 views",102217788,"Joined Feb 28, 2024",2024-02-28,90 videos,90,United States,http://www.youtube.com/@ThePoweroftheWord-Official,ok
UCAov2BBv1ZJav0c_yHEciAw,Samay Raina,everyday_history,1,1,72626716,72626716,https://www.youtube.com/channel/UCAov2BBv1ZJav0c_yHEciAw/videos,11.1M subscribers,11100000,"1,020,395,316 views",1020395316,"Joined Sep 23, 2013",2013-09-23,961 videos,961,India,http://www.youtube.com/@SamayRainaOfficial,ok
UCQJHoc6ncQ3-6JFROw13Zfg,Quality Rot,everyday_history,1,1,952064,952064,https://www.youtube.com/channel/UCQJHoc6ncQ3-6JFROw13Zfg/videos,23.1K subscribers,23100,"3,644,876 views",3644876,"Joined Feb 19, 2026",2026-02-19,90 videos,90,United States,http://www.youtube.com/@QualityRot,ok
UC7KItIAhUn1K1uXDGvM3TKg,Tim - Reborn History ,everyday_history,1,1,919438,919438,https://www.youtube.com/channel/UC7KItIAhUn1K1uXDGvM3TKg/videos,54.3K subscribers,54300,"3,265,046 views",3265046,"Joined Apr 12, 2022",2022-04-12,8 videos,8,United States,http://www.youtube.com/@Tim_Reborn_History,ok
UCTTqBgYdkmFogITlPDM0M4A,DroneScapes,everyday_history,1,1,1506485,1506485,https://www.youtube.com/channel/UCTTqBgYdkmFogITlPDM0M4A/videos,556K subscribers,556000,"275,044,203 views",275044203,"Joined Sep 5, 2015",2015-09-05,"2,076 videos",2076,United States,http://www.youtube.com/@Dronescapes,ok
UCwe83TityghdeKjX8Sa2sqg,Lotu,everyday_history,1,1,638871,638871,https://www.youtube.com/channel/UCwe83TityghdeKjX8Sa2sqg/videos,40.7K subscribers,40700,"2,113,567 views",2113567,"Joined Oct 2, 2023",2023-10-02,14 videos,14,Netherlands,http://www.youtube.com/@Lotu2121,ok
UClGVMvGjakjZHH_TmnbxYlQ,RocaNews,everyday_history,1,1,1942780,1942780,https://www.youtube.com/channel/UClGVMvGjakjZHH_TmnbxYlQ/videos,1.1M subscribers,1100000,"171,159,512 views",171159512,"Joined Oct 6, 2022",2022-10-06,261 videos,261,United States,http://www.youtube.com/@rocanews,ok
UCDPnPGxw18XFq8uiJUYiO6w,Tartaria Vault,everyday_history,1,1,624291,624291,https://www.youtube.com/channel/UCDPnPGxw18XFq8uiJUYiO6w/videos,206K subscribers,206000,"15,903,418 views",15903418,"Joined Jan 2, 2016",2016-01-02,101 videos,101,United States,http://www.youtube.com/@TartariaVault,ok
UCYoTbrSPXlwRMh8SEopZ1-g,History on a Fork,everyday_history,1,1,587984,587984,https://www.youtube.com/channel/UCYoTbrSPXlwRMh8SEopZ1-g/videos,112K subscribers,112000,"64,157,099 views",64157099,"Joined Jun 6, 2025",2025-06-06,47 videos,47,United States,http://www.youtube.com/@HistoryonaFork,ok
UC3uAjWoLZ4bSi6qI9SjALxA,Imperial War Museums,everyday_history,1,1,741217,741217,https://www.youtube.com/channel/UC3uAjWoLZ4bSi6qI9SjALxA/videos,868K subscribers,868000,"402,160,365 views",402160365,"Joined Jul 11, 2007",2007-07-11,955 videos,955,United Kingdom,http://www.youtube.com/@ImperialWarMuseums,ok
UCmYesELO6axBrCuSpf7S9DQ,Mr. Beat,everyday_history,1,1,633206,633206,https://www.youtube.com/channel/UCmYesELO6axBrCuSpf7S9DQ/videos,1.41M subscribers,1410000,"380,993,921 views",380993921,"Joined Aug 24, 2009",2009-08-24,971 videos,971,United States,http://www.youtube.com/@iammrbeat,ok
UCxr2d4As312LulcajAkKJYw,Townsends,everyday_history,1,1,364130,364130,https://www.youtube.com/channel/UCxr2d4As312LulcajAkKJYw/videos,2.98M subscribers,2980000,"515,841,005 views",515841005,"Joined Dec 23, 2008",2008-12-23,638 videos,638,United States,http://www.youtube.com/@townsends,ok
UC5rP-wFWe80lXN0unKDoulg,Living Simply Australia,everyday_history,1,1,288001,288001,https://www.youtube.com/channel/UC5rP-wFWe80lXN0unKDoulg/videos,124K subscribers,124000,"12,171,643 views",12171643,"Joined Oct 27, 2021",2021-10-27,106 videos,106,Australia,http://www.youtube.com/@livingsimplyaustralia,ok
UCuJxFxVuj4s_MmupOMmDqCQ,Weirdward Bound,everyday_history,3,3,311574,40761,https://www.youtube.com/channel/UCuJxFxVuj4s_MmupOMmDqCQ/videos,41.8K subscribers,41800,"3,292,917 views",3292917,"Joined Apr 9, 2026",2026-04-09,106 videos,106,,http://www.youtube.com/@WeirdwardBound,ok
UCYAm24PkejQR2xMgJgn7xwg,Stewart Hicks,everyday_history,1,1,350255,350255,https://www.youtube.com/channel/UCYAm24PkejQR2xMgJgn7xwg/videos,702K subscribers,702000,"102,300,430 views",102300430,"Joined May 16, 2007",2007-05-16,162 videos,162,United States,http://www.youtube.com/@stewarthicks,ok
UCca-WkVPVe9nzs2iFct4wxg,Nicole Rudolph,everyday_history,1,1,236612,236612,https://www.youtube.com/channel/UCca-WkVPVe9nzs2iFct4wxg/videos,373K subscribers,373000,"37,169,914 views",37169914,"Joined Aug 25, 2020",2020-08-25,275 videos,275,United States,http://www.youtube.com/@NicoleRudolph,ok
UCpODODIiPAoMCiwECBPnOWQ,Native Journals,everyday_history,1,1,207957,207957,https://www.youtube.com/channel/UCpODODIiPAoMCiwECBPnOWQ/videos,95.1K subscribers,95100,"16,127,524 views",16127524,"Joined Aug 27, 2023",2023-08-27,438 videos,438,United States,http://www.youtube.com/@NativeJournals,ok
UC2U4oSgmwIsAQ8iwL5vVolQ,Wild America,everyday_history,1,1,229962,229962,https://www.youtube.com/channel/UC2U4oSgmwIsAQ8iwL5vVolQ/videos,111K subscribers,111000,"17,301,858 views",17301858,"Joined Jun 20, 2014",2014-06-20,88 videos,88,United States,http://www.youtube.com/@wildamericadocs,ok
UChnIpd1Yj_8eaJ2IRAH-Fpw,The America We Remember,everyday_history,2,2,159398,90121,https://www.youtube.com/channel/UChnIpd1Yj_8eaJ2IRAH-Fpw/videos,100K subscribers,100000,"10,781,296 views",10781296,"Joined May 12, 2007",2007-05-12,157 videos,157,Singapore,http://www.youtube.com/@theamericaweremember,ok
UCxenJ3JdINMVF3zG9EXtThg,Untold New York,everyday_history,1,1,135235,135235,https://www.youtube.com/channel/UCxenJ3JdINMVF3zG9EXtThg/videos,2.49K subscribers,2490,"301,069 views",301069,"Joined Sep 22, 2022",2022-09-22,28 videos,28,United States,http://www.youtube.com/@UntoldNewYork,ok
UC9oGRaUTFIubLMT45nt9d4A,Metal Morph,everyday_history,1,1,137209,137209,https://www.youtube.com/channel/UC9oGRaUTFIubLMT45nt9d4A/videos,15.4K subscribers,15400,"11,441,459 views",11441459,"Joined Sep 14, 2025",2025-09-14,41 videos,41,Ukraine,http://www.youtube.com/@MetalMorphling,ok
UC95ANqPeSKRNEH1CaCOs2ew,History of Simple Things,everyday_history,4,4,109923,67102,https://www.youtube.com/channel/UC95ANqPeSKRNEH1CaCOs2ew/videos,1.02M subscribers,1020000,"140,856,492 views",140856492,"Joined Feb 7, 2024",2024-02-07,"3,862 videos",3862,United States,http://www.youtube.com/@historyofsimplethings,ok
UCuJBQl-_LZcFepZ_SFyhXbA,Back to Yesterday,everyday_history,2,2,184397,96557,https://www.youtube.com/channel/UCuJBQl-_LZcFepZ_SFyhXbA/videos,88.5K subscribers,88500,"20,423,718 views",20423718,"Joined Mar 29, 2009",2009-03-29,284 videos,284,United States,http://www.youtube.com/@BacktoYesterday-1,ok
UCCwUTfKeDj4p9uTNrn9U6Sw,BBC Archive,everyday_history,1,1,92255,92255,https://www.youtube.com/channel/UCCwUTfKeDj4p9uTNrn9U6Sw/videos,769K subscribers,769000,"220,193,549 views",220193549,"Joined Jun 12, 2018",2018-06-12,"1,869 videos",1869,United Kingdom,http://www.youtube.com/@BBCArchive,ok
UCVF60kVeMmrSrbmgZoALkQw,The Transit Diaries,everyday_history,1,1,90735,90735,https://www.youtube.com/channel/UCVF60kVeMmrSrbmgZoALkQw/videos,8.88K subscribers,8880,"2,162,758 views",2162758,"Joined Feb 15, 2022",2022-02-15,485 videos,485,United States,http://www.youtube.com/@TheTransitDiaries,ok
UCFU0fJOB4cXWeqG1pwhcg4g,Back in Time,everyday_history,3,3,89386,246,https://www.youtube.com/channel/UCFU0fJOB4cXWeqG1pwhcg4g/videos,2.65K subscribers,2650,"240,933 views",240933,"Joined Nov 30, 2025",2025-11-30,51 videos,51,United States,http://www.youtube.com/@Backintime-t1h,ok
UCMHYGplRnO9aEb7sDv7neyg,Stories of the Old World,everyday_history,1,1,107918,107918,https://www.youtube.com/channel/UCMHYGplRnO9aEb7sDv7neyg/videos,1.8K subscribers,1800,"132,960 views",132960,"Joined Mar 14, 2026",2026-03-14,16 videos,16,Canada,http://www.youtube.com/@StoriesoftheOldWorld,ok
UClgo8akZOVpzeKm1o2oaurQ,Forgotten Labor,everyday_history,1,1,79724,79724,https://www.youtube.com/channel/UClgo8akZOVpzeKm1o2oaurQ/videos,20K subscribers,20000,"2,353,650 views",2353650,"Joined Nov 20, 2025",2025-11-20,159 videos,159,United States,http://www.youtube.com/@ForgottenLabor,ok
UCM_VDJbYR-i2zVuH5dxI3Uw,The Hidden History Project,everyday_history,1,1,89669,89669,https://www.youtube.com/channel/UCM_VDJbYR-i2zVuH5dxI3Uw/videos,29.3K subscribers,29300,"1,948,297 views",1948297,"Joined Feb 20, 2026",2026-02-20,348 videos,348,United States,http://www.youtube.com/@The-Hidden-History-Project,ok
UCUSQDNI2HdeEgEJUSpaCE-A,WearyWolf Adventures,everyday_history,1,1,57508,57508,https://www.youtube.com/channel/UCUSQDNI2HdeEgEJUSpaCE-A/videos,42K subscribers,42000,"4,028,553 views",4028553,"Joined Jan 10, 2022",2022-01-10,388 videos,388,,http://www.youtube.com/@WearyWolfAdventures,ok
UC-WT_x7Tpo-C1_XNJFik4ag,Dead Signal,everyday_history,1,1,69105,69105,https://www.youtube.com/channel/UC-WT_x7Tpo-C1_XNJFik4ag/videos,177K subscribers,177000,"1,112,212 views",1112212,"Joined May 8, 2026",2026-05-08,172 videos,172,,http://www.youtube.com/@Deadsignalinvestigation,ok
UCOx0bIbw8m1-VNG3duys98A,Julian News Report,everyday_history,1,1,53682,53682,https://www.youtube.com/channel/UCOx0bIbw8m1-VNG3duys98A/videos,29.2K subscribers,29200,"9,109,766 views",9109766,"Joined May 15, 2026",2026-05-15,73 videos,73,United States,http://www.youtube.com/@JulianNewsReport,ok
UCXP27gIOM6MeHbTYrHrEF6w,Rail Tech Info,everyday_history,1,1,54533,54533,https://www.youtube.com/channel/UCXP27gIOM6MeHbTYrHrEF6w/videos,11.6K subscribers,11600,"2,043,681 views",2043681,"Joined Jan 18, 2025",2025-01-18,97 videos,97,India,http://www.youtube.com/@Railtechiinfo,ok
