query_group,query,video_id,channel_id,channel_name,title,views,published_text,age_days,duration_seconds,url
business_economics,why companies are failing explained,_82oEAUquJc,UC-RKpEc4eE9PwJaupN91xYQ,Sprouts,The Innovator’s Dilemma Explained: Why Great Companies Fail,44230,11 months ago,330,270,https://www.youtube.com/watch?v=_82oEAUquJc
business_economics,why companies are failing explained,_S4ZTFIs8Yc,UCcA2aJFGGbSHVuqVp23rJlw,Money Chuck,The Worst Business Decisions Ever Explained Like You're 5,700146,10 months ago,300,499,https://www.youtube.com/watch?v=_S4ZTFIs8Yc
business_economics,why companies are failing explained,pNZzOHUv1Tc,UCh6NPu1gilFmtHGf9UQw0dw,Creepy Cryptic,Why Companies Fail: The 7 Organizational Learning Disabilities Explained! 🐸 [AI Generated],30,1 month ago,30,452,https://www.youtube.com/watch?v=pNZzOHUv1Tc
business_economics,why companies are failing explained,ucsJ32oQJvA,UC50e3g8bWKcrXnBbseXcFQw,CURIOUS MINDSET ,The $31 Billion Mistake That Destroyed Kodak | Business Failure Explained,5,2 days ago,2,134,https://www.youtube.com/watch?v=ucsJ32oQJvA
business_economics,why companies are failing explained,jOh0hWd05gU,UCkFdAFpgGdlaueNzbotM_sA,Easy Finance: Explained,Corporate Governance Explained: Why Companies Fail (and How They Succeed),55,7 months ago,210,402,https://www.youtube.com/watch?v=jOh0hWd05gU
business_economics,why companies are failing explained,m8LFQEUCvb8,UCjLugE53SVLB1fRWsI16Q7A,#ExpertiseExchange,Why Big Companies Fail | Strategy and Organisational Failure Explained - Dr Usman Ghani,1591,11 months ago,330,1761,https://www.youtube.com/watch?v=m8LFQEUCvb8
business_economics,why companies are failing explained,q80OmDjTzZ0,UCHs3bWyXIw_6J0ORvg97b2w,Live Hindi,Renault India Failure Explained 📉 Case Study | Live Hindi,286162,5 months ago,150,924,https://www.youtube.com/watch?v=q80OmDjTzZ0
business_economics,why companies are failing explained,mC3Q2Ss1kC0,UC32nHVHxafFsP3ezHvjPfiw,Golden Chapter Audiobooks,Why Great Companies Fail? The Innovator's Dilemma Explained,0,3 days ago,3,2186,https://www.youtube.com/watch?v=mC3Q2Ss1kC0
business_economics,why companies are failing explained,MqXtphTpEew,UC49vPE6blEO_khH_1sHdzFA,Listen & Learn Books,The Innovator's Dilemma by Clayton Christensen | Complete Summary | Why Great Companies Fail,4,6 months ago,180,1175,https://www.youtube.com/watch?v=MqXtphTpEew
business_economics,why companies are failing explained,KSQaXxSpvYM,UCYLzn-Gmc2Y2CU_vMwj_YFw,The Strategy Breakdown,CAGE Framework Explained: Why Companies Fail in International Expansion,21,5 months ago,150,364,https://www.youtube.com/watch?v=KSQaXxSpvYM
business_economics,why companies are failing explained,_Elu5aMr964,UCOzB3yCuddj5hThkacEVfhg,Strategy Reloaded,Why Good Companies Fail: The Innovator’s Dilemma Explained,19,6 months ago,180,139,https://www.youtube.com/watch?v=_Elu5aMr964
business_economics,why companies are failing explained,HgupaBKM4XA,UCjIrTy-mok2HEiDybQEtfyQ,Business Concepts Explained,Why Businesses Fail Despite Making Sales | Cash Flow Explained,12,2 months ago,60,166,https://www.youtube.com/watch?v=HgupaBKM4XA
business_economics,why companies are failing explained,eb4K5Bnm4ds,UCnsuI902-kZXjTviUgvLcaA,Curiosity Kosha,Why Smart Companies Still Fail — Deming Explained (AI Era),14,4 months ago,120,316,https://www.youtube.com/watch?v=eb4K5Bnm4ds
business_economics,why companies are failing explained,PBo7z4yzqTU,UC_iDnLv7mbR3re4PCWh4ddA,AI Finance Hub,Why Profitable Companies Can Still Fail | Finance Explained #Shorts,2,1 month ago,30,47,https://www.youtube.com/watch?v=PBo7z4yzqTU
business_economics,why companies are failing explained,UpajHqqGtlc,UCQCTeggSsbqmT4UV_u2-BWQ,The Organized Entrepreneur,Why Most Small Businesses Fail (Explained Simply),85,3 months ago,90,516,https://www.youtube.com/watch?v=UpajHqqGtlc
business_economics,why companies are failing explained,uCelOVSKBIQ,UCRSKfJC891ZCWrUi1263k2w,Best Group of Companies,The Innovator’s Dilemma Book Summary | Why Great Companies Fail and How to Stay Ahead.,7,2 months ago,60,425,https://www.youtube.com/watch?v=uCelOVSKBIQ
business_economics,why companies are failing explained,Yiu1_5jr43M,UCuyoH4vetvrwe0hlC6_6RSw,MBA HUB,Human Resource Planning Explained :Why Companies Fail Without HRP?,14,6 months ago,180,159,https://www.youtube.com/watch?v=Yiu1_5jr43M
business_economics,why companies are failing explained,NrFiW1UY7IQ,UCBu6TihF_uHCNcl-IsBiX0g,BOOK WISDOM,The Innovator's Dilemma: Why Great Companies FAIL (Disruptive Innovation Explained!),0,10 months ago,300,521,https://www.youtube.com/watch?v=NrFiW1UY7IQ
business_economics,why companies are failing explained,xT5E06IE8mI,UCYgx9nc8cshq6ksJ6i8gbRw,Book Wisdom Studio,The Innovator’s Dilemma — Why Great Companies Fail (Book Summary),48,8 months ago,240,493,https://www.youtube.com/watch?v=xT5E06IE8mI
business_economics,why companies are failing explained,OunJtLnyPT4,UCfdNM3NAhaBOXCafH7krzrA,The Infographics Show,The 7 Trillion AI Gamble Is Failing. Big Tech is TRAPPED Right NOW.,1622805,12 days ago,12,1541,https://www.youtube.com/watch?v=OunJtLnyPT4
business_economics,hidden business model explained,_MJvSG3xN18,UCVprEfvzTENV3M5k3CXZZyA,Chicha study,IndiaMART’s Hidden Business Model Explained in 5 Minutes,346,3 months ago,90,252,https://www.youtube.com/watch?v=_MJvSG3xN18
business_economics,hidden business model explained,q5UAMuERzUs,UC-Z6OrylD4KqNCK6zgHEk5w,Corporate Decode,Why Airports Are So Profitable 💰✈️ The Hidden Business Model Explained #shorts,128,2 months ago,60,24,https://www.youtube.com/watch?v=q5UAMuERzUs
business_economics,hidden business model explained,HPx6HY5Lxl0,UCEXGuOfWMJoJelKsAwIRhZQ,Top Hat,Every Business Model Explained In 8 Minutes.,2700,7 months ago,210,489,https://www.youtube.com/watch?v=HPx6HY5Lxl0
business_economics,hidden business model explained,VQp7pwMudWY,UC2eEBqAYFJekZ5b26xXNcdQ,Fact Theory,Swiggy's Secret Business Model Explained! 🤯 | The Hidden Truth Behind Swiggy's Profits!,234,10 months ago,300,331,https://www.youtube.com/watch?v=VQp7pwMudWY
business_economics,hidden business model explained,Ayv-01d3SdM,UCdXcMSmyW6AZQosydCiSOzw,Profit Dynamics,How Shopping Malls Really Make Money (The Hidden Business Model | Profit Dynamics |,16,2 weeks ago,14,583,https://www.youtube.com/watch?v=Ayv-01d3SdM
business_economics,hidden business model explained,BSkJuY-hG90,UCAJPe1pz1WVgnlwLfFZzWRA,Money Understood,How Subscription Businesses Make Billions | The Hidden Business Model Explained,14,2 weeks ago,14,443,https://www.youtube.com/watch?v=BSkJuY-hG90
business_economics,hidden business model explained,VkynHwSLnLM,UC8vdFZhnv9usqSBj4HntzBQ,Animation Vibes,How Anime MAKES Money? 💰 | The Billion Dollar Business Explained!,25102,10 months ago,300,800,https://www.youtube.com/watch?v=VkynHwSLnLM
business_economics,hidden business model explained,szGD3CmhulY,UCYoUuK_uXILQmvip-6jDZ-A,Vaibhav Kadnar,*UNHEARD Businesses That Are Printing Money!,226473,2 months ago,60,654,https://www.youtube.com/watch?v=szGD3CmhulY
business_economics,hidden business model explained,cG--eZAxm9Q,UCDm2FaAHFogoR-8jp_XMRPg,Empire Explained Tv,How Billion Dollar Companies Really Make Money | The Hidden Business Models Explained,3,2 weeks ago,14,207,https://www.youtube.com/watch?v=cG--eZAxm9Q
business_economics,hidden business model explained,m0fD2Ber4MI,UCfz2uBBMSa1JqPT_Z0NL94g,Mr Billionaire,How Thrift Stores Actually Make Money  The Hidden Business Model Explained #business #viral #yt,126,2 weeks ago,14,158,https://www.youtube.com/watch?v=m0fD2Ber4MI
business_economics,hidden business model explained,7_Bf3CgdWJM,UCIWwvLhyTmxwZ6lexGihiTw,Noor Hasan,₹180CR Loss? IPL's Hidden Business Model Explained,115,3 months ago,90,174,https://www.youtube.com/watch?v=7_Bf3CgdWJM
business_economics,hidden business model explained,sk1fgMhTYtk,UCBZcLA9ockanmRuLh6YBPMA,Finance Explained,How Credit Cards Really Make Money | The Hidden Business Model Explained,26,3 weeks ago,21,389,https://www.youtube.com/watch?v=sk1fgMhTYtk
business_economics,hidden business model explained,dUhOphq1Abc,UCnEfRAzbA-LQI_jH4kbTYvQ,Modern Money Files,The Hidden Business Model of Google Explained Simply | How Google Really Makes Money,282,7 months ago,210,562,https://www.youtube.com/watch?v=dUhOphq1Abc
business_economics,hidden business model explained,6vL1BUer6EA,UCF1wFw8JTB5Hxyn6bSkJ9yg,Econexa,How Credit Card Companies Make Money 💳 | The Hidden Business Model Explained,32,3 days ago,3,486,https://www.youtube.com/watch?v=6vL1BUer6EA
business_economics,hidden business model explained,JtpPihLtzBU,UC5a6QO6voKqL5TCjJkQRzdw,Wealth IQ,How Empty Airports Make Millions! Airport Business Model Explained,26,3 weeks ago,21,307,https://www.youtube.com/watch?v=JtpPihLtzBU
business_economics,hidden business model explained,ZpEW2BUZUrc,UCoLTAyAmaxYCIybGYfGOI5Q,Finvora Finance,Why Gyms Secretly Want You to Stay Home | The Hidden Business Model,15,3 weeks ago,21,299,https://www.youtube.com/watch?v=ZpEW2BUZUrc
business_economics,hidden business model explained,mFX-N89J2bY,UCJ0bmaez5thbZnzZfqqqDCg,Capital Pulse Investing,How FREE Apps Make MILLIONS 💰 | The Hidden Business Model Explained,0,1 day ago,1,300,https://www.youtube.com/watch?v=mFX-N89J2bY
business_economics,hidden business model explained,Y6EuU5_usTM,UCrfFLxqsZjWKM-jR2sVVjHw,Capitol Fin.,Tesla’s Secret Business Model | Explained Like You're 5,153,6 months ago,180,652,https://www.youtube.com/watch?v=Y6EuU5_usTM
business_economics,hidden business model explained,lQD8X5gtpWs,UCjtmOaobVJnwUXPoKSXGV2g,Mt Softwares,Dating App Business Model Explained | Dating Apps Ki Hidden Income Strategy | AI Powered Dating App,92,5 months ago,150,208,https://www.youtube.com/watch?v=lQD8X5gtpWs
business_economics,hidden business model explained,IYWbbxdfGvc,UCzwCEE_PchiBULMnAJqhGVg,Raj Shamani,Business Expert: How to Build A Brand in 2026 & Hidden Opportunity | IndiaMART | FO443 Raj Shamani,1476672,8 months ago,240,4976,https://www.youtube.com/watch?v=IYWbbxdfGvc
business_economics,why everything is expensive explained,VtctOO29fKM,UCadOCSIcrDHBEZMw0XrS0ag,Wealth Dynamics,Why Everything Gets More Expensive — Explained Like You're 5,10,2 days ago,2,710,https://www.youtube.com/watch?v=VtctOO29fKM
business_economics,why everything is expensive explained,yU2raZftgmE,UCkCGANrihzExmu9QiqZpPlQ,How Money Works,How Is Everything Outpacing Inflation At The Same Time?,1382293,4 months ago,120,812,https://www.youtube.com/watch?v=yU2raZftgmE
business_economics,why everything is expensive explained,bQZc4zP5MV0,UCgWAYtCLW6ntu7ZMXtFtguA,Curious Finance,Why Everything Got So Expensive Explained Like You're 5,1,1 hour ago,0,1396,https://www.youtube.com/watch?v=bQZc4zP5MV0
business_economics,why everything is expensive explained,aN8yfQ3X8ak,UCnThE8FLrlN-tYvZhZL0uaA,Finance Bureau,Why Is Everything So Expensive?,11318,9 months ago,270,1130,https://www.youtube.com/watch?v=aN8yfQ3X8ak
business_economics,why everything is expensive explained,bvU-cRSTorM,UCS2g61So0pF55y_oVYz3jJg,Mindset Actually,Why Is Everything So Expensive Right Now?,3,21 hours ago,0,576,https://www.youtube.com/watch?v=bvU-cRSTorM
business_economics,why everything is expensive explained,dc3fNhJDaIs,UCIDzvwWkD578Jl6xiumRGpg,Plainly Explained,Why Everything Is Getting Expensive (Explained Simply),7,4 months ago,120,182,https://www.youtube.com/watch?v=dc3fNhJDaIs
business_economics,why everything is expensive explained,YOTU8WQXrNU,UCRKKd8xcpl_XYGyTdXoykRg,Simply Explained Hub,Why Everything Is Getting More Expensive | Simply Explained,130,6 months ago,180,146,https://www.youtube.com/watch?v=YOTU8WQXrNU
business_economics,why everything is expensive explained,8jGw-ias6aE,UCvifIGuRB5e_qWIOo12rAGQ,On Earth ,Inflation simply explained | Why Everything Is Getting Expensive.,165,5 months ago,150,438,https://www.youtube.com/watch?v=8jGw-ias6aE
business_economics,why everything is expensive explained,cy78Tsiv0UQ,UCg46Dc60UM4Xb39prqHJzkw,Global Money Lab,Why Does Inflation Make Everything More Expensive? | Explained Simply,10,2 days ago,2,357,https://www.youtube.com/watch?v=cy78Tsiv0UQ
business_economics,why everything is expensive explained,g5H7u9TSp6s,UCaOG1sC-3UiB_oTwYMaUw7A,CoinradTalks,Why Everything Is So Expensive in the U.S. (Cost of Living Crisis 2025),43462,11 months ago,330,351,https://www.youtube.com/watch?v=g5H7u9TSp6s
business_economics,why everything is expensive explained,LJ5Y_Nx287A,UCza1Rh3ogZAnPrZx9yzl-rg,DocuGOAT,Why Is EVERYTHING So Expensive Now? The Real Reason Explained,11,10 days ago,10,627,https://www.youtube.com/watch?v=LJ5Y_Nx287A
business_economics,why everything is expensive explained,KXO59sq6hUY,UC6JEz6BKg7hX7idKecN7QYA,Jist,Why Everything is Becoming Expensive in India | Explained ft. Pragati | Jist,18866,3 months ago,90,543,https://www.youtube.com/watch?v=KXO59sq6hUY
business_economics,why everything is expensive explained,ZI21hXwe4Rk,UCdrbKpDql-waSujlKGKSv0g,Quiet Money,Why Everything Is Getting Expensive  (It’s Not What You Think) #financialeducation#financialfreedom,60,4 months ago,120,142,https://www.youtube.com/watch?v=ZI21hXwe4Rk
business_economics,why everything is expensive explained,gH0WuRNsbe4,UC801deMnSqNxIvqG-bJJEfw,DevAnna,Why is Everything More Expensive Now,8746,4 months ago,120,438,https://www.youtube.com/watch?v=gH0WuRNsbe4
business_economics,why everything is expensive explained,2eSSLDGck5w,UCHQSPAmH7wqBUa3eRREc9VQ,Titan Theory,Why Everything Feels More Expensive | Inflation Explained,37,3 months ago,90,783,https://www.youtube.com/watch?v=2eSSLDGck5w
business_economics,why everything is expensive explained,Cl079Ym0fNM,UCVZ-rtg7jVXyNCnVKxTiqvw,Brokonomics,Why Is Everything So Expensive? (Explained by a Broke Guy),2,6 days ago,6,231,https://www.youtube.com/watch?v=Cl079Ym0fNM
business_economics,why everything is expensive explained,3aBIf-A5YRk,UCZhkAK507kfO2YhLJkXYQIw,DiveX,The Real Reason Everything Is Getting More Expensive in America (EXPLAINED),187,8 months ago,240,395,https://www.youtube.com/watch?v=3aBIf-A5YRk
business_economics,why everything is expensive explained,juOdClqGayY,UCRvsrJB_GhMhdLSA4ae5MqQ,Tom Powell Jr,"Everything Is More Expensive Under Trump — And ""But Biden"" Doesn't Explain It",17777,4 months ago,120,413,https://www.youtube.com/watch?v=juOdClqGayY
business_economics,rise and fall of company documentary,5ucTyfta0Ug,UCKz7EF79whNGRwuu-wj7Uvg,Rise and Fall America,The Rise and Fall of Uber — How a $70B Giant Lost the Public’s,23144,8 months ago,240,1239,https://www.youtube.com/watch?v=5ucTyfta0Ug
business_economics,rise and fall of company documentary,Cfw_IOy0sbk,UC16mlRbA6vVaUzDkckHtkGw,Dear Old Blighty,The Rise and Fall of Cadbury's: British Pride to American Greed,150570,10 months ago,300,1291,https://www.youtube.com/watch?v=Cfw_IOy0sbk
business_economics,rise and fall of company documentary,g1ZPqYtnjtI,UChXXrsbdwKuVD5N_n1iPgSg,Tech History Channel,Why the Biggest Database Company on Earth Doesn't Exist Anymore,2419,19 hours ago,0,763,https://www.youtube.com/watch?v=g1ZPqYtnjtI
business_economics,rise and fall of company documentary,96U5XaK8jpg,UCptVB4TPKWoka-ZFsAdh95w,Alex Newman,The Rise and Fall of Andrew Tate's $1B Empire,716706,1 month ago,30,970,https://www.youtube.com/watch?v=96U5XaK8jpg
business_economics,rise and fall of company documentary,LeF6DG7xfpA,UC-mfn4ibOC5ewLcpmgl0C4g,Michael Girdley,The rise and fall of Subway: The $11 billion empire that crumbled,815683,11 months ago,330,1295,https://www.youtube.com/watch?v=LeF6DG7xfpA
business_economics,rise and fall of company documentary,CmAjid7nv4M,UC-mfn4ibOC5ewLcpmgl0C4g,Michael Girdley,The rise and fall of Radio Shack: From $5 billion to bankruptcy,229718,11 months ago,330,872,https://www.youtube.com/watch?v=CmAjid7nv4M
business_economics,rise and fall of company documentary,1X1hUpbNAC8,UC1NtcHxG3wiyhtbbPmIaMnA,MX Player by Prime Video,"Rise And Fall Official Trailer | Ashneer Grover, Arjun Bijlani & Kubbra Sait | Amazon MX Player",29585621,11 months ago,330,77,https://www.youtube.com/watch?v=1X1hUpbNAC8
business_economics,rise and fall of company documentary,1iuD1XSv2SA,UCMoN2Dm3XlzmXSbLmIjBxCg,Heavymatic,The RISE and FALL of White Motor Company,159855,11 months ago,330,1833,https://www.youtube.com/watch?v=1iuD1XSv2SA
culture_entertainment,brand history documentary,a2BLqQn_0M0,UCufvVan2COV7M3FX5dPdlHA,Old Money Dynasty,The Rise and Ruin of the Coca-Cola Family | Full Documentary,658277,5 months ago,150,2281,https://www.youtube.com/watch?v=a2BLqQn_0M0
business_economics,rise and fall of company documentary,pSACI-dB9mA,UCx3jhoCjNpOuYYQ9yDVx6CQ,Rajnikant Sharma,Why did TATA Docomo sink? The Dark Truth Behind the Fall of India’s Telecom Giant | Case Study,148594,5 days ago,5,989,https://www.youtube.com/watch?v=pSACI-dB9mA
business_economics,rise and fall of company documentary,FV36Z9WFZ7g,UC-mfn4ibOC5ewLcpmgl0C4g,Michael Girdley,The rise and fall of Kodak: $30B to bankruptcy,175953,7 months ago,210,867,https://www.youtube.com/watch?v=FV36Z9WFZ7g
business_economics,rise and fall of company documentary,7mQ2B05BrZo,UCx3jhoCjNpOuYYQ9yDVx6CQ,Rajnikant Sharma,"Who Killed Nokia? The Dark Truth Behind the Biggest Betrayal in Tech History, Business Case Study",173306,6 months ago,180,887,https://www.youtube.com/watch?v=7mQ2B05BrZo
business_economics,rise and fall of company documentary,SpGSo4PXYlI,UC-mfn4ibOC5ewLcpmgl0C4g,Michael Girdley,The rise and fall of Sears: How America's largest retailer went bankrupt,458303,10 months ago,300,1385,https://www.youtube.com/watch?v=SpGSo4PXYlI
business_economics,rise and fall of company documentary,XyW5ylPk-Bc,UC-mfn4ibOC5ewLcpmgl0C4g,Michael Girdley,The rise and fall of Target,347573,3 months ago,90,1219,https://www.youtube.com/watch?v=XyW5ylPk-Bc
business_economics,rise and fall of company documentary,FxUgCx5dUQ4,UC23fO7Q-MaS0kXejbXHU3ew,Ankul Rajpurohit,Who Destroyed Snapdeal?,889414,3 weeks ago,21,816,https://www.youtube.com/watch?v=FxUgCx5dUQ4
business_economics,rise and fall of company documentary,gQRfzXBaJdU,UClbM804-Zy3G9bPDGjKBZiw,Empire Theory,The Rise and Fall of the World's Greatest Business Empires,18,13 days ago,13,538,https://www.youtube.com/watch?v=gQRfzXBaJdU
business_economics,rise and fall of company documentary,29LASv4iVvE,UCVsUzU1UZsHlij0ze9VuAlQ,Old Money Lost,The Silent Smith-Corona Factory: The Rise and Fall of America’s Typewriter Empire,15154,5 months ago,150,3243,https://www.youtube.com/watch?v=29LASv4iVvE
business_economics,rise and fall of company documentary,nIaMNChY2eU,UC-mfn4ibOC5ewLcpmgl0C4g,Michael Girdley,The rise and fall of Blackberry: How an $80B giant collapsed,157655,7 months ago,210,906,https://www.youtube.com/watch?v=nIaMNChY2eU
business_economics,rise and fall of company documentary,SHJm5941QN0,UC4Jvc5QAXyluhjvG-u6y7Kg,Old Line Archives,The Rise and Fall of the Coca Cola Family,471,5 months ago,150,3237,https://www.youtube.com/watch?v=SHJm5941QN0
business_economics,business disaster documentary,0nU-9dKjjHk,UC8WwmXVEiEM7JRB1CJj_nvQ,Captain Obscure,Don't Enter These Waters: World's Most DANGEROUS Rivers,11544,2 days ago,2,1932,https://www.youtube.com/watch?v=0nU-9dKjjHk
business_economics,business disaster documentary,BG-gQs2opzA,UCpVm7bg6pXKo1Pr6k5kxG9A,National Geographic,Human Resilience During Hurricane Katrina (Full Episode) | Race Against Time | National Geographic,11973,1 day ago,1,2657,https://www.youtube.com/watch?v=BG-gQs2opzA
business_economics,business disaster documentary,FMxLJ17Z58w,UCGBoWe1mzCvbbqDNncmxm8A,FINAiUS,The Entire History of Warren Buffett | 2026 Documentary,65250,3 days ago,3,4279,https://www.youtube.com/watch?v=FMxLJ17Z58w
business_economics,business disaster documentary,S0Mecz03lI8,UCqZYZKKTHx4fbtTW5oUZrNA,LedgerLore,The South Sea Bubble: Britain's Greatest Financial Disaster (1711–1720),15,2 weeks ago,14,624,https://www.youtube.com/watch?v=S0Mecz03lI8
business_economics,business disaster documentary,whfTTKeyq2U,UCEZxsToZSmjJNCXnmB0FXVA,CashFlow Theory,Boeing's 737 MAX Crisis: A Business Disaster Forged by Compromise,11,1 month ago,30,667,https://www.youtube.com/watch?v=whfTTKeyq2U
business_economics,business disaster documentary,IOFeeC0y9UM,UCW39zufHfsuGgpLviKh297Q,DW Documentary,Mission in the Alps: The mountain rescuers | DW Documentary,34643,3 days ago,3,2551,https://www.youtube.com/watch?v=IOFeeC0y9UM
business_economics,business disaster documentary,hE2cpcefDI4,UCW39zufHfsuGgpLviKh297Q,DW Documentary,Climate change and displacement - How people are being forced to flee their homes | DW Documentary,58296,1 day ago,1,3122,https://www.youtube.com/watch?v=hE2cpcefDI4
business_economics,business disaster documentary,rsug5Kqmvpk,UC_fLaqn4P3ICQwUhX11q2Sg,F1 documentaries,"How a Fake Billionaire Destroyed a $47,000,000,000 Empire: The WeWork Disaster 📉",2,3 weeks ago,21,379,https://www.youtube.com/watch?v=rsug5Kqmvpk
business_economics,business disaster documentary,vS28kg4tn4w,UCOch_vMp7AKaiGE7e6kSHfg,How to Survive Show,"The Company That Poisoned 500,000 People: The Bhopal Disaster",111312,3 months ago,90,1195,https://www.youtube.com/watch?v=vS28kg4tn4w
business_economics,business disaster documentary,Z50CkyyKEd4,UCKZozRVHRYsYHGEyNKuhhdA,Think School,How Japan went from MIRACLE to DISASTER? |  Economic Case study,1104544,6 months ago,180,1153,https://www.youtube.com/watch?v=Z50CkyyKEd4
business_economics,business disaster documentary,FxW5T41yJHw,UCpVm7bg6pXKo1Pr6k5kxG9A,National Geographic,Global Disasters | Witness to Disaster MEGA Episode | National Geographic,699616,5 months ago,150,7941,https://www.youtube.com/watch?v=FxW5T41yJHw
business_economics,business disaster documentary,kSQOYv-eRyc,UClNwpkUeBVWdMSy8lZEOG_Q,Punto Ciego Negocios,The $47 Billion Disaster - WeWork,73,4 months ago,120,571,https://www.youtube.com/watch?v=kSQOYv-eRyc
business_economics,business disaster documentary,F0COetjPOX0,UC5a4lSpRGag_0-1b00HNwtg,Global Pulse News,The Billion-Dollar Business of Disasters,2,1 month ago,30,444,https://www.youtube.com/watch?v=F0COetjPOX0
business_economics,business disaster documentary,LMlgGkbq39k,UC0lOwpDqGBvuoT4nM-MvP6g,Brand Misfire,Pepsi's $32 Billion Marketing Disaster — And Why They Refused to Pay,547,3 months ago,90,800,https://www.youtube.com/watch?v=LMlgGkbq39k
business_economics,business disaster documentary,WU8Y4kEnl6c,UCeRxxz9ByOqdd8A-0iF_Idg,Mayday: Air Disaster,Swissair 111 The Fire Nobody Could See,8044,22 hours ago,0,3121,https://www.youtube.com/watch?v=WU8Y4kEnl6c
business_economics,business disaster documentary,aBvuJ7K8QkE,UCuZFhaBOQ_OMJUC5Sxnq6PA,Red Ink History,The Greatest Business Disasters of All Time,24,5 months ago,150,3847,https://www.youtube.com/watch?v=aBvuJ7K8QkE
business_economics,business disaster documentary,plR99sEIBHU,UCt_TLG48rh53qH_iciqelWQ,The Insider Lab,WeWork: The $47 Billion Startup Disaster,156,5 months ago,150,258,https://www.youtube.com/watch?v=plR99sEIBHU
business_economics,business disaster documentary,joff3whDDjk,UCmOCpBKeoBPp-HwarhIBA2g,Best Documentary,The Incredible Salvage of the Transocean Winner Oil Rig,14664,4 days ago,4,2672,https://www.youtube.com/watch?v=joff3whDDjk
business_economics,business disaster documentary,DoIj-lyi_QM,UC3lv_rnB5LgXW8t9sUH3hXw,DisastersUncovered,The Children Who Made America’s Shoes. Human Narration. A Disaster Documentary.,111760,3 months ago,90,752,https://www.youtube.com/watch?v=DoIj-lyi_QM
business_economics,how companies make money explained,04POar44758,UCDy5K4UNhE3l9-3mu9V-d3A,How People Make Money,FINANCIAL SYSTEM explained in 18 mins,350319,11 months ago,330,1094,https://www.youtube.com/watch?v=04POar44758
business_economics,how companies make money explained,Gxi15aTa6J0,UCqxqR5P7aECSS0_gWRoFpHw,Intelvestor,How AI Companies Actually Make Money (5 Companies Explained Simply),201,9 months ago,270,1128,https://www.youtube.com/watch?v=Gxi15aTa6J0
business_economics,how companies make money explained,o5Wvl3JtVTU,UCavrUpmebmzTRCkbzr3oODg,Stick People Explain,Every Way Companies Make Money (16 Business Models Explained),43,6 months ago,180,414,https://www.youtube.com/watch?v=o5Wvl3JtVTU
business_economics,how companies make money explained,B-RWAEVZg-c,UC7aN6ro9JazKqaCWIBaG_gw,BizNex Studio,How SaaS Companies Make Money | Business Model Explained,43,9 months ago,270,818,https://www.youtube.com/watch?v=B-RWAEVZg-c
business_economics,how companies make money explained,5p14pwODbgI,UCIV09roO6HW4kBAcrtYIu2A,Prime Worth,"How Businesses Actually Make Money | Revenue, Costs & Profit Explained Simply",38,10 months ago,300,508,https://www.youtube.com/watch?v=5p14pwODbgI
business_economics,how companies make money explained,CWtd-n0FH90,UCpg1XPr_XA1YtU28Lw3QG9Q,ProfitLab,"How ""Free Apps"" Make Money (Explained)",1,2 days ago,2,885,https://www.youtube.com/watch?v=CWtd-n0FH90
business_economics,how companies make money explained,2DYYO1OXMtM,UCeUD9-4tOwIhA3gUsCxb7vA,All i need is 20 minutes,ALL OF BUSINESS Explained in 20 Minutes,386508,8 months ago,240,944,https://www.youtube.com/watch?v=2DYYO1OXMtM
business_economics,how companies make money explained,jvAzwBSQaOI,UCadOwkOWuZhgbgC13lMeHCg,Sir.Capital,How Airbnb Makes Money (Explained),19,7 days ago,7,834,https://www.youtube.com/watch?v=jvAzwBSQaOI
business_economics,how companies make money explained,5HZGnLS7ht0,UC-Mw1yKIAVUMilcnx_yDnig,The Explainer,14 Business Models That Make Companies Money Explained | How Businesses Make Money,0,4 days ago,4,510,https://www.youtube.com/watch?v=5HZGnLS7ht0
business_economics,how companies make money explained,wBBNNUZw1-U,UCKj-Hy8AuOtKNWE5yQ67BVA,The Coding Koala,API Economy Explained (Developers Chance To Earn Money),26140,4 months ago,120,344,https://www.youtube.com/watch?v=wBBNNUZw1-U
business_economics,how companies make money explained,fj4JAeKtL-s,UCVjrpa6EGAAfVhgJjyjV40Q,Stick Man Enjoy,How Businesses ACTUALLY Make Money (Explained Simply)#Business #Entrepreneurship #Finance #stickman,8,2 weeks ago,14,37,https://www.youtube.com/watch?v=fj4JAeKtL-s
business_economics,how companies make money explained,C-wB4hTWnOg,UCKZegIu9fyNu67M47SK_nsQ,Khushi & Sarthak,How Companies Make Money | Business Models Explained 🚀,172,6 months ago,180,276,https://www.youtube.com/watch?v=C-wB4hTWnOg
business_economics,how companies make money explained,q2dbrGFj_mQ,UC-_kP0BE1sz9BFBlFFRV6Gg,Grow-and-Earn  ,"How Do Businesses Make Money? Revenue, Expenses & Profit Explained#HowBusinessesMakeMoney",38,2 months ago,60,503,https://www.youtube.com/watch?v=q2dbrGFj_mQ
business_economics,how companies make money explained,VNxrC-Qpstc,UCfOTca7I14XhfDKaZEMfIfg,Know Basic,Business Models Explained Simply: How Companies Make Money and Win,17,3 months ago,90,275,https://www.youtube.com/watch?v=VNxrC-Qpstc
business_economics,how companies make money explained,00qrvsLpSy4,UCZjVE44LOvxPyKA-tymFoyQ,Martik Finance,How Investment Banks Actually Make Money,114420,1 month ago,30,563,https://www.youtube.com/watch?v=00qrvsLpSy4
business_economics,how companies make money explained,IBsRKvyLWR8,UCBZcLA9ockanmRuLh6YBPMA,Finance Explained,How Investment Banks Actually Make Money | The Billion Dollar Business Explained,18,3 weeks ago,21,333,https://www.youtube.com/watch?v=IBsRKvyLWR8
business_economics,how companies make money explained,CUE2SNTPHdM,UCFXmcMXx6tv4cQTo3FE5tPA,5imply_Financed,How do Insurance companies make money? Business model of insurers explained!,8,2 months ago,60,510,https://www.youtube.com/watch?v=CUE2SNTPHdM
business_economics,economic crisis explained simply,APlGPpM-nBo,UCo7FvfMJeTRhO-d7xT8IZlg,Casual Economics,The 2008 Financial Crisis in 12 Minutes (Casual Economics),266988,11 months ago,330,713,https://www.youtube.com/watch?v=APlGPpM-nBo
business_economics,economic crisis explained simply,VdN_XidE5g8,UCebuCXSYYi-V16AfikkJpWg,Explained Simply,The 2008 Financial Crisis Explained in 4 Minutes,509,11 months ago,330,259,https://www.youtube.com/watch?v=VdN_XidE5g8
business_economics,economic crisis explained simply,jDG7QEj24JQ,UCKZozRVHRYsYHGEyNKuhhdA,Think School,Venezuela's ECONOMIC crisis Explained in Simple words : Geopolitical case study,591900,7 months ago,210,843,https://www.youtube.com/watch?v=jDG7QEj24JQ
business_economics,economic crisis explained simply,N6v9iI4Ls5Q,UCoQNa4L9Lo-chmz3sPyqNbw,The Invisible World™ ,The 2008 Financial Crisis Explained In 4 Minutes,2944,10 months ago,300,264,https://www.youtube.com/watch?v=N6v9iI4Ls5Q
business_economics,economic crisis explained simply,QUmSF_1IuTQ,UCQa5D7gfYMliUlgED7_AFhQ,Explained in Minutes,7 Biggest Financial Crises in History Explained Simply,5,5 months ago,150,276,https://www.youtube.com/watch?v=QUmSF_1IuTQ
business_economics,economic crisis explained simply,Ga3QuFkSBFw,UCPaZQnzfjqXmDKOkrEIHPHQ,Andrew Explains Money ,Every Major Economic Crisis in History Explained,201,4 months ago,120,513,https://www.youtube.com/watch?v=Ga3QuFkSBFw
business_economics,economic crisis explained simply,lUwvanGIXn4,UCM80kkmc_cjz-e0V0ndZrjQ,Finance Bro,The 2008 Financial Crisis Explained Simply,311,4 months ago,120,415,https://www.youtube.com/watch?v=lUwvanGIXn4
business_economics,economic crisis explained simply,H5vMzf02yK8,UCe_1KxSkUXnjxBJrxxDF4Rg,Microlearning Daily,Global Financial Crisis Explained Simply (8 Minutes),104,6 months ago,180,481,https://www.youtube.com/watch?v=H5vMzf02yK8
business_economics,economic crisis explained simply,Sr1p6VkzWAs,UCY6VZZo9MZCyIIozTs0khNA,"easy, actually","surviving a recession is easy, actually",371915,10 months ago,300,933,https://www.youtube.com/watch?v=Sr1p6VkzWAs
business_economics,economic crisis explained simply,xmdBlkrkTN4,UCZjVE44LOvxPyKA-tymFoyQ,Martik Finance,Macroeconomics Made Simple (Understand the Economy in One Video),469452,6 months ago,180,1753,https://www.youtube.com/watch?v=xmdBlkrkTN4
business_economics,economic crisis explained simply,u6XfZKJTQIY,UCONAuggywKUn8Tq86EeheDA,Vault Theory,The Real Story Behind the 2008 Financial Crisis (Explained Simply),45,8 days ago,8,634,https://www.youtube.com/watch?v=u6XfZKJTQIY
business_economics,economic crisis explained simply,oKKyRTw-MAQ,UC1uUN-MW0tIz93CTKub34Ig,Money Through History,The 2008 Financial Crisis Explained Simply...,23,6 months ago,180,498,https://www.youtube.com/watch?v=oKKyRTw-MAQ
business_economics,economic crisis explained simply,v1s5qXyxmVo,UCiBGqUxeTe4AYQyRseSZaKw,MonkeyExplains,The 2008 Financial Crisis Explained Using Bananas,209527,9 months ago,270,730,https://www.youtube.com/watch?v=v1s5qXyxmVo
business_economics,economic crisis explained simply,5KKDUHJ_o-o,UC7RTqVegCL9xvGt6TnD-4NQ,Crayon Growth,The 2008 Financial Crisis Explained How the System Collapsed,86,7 months ago,210,318,https://www.youtube.com/watch?v=5KKDUHJ_o-o
business_economics,economic crisis explained simply,7_JbbTCIU4w,UCHKnfyiUusFigfu5exdvWUg,Croc Capital,The 2008 Financial Crisis Explained: How $8 Trillion Vanished in 18 Months,30,1 month ago,30,498,https://www.youtube.com/watch?v=7_JbbTCIU4w
business_economics,economic crisis explained simply,4BEMJ3BIJ-k,UCLklIZbfAVcHcTWBWGC5cXw,DailyFeedToSuccess,The 2008 Financial Crisis Explained Like You're 5,0,5 months ago,150,50,https://www.youtube.com/watch?v=4BEMJ3BIJ-k
business_economics,economic crisis explained simply,FfL8wNxAn2U,UCOusPwyNlxmtqQduGOM2FnA,Explaining Economics Like You're Five,The 2008 Financial Crisis - Explained Like You're Five,8676,10 months ago,300,624,https://www.youtube.com/watch?v=FfL8wNxAn2U
business_economics,economic crisis explained simply,9-lMxj5Yeq8,UCisUsVFntoH7tg_nsabcATg,Finaxis,The 2008 Financial Crisis Explained Like You’re 5,98,6 months ago,180,426,https://www.youtube.com/watch?v=9-lMxj5Yeq8
business_economics,economic crisis explained simply,DjDZzwWOZqw,UCOfCwg0s6wDVasLYyHY6S1g,THE INDIANN BUZZ ,The 2008 Financial Crisis Explained Simply | How Banks Destroyed the Global Economy | BUZZ,10,3 months ago,90,245,https://www.youtube.com/watch?v=DjDZzwWOZqw
business_economics,economic crisis explained simply,Tt4rb1iGqKY,UC_1zGYb_26gVmK9Qbcq6AUw,Sketchy Markets,"The 2008 Financial Crisis, Explained Simply",8,1 month ago,30,391,https://www.youtube.com/watch?v=Tt4rb1iGqKY
business_economics,corporate scandal explained documentary,CAHQMJgaCyY,UC0A7miUGbm8GKGGkkzbYVKQ,The Crime Files Now,How $10 Billion Vanished: The 1MDB Scandal Explained,280,4 months ago,120,611,https://www.youtube.com/watch?v=CAHQMJgaCyY
business_economics,corporate scandal explained documentary,2JZEhv0HWU0,UCpMbCmfibd9R_6kmGhYNNNQ,False Profits ,Inside America’s Biggest Banking Fraud | The Wells Fargo Scandal,1661,10 months ago,300,1608,https://www.youtube.com/watch?v=2JZEhv0HWU0
business_economics,corporate scandal explained documentary,adpt6KW4Jb4,UCP9RPj_BG0vit2TNM7LuRxA,Crayon Capital,Margin Call Scandal Explained Like You're 5,230258,4 months ago,120,825,https://www.youtube.com/watch?v=adpt6KW4Jb4
business_economics,corporate scandal explained documentary,Pi7Z7D-FHBI,UC1YSqFIvoh9Z93MFgaHgFPQ,Corporate Autopsy ,The Enron Scandal Explained: The Biggest Corporate Fraud in History,58,2 weeks ago,14,507,https://www.youtube.com/watch?v=Pi7Z7D-FHBI
business_economics,corporate scandal explained documentary,bWOjRce4TxE,UCfeE5ja4vkzNZvi4GCnrozw,Dark Money Crimes,The $16 Billion Steinhoff Fraud That Collapsed Overnight,136,7 months ago,210,1019,https://www.youtube.com/watch?v=bWOjRce4TxE
business_economics,corporate scandal explained documentary,wVwpo4eE-ek,UCVqICsy4VSEJrdOVgWxf0qw,Clever Crack,The Panama Papers Scandal in 14 Minutes,5723,10 months ago,300,871,https://www.youtube.com/watch?v=wVwpo4eE-ek
business_economics,corporate scandal explained documentary,HawmGu7oNrc,UCP9RPj_BG0vit2TNM7LuRxA,Crayon Capital,The Wolf of Wall Street Scam Explained Like You're 5,4193646,10 months ago,300,993,https://www.youtube.com/watch?v=HawmGu7oNrc
business_economics,corporate scandal explained documentary,84A5Dm812sw,UCNye-wNBqNL5ZzHSJj3l8Bg,Al Jazeera English,The human cost of the Philippines’ flood-control corruption scandal | 101 East Documentary,576362,8 months ago,240,1521,https://www.youtube.com/watch?v=84A5Dm812sw
business_economics,corporate scandal explained documentary,WJCK8jzsk4k,UC7Bvqw_TFJUdDYgrwp0sk0Q,SIN and SCANDAL,Explaining Parmalat(2003) Scandal in 4 Minutes!,350,10 months ago,300,239,https://www.youtube.com/watch?v=WJCK8jzsk4k
crime_scams_mystery,fraud case explained documentary,p9x9s_-IOOM,UCP9RPj_BG0vit2TNM7LuRxA,Crayon Capital,Theranos Scandal Explained Like You're 5,223311,11 months ago,330,981,https://www.youtube.com/watch?v=p9x9s_-IOOM
business_economics,corporate scandal explained documentary,MTp_vIbE0sY,UC1cfy6LhHARqEPLEk7xwToA,Financial Crime Cases,The Enron Scandal: How America’s “Smartest Company” Was a Lie,21,4 months ago,120,584,https://www.youtube.com/watch?v=MTp_vIbE0sY
business_economics,corporate scandal explained documentary,mgjGvZ-3VEg,UCHmgHZDkLIt6_ktxnWP4IpQ,Fundscop ,The Enron Scandal|The $74 Billion Corporate Fraud That Shocked America,24,5 months ago,150,285,https://www.youtube.com/watch?v=mgjGvZ-3VEg
business_economics,corporate scandal explained documentary,2gOnRjIGewg,UCLR5LDxkkbejp0AABt42ddg,Financial Files by prof,Why Corporate Fraud Always Looks the Same (The Fraud Triangle Explained),0,4 days ago,4,783,https://www.youtube.com/watch?v=2gOnRjIGewg
business_economics,corporate scandal explained documentary,9BapYoOjd5Q,UCeG8InbxK9tGE3RTZT3HW_w,Pratiik Docs,"Biggest Corporate Scandals in History | Enron, Volkswagen, Theranos, FTX & More | Full Documentary",6,2 weeks ago,14,332,https://www.youtube.com/watch?v=9BapYoOjd5Q
business_economics,corporate scandal explained documentary,zqnYjcnpNYY,UCwAJEmbRaqt61sH8TINALcg,The Profit Lab,Wirecard’s Collapse Explained: The $2 Billion Scandal That Shocked the Financial World,63,8 days ago,8,772,https://www.youtube.com/watch?v=zqnYjcnpNYY
business_economics,corporate scandal explained documentary,htaNLUYjwRw,UCHIIIwGFuiUAHIIXTwhCRxg,@moneychronicles,Enron Fooled Wall Street | America's Biggest Corporate Fraud Explained,4,3 weeks ago,21,1053,https://www.youtube.com/watch?v=htaNLUYjwRw
business_economics,corporate scandal explained documentary,8HuR1L80Xxw,UCEH465lnJ-0EqiQviL2fjeQ,The Money Brief,Olympus scandal Explained - Japan's History Biggest Scam,67,11 months ago,330,743,https://www.youtube.com/watch?v=8HuR1L80Xxw
business_economics,corporate scandal explained documentary,54Ct1-IW8Po,UCT0vJfP997-YSYNMcsON59A,History They Never Taught You,The History of Fraud in America | Biggest Scams That Shook the Nation #History #Fraud #Documentary,25,2 months ago,60,215,https://www.youtube.com/watch?v=54Ct1-IW8Po
consumer_systems,hidden fees explained America,jLocjYdlH3E,UCe-WJ14657ObdpIs2kIL13w,VIRAT IAS INSIGHTS,America is Bankrupt? The $40 Trillion Debt Crisis & US Bond Market Crash Explained,49980,2 days ago,2,1106,https://www.youtube.com/watch?v=jLocjYdlH3E
consumer_systems,hidden fees explained America,X1wQdc0JxYs,UCgX6ttzPIHKjW6IVxVAcT4w,Jiang Exclusive,Top 10 U.S. Cities Where Rents Are CRASHING — The Hidden Trap Nobody Is Talking About | Prof. Jiang,41459,4 days ago,4,1175,https://www.youtube.com/watch?v=X1wQdc0JxYs
consumer_systems,hidden fees explained America,gPAu7rqfazg,UCspDvGXrxjZbOlRaw0Ea3sw,Jia Liao,The Hidden Costs That Kill CPG Brands — Trade Spend Explained,2882,9 months ago,270,666,https://www.youtube.com/watch?v=gPAu7rqfazg
consumer_systems,hidden fees explained America,RIQgejgla9g,UCYEk8v-E1hejBwffGLI0Mbw,Political Drain,🚨 The HIDDEN Cost of Sending U.S. Ground Troops to Latin America,77,20 hours ago,0,142,https://www.youtube.com/watch?v=RIQgejgla9g
consumer_systems,hidden fees explained America,6a9WMPbrsdM,UCGSS2mBuqH5MGDLP0Q5C7Kw,Snyder Reports,Starbucks' Nashville Move Just Exposed America's Hidden Layoff Crisis,7526,1 day ago,1,358,https://www.youtube.com/watch?v=6a9WMPbrsdM
consumer_systems,hidden fees explained America,YN6BEUA4jNU,UCehBVAPy-bxmnbNARF-_tvA,More Perfect Union,We Found the Hidden Cost of Data Centers. It's in Your Electric Bill,1476029,11 months ago,330,828,https://www.youtube.com/watch?v=YN6BEUA4jNU
consumer_systems,hidden fees explained America,vb40abxV_KU,UCLdLVA4iiC6x22Rb0_-R0nQ,Explains 101,"Credit Cards EXPLAINED: The Traps, Rewards, and Hidden Truths",187112,10 months ago,300,709,https://www.youtube.com/watch?v=vb40abxV_KU
consumer_systems,hidden fees explained America,jL3QRdT-uU8,UC1W5XfMkhmgMoJfSHHd6rbQ,Let’s Wander Smart,Stop Paying These 7 Hidden Hotel Fees (Most Travelers Never Notice),29,2 days ago,2,531,https://www.youtube.com/watch?v=jL3QRdT-uU8
consumer_systems,hidden fees explained America,nIbxQN1nHsQ,UC2-_WWPT_124iN6jiym4fOw,Asian Boss,The Hidden Force Behind South Korea’s AI Stock Market Crash | AB Explained,204766,3 days ago,3,3267,https://www.youtube.com/watch?v=nIbxQN1nHsQ
consumer_systems,hidden fees explained America,7JSR-hMrgjI,UCQ9hnxzWM0xmC-xdyUVMN0w,Alora Mortgage,Understanding Closing Costs When Buying a Home | Hidden Fees Explained 2025,5,10 months ago,300,33,https://www.youtube.com/watch?v=7JSR-hMrgjI
culture_entertainment,music industry documentary explained,EDhgjsJ67e4,UCRBxiybrJl5YYJDJuKVVCsg,The Truth IS,What Was Kanye's New Video Really Telling Us,110932,4 days ago,4,785,https://www.youtube.com/watch?v=EDhgjsJ67e4
consumer_systems,hidden fees explained America,_MI8OQyA_cw,UC4UVmkFWcqT6aHPG6tRAlvA,Cheatham Media,The American Nightmare Hidden Within US,88874,1 month ago,30,2808,https://www.youtube.com/watch?v=_MI8OQyA_cw
consumer_systems,hidden fees explained America,0KKBKAa-v_A,UCB3wM74VyhZ_jycbzzw_LIw,Living in Madrid Spain,The Real Cost of Buying a Home in Madrid (Taxes & Hidden Fees Explained),72,2 days ago,2,637,https://www.youtube.com/watch?v=0KKBKAa-v_A
consumer_systems,hidden fees explained America,YkK6QciKqe4,UC9DFnmy6eL-EtW9AYodrF9g,Maniax Edits,Among Us - Hidden Details You Definitely Missed! (V4) [SPOILERS],229703,2 months ago,60,670,https://www.youtube.com/watch?v=YkK6QciKqe4
consumer_systems,hidden fees explained America,UVaXgmSNhAI,UCSnjjOi6ThcHQy8gvJIimgA,Terminato,Hidden Details You Never Notice In All Of Us Are Dead,15343,5 days ago,5,457,https://www.youtube.com/watch?v=UVaXgmSNhAI
consumer_systems,hidden fees explained America,R3MbiiXuNRo,UCGDQs6k_RAX5gq41FdmNtjQ,My Insurance,The Hidden Fees Insurance Companies Won't Tell,1495,6 months ago,180,4062,https://www.youtube.com/watch?v=R3MbiiXuNRo
consumer_systems,hidden fees explained America,gQT8VaiKHtA,UCCGYGBCIBaOniWfFjYm1lJg,Royal Money,Most People Never Notice The Hidden Banking Fees Costing Americans Thousands,0,2 months ago,60,462,https://www.youtube.com/watch?v=gQT8VaiKHtA
consumer_systems,hidden fees explained America,pxCRBDx4QNM,UCef1-8eOpJgud7szVPlZQAQ,CNN-News18,'Hidden In Plain Sight' Ted Cruz Targets Muslim Brotherhood Network In America | U.S News | N18V,4590,5 days ago,5,1014,https://www.youtube.com/watch?v=pxCRBDx4QNM
consumer_systems,food industry secrets explained,c4ONJVn2IOg,UC-uKCD90qLsMW59dDKr0r-Q,BizWorld Explorer,NEVER Eat Here Again 🚨 Hidden Restaurant Secrets Revealed,156,9 months ago,270,786,https://www.youtube.com/watch?v=c4ONJVn2IOg
consumer_systems,food industry secrets explained,GQGJ9rS3iOM,UCgoyBmLOMNWmsiVkj-MezyQ,ExpHub - Prashant Kirad,This is Killing Your Brain 🤯| Exposing Food Company | Prashant Kirad,1266437,7 months ago,210,630,https://www.youtube.com/watch?v=GQGJ9rS3iOM
consumer_systems,food industry secrets explained,mQZU2e34d5w,UCRvfbZaSZ0ts7sYRn6RU2Vw,AMARULACM,Inside Your Canned Food: The Processing Secrets Finally Revealed,475,6 months ago,180,201,https://www.youtube.com/watch?v=mQZU2e34d5w
consumer_systems,food industry secrets explained,mINxYyiaMmk,UCGiHG6h-MejgNr5oxgks-qw,Plainly Drawn,7 Dark Secrets the Food Industry Hides From You,46,3 months ago,90,581,https://www.youtube.com/watch?v=mINxYyiaMmk
consumer_systems,food industry secrets explained,KUfqMi-H5nU,UCvISE7GgoP8-x5WZzECSwvw,Josh Brett,The Disturbing Science of Ultra-Processed Food,242349,4 months ago,120,793,https://www.youtube.com/watch?v=KUfqMi-H5nU
consumer_systems,food industry secrets explained,Boqiv7DBGgs,UC7YBox5_8yJd2LYCdzv4s6w,PureLogic ,The Poison on Your Plate Food Industry Secrets EXPOSED,7,3 months ago,90,321,https://www.youtube.com/watch?v=Boqiv7DBGgs
consumer_systems,food industry secrets explained,vLetPgQBrrk,UC0deK-PkWZyxn6LtiMGzNeA,Factory Uncovered,Inside KFC's Real Chicken Processing (What They Hide) | KFC's Chicken Secret,149,4 months ago,120,214,https://www.youtube.com/watch?v=vLetPgQBrrk
consumer_systems,food industry secrets explained,fJSLnBfRVes,UCanq7-GOCHviSV6QSGKp2tw,EXPLAINER,The Secret Science Behind Fast Food 🍔 (Explained in 8 Minutes),2,2 weeks ago,14,498,https://www.youtube.com/watch?v=fJSLnBfRVes
consumer_systems,food industry secrets explained,RJgzlPNpZ-o,UC3ASzBqVyj5Orq-3j66jsGA,Everyday Echoezzzz,Expired' Doesn't Mean Spoiled: The Food Industry Secret They Don't Want You to Know,1044,6 months ago,180,322,https://www.youtube.com/watch?v=RJgzlPNpZ-o
consumer_systems,food industry secrets explained,MlCJWfa_xqc,UCjIXBkP8-Es1U2eNl5jELZQ,"Bitter Truth, with Nathan",Why 90% of “Healthy” Foods Are Garbage (The Food Industry Secret),31,4 months ago,120,832,https://www.youtube.com/watch?v=MlCJWfa_xqc
consumer_systems,food industry secrets explained,5hvEg1e4VS8,UCwXf2AVvvybvA5wu7l1tY2A,Dr Berg Wellness,🚨 5 Sugar Industry Secrets They Don't Want You to Know | Hidden Health Risks & Nutrition 🍬,1,1 month ago,30,337,https://www.youtube.com/watch?v=5hvEg1e4VS8
consumer_systems,food industry secrets explained,4vYiVTx0ka0,UCIjnKrLr8z3YIE7u4HnY2Lg,"Partha Nandi, MD",Are You Eating MEAT GLUE? Food Industry's DIRTY Secret Revealed,734,11 months ago,330,170,https://www.youtube.com/watch?v=4vYiVTx0ka0
consumer_systems,food industry secrets explained,rmALG-AynPQ,UC8ijSVAt6u4RQvtydQEHcMg,Relax Due Explained,10 Sneaky Food Industry Tricks That Fool Millions Every Day | Relax Due Explained,11,11 months ago,330,564,https://www.youtube.com/watch?v=rmALG-AynPQ
consumer_systems,food industry secrets explained,gHNlGdX_mhY,UC3ME_DDUmpIYhJDbsUI4Ydw,Kitchen Logic Lab,The Secret Science Behind Michelin Star Food Revealed,8,9 months ago,270,173,https://www.youtube.com/watch?v=gHNlGdX_mhY
consumer_systems,food industry secrets explained,Dad3Dt4ewEQ,UCu2Xw0RIQUwkPNAtYW9xb8A,The Prateek World,"Chef Exposes Dark Side of Indian Food | 5-Star Hotels, Fake Food & its Danger | Chef Ravi Michael",109369,10 months ago,300,6395,https://www.youtube.com/watch?v=Dad3Dt4ewEQ
consumer_systems,food industry secrets explained,BNIT_CRvu9E,UCMaTsb1_dPreV585l6qdy3w,Food Untold,The Dark Secrets Behind Fast Food | Hidden Truths They Never Told You|Food Untold,112,1 month ago,30,349,https://www.youtube.com/watch?v=BNIT_CRvu9E
consumer_systems,food industry secrets explained,njyCsp1x4tQ,UC3VvVGPmTxjCVkQvtScU0eQ,Incognito Future Lab,The Food Industry's Secret. You're Already Eating Bugs,9,11 months ago,330,79,https://www.youtube.com/watch?v=njyCsp1x4tQ
consumer_systems,food industry secrets explained,vbODo_0NBQI,UCEm0F7h-s0xUekzERIoxPDQ,Manufacturing Mode,Is YOUR FOOD really ALIVE The SECRET World of Fermentation REVEALED,40,10 months ago,300,357,https://www.youtube.com/watch?v=vbODo_0NBQI
consumer_systems,food industry secrets explained,2cnG_tvu31I,UCTkeNpdkKSC1et5KU-GYEmg,Health Huddle,Marion Nestle Exposes the Dirty Secrets of the Food Industry with Doctor Mike,22,9 months ago,270,5170,https://www.youtube.com/watch?v=2cnG_tvu31I
consumer_systems,food industry secrets explained,fVZe-kT-N7A,UCAJcnvIG1GXdbOXAau1WtMg,FlavorExplained,The Secret Why Chinese Food Tastes Different Every Time 🤯,5,3 months ago,90,137,https://www.youtube.com/watch?v=fVZe-kT-N7A
consumer_systems,grocery prices explained America,7NkS6zxJkKk,UChgho3XtawPndU7DOW6bkSg,USA Fact Hub ,Why Groceries Are So Expensive in America (Explained Simply),35,4 months ago,120,60,https://www.youtube.com/watch?v=7NkS6zxJkKk
consumer_systems,grocery prices explained America,YmcBHn1MI0o,UCyu-qrB8I7BBxgKwoBu-UOA,State Across,America's Grocery Price Problem Explained | Food Inflation 2026,7,5 days ago,5,555,https://www.youtube.com/watch?v=YmcBHn1MI0o
consumer_systems,grocery prices explained America,3mwc8_OHACE,UCIE-5aR7ai4N2I1YdfzX9cQ,US Now,How War Impacts Your Wallet: Grocery Prices Explained,14,4 months ago,120,251,https://www.youtube.com/watch?v=3mwc8_OHACE
consumer_systems,grocery prices explained America,PQOXdtPBGXI,UCehBVAPy-bxmnbNARF-_tvA,More Perfect Union,We Found The Radical Solution To Skyrocketing Grocery Prices,2129597,6 months ago,180,917,https://www.youtube.com/watch?v=PQOXdtPBGXI
consumer_systems,grocery prices explained America,Hj5OpFNj8uc,UCvJJ_dzjViJCoLf5uKUTwoA,CNBC,How Digital Price Tags Are Changing Food Shopping,183997,10 months ago,300,690,https://www.youtube.com/watch?v=Hj5OpFNj8uc
consumer_systems,grocery prices explained America,dFZHiaxI9sM,UCTcg9jYAPP0a7KAXQ-aK2hw,FinanceGlobe,Why Your Grocery Bill Is a Global Problem — Food Price Map Explained,50,3 weeks ago,21,312,https://www.youtube.com/watch?v=dFZHiaxI9sM
consumer_systems,grocery prices explained America,odhVF_xLIQA,UCehBVAPy-bxmnbNARF-_tvA,More Perfect Union,We Uncovered the Scheme Keeping Grocery Prices High,3372609,6 months ago,180,692,https://www.youtube.com/watch?v=odhVF_xLIQA
consumer_systems,grocery prices explained America,tXFjIJ5ygzI,UCw8Fc5R0Q5yyS3KrDCPM3xg,Times Now World,"EXPLAINED: Heatwave & Drought Hit Europe, Farmers Warn Of Severe Food Shortages & Price Hikes!",29310,4 days ago,4,414,https://www.youtube.com/watch?v=tXFjIJ5ygzI
consumer_systems,grocery prices explained America,4Lwyigb5spE,UCxDF8jnjLDoE2Kkv3gvyUlA,SOUTHERN ECONOMIST,Inflation Explained: Why Layoffs & Grocery Prices Prove the Cost of Living Crisis Is Real,268,11 months ago,330,490,https://www.youtube.com/watch?v=4Lwyigb5spE
consumer_systems,grocery prices explained America,FS2yeReeUHA,UCqlYzSgsh5jdtWYfVIBoTDw,Fox News Clips,BODEGA BATTLE: NYC is getting SUED over government-funded grocery stores,47009,1 day ago,1,377,https://www.youtube.com/watch?v=FS2yeReeUHA
consumer_systems,grocery prices explained America,xo3aljkahHo,UCqW-Q4PRQE5_n2vbAaC1rUg,messyintheusa,Why Does American Food Feel FAKE? Food Quality Crisis 2025,691508,10 months ago,300,1006,https://www.youtube.com/watch?v=xo3aljkahHo
consumer_systems,grocery prices explained America,At9siaShGok,UCnL7bUJu-M9tDNQoqmb0A4g,Kyler Speaks,The Iran War Has Skyrocketed Grocery Prices By 30% – Shocking Reasons Explained! | Kyler Speaks #45,13,5 months ago,150,1381,https://www.youtube.com/watch?v=At9siaShGok
consumer_systems,grocery prices explained America,5oxJd9YF-No,UCPjVERSdREr-MqpVOSZzW2w,Logical Economy,Why Your Grocery Bill Feels Twice as Expensive,22,2 weeks ago,14,585,https://www.youtube.com/watch?v=5oxJd9YF-No
consumer_systems,grocery prices explained America,PWLxCwRJwKU,UCWWB3THDkUkkyHCj4y6uNpg,Expedition Explorers,Grocery Store Recession Explained | Why Americans Can’t Afford Food,295,6 months ago,180,1322,https://www.youtube.com/watch?v=PWLxCwRJwKU
consumer_systems,grocery prices explained America,yz9c0Y-l0JU,UCqnbDFdCpuN8CMEg0VuEBqA,The New York Times,Zohran Mamdani’s Plan for Government-Run Grocery Stores: Will It Help?,129759,10 months ago,300,281,https://www.youtube.com/watch?v=yz9c0Y-l0JU
consumer_systems,grocery prices explained America,H9GYzDbkxzA,UClFUXoMmjzaeD5RjGPNGHSQ,Brad Polumbo,Zohran’s Socialist Grocery Store Scheme Is Already Imploding!,29317,3 days ago,3,845,https://www.youtube.com/watch?v=H9GYzDbkxzA
consumer_systems,grocery prices explained America,gjAU4gKMqN4,UCakwNgDUFDs_8wdH1PMZ2Vw,Daily Bite,Every US Grocery Store Explained,2630,4 months ago,120,848,https://www.youtube.com/watch?v=gjAU4gKMqN4
consumer_systems,grocery prices explained America,Uod0rJYltNg,UCJjXizyi6SdtCa_3u1t7WRw,ZenasChronicles,"America’s Economic Breaking Point? Rent, Groceries & Wealth Gap Explained (Lego) No Talking Points",15,3 months ago,90,419,https://www.youtube.com/watch?v=Uod0rJYltNg
consumer_systems,grocery prices explained America,mRpS3n_Y68k,UCvJJ_dzjViJCoLf5uKUTwoA,CNBC,The Big Problem With Mamdani’s City-Run Grocery Stores In NYC,326260,10 months ago,300,696,https://www.youtube.com/watch?v=mRpS3n_Y68k
consumer_systems,grocery prices explained America,0wHixOJdnXQ,UCxDF8jnjLDoE2Kkv3gvyUlA,SOUTHERN ECONOMIST,Your Grocery Bill Just Spiked AGAIN… And Nobody’s Explaining Why,62,3 months ago,90,644,https://www.youtube.com/watch?v=0wHixOJdnXQ
consumer_systems,insurance costs explained America,xpZyF93OQ_g,UCVTTa3DfTP9wsBaZCeKwAqg,Fiscal Underneath,Why Health Insurance Is So Expensive in America (Explained) | Health Insuarance | Fiscal Underneath,2,5 months ago,150,482,https://www.youtube.com/watch?v=xpZyF93OQ_g
consumer_systems,insurance costs explained America,mDBnsW89DKg,UCJbdDexGCtZVXea6O_iJ1eA,FinX US,"Car Insurance in America: Types, Costs & Coverage Explained",0,8 months ago,240,102,https://www.youtube.com/watch?v=mDBnsW89DKg
consumer_systems,insurance costs explained America,HqYkFgXxi94,UCJdRx_2utCAdq8p0DFVMJHw,Insurance Simplified USA,Why Americans Pay So Much For Health Insurance | Explained Simply,20,2 months ago,60,137,https://www.youtube.com/watch?v=HqYkFgXxi94
consumer_systems,insurance costs explained America,EaKu2tLInX4,UC-J0JdkUxPVKrXjYPcSgbXw,EpiCred,US Health Insurance Explained for International Students | Avoid Costly Mistakes!,365,9 months ago,270,243,https://www.youtube.com/watch?v=EaKu2tLInX4
consumer_systems,insurance costs explained America,JA6WiZp0v18,UCanNUvfdjDPGXsAMgjAo4pA,American Decoded,Why Is Insurance So Expensive in America? | The Real Cost Explained,18,1 month ago,30,858,https://www.youtube.com/watch?v=JA6WiZp0v18
consumer_systems,insurance costs explained America,JwiHIX4raU0,UC2wEhBIL5qThrHzXbcnnuOA,Money Instructor,"Trump’s Great Healthcare Plan Explained - Costs, Coverage, and Changes",8584,7 months ago,210,561,https://www.youtube.com/watch?v=JwiHIX4raU0
consumer_systems,insurance costs explained America,BgSLVnSLfsM,UCCXQgjB0xD09JWfExUCgN9g,How Great Is Britain,American Health Insurance Explained | Our Personal Experience,3670,6 months ago,180,1493,https://www.youtube.com/watch?v=BgSLVnSLfsM
consumer_systems,insurance costs explained America,tExl9p1vFz0,UClomVmpeq3u2y9Y3SM87UYw,explained money USA,Why health insurance is so much expensive in USA #explained money USA,4,7 months ago,210,162,https://www.youtube.com/watch?v=tExl9p1vFz0
consumer_systems,insurance costs explained America,PXxvkDOv8Xs,UCGVdPrHGQ9SRTyBxPhSiz4A,What & Why,Why Is Health Insurance So Expensive in America? The Real Reason Explained,2,3 weeks ago,21,121,https://www.youtube.com/watch?v=PXxvkDOv8Xs
consumer_systems,insurance costs explained America,UhEkOozpXWY,UC9nALrUE6b3J_6wUghZPLBw,SSA Post,"America’s Healthcare Plan Explained — Costs, Coverage, and What Could Change",169,7 months ago,210,745,https://www.youtube.com/watch?v=UhEkOozpXWY
consumer_systems,insurance costs explained America,t1zBsZXpE0Q,UCb_o40B3ugE9FARhe1gmwgA,Usp ,America’s Healthcare Plan Explained — Costs & Coverage and What Could Change,1,7 months ago,210,768,https://www.youtube.com/watch?v=t1zBsZXpE0Q
consumer_systems,insurance costs explained America,-KwK_05YyqQ,UChgho3XtawPndU7DOW6bkSg,USA Fact Hub ,Why Health Insurance in America Is So Expensive (Explained Simply),2,5 months ago,150,72,https://www.youtube.com/watch?v=-KwK_05YyqQ
consumer_systems,insurance costs explained America,qTTOiXct8DA,UC9SXNVKTNxv0iDBLDTCTJ8A,Lynne Clausen,US High-Risk Auto Insurance Costs Explained,1,1 month ago,30,63,https://www.youtube.com/watch?v=qTTOiXct8DA
consumer_systems,insurance costs explained America,CNVarGxta7E,UCqy3JmGvI2Gsuz53ieWdcZg,New Health Insurance,Low-Cost Health Insurance in the U.S. (Best Options Explained),7,3 months ago,90,26,https://www.youtube.com/watch?v=CNVarGxta7E
consumer_systems,insurance costs explained America,mNOgBXvENT4,UCGvbSAVX9cvzQi203HfmJaw,GreatFlorida Insurance – Christopher Riano Agency,US Car Insurance Costs Explained,0,2 months ago,60,63,https://www.youtube.com/watch?v=mNOgBXvENT4
consumer_systems,insurance costs explained America,opCiEhRsnRw,UCH_m8c0Bu42WrNLKKHJ-IhA,US Banking Explained,EVERY US Insurance Type Explained in 10 Minutes,14,1 month ago,30,611,https://www.youtube.com/watch?v=opCiEhRsnRw
consumer_systems,insurance costs explained America,7WBDzaasSfA,UC4doYamGH7Pu9gxrvO81NMg,Drift Shield,US Electric Vehicle Car Insurance Cost: Structural Battery Repair Diagnostic Rates Explained,118,1 month ago,30,819,https://www.youtube.com/watch?v=7WBDzaasSfA
consumer_systems,insurance costs explained America,ms0-1WOBFzk,UCOOSv-D_pj_GM5nNXQlkWHg,Life Pulse Official Pk,How Health Insurance Works in the USA | Real Medical Costs Explained,32,8 months ago,240,120,https://www.youtube.com/watch?v=ms0-1WOBFzk
consumer_systems,insurance costs explained America,M141Fme-ZgE,UCH08WyHpmCNfFMOBR-xLSHA,Hafeez Abbasi,"US Insurance Explained: Best Coverage Options, Costs, and Tips for 2025. #usa#usainsurance#usashorts",5,9 months ago,270,65,https://www.youtube.com/watch?v=M141Fme-ZgE
consumer_systems,insurance costs explained America,CYszDXXPqgQ,UCnRwQlrdOxGjhQAnZyLoNZQ,The Finance decoder,How Health Insurance Actually Works in the US (Explained Simply),13,6 months ago,180,376,https://www.youtube.com/watch?v=CYszDXXPqgQ
consumer_systems,subscription economy explained,K_UjXJ2vAhA,UCL1Hk8BsvRZ-_aKOWeJ3hbg,Fortune Files,You're Secretly Fueling The Subscription Economy? Explained Like You're 5,11,5 months ago,150,487,https://www.youtube.com/watch?v=K_UjXJ2vAhA
consumer_systems,subscription economy explained,ToTbNKqcIjs,UC71Lj-NZEeRUtFcoShOpd3w,ME FINANCE,"""Why Everything Became a Subscription (And Why It's So Hard to Cancel)""",11,2 hours ago,0,439,https://www.youtube.com/watch?v=ToTbNKqcIjs
consumer_systems,subscription economy explained,4FoS55CGB5w,UCIEX8ATSRsacOkCuEw2SU_g,GigNova,The Subscription Trap: Why You Own Less and Pay More,58,9 days ago,9,672,https://www.youtube.com/watch?v=4FoS55CGB5w
consumer_systems,subscription economy explained,zB0BlTc-JPU,UCJX2RNYcIx3zutvZ-_lL2Ow,GeoEcoZoom,Subscription Economy Explained: Why Businesses Love Monthly Payments,6,1 month ago,30,270,https://www.youtube.com/watch?v=zB0BlTc-JPU
consumer_systems,subscription economy explained,ePxgXSPS_to,UCUh5m4D_bSOqw7cJF8EQ8Dw,Finance Simply Explained,Everything Is Becoming a Subscription,84,1 month ago,30,763,https://www.youtube.com/watch?v=ePxgXSPS_to
consumer_systems,subscription economy explained,MMyrAmBdKtQ,UChDuOy5j5yyG1WXL1aNBAzA,Legacy Logic,POV: You’ll Own Nothing (Subscription Economy Explained),16,3 months ago,90,497,https://www.youtube.com/watch?v=MMyrAmBdKtQ
consumer_systems,subscription economy explained,xUPQw-7Fp2U,UCGDDQDllt2TFVbJVodBnQ1A,Final Boss Finance ,You Will Own Nothing | The Subscription Economy Explained,21,3 months ago,90,269,https://www.youtube.com/watch?v=xUPQw-7Fp2U
consumer_systems,subscription economy explained,1wjI7MDOlU8,UCx5ff0g-srcVu_sMVkz_rDw,System Insider,The Future Where Nobody Owns Products | Subscription Economy Explained.#SubscriptionEconomy#future,58,1 month ago,30,490,https://www.youtube.com/watch?v=1wjI7MDOlU8
consumer_systems,subscription economy explained,7Y_7qzH-1l4,UCfd32hfs5HR-G6UC3dgxmgA,Who Actually Pays?,Who Actually Pays for Subscription Pricing? (The Free Trial Trap),21,4 months ago,120,684,https://www.youtube.com/watch?v=7Y_7qzH-1l4
consumer_systems,subscription economy explained,6356YphWHMo,UCRlWsFpNRQPUpN7QUGWct7Q,Explain Money,Why Everything Is a Subscription Now?,192,1 month ago,30,423,https://www.youtube.com/watch?v=6356YphWHMo
consumer_systems,subscription economy explained,IgI8PNHPovM,UCdavdudxmfGu7yzGgxDqWgA,The Balance Thesis,The Hidden Cost of the Subscription Economy Explained.,86,6 months ago,180,878,https://www.youtube.com/watch?v=IgI8PNHPovM
consumer_systems,subscription economy explained,jKqvWKN1Yzs,UCDbVr_3i2gjfTcIL0bkxoEg,Steve Invests,"Why Everything Is a Subscription Now (The ""Rent Everything"" Trap)",84,5 months ago,150,663,https://www.youtube.com/watch?v=jKqvWKN1Yzs
consumer_systems,subscription economy explained,dO1qjSeedLQ,UCR0vGMxiy3oV2_omq8G4sOw,Capital Growth Lab,Why Everything Is Becoming a Subscription,38,6 months ago,180,138,https://www.youtube.com/watch?v=dO1qjSeedLQ
consumer_systems,subscription economy explained,FMzw5Y2eCsc,UCefvcLJCSOPLhRos7kyOlhQ,THE FACT FACTORY,The Subscription Economy Explained: How It Upended Business Forever,1,4 weeks ago,28,134,https://www.youtube.com/watch?v=FMzw5Y2eCsc
consumer_systems,subscription economy explained,WjB8mefHEn4,UCsLR7ddhUnEPBOHgFXHiSyg,GLOBIS Unlimited,Subscription Economy... Basically,88,6 months ago,180,257,https://www.youtube.com/watch?v=WjB8mefHEn4
consumer_systems,subscription economy explained,KcTXznNnwdI,UC6eHDv6pisxIH8a1yiwGCQQ,Simplexplain,Why Everything Is Subscription-Based Now,12,3 months ago,90,530,https://www.youtube.com/watch?v=KcTXznNnwdI
consumer_systems,subscription economy explained,_91eoVtAgIs,UCRXXl7xsxWFb4U84Jp_vgaw,Money Decode,The Subscription Trap: How $10 a Month Became a Billion-Dollar Business,14,3 weeks ago,21,481,https://www.youtube.com/watch?v=_91eoVtAgIs
consumer_systems,subscription economy explained,Qo_M9XQgjzg,UC927jHB81UYBpfXtpXjFFMQ,Wise Theory,The Subscription Trap: How Monthly Payments Make Companies Billions | Finance Documentary,11,3 weeks ago,21,415,https://www.youtube.com/watch?v=Qo_M9XQgjzg
consumer_systems,consumer scam documentary,nIp_Ktqt9eE,UC-mP1nlk0qOutA08zuQHORA,Patrick Cc:,Pawn Stars is the Fakest Show on TV. Here's The Evidence,3860814,4 months ago,120,1601,https://www.youtube.com/watch?v=nIp_Ktqt9eE
consumer_systems,consumer scam documentary,kPxtIB5z-mI,UC-CSyyi47VX1lD9zyeABW3w,Dhruv Rathee,How Fashion Industry is DESTROYING the World? | Microplastics in Your Clothes | Dhruv Rathee,9599679,7 days ago,7,1371,https://www.youtube.com/watch?v=kPxtIB5z-mI
consumer_systems,consumer scam documentary,Vx84F7E6420,UC_fLaqn4P3ICQwUhX11q2Sg,F1 documentaries,How subscription traps Really Works,1,8 days ago,8,703,https://www.youtube.com/watch?v=Vx84F7E6420
consumer_systems,consumer scam documentary,GPcdighO0eU,UC4QZ_LsYcvcq7qOsOhpAX4A,ColdFusion,How Scamming Consumers Became Normalised,643209,8 months ago,240,1153,https://www.youtube.com/watch?v=GPcdighO0eU
consumer_systems,consumer scam documentary,c9fIHe6tlUA,UCvJJ_dzjViJCoLf5uKUTwoA,CNBC,"How Fakes, Frauds And Scams Came With Walmart’s Digital Boom",486062,11 months ago,330,932,https://www.youtube.com/watch?v=c9fIHe6tlUA
consumer_systems,consumer scam documentary,fyLJxWW9OPU,UCWJcs8BeWSiHXxjgLKyHwUQ,Scams & Frauds,The Worst Scams of 2026 (People Are Losing Everything),566830,6 months ago,180,1164,https://www.youtube.com/watch?v=fyLJxWW9OPU
consumer_systems,consumer scam documentary,0EZ6f3M64rI,UCUMZ7gohGI9HcU9VNsr2FJQ,Bloomberg Originals,The Dark Money Behind Myanmar’s Civil War | Bloomberg Investigates,323978,4 days ago,4,1140,https://www.youtube.com/watch?v=0EZ6f3M64rI
consumer_systems,consumer scam documentary,_9m2qUJRFck,UCxcrzzhQDj5zKJbXfIscCtg,ABC News In-depth,We tested your groceries. This is what we found | Four Corners,807300,4 weeks ago,28,3327,https://www.youtube.com/watch?v=_9m2qUJRFck
consumer_systems,consumer scam documentary,qFbfgjaHuxc,UC9Cg3sLGoDo93-cRTBs1uXA,Evil cam,The Scam That Stole $2 Billion From Retirees,0,9 days ago,9,1020,https://www.youtube.com/watch?v=qFbfgjaHuxc
consumer_systems,consumer scam documentary,axFTlLPSYbU,UCXxbGWsAWHJ-2uLiHlj2UdA,Rajkosh Files,Expired Food Scam: This Shopkeeper Trick Can Make You Sick | Hindi Documentary,687,2 weeks ago,14,853,https://www.youtube.com/watch?v=axFTlLPSYbU
consumer_systems,consumer scam documentary,vGAQ9uTRX3Q,UC2-_WWPT_124iN6jiym4fOw,Asian Boss,How Ghost Shops Triggered China’s Biggest Food Scandal | AB Explained,1215651,2 months ago,60,2604,https://www.youtube.com/watch?v=vGAQ9uTRX3Q
consumer_systems,consumer scam documentary,XkIbIGeeWR0,UC3ScyryU9Oy9Wse3a8OAmYQ,FRONTLINE PBS | Official,Why Are Prescription Drugs So Costly in the US? | The Other Drug War (full documentary) | FRONTLINE,65763,5 months ago,150,3218,https://www.youtube.com/watch?v=XkIbIGeeWR0
consumer_systems,consumer scam documentary,CHIhx-iRz3A,UCMM4St0xyjHijZ-Jnp6yfXw,Vanishing Assets,America's Biggest Banks Got Caught in an $870 Million Zelle Scam.,308,4 months ago,120,1150,https://www.youtube.com/watch?v=CHIhx-iRz3A
consumer_systems,consumer scam documentary,muMS2ZIWtg8,UCS5mdxbRYPUpY-gQr84Y71Q,The Victim Files,"She Lost $84,000 in DAYS – The Amazon Scam Destroying Seniors' Life Savings",426,5 months ago,150,796,https://www.youtube.com/watch?v=muMS2ZIWtg8
consumer_systems,consumer scam documentary,mNTc9RbdmU8,UCib0gO71ECpyqz35nqSwTGQ,Hidden Leverage POV,Millions of Home Devices Were Secretly Working for Criminals,7,8 days ago,8,745,https://www.youtube.com/watch?v=mNTc9RbdmU8
consumer_systems,consumer scam documentary,LMKqHuXLwwU,UCxQjOtDC7ZrBKrWr5josyiA,Financial Crimes USA,The $14 Billion Parmalat Fraud | Europe’s Enron Documentary,42,5 months ago,150,452,https://www.youtube.com/watch?v=LMKqHuXLwwU
consumer_systems,consumer scam documentary,FoJbLyL4nTU,UCYB8cOzzg6zijuq6luCrYyQ,RKH Media,The END of TikTok’s Scam Queen | Carrie Walls,100367,11 months ago,330,3646,https://www.youtube.com/watch?v=FoJbLyL4nTU
consumer_systems,what happens to returns explained,nzz0KKfuLes,UCi86aejJnXAcAC8TGSJh6fg,Super Level Manhwa ,What Happens When Archmage Returns A 20 Year Past || Explained In Hindi EP 26-50,2093,2 days ago,2,29457,https://www.youtube.com/watch?v=nzz0KKfuLes
consumer_systems,what happens to returns explained,IrjXByDiDDo,UCi86aejJnXAcAC8TGSJh6fg,Super Level Manhwa ,What Happens When the Archmage Returns After 20 Years || Explained in Hindi EP 50,366,3 days ago,3,1101,https://www.youtube.com/watch?v=IrjXByDiDDo
consumer_systems,what happens to returns explained,zHvQKjh0YD0,UCWkHlUiYLeRSIMP8yM7rxxg,PJ Explained,Avengers Doomsday Trailer: Tobey Maguire’s Spider-Man Death Explained (Potential Spoilers),528283,8 days ago,8,859,https://www.youtube.com/watch?v=zHvQKjh0YD0
consumer_systems,what happens to returns explained,_7ZZyh3pccM,UCKQ5Jj35sjTmJigRtlCPhVQ,ComicVerse,How Doomsday Starts with Endgame,918164,11 months ago,330,648,https://www.youtube.com/watch?v=_7ZZyh3pccM
consumer_systems,what happens to returns explained,hD1_k_GSPaQ,UCGaE6BmH_h2eOo12binZ2Tg,BrainPilot,RETURN TO SILENT HILL Ending Explained & Movie Review,50357,7 months ago,210,506,https://www.youtube.com/watch?v=hD1_k_GSPaQ
consumer_systems,what happens to returns explained,NvqGHt4_n8k,UCi86aejJnXAcAC8TGSJh6fg,Super Level Manhwa ,What Happens When Archmage Returns A 20 Year Past || Explained In Hindi EP 01 - 25,21915,2 weeks ago,14,30330,https://www.youtube.com/watch?v=NvqGHt4_n8k
consumer_systems,what happens to returns explained,HcpUnlrhgA0,UCgMJGv4cQl8-q71AyFeFmtg,ScreenCrush,"The Return of KANG , Explained",194116,5 months ago,150,990,https://www.youtube.com/watch?v=HcpUnlrhgA0
consumer_systems,what happens to returns explained,V_e7kOtRMZs,UC53shPbuHP88x5auRW4RmoQ,Scorpio Realm,Saturn Return Explained: What Really Happens Between Ages 28–30,758,9 months ago,270,146,https://www.youtube.com/watch?v=V_e7kOtRMZs
consumer_systems,what happens to returns explained,yZqodTKvnUk,UCN_dHK1FaBy8oPeckH9-rmQ,Nerdy Show,Return to Silent Hill (2026) Ending Explained | What Happened To James & Maria?,11407,6 months ago,180,752,https://www.youtube.com/watch?v=yZqodTKvnUk
consumer_systems,what happens to returns explained,-pQK_q1948w,UCAt83ypL9_lQUSdkNI9kdJQ,The Quiet Shepherd,All 17 Signs of Jesus Return Explained in Detail,29214,8 months ago,240,1838,https://www.youtube.com/watch?v=-pQK_q1948w
consumer_systems,what happens to returns explained,yVyhoaoL0LM,UCAWyKDiCfr5oH-a8EeyBu-Q,Ops Evolution,What REALLY Happens After You Return an Item? | Reverse Logistics Explained,70,1 month ago,30,165,https://www.youtube.com/watch?v=yVyhoaoL0LM
consumer_systems,what happens to returns explained,8JSYLQlbIL4,UCi86aejJnXAcAC8TGSJh6fg,Super Level Manhwa ,What Happens When Archmage Returns A 20 Year Past || Explained In Hindi EP 38,407,2 weeks ago,14,1261,https://www.youtube.com/watch?v=8JSYLQlbIL4
consumer_systems,what happens to returns explained,fFMcolWgD3w,UC-CSyyi47VX1lD9zyeABW3w,Dhruv Rathee,What Happens After Death? | Does Aatma really Exist? | Dhruv Rathee,12391360,1 month ago,30,1491,https://www.youtube.com/watch?v=fFMcolWgD3w
consumer_systems,what happens to returns explained,Wx40PQl-mss,UCgMJGv4cQl8-q71AyFeFmtg,ScreenCrush,Steve Rogers Avengers Doomsday Return Explained,415854,1 month ago,30,922,https://www.youtube.com/watch?v=Wx40PQl-mss
consumer_systems,what happens to returns explained,W94O_uAPXzg,UCXirHhcCTfZediXFsjTrMuw,Magical Manhwa Recaps,What Happens When The KING OF VIOLENCE Returns With FUTURE KNOWLEDGE - Manhwa Recap,196072,11 months ago,330,52430,https://www.youtube.com/watch?v=W94O_uAPXzg
consumer_systems,what happens to returns explained,ciyZoOpLW6w,UCi86aejJnXAcAC8TGSJh6fg,Super Level Manhwa ,What Happens When Archmage Returns A 20 Year Past || Explained In Hindi EP 01,2530,1 month ago,30,1835,https://www.youtube.com/watch?v=ciyZoOpLW6w
consumer_systems,what happens to returns explained,3Zo6CmdT7Fk,UCSnjjOi6ThcHQy8gvJIimgA,Terminato,How Cheong San will RETURN in All of us are Dead 2 | Theory Explained,182852,10 months ago,300,943,https://www.youtube.com/watch?v=3Zo6CmdT7Fk
consumer_systems,what happens to returns explained,hBx9kpvwpcs,UCEk2QG770jl3B1tkyi6cyXA,Seriesly,The Entire Story of Manifest in 37 Minutes,421763,10 months ago,300,2249,https://www.youtube.com/watch?v=hBx9kpvwpcs
consumer_systems,what happens to returns explained,YRGCLavr4jE,UCi86aejJnXAcAC8TGSJh6fg,Super Level Manhwa ,What Happens When Archmage Returns A 20 Year Past || Explained In Hindi EP 49,463,4 days ago,4,1231,https://www.youtube.com/watch?v=YRGCLavr4jE
consumer_systems,what happens to returns explained,XohDDrigsLg,UCK42b7JgorTQQGSWkE-fqYQ,More Sam Shamoun,What Will Happen to ISRAEL When JESUS Returns? | Sam Shamoun,180616,10 months ago,300,1439,https://www.youtube.com/watch?v=XohDDrigsLg
consumer_systems,why rent is so expensive America,W0SMj43T6SA,UCd074reA1HKvUhDITD1RZJQ,Alexs Brooks,Americans Are Finally Realizing They've Been Lied to About the Economy,258,19 hours ago,0,989,https://www.youtube.com/watch?v=W0SMj43T6SA
consumer_systems,why rent is so expensive America,FA_2ZEvu9J0,UC6i36UX1-ORqRzdKKhGfaJw,The silent Dialogue,Why Is Rent So Expensive in America?,3,20 hours ago,0,348,https://www.youtube.com/watch?v=FA_2ZEvu9J0
consumer_systems,why rent is so expensive America,dwY0SmtKEeA,UCH9mutaEheSImDfVUrku_bA,Monetrax,Why Is Rent So Expensive in America? 🇺🇸#MoneyTrax #Rent #USA #Economy #CostOfLiving #Housing#Finance,8,8 days ago,8,84,https://www.youtube.com/watch?v=dwY0SmtKEeA
consumer_systems,why rent is so expensive America,cVwtUoQ2ofk,UCxyBDgGnbUONWOy48pRLsAQ,Mr profit Anatomy ,Why Is Rent So Expensive in America? The Real Economics of Housing,0,3 days ago,3,200,https://www.youtube.com/watch?v=cVwtUoQ2ofk
practical_lifestyle,home ownership explained America,_9Md4QnjhU4,UCupvZG-5ko_eiXAupbDfxWw,CNN,Why more Americans will never buy a home,307301,1 month ago,30,594,https://www.youtube.com/watch?v=_9Md4QnjhU4
consumer_systems,why rent is so expensive America,cTzumLDnauA,UCcyq283he07B7_KUX07mmtA,Business Insider,"Breaking Down My $159,000 Salary In Brooklyn, New York | Cost Of Living",477102,2 days ago,2,1682,https://www.youtube.com/watch?v=cTzumLDnauA
consumer_systems,why rent is so expensive America,WLfZjDucIRY,UChgho3XtawPndU7DOW6bkSg,USA Fact Hub ,Why Rent in America Is So Expensive (Explained Simply),6,5 months ago,150,61,https://www.youtube.com/watch?v=WLfZjDucIRY
consumer_systems,why rent is so expensive America,1RV0IaK6qzI,UCd074reA1HKvUhDITD1RZJQ,Alexs Brooks,America Is Getting Too Expensive for the People Who Live Here,1049,2 days ago,2,1130,https://www.youtube.com/watch?v=1RV0IaK6qzI
consumer_systems,why rent is so expensive America,bqdPtjxzQaE,UCLdLVA4iiC6x22Rb0_-R0nQ,Explains 101,Why Nobody Can Afford a Home Anymore,498448,9 months ago,270,823,https://www.youtube.com/watch?v=bqdPtjxzQaE
consumer_systems,why rent is so expensive America,BgNT5o2l6lY,UCcS9p8AWp0wbY2aLQxvRN4w,Moneyxplain,Why Life in America Is Getting So Expensive: The Real Reason Behind Rising Costs,229,8 months ago,240,443,https://www.youtube.com/watch?v=BgNT5o2l6lY
consumer_systems,why rent is so expensive America,wFpHNSyfPgQ,UC80XJAY06N9JevwIVGLb8EQ,NEXORA GLOBAL ,Why Is Everything So Expensive in America? The Real Reason Nobody Explains,15,3 days ago,3,295,https://www.youtube.com/watch?v=wFpHNSyfPgQ
consumer_systems,why rent is so expensive America,HhXr7ZFS_Q8,UCMhfTJxvzp70aOMUMORgsBw,Edwards Economics,Rent Prices are CRUSHING Americans… | 2026 Housing Crisis,162216,6 months ago,180,1427,https://www.youtube.com/watch?v=HhXr7ZFS_Q8
consumer_systems,why rent is so expensive America,6AFI0SK-vFY,UCFVxzVMeSJr-NNW3KzXYtRA,Burchalations,The Rent Crisis in America Is Getting Worse (How Are People Affording This?),2390,4 months ago,120,742,https://www.youtube.com/watch?v=6AFI0SK-vFY
consumer_systems,why rent is so expensive America,D6WGjjCaKD8,UCaZy72jcm-TaP4-4iShcKIA,laramietravel,The Cost of Living in America Is So High People Are Living in Cars,1848,4 months ago,120,587,https://www.youtube.com/watch?v=D6WGjjCaKD8
consumer_systems,why rent is so expensive America,FJFK2Y75lr4,UCmzrC8FDilLAg3GfEh-mppg,Street Perspective Hub,Why Is Rent So Expensive in America? 🇺🇸,126,4 days ago,4,499,https://www.youtube.com/watch?v=FJFK2Y75lr4
consumer_systems,why rent is so expensive America,_NKWp8zPmwo,UC5t8NOm_xrZsNTf6F3yDddw,Halandzovskyi News ,Why Rent in the US Is Still So Expensive,4,6 months ago,180,58,https://www.youtube.com/watch?v=_NKWp8zPmwo
consumer_systems,why rent is so expensive America,u79LxXWLsVg,UCMhfTJxvzp70aOMUMORgsBw,Edwards Economics,The INSANE Rent Price Increases in 2026 Are Getting Out of Control,67384,3 months ago,90,1758,https://www.youtube.com/watch?v=u79LxXWLsVg
consumer_systems,why rent is so expensive America,dSbIygAQG34,UCvJJ_dzjViJCoLf5uKUTwoA,CNBC,Why Adulthood Became So Expensive,819170,11 months ago,330,2141,https://www.youtube.com/watch?v=dSbIygAQG34
consumer_systems,why rent is so expensive America,K1XEOpN7vfs,UCWfsBdXQxBMOwVXt0Uf9T9g,AmericaDailyExplained,Why RENT Is So Expensive In America?,9,7 months ago,210,181,https://www.youtube.com/watch?v=K1XEOpN7vfs
consumer_systems,why rent is so expensive America,GmTMaI37jQg,UCRnX5hLgKcbvDU83VqYUCnQ,Deep Dive Docs,Why Living in America Is Getting So Expensive in 2026,13,4 months ago,120,111,https://www.youtube.com/watch?v=GmTMaI37jQg
technology_ai,AI industry explained documentary,8qVbE9DHkEk,UCW39zufHfsuGgpLviKh297Q,DW Documentary,Will AI lead to the death of the internet? | DW Documentary,252096,3 months ago,90,3086,https://www.youtube.com/watch?v=8qVbE9DHkEk
technology_ai,AI industry explained documentary,Q0TpWitfxPk,UCOT2iLov0V7Re7ku_3UBtcQ,Hank Green,The State of the AI Industry is Freaking Me Out,3691702,10 months ago,300,990,https://www.youtube.com/watch?v=Q0TpWitfxPk
technology_ai,AI industry explained documentary,jkPVjTl7o-Q,UCxcrzzhQDj5zKJbXfIscCtg,ABC News In-depth,The AI takeover: Who controls our future? | Four Corners Documentary,421677,2 months ago,60,2669,https://www.youtube.com/watch?v=jkPVjTl7o-Q
technology_ai,AI industry explained documentary,wa7J_X2N8-s,UCvJJ_dzjViJCoLf5uKUTwoA,CNBC,Inside America’s Race To Build The Next Generation Of AI Chips,392806,8 months ago,240,2859,https://www.youtube.com/watch?v=wa7J_X2N8-s
technology_ai,AI industry explained documentary,8YFRD1qhHso,UCBAeFXaLV1ZqKqc-Uf3pKaA,WELT Documentary,The Drone War: Lessons from Ukraine and the Future of Combat,572014,7 months ago,210,2966,https://www.youtube.com/watch?v=8YFRD1qhHso
technology_ai,AI industry explained documentary,5KmopXwjXik,UCnjgxChqYYnyoqO4k_Q1d6Q,The Diary Of A CEO Clips,"Godfather of AI WARNS: ""You Have No Idea What's Coming""",7420268,10 months ago,300,1257,https://www.youtube.com/watch?v=5KmopXwjXik
technology_ai,AI industry explained documentary,T0oqR_IimvA,UCmGSJVG3mCRXVOP4yZrU1Dw,Johnny Harris,"The American war machine, explained",2312947,3 weeks ago,21,11596,https://www.youtube.com/watch?v=T0oqR_IimvA
technology_ai,AI industry explained documentary,xkPbV3IRe4Y,UCU4SM3j_9TNWaSu8KdGV50g,Focus Features,THE AI DOC: OR HOW I BECAME AN APOCALOPTIMIST - Official Trailer [HD] - Only In Theaters March 27,6066967,6 months ago,180,163,https://www.youtube.com/watch?v=xkPbV3IRe4Y
technology_ai,AI industry explained documentary,KW067woSxws,UCvJJ_dzjViJCoLf5uKUTwoA,CNBC,How AI Is Killing The Value Of A College Degree,1584852,9 months ago,270,702,https://www.youtube.com/watch?v=KW067woSxws
technology_ai,AI industry explained documentary,rtT87iAm_SM,UCfdNM3NAhaBOXCafH7krzrA,The Infographics Show,Why AI Researchers Are Quitting and Panicking on the Way Out,1587819,5 months ago,150,888,https://www.youtube.com/watch?v=rtT87iAm_SM
technology_ai,AI industry explained documentary,FLcrvMfHUJM,UCEENWVBdvDy-QWfuQoXC9HQ,Species | Documenting AGI,MIT Explains the 12 Possible Endings for AI,7512784,4 months ago,120,2145,https://www.youtube.com/watch?v=FLcrvMfHUJM
technology_ai,AI industry explained documentary,Cn8HBj8QAbk,UCGq-a57w-aPwyi3pW7XLiHw,The Diary Of A CEO,"AI Whistleblower: We Are Being Gaslit By AI Companies, They’re Hiding The Truth! - Karen Hao",5160173,4 months ago,120,7753,https://www.youtube.com/watch?v=Cn8HBj8QAbk
technology_ai,AI industry explained documentary,UnvtdsiTgD8,UCGBoWe1mzCvbbqDNncmxm8A,FINAiUS,Black Budget - The ENTIRE History of CIA | Documentary,1714069,11 months ago,330,2777,https://www.youtube.com/watch?v=UnvtdsiTgD8
technology_ai,AI industry explained documentary,G121VNcu0dg,UCzQ2FFVe7m8yIgzXMZtlSjg,Steve Eisman,Inside the Data Center Boom: Understanding the Massive Infrastructure That Supports AI,105812,10 months ago,300,3380,https://www.youtube.com/watch?v=G121VNcu0dg
technology_ai,AI industry explained documentary,c5tdpOVrtdA,UCknLrEdhRCp1aegoMqRaCZg,DW News,Is AI the next dot-com crash? | Business Beyond,295650,3 months ago,90,1183,https://www.youtube.com/watch?v=c5tdpOVrtdA
technology_ai,AI industry explained documentary,Yx7baJMQuVA,UCTSRIY3GLFYIpkR2QwyeklA,Drew Gooden,The Music Industry is Broken,4168595,2 months ago,60,2843,https://www.youtube.com/watch?v=Yx7baJMQuVA
technology_ai,AI industry explained documentary,oLDcbkEqi-M,UCvJJ_dzjViJCoLf5uKUTwoA,CNBC,Why The AI Boom Might Be A Bubble?,575710,10 months ago,300,577,https://www.youtube.com/watch?v=oLDcbkEqi-M
technology_ai,AI industry explained documentary,ckoi0RTEgcY,UCJ5gGCjn6ItdPQF0ZO9YROA,"Leo Cui, Ph.D., CFA ",The Entire AI Data Center Explained — From Electricity to ChatGPT,376882,1 month ago,30,2419,https://www.youtube.com/watch?v=ckoi0RTEgcY
technology_ai,technology failure documentary,vM72kdyqU_U,UCrjEjFj0uIdelVE6dk1ch0A,MASTER OF DOCUMENTARIES ,RISE OF ELON MUSK | From Failure to Billionaire Success#ElonMusk #Documentary #Success #Business,156,3 months ago,90,572,https://www.youtube.com/watch?v=vM72kdyqU_U
technology_ai,technology failure documentary,14vILv3jNuo,UCbG4WtiYJMrgV2A2-Db3X3Q,Javed Khaira,Why Airlift Failed? The Rise & Sudden Shutdown Explained | Javed Khaira Documentary,11192,7 months ago,210,496,https://www.youtube.com/watch?v=14vILv3jNuo
technology_ai,technology failure documentary,l6zsQt906AE,UC5kq4H1doNCbGcTzRiYeonQ,Truthline Documentaries,"Elon Musk Documentary 2026 | The Untold Rise, Failures & Genius Behind Tesla and SpaceX",31,8 months ago,240,328,https://www.youtube.com/watch?v=l6zsQt906AE
technology_ai,technology failure documentary,y4yBqE9rb-8,UCCL7WaRED_gC1FiAuYIOBRQ,Archive X,How Elon Musk Survived Failure and Built an Empire 🏰  | Full Documentary,26,6 months ago,180,364,https://www.youtube.com/watch?v=y4yBqE9rb-8
technology_ai,technology failure documentary,e0Dlr07jfjA,UCc8q4B1bj-668LMHyNXnTxQ,Economy Media,Why Tech Companies Are Quietly Cancelling AI Data Centers,1597081,3 months ago,90,632,https://www.youtube.com/watch?v=e0Dlr07jfjA
technology_ai,technology failure documentary,_zIUC4s2kOQ,UCJudcZ0LPiqLHVTj3s2H9Mw,AIVS,Elon Musk Movie (Life Story) [Unofficial : AI Movie],751179,9 months ago,270,1251,https://www.youtube.com/watch?v=_zIUC4s2kOQ
technology_ai,technology failure documentary,WcckBmkauBQ,UCKZozRVHRYsYHGEyNKuhhdA,Think School,The Dirty AI lie : How the GREATEST bet in human history started to crack in June 2026?,3124246,1 month ago,30,1253,https://www.youtube.com/watch?v=WcckBmkauBQ
technology_ai,technology failure documentary,5zduXt1UQ8Y,UC_mmaVYaFmlfdxuKb6U69Yw,Speeed,Testing Technology That Was Ahead of Its Time,1655105,3 months ago,90,2104,https://www.youtube.com/watch?v=5zduXt1UQ8Y
technology_ai,technology failure documentary,HauQtcj7UTM,UCODHrzPMGbNv67e84WDZhQQ,fern,The Dumb Design of Modern Cars,5164045,9 months ago,270,1512,https://www.youtube.com/watch?v=HauQtcj7UTM
technology_ai,technology failure documentary,sm9P3bRy5ms,UCP52qrBtsU6aon4BQ7cGG1w,The Interesting Files,Why Nokia Failed: The Rise and Fall of Nokia  @Nokia,7,12 days ago,12,968,https://www.youtube.com/watch?v=sm9P3bRy5ms
technology_ai,technology failure documentary,2XS7s9S6q8Q,UCq6OAftTQOuUBRdtUDq5SUA,PBS Documentaries,The Real History of Africa They Never Taught You | Full Documentary | Africa's Great Civilizations,1789071,3 months ago,90,3191,https://www.youtube.com/watch?v=2XS7s9S6q8Q
technology_ai,technology failure documentary,B6q1FzaKnmg,UCG_nvdTLdijiAAuPKxtvBjA,Filmento,Tron Ares – How Artificial I̶n̶t̶e̶l̶l̶i̶g̶e̶n̶c̶e Destroyed a Movie | Anatomy of a Failure,443475,7 months ago,210,1145,https://www.youtube.com/watch?v=B6q1FzaKnmg
technology_ai,technology failure documentary,eXXwN_TDdLU,UC4QZ_LsYcvcq7qOsOhpAX4A,ColdFusion,Why Building AI Data Centres Isn’t Working Anymore,1450302,2 months ago,60,1635,https://www.youtube.com/watch?v=eXXwN_TDdLU
culture_entertainment,brand history documentary,7V16Z3VIo54,UC-CSyyi47VX1lD9zyeABW3w,Dhruv Rathee,The IMPOSSIBLE Story of a Poor Boy who became a Billionaire,11086152,11 months ago,330,1182,https://www.youtube.com/watch?v=7V16Z3VIo54
technology_ai,technology failure documentary,k7_aYm-a7AI,UCm0AOGVL_5TJyaJXVdhwsRw,DarkFiles786,One Line. Billions Lost…,20,4 weeks ago,28,991,https://www.youtube.com/watch?v=k7_aYm-a7AI
technology_ai,tech company collapse explained,ysEAIIHzvXo,UC-XhHNXDoB6gIMYsi9p8cLg,The Invisible Game,The (Overdue) Collapse of Corporate Consulting,1357265,9 months ago,270,623,https://www.youtube.com/watch?v=ysEAIIHzvXo
technology_ai,tech company collapse explained,4EPW0Ht7XCc,UCfdNM3NAhaBOXCafH7krzrA,The Infographics Show,WTF is Happening with South Korean Economy,353941,3 days ago,3,886,https://www.youtube.com/watch?v=4EPW0Ht7XCc
technology_ai,tech company collapse explained,HqW4maLiN88,UC4xKdmAXFh4ACyhpiQ_3qBw,TechLead,THE AI BUBBLE is Collapsing: Tech Crashes,137259,4 weeks ago,28,739,https://www.youtube.com/watch?v=HqW4maLiN88
technology_ai,tech company collapse explained,cxcb55zr2Q8,UCsBjURrPoezykLs9EqgamOA,Fireship,How AI is breaking the SaaS business model...,765864,6 months ago,180,302,https://www.youtube.com/watch?v=cxcb55zr2Q8
technology_ai,tech company collapse explained,NBtUgWn-nHs,UCvEx40iw2E6bbUE_gLFTHiA,Silicon Money,Why Tech CEOs Are Quietly Cancelling Their AI Plans,817393,2 months ago,60,555,https://www.youtube.com/watch?v=NBtUgWn-nHs
technology_ai,tech company collapse explained,JXJf7vL8k94,UC4xKdmAXFh4ACyhpiQ_3qBw,TechLead,Why AI is Collapsing: How China is Winning.,136957,1 month ago,30,580,https://www.youtube.com/watch?v=JXJf7vL8k94
technology_ai,tech company collapse explained,NufJ7g63KSY,UCASM0cgfkJxQ1ICmRilfHLw,Patrick Boyle,Why Wall Street is Ignoring Big Tech's Debt,1491942,2 weeks ago,14,2021,https://www.youtube.com/watch?v=NufJ7g63KSY
technology_ai,tech company collapse explained,PtOmjej-YDE,UCfdNM3NAhaBOXCafH7krzrA,The Infographics Show,You NEED to STOP Using Meta Right NOW. The Collapse JUST Began.,712685,5 days ago,5,1304,https://www.youtube.com/watch?v=PtOmjej-YDE
technology_ai,tech company collapse explained,iI3tT6CCVH8,UCZ4AMrDcNrfy3X6nsU8-rPg,Economics Explained,Almost No One Realizes This About AI Data Centers,311790,8 days ago,8,1101,https://www.youtube.com/watch?v=iI3tT6CCVH8
technology_ai,tech company collapse explained,pHKCj2CZwnk,UCytiKJcsuKFARvAeUABvRBA,HinExp,The AI Collapse Explained | Business Case Study,197716,1 month ago,30,1064,https://www.youtube.com/watch?v=pHKCj2CZwnk
technology_ai,tech company collapse explained,n32mhb2aUsE,UCaXkIU1QidjPwiAYu6GcHjg,MS NOW,WH nightmare: AI bubble COLLAPSES! A TECH INSIDER shows the TERRIFYING WAY it may all CRATER,750611,3 days ago,3,728,https://www.youtube.com/watch?v=n32mhb2aUsE
technology_ai,tech company collapse explained,oPCVMdYrCMM,UCz8QaiQxApLq8sLNcszYyJw,Firstpost,Layoffs Explained: Why Tech Jobs Are Disappearing in 2026 | Spotlight | N18G,184579,2 weeks ago,14,998,https://www.youtube.com/watch?v=oPCVMdYrCMM
technology_ai,tech company collapse explained,786YrG7W9g8,UCLjja80BX7KIfDkT06hlAmg,Anjani Sharma,Kaynes Technology Business collapse and future outlook fully explained in most simple way,23,13 days ago,13,640,https://www.youtube.com/watch?v=786YrG7W9g8
technology_ai,tech company collapse explained,HXlcMbxzz0U,UCrNfRFWnLC3tCy1TnyhVQ7g,Casual Finance,The AI Bubble Survives on $1.65 Trillion in Hidden Debt,422490,3 weeks ago,21,895,https://www.youtube.com/watch?v=HXlcMbxzz0U
technology_ai,tech company collapse explained,24_aWqO_AJ0,UCdZoPWP4P94fScODyWcC7eA,Capital Intelligence,Wirecard's Collapse Explained in Simple Words 💳 | The Billion-Dollar Fraud That Shocked Europe,9,3 weeks ago,21,772,https://www.youtube.com/watch?v=24_aWqO_AJ0
technology_ai,tech company collapse explained,6an7TSfQu5c,UCtV-QAc7yGKU4xsg3TNyvAA,Meltdown Diaries,Wirecard’s Collapse Explained in Simple Words,1035,3 months ago,90,772,https://www.youtube.com/watch?v=6an7TSfQu5c
technology_ai,cybersecurity breach documentary,sOicR2enFsY,UCW39zufHfsuGgpLviKh297Q,DW Documentary,"Cyberattacks, data encryption, extortion - How cybercriminals operate | DW Documentary",144864,4 months ago,120,1706,https://www.youtube.com/watch?v=sOicR2enFsY
technology_ai,cybersecurity breach documentary,4vKy2RGd0e4,UCVVTthHLGBuNeKf5z6jGV2A,Blackfiles,The ONLY Hacker Who Got Away With Everything,680083,11 months ago,330,958,https://www.youtube.com/watch?v=4vKy2RGd0e4
technology_ai,cybersecurity breach documentary,y-mxhIL1lhM,UCftwRNsjfRo08xYE31tkiyw,WIRED,6 Of The Worst Data Breaches in U.S. History | Incognito Mode | WIRED,67991,10 months ago,300,800,https://www.youtube.com/watch?v=y-mxhIL1lhM
technology_ai,cybersecurity breach documentary,6l369Cv7oPs,UCUxa4lwiDCGRp66dDi8udnw,Payloads,Inside the Marriott Breach: How Hackers Went Undetected for 4 Years,614,11 months ago,330,263,https://www.youtube.com/watch?v=6l369Cv7oPs
technology_ai,cybersecurity breach documentary,bglClvc7S8Q,UCVVTthHLGBuNeKf5z6jGV2A,Blackfiles,The Teenagers Who Hacked Las Vegas,609338,11 months ago,330,937,https://www.youtube.com/watch?v=bglClvc7S8Q
technology_ai,cybersecurity breach documentary,WxY6aLRVgcI,UCQXHTFnQYFTqN0MqmNh9EIA,BBC World Service,When a cyber attack took 100 hospitals offline - BBC World Service,158490,2 months ago,60,625,https://www.youtube.com/watch?v=WxY6aLRVgcI
technology_ai,cybersecurity breach documentary,6bRV3K_om64,UCVVTthHLGBuNeKf5z6jGV2A,Blackfiles,The Teen Who Hacked the Pentagon,1484710,11 months ago,330,1358,https://www.youtube.com/watch?v=6bRV3K_om64
technology_ai,cybersecurity breach documentary,leIeMsU8SvM,UC3m8f9Wxe48W5x2L2c64dVw,GEDEON DOC,"CYBER GUERILLA : Hackers, pirates and secret cyber wars | INVESTIGATION DOC",8105,9 months ago,270,3116,https://www.youtube.com/watch?v=leIeMsU8SvM
technology_ai,cybersecurity breach documentary,7w8RacP5fIQ,UC05mqg3RBMZ95o-RdJ0TlrA,Exploit Docs,How One Teenager Stopped the WannaCry Malware  #WannaCry #Hacking #CyberSecurity #documentary,115,5 months ago,150,764,https://www.youtube.com/watch?v=7w8RacP5fIQ
technology_ai,cybersecurity breach documentary,u31DjpqNGWM,UCu9qq78dKcC5Q8tJ_7WnrsA,CYBERSECURITY FORUM,The Yahoo Cyber Attack | The Biggest Data Breach in Internet History,189,3 months ago,90,297,https://www.youtube.com/watch?v=u31DjpqNGWM
technology_ai,cybersecurity breach documentary,uad_uCZeuwA,UCzHXTdESUrgGXit_pLVOcrA,LufSec Cyber Security,Cybercrime Documentary: The Dark Web Uncovered | Inside the Hidden Internet,10562,3 months ago,90,4486,https://www.youtube.com/watch?v=uad_uCZeuwA
technology_ai,cybersecurity breach documentary,AES0ECDJzCo,UCI30AWnM2w2lW_udZCqAUCQ,CodeCrime,The Pokémon Hackers Behind One of the Biggest Data Breaches Everv,244,5 months ago,150,900,https://www.youtube.com/watch?v=AES0ECDJzCo
technology_ai,cybersecurity breach documentary,QG5zUBQAJo4,UCu9qq78dKcC5Q8tJ_7WnrsA,CYBERSECURITY FORUM,The Adobe Data Breach Explained |The Hack That Exposed Millions of Passwords,25,3 months ago,90,263,https://www.youtube.com/watch?v=QG5zUBQAJo4
technology_ai,cybersecurity breach documentary,3GP_MWoW9SE,UCpun7ZnrbwRnXOBIQPJStXQ,PRAMOD CYBER LAB,History of Cyber Security Full Documentary in hindi,312,5 months ago,150,484,https://www.youtube.com/watch?v=3GP_MWoW9SE
technology_ai,cybersecurity breach documentary,G-Wrd_6Qcq4,UCitpi8i7A9LECQQ1BNF6RMg,Ripple Frame Documentaries,Sony’s 2011 Hack Explained in 5 Minutes,1089,6 months ago,180,304,https://www.youtube.com/watch?v=G-Wrd_6Qcq4
technology_ai,cybersecurity breach documentary,2jU-mLMV8Vw,UCKWaEZ-_VweaEx1j62do_vQ,IBM Technology,"Cybersecurity Trends in 2026: Shadow AI, Quantum & Deepfakes",311792,7 months ago,210,1229,https://www.youtube.com/watch?v=2jU-mLMV8Vw
technology_ai,cybersecurity breach documentary,cTUjBIlMJig,UCFRnXexiPRwlGTBTcFe51HA,DARK MATTER +,BUTTERFLY | A True Cybercrime Story | Cybersecurity Docu-Drama 2024,33109,7 months ago,210,1984,https://www.youtube.com/watch?v=cTUjBIlMJig
technology_ai,cybersecurity breach documentary,y_RirGTqnlM,UCCsREoj8rSRkEvxWqxr74rQ,Cybernews,The Internet Group That Changed Hacking Forever,93876,2 months ago,60,2539,https://www.youtube.com/watch?v=y_RirGTqnlM
technology_ai,cybersecurity breach documentary,_-7nXVpJsRo,UCVogAsASqbceBmQMi1WA39g,ARTE.tv Documentary,Cybercrime on Telegram | ARTE.tv Documentary,83426,4 months ago,120,1165,https://www.youtube.com/watch?v=_-7nXVpJsRo
technology_ai,cybersecurity breach documentary,78OIT7h9o_0,UC7tCKBHkKBnqnlr_p-VIxmg,BREACH Docs,How Teen Hackers Took Down MGM Casinos in 10 Minutes,12,3 weeks ago,21,517,https://www.youtube.com/watch?v=78OIT7h9o_0
technology_ai,internet infrastructure explained,hdsoeoMgzU0,UC7pznbOOtRkyWmlKrreKg9A,Tech in a Teacup,The 7 Levels of Internet Infrastructure,13386,9 months ago,270,1090,https://www.youtube.com/watch?v=hdsoeoMgzU0
technology_ai,internet infrastructure explained,v477fvbj3rk,UC9x0AN7BWHpCDHSm9NiJFJQ,NetworkChuck,THIS Is Where the Internet Lives,1502353,11 months ago,330,1084,https://www.youtube.com/watch?v=v477fvbj3rk
technology_ai,internet infrastructure explained,LvttAUo93n8,UCzrgw4L5rInXA6ES6wRzPhw,Internet Infrastructure Explained,"What Is DOCSIS, And How Does Cable Internet Use It? - Internet Infrastructure Explained",181,11 months ago,330,198,https://www.youtube.com/watch?v=LvttAUo93n8
technology_ai,internet infrastructure explained,KBLvTeyIuTM,UCzrgw4L5rInXA6ES6wRzPhw,Internet Infrastructure Explained,What Is A Point Of Presence (PoP) In CDN? - Internet Infrastructure Explained,644,11 months ago,330,151,https://www.youtube.com/watch?v=KBLvTeyIuTM
technology_ai,internet infrastructure explained,3lMzy-LkIhY,UCzrgw4L5rInXA6ES6wRzPhw,Internet Infrastructure Explained,What Is Fiber To The Home (FTTH) And How Does It Work? - Internet Infrastructure Explained,167,11 months ago,330,191,https://www.youtube.com/watch?v=3lMzy-LkIhY
technology_ai,internet infrastructure explained,uuiFZIFW31c,UCzrgw4L5rInXA6ES6wRzPhw,Internet Infrastructure Explained,What Is Internet Governance Explained? - Internet Infrastructure Explained,233,11 months ago,330,219,https://www.youtube.com/watch?v=uuiFZIFW31c
technology_ai,internet infrastructure explained,LqVB0Ovsi4U,UCzrgw4L5rInXA6ES6wRzPhw,Internet Infrastructure Explained,How Does A Network Access Point Work? - Internet Infrastructure Explained,20,11 months ago,330,191,https://www.youtube.com/watch?v=LqVB0Ovsi4U
technology_ai,internet infrastructure explained,x4DkKL5J77E,UCV0wAPQVKYyMlRafSZWqnPw,Marvellous Education Computer Institute,ICT Network Infrastructure Explained in Hindi | Full Beginner Guide | ICT Networking Tutorial,1103,9 months ago,270,339,https://www.youtube.com/watch?v=x4DkKL5J77E
technology_ai,internet infrastructure explained,Pz5XRyo5fiw,UCvJJ_dzjViJCoLf5uKUTwoA,CNBC,How A Million Miles Of Undersea Cables Power The Internet — And Now AI,1212836,9 months ago,270,1332,https://www.youtube.com/watch?v=Pz5XRyo5fiw
technology_ai,internet infrastructure explained,1sAUbTTF7YA,UCzrgw4L5rInXA6ES6wRzPhw,Internet Infrastructure Explained,"What Is Internet ""peering"" And How Does It Work? - Internet Infrastructure Explained",151,11 months ago,330,198,https://www.youtube.com/watch?v=1sAUbTTF7YA
technology_ai,internet infrastructure explained,C0Qon2PWF_0,UCzrgw4L5rInXA6ES6wRzPhw,Internet Infrastructure Explained,What Is Throughput In Network Bandwidth Monitoring? - Internet Infrastructure Explained,38,11 months ago,330,168,https://www.youtube.com/watch?v=C0Qon2PWF_0
technology_ai,internet infrastructure explained,GguOErsIAtk,UCzrgw4L5rInXA6ES6wRzPhw,Internet Infrastructure Explained,What Is Bandwidth In Access Points? - Internet Infrastructure Explained,11,11 months ago,330,176,https://www.youtube.com/watch?v=GguOErsIAtk
technology_ai,internet infrastructure explained,NtQuvnqz8Gs,UCzrgw4L5rInXA6ES6wRzPhw,Internet Infrastructure Explained,What Is A Network Packet? Explained Simply - Internet Infrastructure Explained,32,11 months ago,330,133,https://www.youtube.com/watch?v=NtQuvnqz8Gs
technology_ai,internet infrastructure explained,pGBVpWHOCOY,UCzrgw4L5rInXA6ES6wRzPhw,Internet Infrastructure Explained,What Is A Network Traffic Baseline? - Internet Infrastructure Explained,28,11 months ago,330,188,https://www.youtube.com/watch?v=pGBVpWHOCOY
technology_ai,internet infrastructure explained,_wDod1DHfQE,UCzrgw4L5rInXA6ES6wRzPhw,Internet Infrastructure Explained,Why Are IXP Traffic Exchange Agreements So Complex? - Internet Infrastructure Explained,19,11 months ago,330,192,https://www.youtube.com/watch?v=_wDod1DHfQE
technology_ai,internet infrastructure explained,RbL-c2S2-hQ,UCzrgw4L5rInXA6ES6wRzPhw,Internet Infrastructure Explained,How Is Network Monitoring Data Used For Digital Forensics? - Internet Infrastructure Explained,10,11 months ago,330,183,https://www.youtube.com/watch?v=RbL-c2S2-hQ
technology_ai,internet infrastructure explained,OirH1wFnJt0,UCzrgw4L5rInXA6ES6wRzPhw,Internet Infrastructure Explained,How Did Early Network Engineers Debug Complex Systems? - Internet Infrastructure Explained,6,10 months ago,300,214,https://www.youtube.com/watch?v=OirH1wFnJt0
technology_ai,internet infrastructure explained,bEk5ZiVeDbo,UCzrgw4L5rInXA6ES6wRzPhw,Internet Infrastructure Explained,How Do MAC Addresses Work In A Local Network? - Internet Infrastructure Explained,20,11 months ago,330,174,https://www.youtube.com/watch?v=bEk5ZiVeDbo
technology_ai,internet infrastructure explained,6UsgAcvUsSc,UCzrgw4L5rInXA6ES6wRzPhw,Internet Infrastructure Explained,How To Use Network Monitoring Dashboards? - Internet Infrastructure Explained,39,11 months ago,330,256,https://www.youtube.com/watch?v=6UsgAcvUsSc
technology_ai,internet infrastructure explained,1mlOlnrR76M,UCzrgw4L5rInXA6ES6wRzPhw,Internet Infrastructure Explained,Internet Exchange Points: How Do Routers Facilitate Peering? - Internet Infrastructure Explained,8,11 months ago,330,187,https://www.youtube.com/watch?v=1mlOlnrR76M
technology_ai,future technology explained 2026,ecU-aKoAk7s,UCRfKkcDlQGB7J4ftFq1hZbg,Noventra9X,The Future Is Already Here (2026 Technology Explained),9,3 months ago,90,307,https://www.youtube.com/watch?v=ecU-aKoAk7s
technology_ai,future technology explained 2026,Ru5FlL6Bmsk,UCh38x3hzHHEw4c8xpkhTZyA,Symoné B. Tech,This is Why Tech Jobs Are Exploding in 2026 (AI Boom Explained),7146,3 months ago,90,356,https://www.youtube.com/watch?v=Ru5FlL6Bmsk
technology_ai,future technology explained 2026,uwY7WE0oNDM,UCaC2VkwGt5Ks41UOVUyLm0g,Viral News Talk | Munendra Tiwari,"2026 Will Change Everything: AI, Robotics, 6G & Future Technologies Explained",43,8 months ago,240,428,https://www.youtube.com/watch?v=uwY7WE0oNDM
technology_ai,future technology explained 2026,zbPEYyG8NbM,UChK-y17zjt3a7Wo2Zz2h6rg,AI Knowledge Studio,Future technology with AI revolution completely explained 📲🤫|Top tech updates of 2026 #tech #ai,21,3 weeks ago,21,447,https://www.youtube.com/watch?v=zbPEYyG8NbM
technology_ai,future technology explained 2026,f-FyMY1LMwI,UCUTF61UNExRdjmoK5mXwWfQ,AI Uncovered,Top 15 New Technology Trends That Will Define 2026 [Part 2],307352,10 months ago,300,783,https://www.youtube.com/watch?v=f-FyMY1LMwI
technology_ai,future technology explained 2026,bM8XmugoQuI,UCsvqVGtbbyHaMoevxPAq9Fg,Simplilearn,Top 10 Technologies To Learn In 2026 | Top Trending Technologies To Learn In 2026 | Simplilearn,98373,10 months ago,300,644,https://www.youtube.com/watch?v=bM8XmugoQuI
technology_ai,future technology explained 2026,pAnGwRiQ4-4,UCX6OQ3DkcsbYNE6H8uQQuVA,MrBeast,"$1 vs $1,000,000,000 Futuristic Tech!",172004093,6 months ago,180,1384,https://www.youtube.com/watch?v=pAnGwRiQ4-4
technology_ai,future technology explained 2026,u9Ji_p0ODKk,UCNtkMAk_Uhd2jJ9P8NWTL5w,DeCode,China Just Shocked the World With What They’re Building!,4603898,10 months ago,300,1105,https://www.youtube.com/watch?v=u9Ji_p0ODKk
technology_ai,future technology explained 2026,IZ_W8NufP1Y,UCBwmMxybNva6P_5VmxjzwqA,Apna College,The Top Tech Jobs in 2026 | for Freshers & Working Professionals,877493,9 months ago,270,912,https://www.youtube.com/watch?v=IZ_W8NufP1Y
technology_ai,future technology explained 2026,ucTw2fVHd70,UCSmL_np11wD_CofzMcIpGSg,Vlogs Youtube india,AI New Technology 2026 | Future AI Technology Explained | How AI Works,85,2 months ago,60,348,https://www.youtube.com/watch?v=ucTw2fVHd70
technology_ai,future technology explained 2026,sgQp8rPQzFU,UCaevV1Qamdqc9RQ9DvL75uw,eimt,"2026 Tech Explained: How AI, Data & Cloud Are Shaping the Future",25,6 months ago,180,72,https://www.youtube.com/watch?v=sgQp8rPQzFU
technology_ai,future technology explained 2026,y-wqaflIia0,UCKSZewUyvagUQdN3U9sTw9g,PCMBE Facts,AGI Explained in Hindi | AI vs Humans After 2026 | Future Technology Documentary,115,1 month ago,30,471,https://www.youtube.com/watch?v=y-wqaflIia0
technology_ai,future technology explained 2026,-vr2i7wZSfk,UCd3KOHCSZRuTN3OR_gvkw4w,ParsedSimply,Every 2026  3D Printing Technology Explained in 9 minutes,179,2 months ago,60,542,https://www.youtube.com/watch?v=-vr2i7wZSfk
technology_ai,future technology explained 2026,5rluj_vrtDY,UC665EQQLBnbvD9ZBiic4ijg, rndstore.in_,Top 5 Electronics Technology Trends in 2026 | Future of Electronics Explained #ai #diy #tech,73,5 months ago,150,1160,https://www.youtube.com/watch?v=5rluj_vrtDY
technology_ai,future technology explained 2026,rGczIK0INM0,UCnddBwh4EjKmGGVjPUAw05A,Innovatrix,"Future Technology 2026 Explained | AI, Emerging Tech & Shocking Reality",17,6 months ago,180,390,https://www.youtube.com/watch?v=rGczIK0INM0
technology_ai,future technology explained 2026,PvdSPsD0RRw,UCwsSO9D97YxbBXfO4bkGzyw,AI Tech Mani,Future Technology 2026 Explained in Telugu @aitechmani,146,4 months ago,120,659,https://www.youtube.com/watch?v=PvdSPsD0RRw
technology_ai,future technology explained 2026,tUCwc8HjD7Y,UCREhCyZBGpWGhbv7HYRKTjQ,SD Auto Transformation,AI Smart Glasses 2026 – The End of Smartphones Future Technology Explained,46,3 months ago,90,168,https://www.youtube.com/watch?v=tUCwc8HjD7Y
technology_ai,future technology explained 2026,qq9g4xIE_SE,UCNT_rNHHui7Cr7CmN_1AwaQ,MovoTech BD,New Chase Explained: Future Tech & Innovation 2026,12,2 months ago,60,134,https://www.youtube.com/watch?v=qq9g4xIE_SE
technology_ai,future technology explained 2026,iBSQG4NePyI,UC6__2aaS0fL41K9afSDKmmA,Tech spark ,🚀 Top 10 AI Trends 2026 | Future Technology Explained in Hindi | Best AI Tools & Future Tech,20,1 month ago,30,108,https://www.youtube.com/watch?v=iBSQG4NePyI
technology_ai,AI data center explained,cTwvUqLNQrM,UCmFkUrOFd_FaASmI9HysA3g,MEP Academy,How Data Centers Actually Work,1132396,6 months ago,180,352,https://www.youtube.com/watch?v=cTwvUqLNQrM
technology_ai,AI data center explained,ES2JdWCXs8I,UCLjxunxqM78iOJAqR1dlhCg,DES Technologies,AI Data Centers Explained: How AI Is Reshaping Modern Infrastructure,1959,6 months ago,180,219,https://www.youtube.com/watch?v=ES2JdWCXs8I
technology_ai,AI data center explained,WNt_1bSODIo,UCawZsQWqfGSbCI5yjkdVkTA,Matthew Berman,What’s Inside an AI Data Center?,94196,10 months ago,300,943,https://www.youtube.com/watch?v=WNt_1bSODIo
technology_ai,AI data center explained,x0AaoXl6A9M,UC5zRULrQbaRZhXSY-PT_ftg,RizingBharat,What Are AI Data Centers? The Simple Explanation | RizingBharat | Hindi,1041,10 months ago,300,539,https://www.youtube.com/watch?v=x0AaoXl6A9M
technology_ai,AI data center explained,mvod11IL-Zc,UCA295QVkf9O1RQ8_-s3FVXg,Aevy TV,Everyone Is Wrong About AI Data Centers Water Use,435734,1 month ago,30,1257,https://www.youtube.com/watch?v=mvod11IL-Zc
technology_ai,AI data center explained,i3CA9osjYPo,UCAuUUnT6oDeKwE6v1NGQxug,TED,The Story You’re Not Hearing About AI Data Centers | Ayșe Coskun | TED,74868,4 months ago,120,718,https://www.youtube.com/watch?v=i3CA9osjYPo
technology_ai,AI data center explained,c0PSKqqFbeg,UCehBVAPy-bxmnbNARF-_tvA,More Perfect Union,We Calculated How Much Water Data Centers Actually Use. The Total Will Shock You.,599809,13 days ago,13,806,https://www.youtube.com/watch?v=c0PSKqqFbeg
technology_ai,AI data center explained,jLkvjQFXDrE,UC8p1vwvWtl6T73JiExfWs1g,CBS News,How do AI data centers impact the environment?,16321,1 month ago,30,283,https://www.youtube.com/watch?v=jLkvjQFXDrE
technology_ai,AI data center explained,cNI4N3-FcEI,UCUMZ7gohGI9HcU9VNsr2FJQ,Bloomberg Originals,How Data Centers in Space Could Change AI,440390,2 months ago,60,804,https://www.youtube.com/watch?v=cNI4N3-FcEI
technology_ai,AI data center explained,afuDrQmwuUI,UC32XD2TGOG0He0Ikxc7it4Q,Kaushik Bhattacharjee,Why AI Data Centers Need Water?,121311,1 month ago,30,944,https://www.youtube.com/watch?v=afuDrQmwuUI
technology_ai,AI data center explained,eyklsgOClJA,UCb72Gn5LXaLEcsOuPKGfQOg,DW Planet A,Why people are throwing AI data centers into the ocean,562525,5 months ago,150,759,https://www.youtube.com/watch?v=eyklsgOClJA
technology_ai,AI data center explained,9_3u5CBH6Ao,UCiBGqUxeTe4AYQyRseSZaKw,MonkeyExplains,The AI Data Center Crisis is Worse Than You Think,428949,5 months ago,150,881,https://www.youtube.com/watch?v=9_3u5CBH6Ao
technology_ai,AI data center explained,fXd15MBtwQU,UC_7vFlErTHxVD-IFNB-BFCg,America Uncovered,Everyone's Wrong About AI Data Centers,32122,1 month ago,30,572,https://www.youtube.com/watch?v=fXd15MBtwQU
technology_ai,AI data center explained,Ho7yc-gDcd0,UCKZozRVHRYsYHGEyNKuhhdA,Think School,Ambani & Adani's AI Data Centres Spark India's Growing WATER SCARCITY,563228,9 months ago,270,945,https://www.youtube.com/watch?v=Ho7yc-gDcd0
technology_ai,big tech investigation documentary,pv4rFNo0uxU,UCJqo83iPTdpMNOT-3O-RnKA,Blueprint,Why Israel is the World's Top Hacking Nation | VICE: Cyberwar | Blueprint,926156,5 months ago,150,1360,https://www.youtube.com/watch?v=pv4rFNo0uxU
technology_ai,big tech investigation documentary,OGP_ziz69F0,UCuw0GgMlZlAsWvpI8PgCN8g,ENDEVR,The Neighbors Big Tech Wants to Hide | Life in East Palo Alto | ENDEVR Documentary,97562,2 months ago,60,3116,https://www.youtube.com/watch?v=OGP_ziz69F0
technology_ai,big tech investigation documentary,Y07j3hXAI-g,UCW39zufHfsuGgpLviKh297Q,DW Documentary,Dangerous apps - In the web of data brokers | DW Documentary,879704,4 months ago,120,3117,https://www.youtube.com/watch?v=Y07j3hXAI-g
technology_ai,big tech investigation documentary,qzsZF1pnGHA,UCMOYmKGg1fJtV_JOc0HCi7g,The Missing Piece,The COO Who Vanished... and Became a Russian Spy,16,13 days ago,13,395,https://www.youtube.com/watch?v=qzsZF1pnGHA
technology_ai,big tech investigation documentary,zMZdg2u_KGA,UCPxlTlZXOrV1ndyPjsm_Dsw,History Channel Vlog,How a Teen Hacker Broke Into the World’s Biggest Tech Companies,1,14 hours ago,0,3478,https://www.youtube.com/watch?v=zMZdg2u_KGA
technology_ai,big tech investigation documentary,wLX_w0TtBpY,UCehBVAPy-bxmnbNARF-_tvA,More Perfect Union,I Worked At A Google Data Center: What I Saw Will Shock You.,3582664,7 months ago,210,934,https://www.youtube.com/watch?v=wLX_w0TtBpY
technology_ai,big tech investigation documentary,G6dE8Nq2tRI,UCYIWc8RCf_SNOaSo73oJ6gQ,Skyline,EXPOSED: The Dark Truth Behind Your Favorite Tech Corporation,2,8 days ago,8,26,https://www.youtube.com/watch?v=G6dE8Nq2tRI
technology_ai,big tech investigation documentary,sij89ENvZqQ,UCxcrzzhQDj5zKJbXfIscCtg,ABC News In-depth,Investigating how crypto is making the Trumps hundreds of millions | Four Corners Documentary,654773,10 months ago,300,2727,https://www.youtube.com/watch?v=sij89ENvZqQ
technology_ai,big tech investigation documentary,s7aOJYueEtI,UCMiJRAwDNSNzuYeN2uWa0pA,Mrwhosetheboss,I Investigated India’s Biggest Smartphone Controversy,8473281,2 months ago,60,2491,https://www.youtube.com/watch?v=s7aOJYueEtI
technology_ai,big tech investigation documentary,RUhdmIFpb-w,UCK7tptUDHh-RYDsdxO1-5QQ,The Wall Street Journal,The North Korean Operatives Hiding Inside U.S. Companies | WSJ Documentary,873303,11 days ago,11,1920,https://www.youtube.com/watch?v=RUhdmIFpb-w
technology_ai,big tech investigation documentary,kIcw6vpmAHI,UC0L1suV8pVgO4pCAIBNGx5w,60 Minutes Australia,IT workers at big tech companies revealed as North Korean spies | 60 Minutes Australia,233584,4 months ago,120,1643,https://www.youtube.com/watch?v=kIcw6vpmAHI
technology_ai,big tech investigation documentary,XC8wHoTpd48,UC-YDgzC0SF9gf-wsTyQJpIA,The Dark Bureau,The Quiet Takeover of Big Tech’s Influence Machine,3,3 months ago,90,1003,https://www.youtube.com/watch?v=XC8wHoTpd48
technology_ai,big tech investigation documentary,zkGk_A4noxI,UCehBVAPy-bxmnbNARF-_tvA,More Perfect Union,We Investigated Al Psychosis. What We Found Will Shock You,2899964,10 months ago,300,964,https://www.youtube.com/watch?v=zkGk_A4noxI
technology_ai,big tech investigation documentary,9g9G_skdUYo,UCcScVwfUuPXSyO-Cph27B-Q,Uncovered USA Stories,The Dark Side of Silicon Valley: How Big Tech Controls America! #SiliconValley #USADocumentary,10,2 months ago,60,213,https://www.youtube.com/watch?v=9g9G_skdUYo
history_civilization,forgotten history documentary,AFl07bdYc3c,UCJ5kKhnQUbZmABUeJJvj9aw,FORGOTTEN HISTORY,EXPOSED: The FBI's Darkest Secrets,28648,4 weeks ago,28,9679,https://www.youtube.com/watch?v=AFl07bdYc3c
history_civilization,forgotten history documentary,GjiIHiltZ4A,UCJ5kKhnQUbZmABUeJJvj9aw,FORGOTTEN HISTORY,Jimmy Carter: The President Who BROKE America,212386,6 months ago,180,1560,https://www.youtube.com/watch?v=GjiIHiltZ4A
history_civilization,forgotten history documentary,NGzx86l9aX0,UCJ5kKhnQUbZmABUeJJvj9aw,FORGOTTEN HISTORY,The CIA’s Most Disturbing Secret Operations - Forgotten History,158422,2 months ago,60,5639,https://www.youtube.com/watch?v=NGzx86l9aX0
history_civilization,forgotten history documentary,BUN4LuZZ3cQ,UCJ5kKhnQUbZmABUeJJvj9aw,FORGOTTEN HISTORY,America Left Them Behind. Now We’re Trying to Bring Them Home,20577,5 days ago,5,1181,https://www.youtube.com/watch?v=BUN4LuZZ3cQ
history_civilization,forgotten history documentary,y-hTax3juPA,UCJ5kKhnQUbZmABUeJJvj9aw,FORGOTTEN HISTORY,The TRUE Story of Slavery They Never Taught You - Forgotten History,233532,7 months ago,210,1641,https://www.youtube.com/watch?v=y-hTax3juPA
history_civilization,forgotten history documentary,PxG80eH5xe8,UCJ5kKhnQUbZmABUeJJvj9aw,FORGOTTEN HISTORY,The Truth about Greenland | Forgotten History,653781,8 months ago,240,935,https://www.youtube.com/watch?v=PxG80eH5xe8
history_civilization,forgotten history documentary,pnOimFbFeAA,UCJ5kKhnQUbZmABUeJJvj9aw,FORGOTTEN HISTORY,DEADLIEST LAWMAN: The True Story of Wyatt Earp,12791,3 days ago,3,1892,https://www.youtube.com/watch?v=pnOimFbFeAA
history_civilization,forgotten history documentary,4ni1BL1A4BA,UCJ5kKhnQUbZmABUeJJvj9aw,FORGOTTEN HISTORY,Hillary Clinton: The Scandals She Couldn’t Bury,193435,5 months ago,150,1236,https://www.youtube.com/watch?v=4ni1BL1A4BA
history_civilization,forgotten history documentary,5XLeBCofse0,UCJ5kKhnQUbZmABUeJJvj9aw,FORGOTTEN HISTORY,Aftermath of 9/11: Follow The Money,503820,9 months ago,270,889,https://www.youtube.com/watch?v=5XLeBCofse0
history_civilization,forgotten history documentary,-k5KKaqvisU,UCJ5kKhnQUbZmABUeJJvj9aw,FORGOTTEN HISTORY,"Pirates, Scoundrels, and Mutineers: The Dark History of the High Seas",124229,1 month ago,30,8624,https://www.youtube.com/watch?v=-k5KKaqvisU
history_civilization,forgotten history documentary,3Z6vGtjKTvw,UCJ5kKhnQUbZmABUeJJvj9aw,FORGOTTEN HISTORY,EXPLAINED: What Really Happened During Operation Highjump,105879,1 month ago,30,1656,https://www.youtube.com/watch?v=3Z6vGtjKTvw
history_civilization,forgotten history documentary,H-3-lZkMqJk,UCJ5kKhnQUbZmABUeJJvj9aw,FORGOTTEN HISTORY,Exposing Minnesota's Somali Fraud Network,166748,8 months ago,240,1050,https://www.youtube.com/watch?v=H-3-lZkMqJk
history_civilization,forgotten history documentary,wJNK-671OfA,UCJ5kKhnQUbZmABUeJJvj9aw,FORGOTTEN HISTORY,"Forgotten History: Real Monsters, Legends, and Myths of the Past",93384,9 months ago,270,7902,https://www.youtube.com/watch?v=wJNK-671OfA
history_civilization,forgotten history documentary,o-H3YvkMStA,UCpkcfCp362efwIYjFXQxSqA,The World History Channel,The Forgotten Apocalypse Of 536 AD: The Year The Earth Went Dark,219098,2 months ago,60,6007,https://www.youtube.com/watch?v=o-H3YvkMStA
history_civilization,forgotten history documentary,zso_PNlSGYY,UCJ5kKhnQUbZmABUeJJvj9aw,FORGOTTEN HISTORY,What REALLY Happens If China Invades Taiwan?,20991,4 months ago,120,1227,https://www.youtube.com/watch?v=zso_PNlSGYY
history_civilization,forgotten history documentary,MgWQKLtLtSU,UC9MAhZQQd9egwWCxrwSIsJQ,HISTORY,Lost Civilizations Beyond History | Ancient Aliens,704761,5 months ago,150,1992,https://www.youtube.com/watch?v=MgWQKLtLtSU
history_civilization,forgotten history documentary,p0MMauNRC70,UCJ5kKhnQUbZmABUeJJvj9aw,FORGOTTEN HISTORY,UNTOLD HISTORY: Daniel Boone's Blood on the Frontier,27256,1 month ago,30,1664,https://www.youtube.com/watch?v=p0MMauNRC70
history_civilization,forgotten history documentary,S3zDcA0a7eg,UCJ5kKhnQUbZmABUeJJvj9aw,FORGOTTEN HISTORY,Most Corrupt Series | Henry Kissinger - The OG Warhawk | Forgotten History,57010,7 months ago,210,928,https://www.youtube.com/watch?v=S3zDcA0a7eg
history_civilization,forgotten history documentary,H_2v5d9VVps,UCJ5kKhnQUbZmABUeJJvj9aw,FORGOTTEN HISTORY,George Wallace: The Man Who Sold His Soul for Power,92395,9 months ago,270,946,https://www.youtube.com/watch?v=H_2v5d9VVps
history_civilization,forgotten history documentary,kbYdIEzzibk,UCJ5kKhnQUbZmABUeJJvj9aw,FORGOTTEN HISTORY,"Most Corrupt: Exposing US Presidents JFK, LBJ, and Nixon",153579,11 months ago,330,5390,https://www.youtube.com/watch?v=kbYdIEzzibk
history_civilization,ancient civilization mystery documentary,rU6DORQU--k,UC9MAhZQQd9egwWCxrwSIsJQ,HISTORY,Why Did Ancient Civilizations All Build Pyramids? | The UnXplained,758555,8 days ago,8,2532,https://www.youtube.com/watch?v=rU6DORQU--k
history_civilization,ancient civilization mystery documentary,gyQqodlfLiA,UCjHz5SVHeMT0AViCYZvsGDA,NOVA PBS Official,Stone Age Temple Mystery | Full Documentary | NOVA | PBS,836510,5 months ago,150,3235,https://www.youtube.com/watch?v=gyQqodlfLiA
history_civilization,ancient civilization mystery documentary,hAHYChQxrzc,UCtrFDttZdb4QxBpQc3fi1Cg,Uncharted Mysteries,2+ HOURS of Ancient Mysteries Nobody Has Ever Solved,32442,2 days ago,2,9640,https://www.youtube.com/watch?v=hAHYChQxrzc
history_civilization,ancient civilization mystery documentary,aSZn0duWhbs,UCU7P02iSvhmLQwTK4pOV09g,SunKran Travel,ANCIENT ENGINEERING: Ancient Structures We STILL Can’t Explain,38961,5 days ago,5,4401,https://www.youtube.com/watch?v=aSZn0duWhbs
history_civilization,ancient civilization mystery documentary,koj-eJo2o-c,UCpVm7bg6pXKo1Pr6k5kxG9A,National Geographic,What Archaeologists Discovered in Ancient Egypt | Lost Treasures of Egypt MEGA Episode | Nat Geo,1792812,4 weeks ago,28,7943,https://www.youtube.com/watch?v=koj-eJo2o-c
history_civilization,ancient civilization mystery documentary,NTWumAIItPE,UCxAt0KkZZUxgG3yxl-WDM2A,Secret Origins,Forbidden History (2026) The Advanced Lost Technologies That Hold Earth's True History,885330,6 months ago,180,5681,https://www.youtube.com/watch?v=NTWumAIItPE
history_civilization,ancient civilization mystery documentary,opNIUQIdj4Y,UCtrFDttZdb4QxBpQc3fi1Cg,Uncharted Mysteries,10 Ancient Mysteries Archaeologists Still CANNOT Explain,72306,9 days ago,9,4686,https://www.youtube.com/watch?v=opNIUQIdj4Y
history_civilization,ancient civilization mystery documentary,ZK0eolwMlX0,UC9MAhZQQd9egwWCxrwSIsJQ,HISTORY,Ancient Sites that Defy Explanation | Ancient Aliens | Compilation,877232,2 months ago,60,2683,https://www.youtube.com/watch?v=ZK0eolwMlX0
history_civilization,ancient civilization mystery documentary,xMawDAtte4Y,UCtrFDttZdb4QxBpQc3fi1Cg,Uncharted Mysteries,The GREATEST Archaeological Discoveries of 2026 (So Far),603313,4 weeks ago,28,5753,https://www.youtube.com/watch?v=xMawDAtte4Y
history_civilization,ancient civilization mystery documentary,aVJeIGUeUwI,UC9MAhZQQd9egwWCxrwSIsJQ,HISTORY,Mysteries of Sacred Mountains | Ancient Aliens,275153,3 months ago,90,2518,https://www.youtube.com/watch?v=aVJeIGUeUwI
history_civilization,ancient civilization mystery documentary,gPZKTfRYRjo,UC9MAhZQQd9egwWCxrwSIsJQ,HISTORY,Lost Technologies of Ancient Civilizations | Ancient Aliens,1025771,3 months ago,90,2657,https://www.youtube.com/watch?v=gPZKTfRYRjo
history_civilization,ancient civilization mystery documentary,hpbKmRVbwRA,UC9MAhZQQd9egwWCxrwSIsJQ,HISTORY,Humanity’s Greatest Unexplained Mysteries | Ancient Aliens,352218,6 months ago,180,1397,https://www.youtube.com/watch?v=hpbKmRVbwRA
history_civilization,ancient civilization mystery documentary,22Wo9ZFUN94,UClVmPVF1AxBkx-hcA371RoQ,Wrongly Assumed,Easter Island Was Reanalyzed by AI — And the Statues Were Hiding Something Disturbing,200200,3 days ago,3,844,https://www.youtube.com/watch?v=22Wo9ZFUN94
history_civilization,ancient civilization mystery documentary,h0aK1P-MpWM,UCtrFDttZdb4QxBpQc3fi1Cg,Uncharted Mysteries,20 GREATEST Historical Mysteries Still Unsolved,384210,11 months ago,330,9506,https://www.youtube.com/watch?v=h0aK1P-MpWM
nature_animals,ocean mystery explained documentary,D9q9lvbj810,UCxAt0KkZZUxgG3yxl-WDM2A,Secret Origins,The Atlantic (2026) The Forbidden Ocean That Holds Earth’s True History,98639,8 days ago,8,5159,https://www.youtube.com/watch?v=D9q9lvbj810
history_civilization,ancient civilization mystery documentary,3es75ihwB7E,UCzVzADipldUrUhKkuw-ISqw,The Curious Mind,Lebanon's Greatest Mystery Finally Solved — Baalbek Megalithic Structure No Human Could Ever Build,2233654,11 months ago,330,2137,https://www.youtube.com/watch?v=3es75ihwB7E
history_civilization,ancient civilization mystery documentary,1c5GYNR4AlU,UCwbI9_kO6r8zTA5O_nksLaQ,Mighty Monk,Great Pyramid of Giza: The Greatest Mystery of Ancient Egypt,984740,5 months ago,150,1413,https://www.youtube.com/watch?v=1c5GYNR4AlU
history_civilization,ancient civilization mystery documentary,l0qRa1dU64M,UC0Xq4qcUT1GjcdOX5jYPuBA,My Unreal Planet TV,Impossible Places | The Most Mysterious Ancient Civilizations Still Unexplained,54457,1 month ago,30,10121,https://www.youtube.com/watch?v=l0qRa1dU64M
history_civilization,ancient civilization mystery documentary,RyTbv_G6Ovg,UCZ1OsbnPa1RX6rl9NWlRTOg,अंतरिक्ष TV by Kaushik Bhattacharjee,Where did Egyptian Civilization Disappear?,1211312,7 months ago,210,1194,https://www.youtube.com/watch?v=RyTbv_G6Ovg
history_civilization,ancient civilization mystery documentary,bMDQobkDgf4,UCNq6DHbS4MD5GJYrjk5_9nw,Egypt Lost Tapes,Craziest Graham Hancock Mysteries of Ancient Egypt To Fall Asleep To,46394,9 months ago,270,4900,https://www.youtube.com/watch?v=bMDQobkDgf4
history_civilization,historical disaster explained,XYnmTrjxmmA,UC4flZ-DVneV-yy3Izp4YLzg,Chris Explains,The Most Devastating Tragedies in History Explained,1316048,7 months ago,210,1259,https://www.youtube.com/watch?v=XYnmTrjxmmA
history_civilization,historical disaster explained,IpHuv8XSeFY,UCXbCOOoXE09V6StOp0gbTFQ,Simple Paint,The Worst Mistakes Humans Ever Made,2759960,6 months ago,180,996,https://www.youtube.com/watch?v=IpHuv8XSeFY
history_civilization,historical disaster explained,Crt8AeTxTMA,UC8Phwm8-hbzECKGWuwSBG_w,The Unknown Explained,The Most Heartbreaking Tragedies Explained,898451,10 months ago,300,1250,https://www.youtube.com/watch?v=Crt8AeTxTMA
geography_logistics,airport system explained documentary,xnCG-x0fA7I,UC6WzPg6yxF9dQx2_O6R4lww,Nitish Rajput,Plane Crash Bigger Than Any in History | Nitish Rajput,4103702,12 days ago,12,1549,https://www.youtube.com/watch?v=xnCG-x0fA7I
history_civilization,historical disaster explained,hh7l90VfOfU,UCicVSNyM7PMXEzdoAsTB02w,Chat History,The Unluckiest Disasters in History,1300624,5 months ago,150,1334,https://www.youtube.com/watch?v=hh7l90VfOfU
history_civilization,historical disaster explained,3Lc8QEQtWV8,UCuJELBzwnr99uQdnTiCIgXA,HQExplainz,Every Historical Natural Disaster Explained,17,5 months ago,150,751,https://www.youtube.com/watch?v=3Lc8QEQtWV8
history_civilization,historical disaster explained,Zgdn_lDRUew,UC-CSyyi47VX1lD9zyeABW3w,Dhruv Rathee,Why is Assam DROWNING? | Media Ignoring Floods | Dhruv Rathee,7464750,2 weeks ago,14,808,https://www.youtube.com/watch?v=Zgdn_lDRUew
history_civilization,historical disaster explained,rp7g8PAf_3s,UCp9eTbnNSBFIFEdCSmPTrtw,The Escalist,Every DEADLY Nuclear Disaster Explained In 17 Minutes,9000,5 months ago,150,1050,https://www.youtube.com/watch?v=rp7g8PAf_3s
history_civilization,historical disaster explained,mpeKKjek7yI,UC-q-_DVLrAfmVApgnJTIa9A,Jaydone History,Every Natural Disaster That Changed the World,60436,7 months ago,210,1315,https://www.youtube.com/watch?v=mpeKKjek7yI
history_civilization,historical disaster explained,0BuNyyav-aQ,UCXbCOOoXE09V6StOp0gbTFQ,Simple Paint,The Worst Cruise Ship Deaths Ever,1237939,9 months ago,270,1024,https://www.youtube.com/watch?v=0BuNyyav-aQ
history_civilization,historical disaster explained,Q1ZNEgKHkTg,UCp9eTbnNSBFIFEdCSmPTrtw,The Escalist,Every DESTRUCTIVE Nuclear Disaster Level Explained In 15 Minutes,236577,11 months ago,330,935,https://www.youtube.com/watch?v=Q1ZNEgKHkTg
history_civilization,historical disaster explained,Dfxhn05ZmZk,UCXxsQbfhjaLsyOfEgEZGBhA,Epic Archives,The Worst Medical Disasters in History Explained,282,10 months ago,300,1225,https://www.youtube.com/watch?v=Dfxhn05ZmZk
history_civilization,historical disaster explained,cfIXPV-n-aY,UCKQdb--KJM1ooGC6yOlVH9g,Core Explained,The Most Devastating Historical Disasters Explained,33,3 months ago,90,513,https://www.youtube.com/watch?v=cfIXPV-n-aY
history_civilization,historical disaster explained,SsQVTBHYXXo,UCiwOXINlCR_XsfFe0a880jQ,The Lore Keeper,Every Deadliest Disaster in Modern History Explained in 9 Minutes,9,10 months ago,300,589,https://www.youtube.com/watch?v=SsQVTBHYXXo
history_civilization,historical disaster explained,uA5tL6x2dRs,UCIhxIGwGDetnoPGiHfXTsTg,Cosmo Explains,Every Major Nuclear Disaster Explained Slowly (For Sleep),37806,3 months ago,90,8978,https://www.youtube.com/watch?v=uA5tL6x2dRs
history_civilization,historical disaster explained,JLl1jdW7s9U,UC42T20axeJ0I8Htezap9PiQ,Monstrous Machines,The DEADLIEST Aviation Disasters Explained In 13 Minutes,87689,4 weeks ago,28,778,https://www.youtube.com/watch?v=JLl1jdW7s9U
history_civilization,historical disaster explained,zEkCiuoSoeM,UCNFxaYk2d9RPmocwWgCYHTg,SketchyExplainer,Every Tragic Disaster Explained in Under 7 Minutes,4,3 months ago,90,459,https://www.youtube.com/watch?v=zEkCiuoSoeM
history_civilization,historical disaster explained,-KLcxHI1Qlo,UC7DTw4jlgjjuYM52Dkci5Ew,Saidul Explain 09,Ek Maut Ka Safar 😱 | Titan Submersible Disaster Explained in Hindi  #history #2danimation,25353,3 months ago,90,456,https://www.youtube.com/watch?v=-KLcxHI1Qlo
history_civilization,historical disaster explained,3Qv0Q01bkDU,UCv1Ofp6-yhh98BzGpbAWbag,The Painful Explainer,1 HOUR of The Worst Deaths in Human History,282838,10 months ago,300,3982,https://www.youtube.com/watch?v=3Qv0Q01bkDU
history_civilization,historical disaster explained,2hZNJ93Vzao,UCXbCOOoXE09V6StOp0gbTFQ,Simple Paint,The Worst Roller Coaster Deaths Ever,3200370,11 months ago,330,892,https://www.youtube.com/watch?v=2hZNJ93Vzao
history_civilization,untold American history documentary,_u_iofr5J3g,UCDFrGW1vNgsYkFKk4R3XJIA,HISTORY USA 007,The Untold History of the United States | From Colonies to Superpower | Full Historical Documentary,353,7 months ago,210,5266,https://www.youtube.com/watch?v=_u_iofr5J3g
history_civilization,untold American history documentary,i5qlJ1m61cA,UC5HC4XFxoBK20yNiuzstcBA,PBS America,Concorde: The Untold Story - Part 1 (2023) | Full Documentary,619282,10 months ago,300,2761,https://www.youtube.com/watch?v=i5qlJ1m61cA
history_civilization,untold American history documentary,jbIpFHW1AdQ,UCEHYEnOkKZJgxcGhPQvFF_Q,Robbers IQ,The Untold Story Of America’s Most Insane Prison Escape,193030,11 months ago,330,1646,https://www.youtube.com/watch?v=jbIpFHW1AdQ
history_civilization,untold American history documentary,UivhqdhcHNI,UCO01ytfzgXYy4glnPJm4PPQ,Matt Walsh,What Schools Don't Teach You About Slavery,2010007,6 months ago,180,2643,https://www.youtube.com/watch?v=UivhqdhcHNI
history_civilization,untold American history documentary,2-lB1cYCq3w,UCoKOHg2lt4gHxQ7zS3nRZiQ,Lost American History,99 Lies They Taught You in US History Class,514501,8 months ago,240,8196,https://www.youtube.com/watch?v=2-lB1cYCq3w
history_civilization,untold American history documentary,QBCoVf8-Zng,UCAKPIc6R4Z0AyIAFaTACCjA,Old Line Power,The Untold Story of America's First Black Female Millionaire | Documentary,187383,6 months ago,180,2357,https://www.youtube.com/watch?v=QBCoVf8-Zng
history_civilization,untold American history documentary,p1WkW33AYEY,UCoKOHg2lt4gHxQ7zS3nRZiQ,Lost American History,50 Forbidden U.S. History Facts They Never Taught You in School,166250,7 months ago,210,8514,https://www.youtube.com/watch?v=p1WkW33AYEY
history_civilization,untold American history documentary,uWmd-6vsdus,UC5zrlRzhT_cFI9zT6uQSijg,American Experience | PBS,The Untold Story of the Space Race (1957-1963) | Full Documentary | American Experience | PBS,246666,3 weeks ago,21,6839,https://www.youtube.com/watch?v=uWmd-6vsdus
history_civilization,untold American history documentary,FlQ-L1p7N88,UCFHcIAGr2e9sLp4qYlKRSnw,The United States Chronicles,Arizona: The Untold Story of America’s Most Extreme State,16388,6 months ago,180,1135,https://www.youtube.com/watch?v=FlQ-L1p7N88
history_civilization,untold American history documentary,lgLK-L-WsQQ,UC3M939zbt4VwZrqN4oM-Kdw,Jack’s Dossier,How The Mafia Built Las Vegas: The Untold Story | Historical Documentary,264834,10 months ago,300,5849,https://www.youtube.com/watch?v=lgLK-L-WsQQ
history_civilization,untold American history documentary,sYZnVV47FL0,UCFx5UTIEnSfqASLU82KwkTA,AIxHuman,The Untold Story of America: Complete U.S. History Documentary in some minutes,118,6 months ago,180,2126,https://www.youtube.com/watch?v=sYZnVV47FL0
history_civilization,untold American history documentary,mZDSjlYvZ2k,UC8WBW5u5NdUIwtCqk4c-05g,Unknown History,The Untold History of America 🇺🇸 | Before America to the 13 Colonies | Full Documentary,7,1 month ago,30,405,https://www.youtube.com/watch?v=mZDSjlYvZ2k
history_civilization,untold American history documentary,7uSpztTD388,UCAz-VsBdqOerpGxcbi-3wUA,USA HISTORY,The Untold Story of America 🇺🇸 Full History Documentary From Revolution to Modern USA,8,8 months ago,240,158,https://www.youtube.com/watch?v=7uSpztTD388
history_civilization,untold American history documentary,QWX-5WBieCM,UCocCg13tN24MsI18gQwxvVg,BillionHexUSA,Untold History USA | America's Hidden Stories & Secrets#documentary,6,2 months ago,60,151,https://www.youtube.com/watch?v=QWX-5WBieCM
history_civilization,untold American history documentary,FII_7KDh2r8,UC3yFifJYlb7LHk02tw36l0A,Fragments of History,The Untold History of the Tribe America Erased | The Mohicans,51739,7 months ago,210,3846,https://www.youtube.com/watch?v=FII_7KDh2r8
history_civilization,untold American history documentary,9cOIUH-H_I0,UCRln3Naeg3t99GwKhWVCtJQ,Old Money Documentaries,America's Most Violent Wealthy Family Fortune: The Dark History of the Heinz Dynasty,552307,5 months ago,150,4085,https://www.youtube.com/watch?v=9cOIUH-H_I0
history_civilization,untold American history documentary,w2jCdE8RnI0,UCPx37Sxf0nrTzd8JA2DHGwg,History After Dark,Fidel Castro: The Revolutionary Who Outlasted the American Empire | A Bedtime History Documentary,103278,3 months ago,90,6623,https://www.youtube.com/watch?v=w2jCdE8RnI0
history_civilization,untold American history documentary,wy8oBE0oDQA,UCL4tJMzVF6KzWJSvOgc3B-w,World in Focus ,The Untold History of Pennsylvania — Birthplace of America’s Freedom 🇺🇸 | Full Documentary,17,6 months ago,180,552,https://www.youtube.com/watch?v=wy8oBE0oDQA
history_civilization,rise and fall of empire documentary,59Bd0x7utoo,UC2P3DcO7iO3hDWDBI3NU8aA,History Uncovered,The Complete Timeline of the Ottoman Empire | From Rise to Collapse,198574,8 months ago,240,200,https://www.youtube.com/watch?v=59Bd0x7utoo
history_civilization,rise and fall of empire documentary,oc_nGGOBKIY,UCjBAg-qMsuVtTUOodRu-7Pw,Dareecha,The Rise and Fall of the Ottoman Empire,278834,7 months ago,210,2306,https://www.youtube.com/watch?v=oc_nGGOBKIY
history_civilization,rise and fall of empire documentary,c87bd1qUZEA,UCdBjCBrh6gvcf7N1n9kjMiQ,Ancient History,The Entire History of the British Empire | Rise & Fall of the Empire Full Hindi Documentary,146012,2 months ago,60,7668,https://www.youtube.com/watch?v=c87bd1qUZEA
history_civilization,rise and fall of empire documentary,X11jp0EGbQ4,UCkG49maW4sr4pfxYmz9Jj0g,Flashback Frenzy,The ENTIRE History of Roman Empire (Hindi Documentary),1151445,10 months ago,300,1816,https://www.youtube.com/watch?v=X11jp0EGbQ4
history_civilization,rise and fall of empire documentary,490DL5qYagQ,UCwOu8GE6bUcIDfEERFEg8gA,Ittehaaz,Entire History of IRAN | Rise and Fall of Persian Empire | Hindi Documentary,562673,4 months ago,120,3757,https://www.youtube.com/watch?v=490DL5qYagQ
history_civilization,rise and fall of empire documentary,uFAbfDFVAX8,UCj1SpUqhSbiaX9yyJmn4yZQ,Chompu’s Boring Empire,The Rise and Fall of the British Empire: How a Small Island Ruled the World,30847,3 weeks ago,21,4981,https://www.youtube.com/watch?v=uFAbfDFVAX8
history_civilization,rise and fall of empire documentary,OeiuG1ORRww,UCwOu8GE6bUcIDfEERFEg8gA,Ittehaaz,The Rise and Fall of the British Empire | Hindi Documentary,10352,7 months ago,210,1235,https://www.youtube.com/watch?v=OeiuG1ORRww
history_civilization,rise and fall of empire documentary,BSGortPeOqA,UCButGmXFqWNU-UxK7umP6yQ,Religious Story TV,Ottoman Empire History: Rise and Fall of the Ottoman Empire | Every Sultan,75829,1 month ago,30,6441,https://www.youtube.com/watch?v=BSGortPeOqA
history_civilization,rise and fall of empire documentary,pv1TUJSEM2k,UCSHZKyawb77ixDdsGog4iWA,Lex Fridman,The Rise and Fall of the Roman Empire and the Byzantine Empire | Lex Fridman Podcast #498,1006618,1 month ago,30,13907,https://www.youtube.com/watch?v=pv1TUJSEM2k
history_civilization,rise and fall of empire documentary,CThJQ35mSpE,UCTRgu3iuyGXbhz5kYNjpObw,Get.history,The Akkadian Enigma: Why Did the World's First Empire Collapse? | Full Documentary,149728,5 months ago,150,3008,https://www.youtube.com/watch?v=CThJQ35mSpE
history_civilization,rise and fall of empire documentary,CAsKpXoxZAQ,UCT6Y5JJPKe_JDMivpKgVXew,Fall of Civilizations,20. Persia - An Empire in Ashes,1055690,8 months ago,240,19761,https://www.youtube.com/watch?v=CAsKpXoxZAQ
history_civilization,rise and fall of empire documentary,dFZr7wRGgus,UCIcdvRHWeuBRuCyTgPu44zQ,Ominous History,The History of Empires: The Rise and Fall of Every Major Empire | 4K Documentary,657,8 months ago,240,4035,https://www.youtube.com/watch?v=dFZr7wRGgus
history_civilization,rise and fall of empire documentary,OtTP8i6zlw4,UC3DxaifN_r357SQiJma8XYQ,Ashes Of History ,The Rise and Fall of the British Empire: Untold History,2576,11 months ago,330,3964,https://www.youtube.com/watch?v=OtTP8i6zlw4
history_civilization,rise and fall of empire documentary,S2sNa405g8s,UCkG49maW4sr4pfxYmz9Jj0g,Flashback Frenzy,The ENTIRE History of Maurya Empire (Hindi Documentary),417870,8 months ago,240,1254,https://www.youtube.com/watch?v=S2sNa405g8s
history_civilization,rise and fall of empire documentary,W8D_hDRngYY,UCwOu8GE6bUcIDfEERFEg8gA,Ittehaaz,Rise and Fall of ROMAN EMPIRE | Hindi Documentary,208551,5 months ago,150,3610,https://www.youtube.com/watch?v=W8D_hDRngYY
history_civilization,rise and fall of empire documentary,DgGdlCOCK8s,UCtrFDttZdb4QxBpQc3fi1Cg,Uncharted Mysteries,The ENTIRE History of Rome Explained: (753 BC – 1453 AD),697724,8 months ago,240,15831,https://www.youtube.com/watch?v=DgGdlCOCK8s
history_civilization,rise and fall of empire documentary,H7L-JLRWKBA,UCMmaBzfCCwZ2KqaBJjkj0fw,Kings and Generals,"Khmer Empire: Rise, Glory and Fall",133753,8 months ago,240,1540,https://www.youtube.com/watch?v=H7L-JLRWKBA
history_civilization,rise and fall of empire documentary,WM_Wfcla0dw,UCiK32DVMZfE_MMirv6CXpQw,Echoes of History,Why the Mongol Empire Collapsed? l Short Documentary |,192401,10 months ago,300,154,https://www.youtube.com/watch?v=WM_Wfcla0dw
history_civilization,rise and fall of empire documentary,QdEO0ckSFC0,UCMmaBzfCCwZ2KqaBJjkj0fw,Kings and Generals,"Rome’s Collapse, Region by Region",522565,7 months ago,210,1379,https://www.youtube.com/watch?v=QdEO0ckSFC0
history_civilization,archaeology discovery explained,h1cVPbUyaNM,UCTzZ2-byV7kigoeQ1ZQ39ig,Ear to Hear,10 Strange Discoveries that Confirm the Bible,1651802,11 months ago,330,1197,https://www.youtube.com/watch?v=h1cVPbUyaNM
history_civilization,archaeology discovery explained,yVN20FcBbwM,UCnwUjPK7dXety-AJ4fNw_RQ,The Paint Explainer,The Craziest Discoveries That Proved Historians Wrong,2189232,5 months ago,150,1183,https://www.youtube.com/watch?v=yVN20FcBbwM
history_civilization,archaeology discovery explained,jpUnYzeXdL4,UCvqoIO_6h6xmlSrFOxFNSjA,Prophecy & Stone,Archaeologists STUNNED After Finding Lot’s Wife!,278210,11 months ago,330,625,https://www.youtube.com/watch?v=jpUnYzeXdL4
history_civilization,archaeology discovery explained,_9RCONPvUfM,UC0ggS8bt4v7NiZpDfGqNpZQ,ExtinctZoo ,The Most Terrifying Discoveries Made By Archeologists,2655609,9 months ago,270,1351,https://www.youtube.com/watch?v=_9RCONPvUfM
history_civilization,archaeology discovery explained,eIIeP5AEEdU,UC4GYgpgZzfMhYr9y6rs5O6Q,Trust Me Bro,Crazy Finds Archaeologists Still Can’t Explain,597297,3 months ago,90,1486,https://www.youtube.com/watch?v=eIIeP5AEEdU
history_civilization,archaeology discovery explained,3Dl_GBSD4L0,UC7lArlQ18UhSjXwO--aykhQ,Unraveling the Scriptures,15 Archaeological Discoveries That Prove the BIBLE Was Right All Along!,614533,11 months ago,330,1657,https://www.youtube.com/watch?v=3Dl_GBSD4L0
science_engineering,science mystery explained documentary,JO12OfAnH3M,UCbAlVnKhbGLK78GsSemQXxw,Top Fives,20 Archaeological Mysteries Science Can’t Explain,316618,11 months ago,330,3304,https://www.youtube.com/watch?v=JO12OfAnH3M
history_civilization,archaeology discovery explained,NlmiJcCOusI,UCmLQqA5g62GIfQa9oME05wQ,Origins Explained,Biggest Archaeological Discoveries Made in May,58965,2 months ago,60,1655,https://www.youtube.com/watch?v=NlmiJcCOusI
history_civilization,archaeology discovery explained,xT8m2Qpm6LE,UCu7oxHVBemRuErORN6P1R6w,Inside Archaeology,What Did Archaeologists #Discover in July 2026?,97145,2 weeks ago,14,2948,https://www.youtube.com/watch?v=xT8m2Qpm6LE
history_civilization,archaeology discovery explained,SYVJNTX_Z1k,UCmLQqA5g62GIfQa9oME05wQ,Origins Explained,Archaeologists Just Made a HUGE Discovery in Babylon!,100802,7 months ago,210,1835,https://www.youtube.com/watch?v=SYVJNTX_Z1k
history_civilization,archaeology discovery explained,KuCXTPMU1iI,UCtrFDttZdb4QxBpQc3fi1Cg,Uncharted Mysteries,Mind-Blowing Archaeological Discoveries NO ONE Can Explain,1197834,11 months ago,330,3227,https://www.youtube.com/watch?v=KuCXTPMU1iI
history_civilization,archaeology discovery explained,a965A86aAJ8,UCN9v4QG3AQEP3zuRvVs2dAg,History Time,Homer's Odyssey - The Real History & Archaeology Behind The Myth,871476,1 month ago,30,4382,https://www.youtube.com/watch?v=a965A86aAJ8
history_civilization,archaeology discovery explained,V_lk0fyd9_8,UCtrFDttZdb4QxBpQc3fi1Cg,Uncharted Mysteries,15 MYSTERIOUS Ancient Discoveries We Still Can’t Explain,451769,9 months ago,270,8399,https://www.youtube.com/watch?v=V_lk0fyd9_8
history_civilization,archaeology discovery explained,PzRT2NXi-fs,UCmJf6_W7W-Q7rTd5skVEgqA,NORTH 02,The Ancient Cave Anomalies Iceberg Explained,219067,4 days ago,4,3156,https://www.youtube.com/watch?v=PzRT2NXi-fs
history_civilization,archaeology discovery explained,L4wDZpcW9qg,UCRxTw7KfR1afSuRHDzkyHNA,pepecore.,The Most DISTURBING Archaeological Finds,127703,2 months ago,60,2427,https://www.youtube.com/watch?v=L4wDZpcW9qg
history_civilization,archaeology discovery explained,HBrmf_tAcQQ,UCmLQqA5g62GIfQa9oME05wQ,Origins Explained,Most SHOCKING Archaeological Discoveries Ever!,57830,5 months ago,150,11058,https://www.youtube.com/watch?v=HBrmf_tAcQQ
history_civilization,archaeology discovery explained,w03i0sdAT8I,UCmLQqA5g62GIfQa9oME05wQ,Origins Explained,The Most SHOCKING Archaeological Discoveries Ever Made | Compilation,137295,4 months ago,120,10707,https://www.youtube.com/watch?v=w03i0sdAT8I
history_civilization,archaeology discovery explained,WzD94RDtYRA,UCmLQqA5g62GIfQa9oME05wQ,Origins Explained,This Archaeological Discovery in Oregon Could Rewrite Human Origins,209263,3 months ago,90,1705,https://www.youtube.com/watch?v=WzD94RDtYRA
history_civilization,medieval history story documentary,TwPqHzCGgGM,UCZwU2G-KVl-P-O-B35chZOQ,History Hit,What Was Medieval Life Like For Every Class? | Full Series with Eleanor Janega,697283,8 months ago,240,5903,https://www.youtube.com/watch?v=TwPqHzCGgGM
history_civilization,medieval history story documentary,DX_gaRsTgAs,UC0ra0vN_iF5AwwU7G8q79rw,Majestic Studios,The Entire History of York in 32 Minutes,1009344,7 months ago,210,1965,https://www.youtube.com/watch?v=DX_gaRsTgAs
history_civilization,medieval history story documentary,syocq98pAy8,UC-QTh5HFiw28MwFrmFrRjzA,Beginning To Now,The ENTIRE History of India | 4K Documentary,460883,9 months ago,270,11172,https://www.youtube.com/watch?v=syocq98pAy8
history_civilization,medieval history story documentary,W7BWmn7pt00,UCtKLvGbzqAluwUW3Ez_zeQA,Boring History Secrets ,What It Was Really Like to Sleep in a Medieval Inn? | Relaxing History for Sleep,176735,7 months ago,210,10505,https://www.youtube.com/watch?v=W7BWmn7pt00
history_civilization,medieval history story documentary,8VPPQAcac6U,UCl4NfdM9_3UY86DBZUWWJlQ,How So,Medieval Europe: 1000 Years in 20 Minutes,3441610,11 months ago,330,1345,https://www.youtube.com/watch?v=8VPPQAcac6U
history_civilization,medieval history story documentary,c6HzcKn7_N0,UC4mnn6lTCmhk08BqfHae0yA,Herald of Ages,The First Crusade: The Complete History (Full Documentary),271653,5 months ago,150,17020,https://www.youtube.com/watch?v=c6HzcKn7_N0
history_civilization,medieval history story documentary,XXj5vfmZ8eY,UCOk2CgtW_euf-9w34fnYQnA,Chronicle - Medieval History Documentaries,"Inside The Reality Of Class, Power, And Survival In The Middle Ages",140737,2 months ago,60,6174,https://www.youtube.com/watch?v=XXj5vfmZ8eY
history_civilization,medieval history story documentary,LBl8g5NPpFU,UCtKLvGbzqAluwUW3Ez_zeQA,Boring History Secrets ,How Did Princesses Sleep in Medieval Castles During the Coldest Nights | 3 Hours of Relaxing History,179683,10 months ago,300,12889,https://www.youtube.com/watch?v=LBl8g5NPpFU
history_civilization,medieval history story documentary,oI7gRvhi-S4,UC6LYB8YhQKo2H6EK3q6U6kw,Bedtime & Historian ,The First Crusade (1096–1099) | The Battle for the Holy Land | Medieval History,289976,1 month ago,30,7993,https://www.youtube.com/watch?v=oI7gRvhi-S4
history_civilization,medieval history story documentary,9pHLN4tah5w,UCN9v4QG3AQEP3zuRvVs2dAg,History Time,The Forgotten Origins Of Medieval Britain - History Documentary,576425,9 months ago,270,10486,https://www.youtube.com/watch?v=9pHLN4tah5w
history_civilization,medieval history story documentary,vMtRXe5eQmM,UCtKLvGbzqAluwUW3Ez_zeQA,Boring History Secrets ,How Did People Sleep in Medieval Castles Without Freezing to Death | 2 Hours of Relaxing History,1418350,11 months ago,330,8864,https://www.youtube.com/watch?v=vMtRXe5eQmM
history_civilization,medieval history story documentary,L9q6P-ps-wI,UCpr1JAIc49gu9-FAlO4uAKw,timewarp cities,7 Days Surviving the Black Death in Medieval London | 1348 Full Documentary,201014,2 months ago,60,6779,https://www.youtube.com/watch?v=L9q6P-ps-wI
history_civilization,medieval history story documentary,2lfBT92p2uY,UCTRgu3iuyGXbhz5kYNjpObw,Get.history,Europe’s Castles Explained: Living Inside Medieval Strongholds | Full Documentary,652141,6 months ago,180,3137,https://www.youtube.com/watch?v=2lfBT92p2uY
history_civilization,medieval history story documentary,sr7c28Lf2bY,UCtKLvGbzqAluwUW3Ez_zeQA,Boring History Secrets ,How Did Knights Sleep in Medieval Castles During the Coldest Nights | 2 Hours of Relaxing History,162245,10 months ago,300,10320,https://www.youtube.com/watch?v=sr7c28Lf2bY
history_civilization,medieval history story documentary,XvuKaWmd9RA,UCcXWEkmQOBQxAWcJ_r1TKDw,History for Sleep,The ENTIRE History of MEDIEVAL INDIA (1000yrs of Glory),26222,5 months ago,150,7505,https://www.youtube.com/watch?v=XvuKaWmd9RA
history_civilization,medieval history story documentary,7m8b5BChm1o,UC6LYB8YhQKo2H6EK3q6U6kw,Bedtime & Historian ,The Hundred Years’ War | England and France’s Longest War | Medieval History,63672,2 months ago,60,8351,https://www.youtube.com/watch?v=7m8b5BChm1o
history_civilization,medieval history story documentary,IeTaMpvNVvk,UCcUEjyUhd-s3Dj0TS0Ekjow,Sleepy History with Oliver,You Walk Into a Medieval Inn… Here’s What Awaits You | History for Sleep,72211,4 months ago,120,10423,https://www.youtube.com/watch?v=IeTaMpvNVvk
history_civilization,medieval history story documentary,fmlzjsiEGg4,UC6LYB8YhQKo2H6EK3q6U6kw,Bedtime & Historian ,Fall Asleep to the ENTIRE Story of Ancient & Medieval England — The Making of England,79009,2 months ago,60,7898,https://www.youtube.com/watch?v=fmlzjsiEGg4
history_civilization,medieval history story documentary,zohg5rx5ptU,UC-QTh5HFiw28MwFrmFrRjzA,Beginning To Now,HISTORY OF THE WORLD - Human Civilizations (4K Documentary),187906,1 month ago,30,14401,https://www.youtube.com/watch?v=zohg5rx5ptU
history_civilization,history that changed the world explained,TQdHj4sLoWU,UCULL07PSUuJSjb5seHP5Q3Q,Paint Warfare Explainer,Every Battle That Completely Changed World History Explained in 14 Minutes,17735,6 months ago,180,840,https://www.youtube.com/watch?v=TQdHj4sLoWU
history_civilization,history that changed the world explained,48C92DX6KOw,UC6qMCdn2kWjP3hBV-Ei6aJg,SimplyHistory,History Explained: 5 Events That Changed World History Made Simple | SimplyHistory,119,3 months ago,90,685,https://www.youtube.com/watch?v=48C92DX6KOw
history_civilization,history that changed the world explained,Lb4Qq0ZZL8A,UCLuIudjbquBATgqkIJxQi6A,Animated History ,The Most Brutal Wars in History,36830,23 hours ago,0,1485,https://www.youtube.com/watch?v=Lb4Qq0ZZL8A
history_civilization,history that changed the world explained,WOTV96rp5rY,UCK8a56y4aVNhlpsJ1f3ZA4Q,Tomorrows Filmmakers,How Movies Changed the World | The Complete History of Cinema,224769,11 months ago,330,1372,https://www.youtube.com/watch?v=WOTV96rp5rY
history_civilization,history that changed the world explained,4732rJLqjdk,UC_mWku4c3w5XL5Gr9sEgfIg,Kitaab Qareeny,World War 1: The War That Changed The World Forever | Complete History Documentary,329,4 weeks ago,28,5291,https://www.youtube.com/watch?v=4732rJLqjdk
history_civilization,history that changed the world explained,aDZXyEf_AI0,UCpOOqWieRCxg8LkkESdPEZA,Warbound History,World War 2 Explained: The Complete History That Changed the World Forever,14,7 months ago,210,3091,https://www.youtube.com/watch?v=aDZXyEf_AI0
history_civilization,history that changed the world explained,TxBcVzm3q9s,UCtPvNJxg_3Y4N0CipxmAu3w,History Insights,Epic History Explained | Shocking Facts That Changed the World 🌍 | History Insights,9,7 months ago,210,327,https://www.youtube.com/watch?v=TxBcVzm3q9s
history_civilization,history that changed the world explained,rg5E6OvwkZQ,UCPx37Sxf0nrTzd8JA2DHGwg,History After Dark,How Capitalism Changed the World Forever | A Bedtime History Documentary,124488,11 months ago,330,7213,https://www.youtube.com/watch?v=rg5E6OvwkZQ
history_civilization,history that changed the world explained,H56UEx4KMhs,UCERUlqQsG7fFiPAx0SjL_Qw,WSA,Top 10 Kings Who Changed the World | World History Documentary (Explained),34660,9 months ago,270,393,https://www.youtube.com/watch?v=H56UEx4KMhs
history_civilization,history that changed the world explained,hzWwp9JM7Hw,UCmYAcjJNtB8UsSZjXqyx4Zg,Cottereau,History of the World: Every Year,2459606,7 months ago,210,1044,https://www.youtube.com/watch?v=hzWwp9JM7Hw
history_civilization,history that changed the world explained,6TQ4ZRgqlU8,UCAOVXGDEvCFxJJz8PC5nPUw,Anand Sankar,Earth Day 2026 Explained — The History That Changed the World,3078,4 months ago,120,200,https://www.youtube.com/watch?v=6TQ4ZRgqlU8
history_civilization,history that changed the world explained,wLiMQ9FfBVQ,UCRwunvqCJR2HsuEU21gyn6A,DAILY AWAKENING,World War II Explained: The Complete History That Changed the World,7,7 months ago,210,300,https://www.youtube.com/watch?v=wLiMQ9FfBVQ
history_civilization,history that changed the world explained,6yvHFhK8Igw,UCy6RTAK_9_NjSf6NFouTCgQ,History Kiddos,🌍 World War II for Kids | How the Biggest War in History Changed the World,23242,11 months ago,330,187,https://www.youtube.com/watch?v=6yvHFhK8Igw
history_civilization,history that changed the world explained,VmR0Olri6ZA,UCFA35qXGOCsm9lSC58GIAFw,History Uncovered Here,Why The Cold War Changed the World | History Explained,5,2 months ago,60,279,https://www.youtube.com/watch?v=VmR0Olri6ZA
history_civilization,history that changed the world explained,n20xUtHaeDc,UCICL70HzI1a-HebS8ltNSzQ,Rights to know ,World War 2 Explained: The War That Changed History,60,3 months ago,90,580,https://www.youtube.com/watch?v=n20xUtHaeDc
history_civilization,history that changed the world explained,6mmX129qPO4,UCFA35qXGOCsm9lSC58GIAFw,History Uncovered Here,Why How Machines Changed Everything Changed the World | History Explained,0,2 months ago,60,281,https://www.youtube.com/watch?v=6mmX129qPO4
history_civilization,history that changed the world explained,pXf_XLgtMGE,UCQydtsKD8nudZLXq757uAcg,INFORYX,History That Changed the World 🌍 | Greatest Events in Human History Explained | Inforyx,18,11 months ago,330,235,https://www.youtube.com/watch?v=pXf_XLgtMGE
history_civilization,history that changed the world explained,0Vj2NqRXfUk,UCAKDGewG9SVljn3e8QS6brQ,Atlas of History,How Spain Changed the World | Full History Explained,22,5 months ago,150,519,https://www.youtube.com/watch?v=0Vj2NqRXfUk
history_civilization,history that changed the world explained,aH4cFOB2V5c,UCUIzUlxA9OvY5SjXv51tDpw,Fat Rat,How Lee Kuan Yew Built Singapore: The World’s Most Successful Dictatorship,2772542,10 months ago,300,907,https://www.youtube.com/watch?v=aH4cFOB2V5c
science_engineering,engineering disaster documentary,S_g0gwV3gQg,UCVoT8fZqVM44z6huWSaxUIQ,National Geographic UK,Engineering Failures That Changed Everything | Engineering by Catastrophe | National Geographic UK,118266,2 months ago,60,365,https://www.youtube.com/watch?v=S_g0gwV3gQg
science_engineering,engineering disaster documentary,eLqXucVOinU,UCVitdltnfZt4ZoN0zrZdVdg,Earth Craft,How Mongols Built Winter Camps That Survived -50°C,4826,2 days ago,2,1356,https://www.youtube.com/watch?v=eLqXucVOinU
science_engineering,engineering disaster documentary,eTEdKrJ1DhI,UCpVm7bg6pXKo1Pr6k5kxG9A,National Geographic,Lost in the Bermuda Triangle (Full Episode) | Witness to Disaster | National Geographic,2173608,5 months ago,150,2665,https://www.youtube.com/watch?v=eTEdKrJ1DhI
science_engineering,engineering disaster documentary,fvvJOYGfGOw,UCYkV-5QfcPBwlIPH9HxjHig,SIGNUM,America's Biggest Megaproject Disasters,36004,1 month ago,30,4087,https://www.youtube.com/watch?v=fvvJOYGfGOw
science_engineering,engineering disaster documentary,rB5GCem9Qzk,UCZSE95RmyMUgJWmfra9Yx1A,Banijay Science,World's Worst Engineering Disasters | Massive Engineering Mistakes | Engineering Documentary,4682,10 months ago,300,26815,https://www.youtube.com/watch?v=rB5GCem9Qzk
science_engineering,engineering disaster documentary,41BCGi1rhsc,UCVoT8fZqVM44z6huWSaxUIQ,National Geographic UK,Engineering Disasters Designers Never Expected | Engineering by Catastrophe | National Geographic UK,14872,2 months ago,60,369,https://www.youtube.com/watch?v=41BCGi1rhsc
science_engineering,engineering disaster documentary,OHazMnF7NIo,UCKFjNynYRgDfnSIXzELPqTA,Free Documentary - Engineering,Engineering After Disaster: The Massive Genoa Bridge Rebuild | FD Engineering,43793,2 months ago,60,5033,https://www.youtube.com/watch?v=OHazMnF7NIo
science_engineering,engineering disaster documentary,xAlkG25vwFQ,UCpIN4ViF6FhfmDUgDAW9i-Q,River Reichel,Historys Deadliest with Ving Rhames S01E08 Engineering Disasters,293,4 months ago,120,2495,https://www.youtube.com/watch?v=xAlkG25vwFQ
science_engineering,engineering disaster documentary,omJg6ByDDIk,UCsvOKiFRXrG1AvfSo2RUZKQ,Progress - Science Documentaries,Engineering Catastrophes: The Space Shuttle Columbia Investigation,2482,6 months ago,180,1507,https://www.youtube.com/watch?v=omJg6ByDDIk
science_engineering,engineering disaster documentary,FUdZYRF_jug,UCZSE95RmyMUgJWmfra9Yx1A,Banijay Science,The Moments When EVERYTHING Went Wrong | Massive Engineering Mistakes | Engineering Documentary,14300,11 months ago,330,26815,https://www.youtube.com/watch?v=FUdZYRF_jug
science_engineering,engineering disaster documentary,dfWRAKgDPa8,UCZSE95RmyMUgJWmfra9Yx1A,Banijay Science,The Champlain Towers Collapse Engineering Disaster | Massive Engineering Mistakes,10352,8 months ago,240,26894,https://www.youtube.com/watch?v=dfWRAKgDPa8
science_engineering,engineering disaster documentary,gxHPNvX6axU,UCc-EAkbF5I2shvgJYTQqglQ,Iron and Memory,How EGO Allowed a Bridge to Fall TWICE | Disaster Documentary,2256,10 months ago,300,3255,https://www.youtube.com/watch?v=gxHPNvX6axU
science_engineering,engineering disaster documentary,QvHBvm9JIcc,UC6n8I1UDTKP1IWjQMg6_TwA,The B1M,The 10 Biggest Mega Build Disasters of 2025,1163881,7 months ago,210,847,https://www.youtube.com/watch?v=QvHBvm9JIcc
science_engineering,engineering disaster documentary,g_Dy8Nlm_Hw,UCBgYh_ONhtkwRojvYKrDoBg,M2B Reality,NYC’s $2B Steinway Tower Won’t Stop Swaying — Inside a Supertall Engineering Nightmare,4580,2 days ago,2,811,https://www.youtube.com/watch?v=g_Dy8Nlm_Hw
science_engineering,engineering disaster documentary,24dwpjsN4pM,UCsvOKiFRXrG1AvfSo2RUZKQ,Progress - Science Documentaries,"NASA's Engineering Disasters, Explained",2891,6 months ago,180,1516,https://www.youtube.com/watch?v=24dwpjsN4pM
science_engineering,engineering disaster documentary,-uMgTTPNgh4,UCZSE95RmyMUgJWmfra9Yx1A,Banijay Science,Deadly Engineering New Zealand Earthquake Causes Building Collapse | Engineering Documentary,3512,11 months ago,330,26815,https://www.youtube.com/watch?v=-uMgTTPNgh4
science_engineering,engineering disaster documentary,iMaunecj84w,UCmWP4f7x5sO4EaJvmCAi0vw,DocuReal,Chernobyl: Minute by Minute | Full Film,612577,6 months ago,180,2604,https://www.youtube.com/watch?v=iMaunecj84w
science_engineering,engineering disaster documentary,WQk8MLK-SFI,UC0Xq4qcUT1GjcdOX5jYPuBA,My Unreal Planet TV,Impossible Places | World’s Dangerous Constructions Built on the Edge of Disaster,256618,4 months ago,120,8031,https://www.youtube.com/watch?v=WQk8MLK-SFI
science_engineering,engineering disaster documentary,aKlZBY35cyQ,UCmWP4f7x5sO4EaJvmCAi0vw,DocuReal,OceanGate Disaster: Minute by Minute | Full Film,862851,3 months ago,90,3289,https://www.youtube.com/watch?v=aKlZBY35cyQ
science_engineering,science mystery explained documentary,Zn4oVE7W_0M,UCNZegH5HQPx_chNsPqJw1Rw,Sleepy Science Channel,100 Mysteries That Science HAS Explained — Fall Asleep to Science,103350,10 months ago,300,7974,https://www.youtube.com/watch?v=Zn4oVE7W_0M
practical_lifestyle,travel system explained documentary,yVwZSoFJWSQ,UCvJiYiBUbw4tmpRSZT2r1Hw,Science Channel,The Mystery of Time | Through the Wormhole | Science Channel,2690965,10 months ago,300,4283,https://www.youtube.com/watch?v=yVwZSoFJWSQ
practical_lifestyle,everyday things explained documentary,Qj64lJcse4k,UCNZegH5HQPx_chNsPqJw1Rw,Sleepy Science Channel,100 Things Science Still Can’t Explain — Fall Asleep to Science,1476879,11 months ago,330,8565,https://www.youtube.com/watch?v=Qj64lJcse4k
science_engineering,science mystery explained documentary,CNywxo7xZ_I,UCdsOTr6SmDrxuWE7sJFrkhQ,BBC Earth Science,Understanding Science’s Great Mysteries | BBC Earth Science,116744,3 months ago,90,2623,https://www.youtube.com/watch?v=CNywxo7xZ_I
science_engineering,science mystery explained documentary,4wQSwNvVI5I,UCvJiYiBUbw4tmpRSZT2r1Hw,Science Channel,The Endless Mysteries of the Universe! | How the Universe Works | Science Channel,345717,3 months ago,90,3039,https://www.youtube.com/watch?v=4wQSwNvVI5I
science_engineering,science mystery explained documentary,rfqalXigeOc,UCbyE5OvaP4GJhKvPCXxjWvw,Fire of Learning,Why We Dream - Science Documentary,973011,11 months ago,330,3942,https://www.youtube.com/watch?v=rfqalXigeOc
science_engineering,science mystery explained documentary,KNoJBAxoTk0,UCvJiYiBUbw4tmpRSZT2r1Hw,Science Channel,Explore Our Solar System’s Secrets 🪐 How the Universe Works | Science Channel,947958,11 months ago,330,3838,https://www.youtube.com/watch?v=KNoJBAxoTk0
science_engineering,science mystery explained documentary,LiOZqmW-alU,UCfdNM3NAhaBOXCafH7krzrA,The Infographics Show,Most INSANE Unsolved Mysteries Explained in 30 Minutes,563454,7 months ago,210,1907,https://www.youtube.com/watch?v=LiOZqmW-alU
science_engineering,science mystery explained documentary,iZlU1GHj960,UCNZegH5HQPx_chNsPqJw1Rw,Sleepy Science Channel,The Most Relaxing Space Mysteries to Fall Asleep To — No Adverts,193029,6 months ago,180,8581,https://www.youtube.com/watch?v=iZlU1GHj960
science_engineering,science mystery explained documentary,OIZJ-Vw4ZOI,UCnwUjPK7dXety-AJ4fNw_RQ,The Paint Explainer,The Most Disturbing Scientific Anomalies We Can’t Find An Explanation For,2597346,7 months ago,210,1143,https://www.youtube.com/watch?v=OIZJ-Vw4ZOI
science_engineering,science mystery explained documentary,oz-Y1Xzx5iQ,UCdsOTr6SmDrxuWE7sJFrkhQ,BBC Earth Science,Five Wonders of our Universe | Universe | BBC Earth Science,2280590,11 months ago,330,2395,https://www.youtube.com/watch?v=oz-Y1Xzx5iQ
science_engineering,science mystery explained documentary,DgPEBq4Ke8g,UC9MAhZQQd9egwWCxrwSIsJQ,HISTORY,Greatest Unsolved Mysteries Ever | Mysteries Unearthed with Danny Trejo,7106532,8 months ago,240,2858,https://www.youtube.com/watch?v=DgPEBq4Ke8g
science_engineering,science mystery explained documentary,q9VsE4Y_5IU,UCnA_F8bRf9VA7wXO-ctBLOw,Universe Unfold,Greatest UNSOLVED Mysteries of Modern Science Explained in 1 Hour | Science Documentary,17760,1 month ago,30,3811,https://www.youtube.com/watch?v=q9VsE4Y_5IU
science_engineering,science mystery explained documentary,kzRgEQT0LrE,UCNZegH5HQPx_chNsPqJw1Rw,Sleepy Science Channel,The Most Relaxing Facts About Unexplained Phenomena to Fall Asleep To,174585,9 months ago,270,8359,https://www.youtube.com/watch?v=kzRgEQT0LrE
science_engineering,science mystery explained documentary,QZCkfcDq9B4,UCWqJpFqlX59OML324QIByZA,List 25,Bizarre Mysteries Science Still Can’t Explain,417482,10 months ago,300,5667,https://www.youtube.com/watch?v=QZCkfcDq9B4
science_engineering,science mystery explained documentary,TvqfLXlSuaA,UCNZegH5HQPx_chNsPqJw1Rw,Sleepy Science Channel,8 Hours of Facts About The Universe for A Full Night's Sleep — No Adverts,286399,7 months ago,210,28872,https://www.youtube.com/watch?v=TvqfLXlSuaA
science_engineering,science mystery explained documentary,NWCFtnBmWcs,UCRVXfhLRsLWi3_IKnMDiI1Q,poi,the ultimate Space Mysteries Iceberg,763870,10 months ago,300,4218,https://www.youtube.com/watch?v=NWCFtnBmWcs
science_engineering,science mystery explained documentary,cUc3uz9RmCA,UCAksyQw6LlPRw-rYhEPADMA,First Humans ,Scientists Finally Solved The Roanoke Colony Mystery - After 400 Years,2358020,4 months ago,120,528,https://www.youtube.com/watch?v=cUc3uz9RmCA
science_engineering,science mystery explained documentary,64RSvsnDbwo,UCW39zufHfsuGgpLviKh297Q,DW Documentary,The Da Vinci Code - Has the mystery been solved? | DW Documentary,690252,4 months ago,120,3116,https://www.youtube.com/watch?v=64RSvsnDbwo
science_engineering,space discovery explained 2026,nBdjwRmJRbU,UCL3mqmVRwHyaYc0RrwjmC-A,Digital Astronaut,Artemis II Explained | 2026 Mission to the Moon,4237491,7 months ago,210,607,https://www.youtube.com/watch?v=nBdjwRmJRbU
science_engineering,space discovery explained 2026,pwgu5fUbJo0,UCgl9ru7gNIFa-LY-rmfsnUw,FUTURE OF AI,AI in Space Exploration Explained (2026) | How Artificial Intelligence Is Exploring the Universe,16,2 weeks ago,14,344,https://www.youtube.com/watch?v=pwgu5fUbJo0
science_engineering,space discovery explained 2026,aw9ENIAqkA8,UCeMcDx6-rOq_RlKSPehk2tQ,The Space Race,How NASA Will Take Over The Moon,134429,1 day ago,1,1481,https://www.youtube.com/watch?v=aw9ENIAqkA8
science_engineering,space discovery explained 2026,q3-bcx5LIks,UCMdJjUmstrYYT7mxo3BfKAQ,Visionary Path,NASA and Space Exploration Explained | Universe Documentary 2026,10,3 months ago,90,37,https://www.youtube.com/watch?v=q3-bcx5LIks
science_engineering,space discovery explained 2026,7odTB3nlN6U,UCe1Mh6sCPbsIgsgso3QPOow,Actual Space,The true Scale of the Universe – How Big is the Universe? | Space Documentary 2026,592965,2 months ago,60,4813,https://www.youtube.com/watch?v=7odTB3nlN6U
science_engineering,space discovery explained 2026,eW_moV6votA,UC-9b7aDP6ZN0coj9-xFnrtw,Astrum,This Isn’t Sci-Fi. It’s the Future of Space Travel,839482,2 months ago,60,1603,https://www.youtube.com/watch?v=eW_moV6votA
science_engineering,space discovery explained 2026,hh7wfElw4g0,UCmHWbnzyRvVvkrSXFdZp7tg,NullSpace,VOYAGER 1: The Story of the Next 10 Trillion Years | 4K,1644652,4 months ago,120,1367,https://www.youtube.com/watch?v=hh7wfElw4g0
science_engineering,space discovery explained 2026,cy_H2BeE_Nk,UCqoAEDirJPjEUFcF2FklnBA,StarTalk,The Space Race Never Ended,2238333,10 months ago,300,871,https://www.youtube.com/watch?v=cy_H2BeE_Nk
science_engineering,space discovery explained 2026,_b_sGbjSVZQ,UCWBtLCE-BnzZx3DneqDiXWQ,Astrum Earth,A Super El Niño Is Coming in 2026,1838272,2 months ago,60,1347,https://www.youtube.com/watch?v=_b_sGbjSVZQ
science_engineering,space discovery explained 2026,tUa3JCDVtv8,UCgl9ru7gNIFa-LY-rmfsnUw,FUTURE OF AI,AI in Space Exploration Explained | How Artificial Intelligence Is Exploring the Universe,19,1 month ago,30,183,https://www.youtube.com/watch?v=tUa3JCDVtv8
science_engineering,space discovery explained 2026,eue9m-2y9jU,UCAwfCgYna9kN2XRx0-wObyQ,WUFO - Science Documentaries,Did Life Begin in Space? NASA’s Bennu Discovery Explained | Space Documentary,19606,6 months ago,180,3737,https://www.youtube.com/watch?v=eue9m-2y9jU
science_engineering,space discovery explained 2026,84gGmfv_694,UCYyy2bsEO-ryAN02Iz7melw,Beyond Space Report,NASA Minute 2026: Future of Space Exploration & Aviation Explained,4,3 months ago,90,118,https://www.youtube.com/watch?v=84gGmfv_694
science_engineering,space discovery explained 2026,TwrD53xdeMU,UCxbnsftoQou1IfWZlEb_1iA,SPACE BEFOREAFTER,"""It's a Different Universe"" — James Webb Found Something That Doesn't Add Up",809534,5 months ago,150,6116,https://www.youtube.com/watch?v=TwrD53xdeMU
science_engineering,space discovery explained 2026,oskRmMRvguM,UChnCR1RlPBGdycrJiVgQZ4g,Strange Space,Is God the Ultimate Observer? | Quantum Physics Documentary 2026,357227,1 month ago,30,5427,https://www.youtube.com/watch?v=oskRmMRvguM
science_engineering,space discovery explained 2026,zdeOoujGVxY,UCcUGSEU88bKiwzNkJqxsmQg,Stixora,NASA's Most Shocking Discovery of 2026,0,1 month ago,30,273,https://www.youtube.com/watch?v=zdeOoujGVxY
science_engineering,space discovery explained 2026,ZtFj7jNZ7NU,UCLQ_w0962Zl8Mgtf7YfV5jw,Hidden Cosmos,Planet 9 Mystery: The 2026 Clues Scientists Can’t Ignore | Space Exploration Latest Data,10,4 months ago,120,711,https://www.youtube.com/watch?v=ZtFj7jNZ7NU
science_engineering,space discovery explained 2026,hF37_OQc4hA,UCLZyEY5Yj9S3EoxWKiSSh4w,Quera Official,Voyager The 47 Year Old Miracle | Part 1 | हिंदी,374122,4 months ago,120,873,https://www.youtube.com/watch?v=hF37_OQc4hA
science_engineering,space discovery explained 2026,Kl3nyGyRwAw,UCdl3ece6ZfQwsiLbMnh2bCw,AstroKobi,Artemis II Explained - Day by Day,1204026,5 months ago,150,1432,https://www.youtube.com/watch?v=Kl3nyGyRwAw
science_engineering,space discovery explained 2026,eNrPD6jHtIo,UCK-0srt5hdY5m6Zos_NlJZg,The Secrets of the Universe,What The Super El Niño Will Do To Our Planet in 2026,314054,2 months ago,60,960,https://www.youtube.com/watch?v=eNrPD6jHtIo
science_engineering,space discovery explained 2026,nxzimw3MYJw,UCBdtGSEw6CAZye8vgeAsM1A,AED ID,Bermuda Triangle Mystery SHOCKS Scientists | 2026 New Discovery Explained,45,11 months ago,330,303,https://www.youtube.com/watch?v=nxzimw3MYJw
science_engineering,megaproject failure explained,kSGUaukWTTU,UCQdI1zYa-0MvrGpCPNYj2CA,Urban Planner Explained,Every FAILED Megacity Project Explained in 9 Minutes,174570,11 months ago,330,542,https://www.youtube.com/watch?v=kSGUaukWTTU
science_engineering,megaproject failure explained,TuvTMFPW3SQ,UCFLfoo_RXsv_At2vwUXJBPA,Build Logic,Why Mega Projects Fail? The Real Engineering Truth,31,8 months ago,240,241,https://www.youtube.com/watch?v=TuvTMFPW3SQ
science_engineering,megaproject failure explained,GbB3vFfiaVU,UCK7tptUDHh-RYDsdxO1-5QQ,The Wall Street Journal,Why the World’s Largest Megaproject Collapsed | WSJ,3206820,4 days ago,4,654,https://www.youtube.com/watch?v=GbB3vFfiaVU
science_engineering,megaproject failure explained,h3DCdWyb0cc,UCsXVk37bltHxD1rDPwtNM8Q,Kurzgesagt – In a Nutshell,The Most Insane Megaproject You Never Heard About,3378076,4 months ago,120,786,https://www.youtube.com/watch?v=h3DCdWyb0cc
science_engineering,megaproject failure explained,PPv5tNmNbZg,UCRgMIwmmh1-2k5HeTQ2cdkQ,Gaurav Thakur,Why India Is Building a ₹1.5 Lakh Crore Megaproject in the Middle of a Desert,3455128,2 months ago,60,1219,https://www.youtube.com/watch?v=PPv5tNmNbZg
science_engineering,megaproject failure explained,LPM1rJnHA0I,UC0woBco6Dgcxt0h8SwyyOmw,Megaprojects,We Found Every Saudi Gigaproject in Vision 2030...,460165,11 months ago,330,2716,https://www.youtube.com/watch?v=LPM1rJnHA0I
science_engineering,megaproject failure explained,m6G1QaavE-E,UCBRFXkJ5ula3cDszheXzv_w,Heavy Scale Explainer,Every Megaproject That Went Billions Over Budget Explained,60,2 months ago,60,541,https://www.youtube.com/watch?v=m6G1QaavE-E
science_engineering,megaproject failure explained,LbaLwKBhjl8,UChxl878Qk-8mydCVHxU7M7A,Paradigm Play,Every MEGAPROJECTS Failed Explained,56,9 months ago,270,833,https://www.youtube.com/watch?v=LbaLwKBhjl8
science_engineering,megaproject failure explained,ceTfyzvGcAk,UC0woBco6Dgcxt0h8SwyyOmw,Megaprojects,Japan Built the Weapon the US Couldn't,1891033,6 months ago,180,1966,https://www.youtube.com/watch?v=ceTfyzvGcAk
science_engineering,megaproject failure explained,0qJ5-sD6mJE,UCDrEEzZhQ6QSf1cxnoHjHSw,The City Blueprint,Why the World’s Megacities Keep Failing — Explained in 10 Minutes,9,9 months ago,270,612,https://www.youtube.com/watch?v=0qJ5-sD6mJE
science_engineering,megaproject failure explained,j1oUzNWZ-8g,UCRo4q6H3LhnpBCPeGMRBTmA,InformatX Tv,Why Some Mega Projects Fail | Billion Dollar Mistakes Explained,123,3 weeks ago,21,350,https://www.youtube.com/watch?v=j1oUzNWZ-8g
science_engineering,megaproject failure explained,_sCTIOc0P_M,UCk1aL6kyRu8FArnrz-pyZpw,Apex Engineering,6 Colossal Billion-Dollar Megaprojects That Failed In 3 Minutes,74,3 weeks ago,21,167,https://www.youtube.com/watch?v=_sCTIOc0P_M
science_engineering,megaproject failure explained,GUFt4cOnvJI,UCxjvL_grGtH0Y6_SmSvtDBw,Mega Projects Explained,Inside Europe’s €242B Megaproject Crisis — Why These Mega Builds Never Finished on Time,384,3 months ago,90,893,https://www.youtube.com/watch?v=GUFt4cOnvJI
science_engineering,megaproject failure explained,PE4-qmpumUU,UCP9np-UlRHt_OfQFrsfa6qQ,Quantara Explains,Impossible Engineering: The World's Most Extreme Megaprojects Explained Slowly (For Sleep),207,9 days ago,9,9882,https://www.youtube.com/watch?v=PE4-qmpumUU
science_engineering,megaproject failure explained,9x2v5sREYVk,UCh_FWFxrxnQ7X1pyYlhY28Q,Society of Civil Engineers,Why 2026’s Biggest Projects are All Failing?? | The $2.5T Failure: Why Megaprojects Crumble,23,1 month ago,30,688,https://www.youtube.com/watch?v=9x2v5sREYVk
science_engineering,megaproject failure explained,DfzKlaKNOU8,UChEGtO81I-pQ4Cl03u3J4eg,y-MinMystery,THE SILENT FAILURES: RUINED MEGAPROJECTS AND FORGOTTEN INVENTIONS EXPLAINED,0,6 months ago,180,1006,https://www.youtube.com/watch?v=DfzKlaKNOU8
science_engineering,megaproject failure explained,RZFbHgTU6I8,UCsaIQHXEMymxrg4tMUkwJ1g,Sahari,Every Major Abandoned Megaproject Explained,4542,10 months ago,300,593,https://www.youtube.com/watch?v=RZFbHgTU6I8
science_engineering,megaproject failure explained,gUl6AahbhNI,UCf5OxspxgOmo9yNFKSDiQzw,The Insight Vault,Inside the $26 Billion Construction Failure That Shocked America,71,2 weeks ago,14,355,https://www.youtube.com/watch?v=gUl6AahbhNI
science_engineering,megaproject failure explained,LyqG4Y0gGGY,UCkuD5mzoob1metU6YC3lYeQ, Infraverse ,👉 If These Projects Fail… India Loses BIG! | Top 10 Mega Projects #MegaProjectsofIndia,323,9 months ago,270,449,https://www.youtube.com/watch?v=LyqG4Y0gGGY
science_engineering,megaproject failure explained,T_ZhBC4d3JQ,UCn4nslEJry_RwLAsoafIjww,Phantom Files,The World's Biggest Engineering Disasters | Episode 1: Mega-Project Failures Explained,18,2 weeks ago,14,297,https://www.youtube.com/watch?v=T_ZhBC4d3JQ
science_engineering,how infrastructure works documentary,8KOYyfZbPzo,UCUMZ7gohGI9HcU9VNsr2FJQ,Bloomberg Originals,How the Electrical Grid Is Being Rebuilt for AI | Bloomberg Primer,971547,2 months ago,60,1442,https://www.youtube.com/watch?v=8KOYyfZbPzo
science_engineering,how infrastructure works documentary,pzqAJupRvkg,UCO5fTthDls29805YMO3qULQ,Tartaria Archives,The Infrastructure Tartaria Left Behind — And the Governments That Moved Into It,22,5 months ago,150,1405,https://www.youtube.com/watch?v=pzqAJupRvkg
science_engineering,how infrastructure works documentary,e0gzOU6O-jI,UC-SuHonAEkrikvs2oj7LLXg,Lifeder,CHINESE FUTURISTIC ENGINEERING: The most amazing wonders,10062632,9 months ago,270,4224,https://www.youtube.com/watch?v=e0gzOU6O-jI
science_engineering,how infrastructure works documentary,Qff4xQdNbdI,UC1APoCkcNBcRD6Mx9wTRkFg,Remote Earth Journeys,Living in the Falkland Islands | How Life Works Far from the Rest of the World | Travel Documentary,16311,4 days ago,4,2584,https://www.youtube.com/watch?v=Qff4xQdNbdI
science_engineering,how infrastructure works documentary,MEUfhSgbbE0,UCR_kFbcwWy1cKLCkmcMf4lg,ABC Science,Batteries and Renewables: Rewiring Australia’s Grid | FULL DOCUMENTARY,142631,10 months ago,300,3563,https://www.youtube.com/watch?v=MEUfhSgbbE0
science_engineering,how infrastructure works documentary,LdOc96t0X-Q,UCRn3ADlfUL06R5bLOcpjd5Q,History Revealed,From Crisis to Construction: How the New Deal Modernized America’s Infrastructure,36,8 months ago,240,393,https://www.youtube.com/watch?v=LdOc96t0X-Q
science_engineering,how infrastructure works documentary,PUEkNvRBpU4,UCkuYhDC40Ve-uEx1FMjpMfg,World Matrix,How Burj Khalifa Stays Cool in Dubai’s 40°C+ Heat | The Hidden Engineering Behind It,28,2 weeks ago,14,209,https://www.youtube.com/watch?v=PUEkNvRBpU4
science_engineering,how infrastructure works documentary,hRYlGWXiVZY,UCKxldJvvbYFJAKrmAWXjGoQ,Vanta Labs,Inside the Tunnel Boring Machine — How Giant TBMs Are Built & Dig Underground Tunnels,2398,8 months ago,240,1076,https://www.youtube.com/watch?v=hRYlGWXiVZY
science_engineering,how infrastructure works documentary,cBKH8sbOr24,UCp4wHZCrDhITkiUILOd4gRw,Documentary Central,How New York Still Relies on this Old Technology | NYC Revealed,1622456,10 months ago,300,1458,https://www.youtube.com/watch?v=cBKH8sbOr24
science_engineering,how infrastructure works documentary,m7CnlBuHxxM,UCJhoDXPRSwr4WJ06Ncs8xEA,Everyday Systems,The Infrastructure Powering Everything,4,6 months ago,180,649,https://www.youtube.com/watch?v=m7CnlBuHxxM
science_engineering,how infrastructure works documentary,QuJe9K5IBZQ,UCcSevlrMU-9hD2IShlS6fTQ,Lusaka Water Supply and Sanitation Company Limited,Iolanda Documentary 2026,101,3 weeks ago,21,560,https://www.youtube.com/watch?v=QuJe9K5IBZQ
science_engineering,how infrastructure works documentary,10DATtv3rqo,UC9QDl_Es8gMkmBIg0CkgKSQ,Memory Tree,Inside Guelph's Wastewater Treatment Plant | City Infrastructure Film,19,2 months ago,60,159,https://www.youtube.com/watch?v=10DATtv3rqo
science_engineering,how infrastructure works documentary,V-vplWVIt6Q,UCvsTYawQGyRAJoBI6-iwdVQ,Process Hub HQ,How America Actually Got Built | 100 Years of Municipal Madness,45,1 month ago,30,570,https://www.youtube.com/watch?v=V-vplWVIt6Q
science_engineering,how infrastructure works documentary,ISTmqlj8clg,UCOqCdmjfOkxu-Fw5lru6mXw,Diplomatrix Today ,HOW A MODERN CITY WORKS WHILE WE SLEEP | GLOBE REVIEW,20,2 weeks ago,14,51,https://www.youtube.com/watch?v=ISTmqlj8clg
science_engineering,how infrastructure works documentary,UZ3Kun8SnJI,UCT9jGwEo7mWFMZlk2DHojAw,Advanced 3D Films ,How the Internet Travels Under the Ocean 🌊,145,8 days ago,8,240,https://www.youtube.com/watch?v=UZ3Kun8SnJI
science_engineering,how infrastructure works documentary,3FGo1aEz2Dk,UCEekHyV5mP1gsV42Eumpg3A,TITAN ENGINEERING,The $8 Billion Engineering System Keeping the Netherlands Above Water,33,3 weeks ago,21,529,https://www.youtube.com/watch?v=3FGo1aEz2Dk
science_engineering,how infrastructure works documentary,UogVLn5_Uwk,UCMDAw3qt44VXUVJbcpOvYHg,MIK Documentary Films,How the Panama Canal Works: The Genius System Behind Giant Ships,91,4 weeks ago,28,877,https://www.youtube.com/watch?v=UogVLn5_Uwk
science_engineering,how infrastructure works documentary,B8Qg57OGIek,UCfN8gCAMWXfvAy17iJBqjRQ,Mega Works,Biulding the Millau Viaduct: Inside the World's Tallest Bridge Construction | Mega Works,326,3 weeks ago,21,613,https://www.youtube.com/watch?v=B8Qg57OGIek
science_engineering,how infrastructure works documentary,E8wTRwXHcdk,UCRU_JDeLiryn49KiOsTLkaw,Dessin Solutions Pvt. Ltd.,Katni Grade Separator Documentary Film | Complete Construction Journey | Senior Officials' Interview,248,3 weeks ago,21,1156,https://www.youtube.com/watch?v=E8wTRwXHcdk
science_engineering,natural disaster science explained,FCxCkXI4fc8,UCxlJ45KjG4XVcQ_hd8j227A,Peekaboo Kidz,"Most Dangerous Natural Disasters | Causes, Types, & Facts | Natural Calamities for Kids | Dr. Binocs",1203082,10 months ago,300,2941,https://www.youtube.com/watch?v=FCxCkXI4fc8
science_engineering,natural disaster science explained,qdGupV5wLU4,UCn1OFheD7YAAPAorJs0XOHg,Kids Learn World,"20 Natural Disasters Explained for Kids | Earthquakes, Tsunamis & More #disasters #weather #natural",159512,11 months ago,330,178,https://www.youtube.com/watch?v=qdGupV5wLU4
science_engineering,natural disaster science explained,Pdq4IM8Rk9I,UCNZegH5HQPx_chNsPqJw1Rw,Sleepy Science Channel,The Most Relaxing Facts About Natural Disasters to Asleep To,60651,10 months ago,300,7968,https://www.youtube.com/watch?v=Pdq4IM8Rk9I
science_engineering,natural disaster science explained,Az18FXKoiok,UCmcqnjaMl1CohjCKQfhp68Q,Curio Explains ,Every Natural Disasters Explained in Detail and Quickly in 11 minutes,8485,10 months ago,300,668,https://www.youtube.com/watch?v=Az18FXKoiok
science_engineering,natural disaster science explained,qWCBfRZAdCA,UCGl1eAqqgdxzUIfy-KuQC0w,Gon Gon Edu,14 Natural Disasters Explained for Kids 🌪️🌊🔥❄️ | Learn English with Fun & Easy Videos,210590,11 months ago,330,232,https://www.youtube.com/watch?v=qWCBfRZAdCA
science_engineering,natural disaster science explained,_tDFIsPkWBg,UCQUi356U73ksM3wLJmGfRiQ,Explainium,Every Major Natural Disaster Explained #NaturalDisasters #Geography #Science,26,13 days ago,13,280,https://www.youtube.com/watch?v=_tDFIsPkWBg
science_engineering,natural disaster science explained,JknSG2Zxe7I,UC6s0PzYW6byOEtzj0e0iYvw,PutriKiddos,Natural Disasters for Kids | Learn 13 Natural Disasters Vocabulary | Earth Science Educational Video,82898,11 months ago,330,128,https://www.youtube.com/watch?v=JknSG2Zxe7I
science_engineering,natural disaster science explained,RtvnlTxc_t0,UCR7SYG7MwXh-ZSR3G4GOkfg,Orange You Smart Learning,Amazing Natural Disasters Explained | Earth Science for Kids,473,3 weeks ago,21,670,https://www.youtube.com/watch?v=RtvnlTxc_t0
science_engineering,natural disaster science explained,JmcAu-JBKf4,UCmAwGVLrHRw4FUmnJmsrGNg,TinyTickles™ Fun Facts,"Natural Disasters Vocabulary - Learn about Earthquakes, Volcanoes, Tsunamis & More!",622927,11 months ago,330,694,https://www.youtube.com/watch?v=JmcAu-JBKf4
science_engineering,natural disaster science explained,mqHYvdJF-ng,UCRV7APnXN3ZG9Fd9HRTHBtw,Bano Gyani,Types of Disasters Explained | Natural vs. Man-Made,350,10 months ago,300,356,https://www.youtube.com/watch?v=mqHYvdJF-ng
science_engineering,natural disaster science explained,Dxj0qmyKQBo,UC6s0PzYW6byOEtzj0e0iYvw,PutriKiddos,Earthquake and Tsunami for Kids 🌎🌊 Natural Disasters Explained for Children,640,2 months ago,60,167,https://www.youtube.com/watch?v=Dxj0qmyKQBo
science_engineering,natural disaster science explained,T20nG0rbiAg,UC67694aBNvF3VqIW9GnBorg,Sciesmic,Natural Disasters: Understanding Earth's Hazards | Middle School Science,6768,7 months ago,210,524,https://www.youtube.com/watch?v=T20nG0rbiAg
science_engineering,natural disaster science explained,5aER95jHb5U,UClYXEXWf0fzFcHryYrqBGPA,Casually Doomed,Every Type of Natural Disaster Explained in 16 minutes,8035,2 months ago,60,952,https://www.youtube.com/watch?v=5aER95jHb5U
science_engineering,natural disaster science explained,K7221skb4fM,UC6p0D1n_i06r8WTJX2KpV-g,Everyday Index,Every Type of Natural Disaster Explained in 11 Minutes,567,2 months ago,60,688,https://www.youtube.com/watch?v=K7221skb4fM
science_engineering,natural disaster science explained,KD5UyTGCwTM,UC490Mq4NW44OAo-oq7PLvfg,PW Karnataka 9th & SSLC ,India - Natural Disasters in One Shot | Social Science | Class 10th | SSLC #sslc2026 #sst,10483,Streamed 9 months ago,270,6724,https://www.youtube.com/watch?v=KD5UyTGCwTM
science_engineering,natural disaster science explained,dc983xUWZ_k,UCoKEqBNVfe-vay2k70HgDag,Disaster Decoded Channel,The Complete Science of How Natural Disasters Destroy Cities | Everything Explained,12,3 months ago,90,1029,https://www.youtube.com/watch?v=dc983xUWZ_k
science_engineering,natural disaster science explained,8w935oTykAM,UCyk0EQ8Jt8eQfcF-1hEPNXQ,intresketch,Deadliest Natural Disasters Explained In 11 Minutes,26,8 days ago,8,680,https://www.youtube.com/watch?v=8w935oTykAM
science_engineering,natural disaster science explained,kXsVGTAxq9A,UCb7Or7omJvNjtRPBwzVFORg,The Doodle Guy,"Every Type of Natural Disaster Explained | Earthquakes, Volcanoes, Hurricanes, Tsunamis & More",371,1 month ago,30,548,https://www.youtube.com/watch?v=kXsVGTAxq9A
science_engineering,natural disaster science explained,zbQOTx__94w,UCmsr7Jf44mLzq_W47piQ-jQ,GoEarthmate,Natural Disasters in 6 Minutes… Explained,11,2 months ago,60,398,https://www.youtube.com/watch?v=zbQOTx__94w
science_engineering,natural disaster science explained,lcCYClxSH3I,UC4F8EZ2ZmVdOdLRUjWoOajg,Naisha's Wonder World,"Natural Disasters for Kids 🌋 | Earthquakes, Volcanoes & Tsunamis Explained. Naisha's Wonder World.",40,6 days ago,6,115,https://www.youtube.com/watch?v=lcCYClxSH3I
science_engineering,impossible engineering explained,jT29B-JTipc,UC4pBhL5OHmIMnfs27AxmywQ,GyaanProcess,How Venice Was Built on Water — The Impossible Engineering Explained,1861,3 days ago,3,579,https://www.youtube.com/watch?v=jT29B-JTipc
science_engineering,impossible engineering explained,OBVnCR_QjJ0,UClpqLfUsQmoEWVvrH0x2J4Q,Engineering Impossible Official,Inside Qatar’s $45B Undersea Railway Tunnel – The Impossible Mega Project Explained 🌊🚄🏗️,3096,4 weeks ago,28,603,https://www.youtube.com/watch?v=OBVnCR_QjJ0
science_engineering,impossible engineering explained,HD7Y9HtRnpY,UCJqo83iPTdpMNOT-3O-RnKA,Blueprint,Building the World's Largest Airport in Record Time | Blueprint,673198,10 months ago,300,2615,https://www.youtube.com/watch?v=HD7Y9HtRnpY
science_engineering,impossible engineering explained,V6E7eSTBcg8,UCJqo83iPTdpMNOT-3O-RnKA,Blueprint,Engineers Push the Limits Creating the Revolutionary F-35 Fighter Jet | Blueprint,795266,11 months ago,330,2552,https://www.youtube.com/watch?v=V6E7eSTBcg8
science_engineering,impossible engineering explained,uxAt_MisZTk,UCPk9O_In4oudSB3xXkTKkdA,Build Beyond Borders,“What If Humans Built a Tower That Reaches the Moon? 🌕⬆️ (Impossible Engineering Explained)”,30,8 months ago,240,127,https://www.youtube.com/watch?v=uxAt_MisZTk
science_engineering,impossible engineering explained,58sMoH1dSOM,UC_zkwiUc5S73Ahaj75xZC0Q,Nova Theory,Why Landing a Rocket on a Ship Is Nearly Impossible | Engineering Explained,3,3 weeks ago,21,569,https://www.youtube.com/watch?v=58sMoH1dSOM
science_engineering,impossible engineering explained,sO-D2iaqYWw,UCuAVH-bKfJ3kz377hcXxHFg,DocuSignals,The Impossible Engineering of Ancient Humans | Full Documentary,30,2 months ago,60,436,https://www.youtube.com/watch?v=sO-D2iaqYWw
science_engineering,impossible engineering explained,awPrFE5fNCg,UC2xVG2yBxKFhhtISKHL-iVw,Unveiled Sagas,The Mystery of the Pyramids: Impossible Engineering Explained,1,8 months ago,240,216,https://www.youtube.com/watch?v=awPrFE5fNCg
science_engineering,impossible engineering explained,9mrMT7-eUoc,UCJqo83iPTdpMNOT-3O-RnKA,Blueprint,Unlocking the Power of the World's Largest Oil Tanker | Blueprint,1007806,10 months ago,300,2613,https://www.youtube.com/watch?v=9mrMT7-eUoc
science_engineering,impossible engineering explained,XET_PVNB8Kg,UC45YrPWeNHvxmuB85gj4hCA,The Roman Archive,"HOW DID ROMANS MOVE WATER UPHILL? - The ""Impossible"" Engineering of Aqueducts",62,8 months ago,240,3853,https://www.youtube.com/watch?v=XET_PVNB8Kg
science_engineering,impossible engineering explained,j8OZg2L2T28,UC87FqMNmb0UeN1q4nz1cSSA,german one,China's Impossible Engineering Projects Explained,2,2 weeks ago,14,3618,https://www.youtube.com/watch?v=j8OZg2L2T28
science_engineering,impossible engineering explained,s7UHx3NDMQI,UCyiG5cVUxfOKjGgMRDsblfw,SV Documentaries,Kailash Temple: India Ki Impossible Engineering  | SV Documentaries,104,3 months ago,90,394,https://www.youtube.com/watch?v=s7UHx3NDMQI
science_engineering,impossible engineering explained,ZNLR5hBmEI4,UCMRrA5Ip6RVPwec0omt5xpg,The Unveiled Archives,How the Pyramids Were Built: The Impossible Engineering Finally Explained,5,4 months ago,120,70,https://www.youtube.com/watch?v=ZNLR5hBmEI4
science_engineering,impossible engineering explained,ppvQVO1Gi8M,UCGed1I8xxV6bZchFSskYykg,Grandpa Tells Stories,HOW They Built The Giza Pyramids: The Impossible Engineering Explained,6,8 months ago,240,482,https://www.youtube.com/watch?v=ppvQVO1Gi8M
science_engineering,impossible engineering explained,klRRzmo5ovc,UC4n_T-Dl3db5jDff8h9DZyQ,ChoronoMind,Impossible Engineering of Ancient Egypt — Finally Explained,0,8 months ago,240,197,https://www.youtube.com/watch?v=klRRzmo5ovc
science_engineering,impossible engineering explained,WVrrIBiqkWM,UCP7UQXXS6i24PAupWbvgmNg,Should I Go,10 Ancient Sites With Impossible Engineering Science Can't Explain,26,9 months ago,270,926,https://www.youtube.com/watch?v=WVrrIBiqkWM
science_engineering,impossible engineering explained,oiR4jJM_has,UCYD7afgEdPAJsp9Iw7XutKw,Enigma Explained,Unseen Ancient Engineering: Impossible Water Systems,8,11 months ago,330,1216,https://www.youtube.com/watch?v=oiR4jJM_has
science_engineering,impossible engineering explained,pNgeEJEXcOo,UChSoSKM3IkpEUh4E2VQpFPA,Places Explain,The Impossible Engineering of the Burj Khalifa Explained,2,4 weeks ago,28,92,https://www.youtube.com/watch?v=pNgeEJEXcOo
science_engineering,impossible engineering explained,h4kyZlBBFKo,UCx7fON_-IhVhA8pugmC9tqw,CaseCadenza,ELON MUSK’S TRUE MASTERPLAN: Engineering the Impossible (God Mode Explained),444,4 months ago,120,328,https://www.youtube.com/watch?v=h4kyZlBBFKo
science_engineering,environmental disaster documentary,F8vI5_gN90g,UCNye-wNBqNL5ZzHSJj3l8Bg,Al Jazeera English,Inside the planet’s most urgent climate warning | Global Warning E1 | Featured Documentary,678439,10 months ago,300,2837,https://www.youtube.com/watch?v=F8vI5_gN90g
science_engineering,environmental disaster documentary,x7jS_Np11oM,UCmOCpBKeoBPp-HwarhIBA2g,Best Documentary,Natural Disasters: Mega Regulators,39600,3 weeks ago,21,5378,https://www.youtube.com/watch?v=x7jS_Np11oM
science_engineering,environmental disaster documentary,SG0zIsTtJ7I,UCJSUWVPJJMk7Ky3FpLDtFyQ,Extreme Earth,Inside the World’s Most Shocking Catastrophes (4K Documentary),560845,3 months ago,90,7564,https://www.youtube.com/watch?v=SG0zIsTtJ7I
science_engineering,environmental disaster documentary,RP0rSRlIqbE,UC5WE_bClugxSVG1ENir8qzg,hazards and catastrophes,Monster Waves: Caught in an Apocalyptic Storm | 4K Documentary,614302,4 months ago,120,3155,https://www.youtube.com/watch?v=RP0rSRlIqbE
science_engineering,environmental disaster documentary,BU7Zz_InBMg,UCU46OjqSzu4IDAWiruWYuYQ,Easy Documentary Nature,The Aral Sea: Inside the World’s Greatest Environmental Collapse - Full Nature Documentary,119730,6 months ago,180,3165,https://www.youtube.com/watch?v=BU7Zz_InBMg
science_engineering,environmental disaster documentary,6MHoxuPFv9Y,UC-CSyyi47VX1lD9zyeABW3w,Dhruv Rathee,The Great Nicobar Project | India's BIGGEST Environmental Disaster | Dhruv Rathee,7142785,3 months ago,90,1188,https://www.youtube.com/watch?v=6MHoxuPFv9Y
science_engineering,environmental disaster documentary,-1MwQR-rxi4,UCDGPOl-CRCdO9QRWOEBp3nA,Factora documentaries ,👉 “Australia's Fires: A Warning – The Black Summer Disaster”,15,2 months ago,60,504,https://www.youtube.com/watch?v=-1MwQR-rxi4
science_engineering,environmental disaster documentary,_o14caQGCMA,UCTiL1q9YbrVam5nP2xzFTWQ,SpaceWeatherNews (S0),THE DISASTER CYCLE - Full Documentary,361301,6 months ago,180,4346,https://www.youtube.com/watch?v=_o14caQGCMA
science_engineering,environmental disaster documentary,GjkFAViSAU0,UCgFpaYvq-1pWoO91uUhfdvw,Wildworld Chronicles,The Dust Bowl: When the Sky Went Black | America's Greatest Environmental Disaster,326,10 months ago,300,529,https://www.youtube.com/watch?v=GjkFAViSAU0
science_engineering,environmental disaster documentary,j4OKo0VpoeM,UCODHrzPMGbNv67e84WDZhQQ,fern,The Mutated Animals of Chernobyl,4097646,10 months ago,300,1071,https://www.youtube.com/watch?v=j4OKo0VpoeM
science_engineering,environmental disaster documentary,SE7C8E0EC74,UC5FCyk1QkTBLgWm-w866PGg,Epic AI Films,END OF THE WORLD: 2026 | Full Movie | English | Disaster | Thriller | 4K,3821495,5 months ago,150,3884,https://www.youtube.com/watch?v=SE7C8E0EC74
science_engineering,environmental disaster documentary,acHyHcISais,UCe50ibE3yQqiltqllDOn3jQ,SLICE Science,Salvage Masters – Preventing an Environmental Disaster | FULL DOC | SLICE EXPERTS,674,10 months ago,300,2681,https://www.youtube.com/watch?v=acHyHcISais
science_engineering,environmental disaster documentary,WRzfz1vlRFE,UChmoPM7OLXzVYTGGhf_ZRDw,Allied Bank,The Time to Act Is Now | Allied Karvaan | Teaser,388958,2 weeks ago,14,57,https://www.youtube.com/watch?v=WRzfz1vlRFE
science_engineering,environmental disaster documentary,u3mnFSiRgOA,UC0Xq4qcUT1GjcdOX5jYPuBA,My Unreal Planet TV,Impossible Places | How People Live in the World’s Worst Urban Hells,13387,3 days ago,3,9864,https://www.youtube.com/watch?v=u3mnFSiRgOA
science_engineering,environmental disaster documentary,jPphfL6fQ5U,UCA0eplMabU-4_Dftky6E5QA,Stash - Free Documentaries,Beyond Pollution | Documentary | Full Movie | Pollution has no Borders,479,9 months ago,270,5592,https://www.youtube.com/watch?v=jPphfL6fQ5U
science_engineering,environmental disaster documentary,TvsXjEeQI0Q,UCijcd0GR0fkxCAZwkiuWqtQ,Free Documentary,The Disaster Islands | Fiji: Paradise at the Price of Survival | Free Documentary,422884,6 months ago,180,3136,https://www.youtube.com/watch?v=TvsXjEeQI0Q
geography_logistics,geography mystery explained,-zfnH53mKn4,UC7-Z34pbJ0ZAOJRmUCEz0Cg,Geography By Geoff,The Bizarre Geography of the Indian Ocean,1258842,5 months ago,150,931,https://www.youtube.com/watch?v=-zfnH53mKn4
geography_logistics,geography mystery explained,FmTpNvQ0vME,UCY3V5fMP6udG4XanAS1ETRQ,Whispers Of Astra ,The Equator Explained (10 facts): Earth’s Invisible Line of Power and Mystery!,3283,9 months ago,270,1311,https://www.youtube.com/watch?v=FmTpNvQ0vME
geography_logistics,geography mystery explained,Wh6ycTVczzg,UC_OvJrY4Z3niwS5s7QFAEXQ,MapNova,Why 95% of Australia Is Empty | The Geography Mystery Explained,9,4 weeks ago,28,212,https://www.youtube.com/watch?v=Wh6ycTVczzg
geography_logistics,geography mystery explained,e-8IIHx67X0,UCn4LuOZGdC4rI8gxW3pgVXA,The Prime Variable,Geography Mysteries Science Still Can’t Fully Explain 🌋,8,8 days ago,8,188,https://www.youtube.com/watch?v=e-8IIHx67X0
nature_animals,ocean mystery explained documentary,dwauUvpC3xM,UCc7h-w42GLvShOJp9mLEnfQ,Bixu,Mysterious Creatures of Mariana Trench,1188032,10 months ago,300,907,https://www.youtube.com/watch?v=dwauUvpC3xM
geography_logistics,geography mystery explained,kEfyxC9O1iM,UCZ1OsbnPa1RX6rl9NWlRTOg,अंतरिक्ष TV by Kaushik Bhattacharjee,Mystery From Deep Space,425622,5 months ago,150,1234,https://www.youtube.com/watch?v=kEfyxC9O1iM
geography_logistics,geography mystery explained,XdYW8FdbJ20,UCYCVm1aN33HYdLs66DHw_ow,Amit Sengupta,"Gujarat's Mystery Well moves on its own | Why it is happening, Geology Geography Explained",482535,2 weeks ago,14,160,https://www.youtube.com/watch?v=XdYW8FdbJ20
geography_logistics,geography mystery explained,OX5vqtiZQ2s,UC-CSyyi47VX1lD9zyeABW3w,Dhruv Rathee,Why No One Can Climb Mount Kailash? | The Mystery Revealed | Dhruv Rathee,19952653,6 months ago,180,1399,https://www.youtube.com/watch?v=OX5vqtiZQ2s
geography_logistics,geography mystery explained,I1WRb51ZQWo,UCb0JxFSwHTzH0AEsAzQHV4w,Map Pack,Why NOBODY Lives in Eastern Russia (It's NOT The Cold),1887462,11 months ago,330,2314,https://www.youtube.com/watch?v=I1WRb51ZQWo
geography_logistics,geography mystery explained,Pc0WqrXWhD0,UC2NRf0-PH8IiMq5uA5FHJnA,quack doc,The Mysterious & Lost Locations Iceberg Explained,56698,9 months ago,270,2669,https://www.youtube.com/watch?v=Pc0WqrXWhD0
geography_logistics,geography mystery explained,aqdqpU4tyaw,UCvH0oIoJ7YL06_JQQmM1DnA,Curio Sphere,These Countries Have NO Rivers – The Geography Mystery Explained,14,10 months ago,300,76,https://www.youtube.com/watch?v=aqdqpU4tyaw
geography_logistics,geography mystery explained,ZhAib-yBHg4,UCUTSsHCHHLX8K1nUM8MbcvQ,GeoMap Unveiled,25 Mind-Blowing Venezuela Geography Facts You Never Knew,3295,7 months ago,210,812,https://www.youtube.com/watch?v=ZhAib-yBHg4
geography_logistics,geography mystery explained,s6CIfsxHR6g,UCWKE-K2c7Doy_DVsdwB8cJQ,National Geographic Hindi Documentary,Bermuda Triangle Mystery SOLVED: The Scientific Truth | बरमूडा ट्राएंगल रहस्य,994,9 months ago,270,1192,https://www.youtube.com/watch?v=s6CIfsxHR6g
geography_logistics,geography mystery explained,DhBFT39mE-s,UCs_ineLBnNTGjrArNzjSLZg,Zem TV,The Silent Ship Mystery: Still Unsolved After 77 Years,2027118,7 months ago,210,761,https://www.youtube.com/watch?v=DhBFT39mE-s
geography_logistics,geography mystery explained,rec_RP5aCdA,UCafLG18Fu-8h6_K9DuyTISw,Real Facts World,Blood Falls: Antarctica's Greatest Mystery Explained | Why Is the Ice Bleeding?,23,4 weeks ago,28,121,https://www.youtube.com/watch?v=rec_RP5aCdA
geography_logistics,geography mystery explained,lOUP3kLiaV4,UCX2IOB5QecICpfcb1GKHM_Q,Gaurav Katare,Why NO SCIENTIST wants to go back inside The Mariana Trench,1545898,4 months ago,120,1033,https://www.youtube.com/watch?v=lOUP3kLiaV4
geography_logistics,geography mystery explained,yLvj0KEDsDc,UC-CSyyi47VX1lD9zyeABW3w,Dhruv Rathee,Overpopulation Crisis | Why does India Have So Many People? | Dhruv Rathee,9520512,6 months ago,180,1179,https://www.youtube.com/watch?v=yLvj0KEDsDc
geography_logistics,geography mystery explained,Eh-sfNiAzGE,UCx2LFOp-fFZHmJcPMKjY_zg,The Pooches,The Desert Where Rocks Move on Their Own (100-Year Mystery Solved),82,6 months ago,180,151,https://www.youtube.com/watch?v=Eh-sfNiAzGE
geography_logistics,why cities are failing explained,JSa31h-v4d4,UCQdI1zYa-0MvrGpCPNYj2CA,Urban Planner Explained,Every WORST Designed City Explained in 9 Minutes,1436123,10 months ago,300,557,https://www.youtube.com/watch?v=JSa31h-v4d4
geography_logistics,why cities are failing explained,FIErTtldadM,UCKZozRVHRYsYHGEyNKuhhdA,Think School,Why Smart Cities are FAILING?,495069,8 months ago,240,1145,https://www.youtube.com/watch?v=FIErTtldadM
geography_logistics,why cities are failing explained,TfylKPtbWcs,UCokeVZg4VaSLVBDiziJsMDA,Behind Asia,Why Jakarta’s City Planning Failed So Badly,272150,9 months ago,270,1459,https://www.youtube.com/watch?v=TfylKPtbWcs
geography_logistics,why cities are failing explained,YsbasckKbyA,UCA295QVkf9O1RQ8_-s3FVXg,Aevy TV,The Dumb Design Of Indian Cities,892091,2 months ago,60,1464,https://www.youtube.com/watch?v=YsbasckKbyA
geography_logistics,why cities are failing explained,zDUSBVnmbvM,UCUwQmBOM-tpGP13zx-vNpbQ,Versed,Why Tokyo Is the Opposite of Every Major City,1483828,11 months ago,330,1222,https://www.youtube.com/watch?v=zDUSBVnmbvM
geography_logistics,why cities are failing explained,rKOQE0xaeKc,UCOdR79CQSet6tQrKVbfIaQg,Football Meta,How Arteta Found The Perfect Counter to Man City,39865,7 days ago,7,551,https://www.youtube.com/watch?v=rKOQE0xaeKc
geography_logistics,why cities are failing explained,kkMe_B1J5OI,UCuuB7fv-W67-yRnjh88TDjw,City Narratives,Every Reason Floating Cities Are Destined To FAIL Explained In 10 Minutes,4,5 months ago,150,548,https://www.youtube.com/watch?v=kkMe_B1J5OI
geography_logistics,why cities are failing explained,JVfN0BAc_RU,UCT7K-TJXFsFvULXJ8GOY8EQ,The Info Architect,Indian Cities क्यों Fail हो रहे हैं? Gated Societies का Future Explained in Hindi,195,5 months ago,150,341,https://www.youtube.com/watch?v=JVfN0BAc_RU
geography_logistics,why cities are failing explained,s1Q2ya-QBfA,UCPJ_UzD4PEC-_vwN32amlIQ,Open Letter,Why Bihar is a FAILED State?,1232482,9 months ago,270,831,https://www.youtube.com/watch?v=s1Q2ya-QBfA
geography_logistics,why cities are failing explained,J20HbhM_2Xw,UCxOAGPg2IF4B_B2rljaYIbQ,Dinakaran S,The Stepchild of Indian Federalism: Why India's Cities Are Failing  AI Summary feat. Indian Express,79,3 months ago,90,684,https://www.youtube.com/watch?v=J20HbhM_2Xw
geography_logistics,why cities are failing explained,Ce75_Jwxg7Y,UC0QpJCYZ73Cb2cWX7H4EM4g,H2 Knowledge {Himanshu Patel},Why Smart Cities are FAILING? | Modi's Broken Promise Explained |,319,7 months ago,210,773,https://www.youtube.com/watch?v=Ce75_Jwxg7Y
geography_logistics,why cities are failing explained,vR1XqPLaTEA,UCk6fsBrbVaUzUKNnPaBDtpQ,Prabhavati Rajhans ,Why Smart Cities are FAILING? PM Modi's Failed Mission,991,7 months ago,210,449,https://www.youtube.com/watch?v=vR1XqPLaTEA
geography_logistics,why cities are failing explained,vTZThgTE_uw,UCKg2R3zo2gfHtZFLoKfgYlg,DV THINKS,Why Smart Cities are FAILING | Modi's Broken Promise Explained,70,8 months ago,240,290,https://www.youtube.com/watch?v=vTZThgTE_uw
geography_logistics,why cities are failing explained,JNhY3n896y8,UCkw1tYo7k8t-Y99bOXuZwhg,KK Create,Inside India’s failed city | Lavasa😨,1592262,1 month ago,30,1536,https://www.youtube.com/watch?v=JNhY3n896y8
geography_logistics,why cities are failing explained,4hLf-WZF4tc,UCokeVZg4VaSLVBDiziJsMDA,Behind Asia,Why Metro Manila is Designed to Fail,623326,3 months ago,90,566,https://www.youtube.com/watch?v=4hLf-WZF4tc
geography_logistics,why cities are failing explained,Y6ZGkjdFAZs,UCvK4bOhULCpmLabd2pDMtnA,Yes Theory,Exploring the World's Largest $100 Billion Failed Ghost City (why did nobody move here?),10298767,10 months ago,300,1527,https://www.youtube.com/watch?v=Y6ZGkjdFAZs
geography_logistics,why cities are failing explained,UPNylSZAcMc,UC4N1-4WrzZBRW3Z4KvT2ZWQ,Forbidden Explainer,Failed Perfect Cities Explained In 8 Min,1,1 month ago,30,471,https://www.youtube.com/watch?v=UPNylSZAcMc
geography_logistics,why cities are failing explained,NLOb2PP0fa8,UC6JEz6BKg7hX7idKecN7QYA,Jist,Why Do Indian Cities Keep Failing Every Monsoon? ft. Pragati | Jist,57432,1 month ago,30,647,https://www.youtube.com/watch?v=NLOb2PP0fa8
geography_logistics,American infrastructure documentary,4fC8T6_nf1Y,UCSp6hA6Qf--pvQTzF341XZQ,Unseen Planet TV,AMERICA’S IMPOSSIBLE INFRASTRUCTURE | The Most Insane Engineering,632,2 days ago,2,3785,https://www.youtube.com/watch?v=4fC8T6_nf1Y
geography_logistics,American infrastructure documentary,r40kenkYV2A,UCmOCpBKeoBPp-HwarhIBA2g,Best Documentary,"Bridges, Roads, Subways: America's Collapsing Infrastructure",216920,5 months ago,150,3182,https://www.youtube.com/watch?v=r40kenkYV2A
geography_logistics,American infrastructure documentary,NL_uPWfmbRY,UCA1zVt6y6hidCOBUrn1si8Q,FD Finance,Rotting Infrastructure: Is the World’s richest Nation on the brink of Collapse? | FD Finance,15071,3 months ago,90,3182,https://www.youtube.com/watch?v=NL_uPWfmbRY
geography_logistics,American infrastructure documentary,5JdF-9RBlcg,UCuw0GgMlZlAsWvpI8PgCN8g,ENDEVR,Crumbling Superpower: America's Fatal Infrastructure Crisis | ENDEVR Documentary,210906,2 months ago,60,3182,https://www.youtube.com/watch?v=5JdF-9RBlcg
geography_logistics,American infrastructure documentary,7Y_LZNtR-FQ,UCN6jLlWVXaBCbfSopYOId1g,Front Page,US Infrastructure Is Crumbling,53643,1 month ago,30,3167,https://www.youtube.com/watch?v=7Y_LZNtR-FQ
geography_logistics,American infrastructure documentary,OJbEtwaGgYQ,UCMWimE1l_u-A9S4eXfYG5dA,Mandarin Tech,"How China Builds Undersea Tunnels Over 5,000 Meters Long That Shocked American Engineers",884580,10 months ago,300,890,https://www.youtube.com/watch?v=OJbEtwaGgYQ
geography_logistics,American infrastructure documentary,6EPlGxQSYJM,UCU7P02iSvhmLQwTK4pOV09g,SunKran Travel,China’s Impossible Infrastructure Is Leaving Americans Speechless | 4K Travel Documentary,75412,1 month ago,30,3162,https://www.youtube.com/watch?v=6EPlGxQSYJM
geography_logistics,American infrastructure documentary,16dtrIEYQF4,UCSFQF5Eu6NDZyyHdQHXIm0Q,DISPATCH,Total Collapse: Inside America's Infrastructure Apocalypse,1771,8 months ago,240,3182,https://www.youtube.com/watch?v=16dtrIEYQF4
geography_logistics,American infrastructure documentary,1j_oKtHFI1I,UCH8sp-9lmES3OyYq2G7KK8A,ProcessMatrix,Inside America’s $10 Trillion Megaprojects 🇺🇸 | The Future of U.S. Infrastructure,95,5 months ago,150,665,https://www.youtube.com/watch?v=1j_oKtHFI1I
geography_logistics,American infrastructure documentary,01xcUzHf8uE,UCqUbOMOi-G__aTSOQmNCXpw,Hidden Compass,China’s Impossible Infrastructure Leaves America Speechless | 4K Travel Documentary,56273,1 month ago,30,12644,https://www.youtube.com/watch?v=01xcUzHf8uE
geography_logistics,American infrastructure documentary,iAJ5VgkcZLc,UC3hQxO2yb4TjIar90ccXjfQ,The Ultimate Discovery,United States' Megaprojects Under Construction In August 2025,187991,11 months ago,330,1317,https://www.youtube.com/watch?v=iAJ5VgkcZLc
geography_logistics,American infrastructure documentary,OF3IAuoxjdA,UCd3U99yraB-urMU_-UqD5DQ,Nicomotor,The Real Reason America's Infrastructure Is Collapsing,4275,10 months ago,300,554,https://www.youtube.com/watch?v=OF3IAuoxjdA
geography_logistics,American infrastructure documentary,pLp_Adn1EBI,UCtgzOmdSA1HXu01PZg3Kkwg,Witness,US In Disrepair: The Collapse Of America's Infrastructure,8848,5 months ago,150,3182,https://www.youtube.com/watch?v=pLp_Adn1EBI
geography_logistics,American infrastructure documentary,PcbaXALkz3g,UCyr06aC8BDlJ6dObel52XJw,Machine Eye,China’s Mega Projects — Even American Engineers Can’t Believe This Exists,61589,4 months ago,120,7377,https://www.youtube.com/watch?v=PcbaXALkz3g
geography_logistics,American infrastructure documentary,4-_6nSWraM0,UCyr06aC8BDlJ6dObel52XJw,Machine Eye,China’s Mega Projects: Even American Engineers Say THIS SHOULD NOT EXIST,175089,4 months ago,120,3585,https://www.youtube.com/watch?v=4-_6nSWraM0
geography_logistics,American infrastructure documentary,URiIhFKNyNQ,UCeCoSyg5pVOVEk-63wysSJA,Inside America,How America’s Infrastructure Is Quietly Falling Apart,254,7 months ago,210,290,https://www.youtube.com/watch?v=URiIhFKNyNQ
geography_logistics,American infrastructure documentary,zaaBGwQxjxE,UCfi5WDLF5paBigZnKSsPiEw,VICE Vault,How Infrastructural Weakness Can Spell The End of Society | While the Rest of Us Die - Ep.5,76633,6 months ago,180,2439,https://www.youtube.com/watch?v=zaaBGwQxjxE
geography_logistics,shipping logistics explained documentary,HjrzBOnc5yU,UCB_qr75-ydFVKSF9Dmo6izg,FORMULA 1,How Formula 1 Travels Across The World | F1 Logistics Explained | DHL,993713,10 months ago,300,1048,https://www.youtube.com/watch?v=HjrzBOnc5yU
geography_logistics,shipping logistics explained documentary,cQ4f-24Lp0U,UChS4VG1jXDcxDnUvwcMcxtg,Neu,The Economics of Owning A Ship,592321,4 months ago,120,490,https://www.youtube.com/watch?v=cQ4f-24Lp0U
geography_logistics,shipping logistics explained documentary,jEOA1_fdGO0,UCKFjNynYRgDfnSIXzELPqTA,Free Documentary - Engineering,Europe’s Mega Port: The Giant Logistics Hub of Rotterdam | FD Engineering,247804,4 months ago,120,2802,https://www.youtube.com/watch?v=jEOA1_fdGO0
geography_logistics,shipping logistics explained documentary,vqvsOGP_LzU,UCPDB2J3s7trdvjbhg-HrV4g,News and Views,Container Shipping Explained: Why Global Trade Uses Empty Returns | Global Shipping Industry,20,2 months ago,60,140,https://www.youtube.com/watch?v=vqvsOGP_LzU
geography_logistics,shipping logistics explained documentary,brpN0Znh__A,UCJqFUl92QfVa1ybaimMSLFQ,Identify,Shipping Explained Like You're 5,6,8 days ago,8,443,https://www.youtube.com/watch?v=brpN0Znh__A
geography_logistics,shipping logistics explained documentary,elO78V6gEHw,UChW8pYdag5MQF9jwaxtMRaQ,Hidden Empires,FedEx Built the Backbone of Shipping,11,3 months ago,90,332,https://www.youtube.com/watch?v=elO78V6gEHw
geography_logistics,shipping logistics explained documentary,as3SbWBLdWk,UCXaAOtgJ93wkwdAAs8Ic4rA,Vaultic Media,The Reality of Modern Logistics: From Cargo Ships to Your Doorstep,133,2 months ago,60,629,https://www.youtube.com/watch?v=as3SbWBLdWk
geography_logistics,shipping logistics explained documentary,6mK67CVSSGM,UCfPkOatF_4Vsc4F7fFIgKOg,Greylight Report,How Diego Garcia Controls Global Trade and Military Power,3,2 weeks ago,14,702,https://www.youtube.com/watch?v=6mK67CVSSGM
geography_logistics,shipping logistics explained documentary,tFhywNrwIBA,UCQl3Y9s7aArW1_NR8bAbCqw,Wealth Explainer,What Is a Port and Why Does the Entire World Depend on It?,14,3 months ago,90,549,https://www.youtube.com/watch?v=tFhywNrwIBA
geography_logistics,shipping logistics explained documentary,yGsP-qgNpRc,UCbGIRW1X9jHyctEcOfV8iZw,Learn Real Business,How Overnight Shipping Actually Works,8,3 weeks ago,21,513,https://www.youtube.com/watch?v=yGsP-qgNpRc
geography_logistics,shipping logistics explained documentary,Ac_RBjGZIOI,UC2D10EvTRuadI4ewTOyFvwQ,The ProfitValue ,The Economics of Owning a Logistics Company | How Logistics Companies Make Billions 🚚📦,229,2 weeks ago,14,703,https://www.youtube.com/watch?v=Ac_RBjGZIOI
geography_logistics,shipping logistics explained documentary,gzMt_zLJIns,UCWpj0-UxRmfVa-vO0anjAmA,Hidden Civilizations Official,What’s It Really Like to Live on the World’s Largest Container Ship?,13,1 month ago,30,429,https://www.youtube.com/watch?v=gzMt_zLJIns
geography_logistics,shipping logistics explained documentary,tjTUWt-8rnU,UCOHw6J6_O1iUdZZLAscSQlw,Source Code: Daily,The Secret Journey of a Shipping Container | Full Documentary,25,3 months ago,90,232,https://www.youtube.com/watch?v=tjTUWt-8rnU
geography_logistics,shipping logistics explained documentary,14ORTGEP6gY,UC0hNJ8Hc_70Q0mQO_89W7HA,AlphaLens ,The Secret Life of a Shipping Container | The Box That Runs the World,0,10 days ago,10,456,https://www.youtube.com/watch?v=14ORTGEP6gY
geography_logistics,shipping logistics explained documentary,kgXbGcjJCoE,UCrq2QNtVOu7eirYDfsdbsaQ,The Founder Files,How 3 Broke Guys Built a $20B Empire (The DHL Story),332,4 months ago,120,666,https://www.youtube.com/watch?v=kgXbGcjJCoE
geography_logistics,shipping logistics explained documentary,IRX7oLzptrQ,UCGEGttFgpQ5QvpKRyc6Faig,Just Unfolding ,Why the World's Busiest Ports Depend on Filipino Expertise,18,2 weeks ago,14,340,https://www.youtube.com/watch?v=IRX7oLzptrQ
geography_logistics,shipping logistics explained documentary,j05mF0NJvks,UCLub1hnvOZXCylRNIQJ1N9Q,DuceGT,The Economics of Owning a Cargo Ship Fleet,4637,2 months ago,60,1272,https://www.youtube.com/watch?v=j05mF0NJvks
geography_logistics,shipping logistics explained documentary,5WIi-4ZdrlQ,UCwSqjLS3TD-T35TuXfWQOhw,Finance Frontier,The Economics of Owning a Shipping Port | How Ports Quietly Generate Billions,34,2 weeks ago,14,851,https://www.youtube.com/watch?v=5WIi-4ZdrlQ
geography_logistics,shipping logistics explained documentary,fKQVTQq8BFk,UCDBCWrAZ6c1h7CVEtn5hzTw,Hidden Systems,Why Your Package Arrives Tomorrow,40,1 month ago,30,808,https://www.youtube.com/watch?v=fKQVTQq8BFk
geography_logistics,shipping logistics explained documentary,qAjOMgLk_zc,UCDBCWrAZ6c1h7CVEtn5hzTw,Hidden Systems,The Invisible System Behind Global Shipping,8,1 month ago,30,1247,https://www.youtube.com/watch?v=qAjOMgLk_zc
geography_logistics,airport system explained documentary,FyHSgLhR5X8,UCgsLw8ZPaCUCw_KHwAKi5oQ,V1 and Rotate By Sumiran,How Airport Works ✈️ | The Hidden World of Airports | Documentary,915,9 months ago,270,659,https://www.youtube.com/watch?v=FyHSgLhR5X8
geography_logistics,airport system explained documentary,PlR-HmoS2T4,UCKFjNynYRgDfnSIXzELPqTA,Free Documentary - Engineering,The Giant Operation Behind Seamless Air Travel: Inside Europe's Best-Rated Airport | FD Engineering,170935,1 month ago,30,2808,https://www.youtube.com/watch?v=PlR-HmoS2T4
geography_logistics,airport system explained documentary,BfS54py8QDA,UCQp4gxK53z4EjIf2qSupzvQ,Sabranip,How ILS Works? | Instrument Landing System Explained,4016,10 months ago,300,814,https://www.youtube.com/watch?v=BfS54py8QDA
geography_logistics,airport system explained documentary,HyNa3XXe91c,UC6WzPg6yxF9dQx2_O6R4lww,Nitish Rajput,Israel’s most daring Operation,8993599,5 months ago,150,1986,https://www.youtube.com/watch?v=HyNa3XXe91c
geography_logistics,airport system explained documentary,rObizVHLf_I,UCgb5qntXNrGsaV95wqG7xNQ,MR.OWNERS,The Economics Behind Airports Explained,886,3 weeks ago,21,1571,https://www.youtube.com/watch?v=rObizVHLf_I
geography_logistics,airport system explained documentary,3lG0PcD6lTA,UCfYCRj25JJQ41JGPqiqXmJw,Sam Chui,Inside Hong Kong’s Smart Airport: The $18 Billion Upgrade,533718,5 months ago,150,1181,https://www.youtube.com/watch?v=3lG0PcD6lTA
geography_logistics,airport system explained documentary,me_zrNbq--E,UCiaQXTGzrFfBCppui4rPDIg,Avoid Flight Bans,10 Customs & Immigration Questions at the Airport (You MUST Know),1222644,9 months ago,270,1089,https://www.youtube.com/watch?v=me_zrNbq--E
geography_logistics,airport system explained documentary,eX-zfrBBjnQ,UCyWExuPqgEV-C6F7w20h7LA,Dailylearn Official,Why China Built Beijing Daxing International Airport? | China’s $12BN Mega Airport!,1086,6 months ago,180,858,https://www.youtube.com/watch?v=eX-zfrBBjnQ
geography_logistics,airport system explained documentary,VyaNbFhG-MU,UCTsoZzDuo4sy7UhAojwIPSA,Hermosa Explained,The World’s Largest Airport Explained | Inside the Biggest Aviation Hub on Earth ✈️,2,2 weeks ago,14,822,https://www.youtube.com/watch?v=VyaNbFhG-MU
geography_logistics,airport system explained documentary,oSXXo4SyiYY,UCzwCEE_PchiBULMnAJqhGVg,Raj Shamani,"Inside Dubai: Emirati Lifestyle, Zero Tax System & UAE’s Future | Dr Abdulnasser | FO409 Raj Shamani",905510,11 months ago,330,4588,https://www.youtube.com/watch?v=oSXXo4SyiYY
geography_logistics,airport system explained documentary,9Ssc2uH23s8,UCl_HuR8mrj0QWvC4lnVdlgQ,How Cities Work,"How an Airport Moves 50,000 Bags Without Losing Them",45,2 weeks ago,14,632,https://www.youtube.com/watch?v=9Ssc2uH23s8
geography_logistics,airport system explained documentary,SnoGHGFTnzo,UCGBoWe1mzCvbbqDNncmxm8A,FINAiUS,Al Maktoums - Trillionaire Family That Built Dubai | 2025 Documentary,1152072,8 months ago,240,2312,https://www.youtube.com/watch?v=SnoGHGFTnzo
geography_logistics,airport system explained documentary,NM1ENLxK6pg,UCPpr1qjkauskGysScav_gwQ,Travelyzer,Hong Kong International Airport Explained | One of the World’s Busiest Aviation Hubs,92,7 months ago,210,557,https://www.youtube.com/watch?v=NM1ENLxK6pg
geography_logistics,airport system explained documentary,uPHDEL-Zeao,UCL_322q4bcHnLu8O-Ne9MfA,Evans Nl Tv,Inside Montego Bay Airport: The Hidden System Explained,47,4 months ago,120,853,https://www.youtube.com/watch?v=uPHDEL-Zeao
geography_logistics,airport system explained documentary,NpqU3eSeS1c,UCxlJ45KjG4XVcQ_hd8j227A,Peekaboo Kidz,The Invention Of Airplanes | History of Aeroplane Invention | Aviation History with Dr. Binocs,855784,11 months ago,330,388,https://www.youtube.com/watch?v=NpqU3eSeS1c
geography_logistics,airport system explained documentary,hZ8SCc2hyWU,UCeRxxz9ByOqdd8A-0iF_Idg,Mayday: Air Disaster,Runway 35L The Deadliest Landing in Brazil | Mayday Air Disaster,370242,7 months ago,210,5400,https://www.youtube.com/watch?v=hZ8SCc2hyWU
geography_logistics,airport system explained documentary,VGB3I6cR5o0,UCzgWZmqmKpmsr4oPWITusKA,Beyond Facts,How the US is Moving the World’s Most Secure President Convoy,2641481,10 months ago,300,937,https://www.youtube.com/watch?v=VGB3I6cR5o0
geography_logistics,airport system explained documentary,a3YgigNr8xs,UCjJBJ70FoOxnImJ7YjAQ2Gw,BuildSphere USA,How Engineers Built a Mega Airport City From Desert to Global Hub | Full Story @BuildSphereUSA,86,1 month ago,30,301,https://www.youtube.com/watch?v=a3YgigNr8xs
geography_logistics,abandoned places documentary explained,wqfxufJJOGQ,UCOnMveoOrmDiwA6X-6xmQjw,Romancho Pedia by Mithun,Japan's Mysterious Abandoned Island,747380,11 months ago,330,987,https://www.youtube.com/watch?v=wqfxufJJOGQ
geography_logistics,abandoned places documentary explained,pUxdrwtPdlY,UCNYsIqBwQyhnNDVf7SXJV9w,Exploring With Josh,The MURDER HOUSE | Very Disturbing Place I Filmed (True Crime Case),1219473,11 months ago,330,2000,https://www.youtube.com/watch?v=pUxdrwtPdlY
geography_logistics,abandoned places documentary explained,WzCPFhoqwY0,UC56D-IHcUvLVFTX_8NpQMXg,Brent Rivera,Exploring Abandoned Locations From My Childhood!,33888737,10 months ago,300,1310,https://www.youtube.com/watch?v=WzCPFhoqwY0
geography_logistics,abandoned places documentary explained,hgan5SaBSNg,UC7hLKPugbrkRDzng307Nlag,Stringer media,How to (Actually) Find Abandoned Places as a Beginner (#1),42222,10 months ago,300,1131,https://www.youtube.com/watch?v=hgan5SaBSNg
geography_logistics,abandoned places documentary explained,y1u1kXVOu_A,UCv4yDZHD0Mjkn7PXR2qN2xg,InfoOrbit,Abandoned Places That Hide Terrifying Secrets,69,6 months ago,180,231,https://www.youtube.com/watch?v=y1u1kXVOu_A
geography_logistics,abandoned places documentary explained,MHvaDXrTkUw,UCIhWqmQl-Q-Hez5VBflW-Ww,Beneath the Echo,Abandoned Places Explained — What Really Happens When Humans Leave Entire Worlds Behind,38,4 months ago,120,597,https://www.youtube.com/watch?v=MHvaDXrTkUw
geography_logistics,abandoned places documentary explained,SbNh96DVnqc,UCWBWgCD4oAqT3hUeq40SCUw,Sambucha,I Investigated Abandoned Towns,1474908,11 months ago,330,1245,https://www.youtube.com/watch?v=SbNh96DVnqc
geography_logistics,abandoned places documentary explained,qAxCty2RWe0,UCr-BYW60bAtDcNtz6AoiHZQ,SR PAY,The Haunted House Of Miyazawa,1403367,4 months ago,120,1894,https://www.youtube.com/watch?v=qAxCty2RWe0
geography_logistics,abandoned places documentary explained,FLIXX1XRgfY,UCnBbQHNiSYbLqH8nybUSH8Q,Abyssal Detective,the Most Disturbing Abandoned Building Discoveries Iceberg,942139,5 months ago,150,4073,https://www.youtube.com/watch?v=FLIXX1XRgfY
geography_logistics,abandoned places documentary explained,Wx1fFOJ6CNI,UC5aKead6Q8YQYjceizxJIuw,Nishu Tiwari,I Explored India's Abandoned Townships,5696924,8 months ago,240,1225,https://www.youtube.com/watch?v=Wx1fFOJ6CNI
geography_logistics,abandoned places documentary explained,J9EBeBqreZg,UC5Wa7x5lxB8PqOZ7H1MF6Kw,Your Explainer,Tourist Accidentally STUCK in Abandoned Places HIDDEN in Nature | Film/Movie Explained in Hindi/Urdu,6710,9 months ago,270,1269,https://www.youtube.com/watch?v=J9EBeBqreZg
geography_logistics,abandoned places documentary explained,AtYLakRXyic,UC56D-IHcUvLVFTX_8NpQMXg,Brent Rivera,Exploring Abandoned Movie Locations on Google Maps!,19714495,3 months ago,90,1510,https://www.youtube.com/watch?v=AtYLakRXyic
geography_logistics,abandoned places documentary explained,tOZ7EXPkM_U,UCggT8FSQNFYQm1NG9nUZhsw,Owlementary History,Every Abandoned City Explained in 10 minutes,8,3 weeks ago,21,621,https://www.youtube.com/watch?v=tOZ7EXPkM_U
geography_logistics,abandoned places documentary explained,nL8iOft7-bw,UCe_q4THHQp25sCkM1wbf5tA,Beyond Horror Explained,“Top 5 Scariest Abandoned Places You Should Never Enter” | Beyond Horror Explained 👻,154,11 months ago,330,277,https://www.youtube.com/watch?v=nL8iOft7-bw
geography_logistics,abandoned places documentary explained,_zcPY1wjQtU,UC56D-IHcUvLVFTX_8NpQMXg,Brent Rivera,Exploring Abandoned Childhood Locations on Google Maps!,21850635,5 months ago,150,1280,https://www.youtube.com/watch?v=_zcPY1wjQtU
geography_logistics,abandoned places documentary explained,TVzYbtOWKMw,UC56D-IHcUvLVFTX_8NpQMXg,Brent Rivera,Exploring Dangerous Locations on Google Maps!,10472796,2 months ago,60,1492,https://www.youtube.com/watch?v=TVzYbtOWKMw
geography_logistics,abandoned places documentary explained,fwVNQVlm8kg,UC-b5DlNesGfULKFbbSXRPMg,AMERICA EXPLAINED,The Billion-Dollar Ghost Town Hidden in Alaska | Kennecott #usa #ghosttown #alaska #abondoned #viral,32,2 weeks ago,14,251,https://www.youtube.com/watch?v=fwVNQVlm8kg
geography_logistics,abandoned places documentary explained,2eab01BY5Wg,UCa7xWePhgtgYNgyXSK63I4Q,Steve Ronin,Overnight Japan's ABANDONED Haunted Ghost Town (REAL LIFE SILENT HLL F),663264,10 months ago,300,3821,https://www.youtube.com/watch?v=2eab01BY5Wg
geography_logistics,abandoned places documentary explained,aJbhIC4NFAQ,UC5Wa7x5lxB8PqOZ7H1MF6Kw,Your Explainer,Trippers Discover Empty Village but Something Is Still Alive In| Film/Movie Explained in Hindi/Urdu,9528,3 days ago,3,1346,https://www.youtube.com/watch?v=aJbhIC4NFAQ
geography_logistics,border geography explained,d7eUzx6i0EY,UCKN4XS-jQhSPVacgDZ6v5zw,Curiositytoknow,"India’s Geographical Location Explained | Coastline, Land Borders & Extreme Points of India",18,3 days ago,3,287,https://www.youtube.com/watch?v=d7eUzx6i0EY
geography_logistics,border geography explained,S79xUOeieaM,UCyqT_3AsfK3dQAVhLguc9PA,Map Says,Why This Border is America's Deadliest Mistake,1002,10 months ago,300,531,https://www.youtube.com/watch?v=S79xUOeieaM
geography_logistics,border geography explained,kInSrlXMmrY,UCyqT_3AsfK3dQAVhLguc9PA,Map Says,Why the Alaska–Canada Border Is Geography’s Biggest Mistake,47047,10 months ago,300,490,https://www.youtube.com/watch?v=kInSrlXMmrY
geography_logistics,border geography explained,aFH_vZVQrII,UCrC8mOqJQpoB7NuIMKIS6rQ,StudyIQ IAS,All International Borders of India in One Video | India's Border Through Animation | StudyIQ IAS,318600,4 months ago,120,1274,https://www.youtube.com/watch?v=aFH_vZVQrII
geography_logistics,border geography explained,qnJiigkUgbo,UCnRivgjmMqZNCQiMzQ32JPA,Vexy+,Why The UAE-OMAN Border Is So Weird ?,4423,8 months ago,240,510,https://www.youtube.com/watch?v=qnJiigkUgbo
geography_logistics,border geography explained,oFJEMNpoZJ4,UCJVnko6tQ56PYB5BNNChPGg,ibx2cat,Every Type of Border Explained,25110,1 month ago,30,1717,https://www.youtube.com/watch?v=oFJEMNpoZJ4
geography_logistics,border geography explained,piog1BLKQWA,UCmToCV9HrLYsyNzmXFMx-FQ,Strange Lines,Border Anomalies | Why These Lines Are Still Shifting,5,2 weeks ago,14,340,https://www.youtube.com/watch?v=piog1BLKQWA
geography_logistics,border geography explained,PeTkHgEaJO0,UC8GgyVvvdwQtLOMRcBLnlVA,Adda247 APSC,"Assam–Arunachal Border Dispute | Complete History, Causes & Map Explained | APSC",530,9 days ago,9,649,https://www.youtube.com/watch?v=PeTkHgEaJO0
geography_logistics,border geography explained,rPckDuTaSnw,UCmGSJVG3mCRXVOP4yZrU1Dw,Johnny Harris,"India vs China, Explained",2750576,8 months ago,240,1898,https://www.youtube.com/watch?v=rPckDuTaSnw
geography_logistics,border geography explained,MrrQYL6-_PI,UC4rlAVgAK0SGk-yTfe48Qpw,BRIGHT SIDE,Why the Alaska-Canada Border Is Geography’s Worst Mistake,9542,1 month ago,30,1319,https://www.youtube.com/watch?v=MrrQYL6-_PI
geography_logistics,border geography explained,XYmtLgX2E4s,UCmmPgObSUPw1HL2lq6H4ffA,Geography Now,SOME OF THE STRANGEST BORDER ANOMALIES ON EARTH!,183836,11 months ago,330,1024,https://www.youtube.com/watch?v=XYmtLgX2E4s
geography_logistics,border geography explained,MDqnm6mnO8M,UChljUQP1L543pp2ZoYI_KQA,Geo Politics with Sanskar,7 Strangest Borders in the World Explained | Geography Documentary,221,1 month ago,30,663,https://www.youtube.com/watch?v=MDqnm6mnO8M
geography_logistics,border geography explained,ecThM1Qg5d4,UCrkjX-SG6vQExRPCi1Tf30g,Glore,Why The US–Canada Border Is So Strange,181513,8 months ago,240,546,https://www.youtube.com/watch?v=ecThM1Qg5d4
geography_logistics,border geography explained,bLOEhycMG78,UCmGSJVG3mCRXVOP4yZrU1Dw,Johnny Harris,"The Modern Middle East, Explained",6978410,5 months ago,150,11178,https://www.youtube.com/watch?v=bLOEhycMG78
geography_logistics,border geography explained,t6TSVewo0w4,UCU7R6J6tILCbCk3bvZllFpA,XYZMYSTERY,The World's Strangest Borders Explained @BRIGHTSIDEOFFICIAL,4,7 days ago,7,645,https://www.youtube.com/watch?v=t6TSVewo0w4
geography_logistics,border geography explained,75Rmiei5Iek,UCQ1EzlJ_WZICyCo0r0bCtyw,5 Minute Geography,The World's Strangest Borders Explained,192,2 weeks ago,14,313,https://www.youtube.com/watch?v=75Rmiei5Iek
geography_logistics,border geography explained,osVKkvUt31I,UCO_biEUmMGgKOYvTUfCu4Dw,Geography Explainer,The Strangest Borders on Earth Explained in 10 Minutes,167209,11 months ago,330,580,https://www.youtube.com/watch?v=osVKkvUt31I
geography_logistics,border geography explained,_8w9rkKdHqo,UCUUTDuZgS8AQJYSsgtUcOaQ,Tulsi Roy,कुछ देशों की Borders इतनी Straight क्यों हैं? 🌍😱 | Why Are Some Country Borders So Straight?,4,18 minutes ago,0,103,https://www.youtube.com/watch?v=_8w9rkKdHqo
geography_logistics,border geography explained,xO4MpJkOiW8,UC7-Z34pbJ0ZAOJRmUCEz0Cg,Geography By Geoff,The Invisible Border Tearing a European Country Apart,99138,10 months ago,300,961,https://www.youtube.com/watch?v=xO4MpJkOiW8
geography_logistics,border geography explained,Pa2f5sBvCz4,UCkDe6ALYCR8XFCqUpEIwuHw,VSR STUDY ,"Borders of India: Land & Maritime Boundaries, Indian Geography through Maps",135,7 months ago,210,352,https://www.youtube.com/watch?v=Pa2f5sBvCz4
geography_logistics,supply chain documentary explained,mNv1nbAnJtw,UCYb-53OItUtBGnuEfNTonPA,Spring Scientific | Systems Explained,Global Supply Chains Explained: From Your Daily Needs to Geopolitics | Spring Scientific,12,7 months ago,210,303,https://www.youtube.com/watch?v=mNv1nbAnJtw
geography_logistics,supply chain documentary explained,VdcD6qX8Xrc,UCUMZ7gohGI9HcU9VNsr2FJQ,Bloomberg Originals,How AI Is Pushing the Semiconductor Supply Chain to the Limit | Bloomberg Primer,1546352,3 months ago,90,1445,https://www.youtube.com/watch?v=VdcD6qX8Xrc
geography_logistics,supply chain documentary explained,L-fK_BUmesc,UCftwRNsjfRo08xYE31tkiyw,WIRED,Supply Chain Expert Answers Chinese Manufacturing Questions | Tech Support | WIRED,1394758,7 months ago,210,1724,https://www.youtube.com/watch?v=L-fK_BUmesc
geography_logistics,supply chain documentary explained,YxY45aIFuYw,UCPYWIGtfvtHjyqzzvOYDmBQ,CPG Supply Chain,The System Behind McDonald’s Global Consistency,1136,7 months ago,210,283,https://www.youtube.com/watch?v=YxY45aIFuYw
geography_logistics,supply chain documentary explained,fgzxQKo3KX8,UC-zmDkiXnItQfRK_m8P1I9A,Hashomics,From $2 to $50 Billion Black Market - Opium Supply Chain Explained,43,2 weeks ago,14,492,https://www.youtube.com/watch?v=fgzxQKo3KX8
geography_logistics,supply chain documentary explained,LGcMjQHlUps,UCkyJJqhjfQJJe-ntwvjPc-g,Latent Capital,The Evolution of Global Supply Chains  | 4-Hour long Documentary,50,4 months ago,120,14702,https://www.youtube.com/watch?v=LGcMjQHlUps
geography_logistics,supply chain documentary explained,UEzjVPbXcP4,UCPYWIGtfvtHjyqzzvOYDmBQ,CPG Supply Chain,Zara’s Secret: The Supply Chain That Changed Fashion Forever,2885,9 months ago,270,246,https://www.youtube.com/watch?v=UEzjVPbXcP4
geography_logistics,supply chain documentary explained,w1Loz8IG73I,UCJVXj8BvHykEklEeKjFwaXQ,Micro,The Complete Supply Chain.... Of Some Generic Consumer Junk,275632,10 months ago,300,767,https://www.youtube.com/watch?v=w1Loz8IG73I
geography_logistics,supply chain documentary explained,1EV4I6hZ-qw,UCPYWIGtfvtHjyqzzvOYDmBQ,CPG Supply Chain,The Secret Behind Uniqlo’s Supply Chain,238,2 months ago,60,407,https://www.youtube.com/watch?v=1EV4I6hZ-qw
geography_logistics,supply chain documentary explained,JUAUeJyiuEo,UCHA39N_guFSwhjBzM7uGhjw,System Atlas,How Global Supply Chains Actually Work (Beyond the Map),28,6 months ago,180,655,https://www.youtube.com/watch?v=JUAUeJyiuEo
geography_logistics,supply chain documentary explained,HU9WoidfxSY,UCPYWIGtfvtHjyqzzvOYDmBQ,CPG Supply Chain,From Coffee Farms to Cafés: Starbucks’ Supply Chain Explained,1308,8 months ago,240,362,https://www.youtube.com/watch?v=HU9WoidfxSY
geography_logistics,supply chain documentary explained,C3acJpAJw-E,UC25Q_PfOZ_GHdH1fYjpHRGg,suppliersplatform,Textile: From Fibers to Fashion | Industry Supply Chain Explained,303,9 months ago,270,138,https://www.youtube.com/watch?v=C3acJpAJw-E
geography_logistics,supply chain documentary explained,vYtdEnjYWRc,UCuq1aVVpN2pOlkY6XSarEpQ,Wealth Chronicles,What If Global Trade Stopped for One Week? The Supply Chain Collapse Explained,90,1 month ago,30,1434,https://www.youtube.com/watch?v=vYtdEnjYWRc
geography_logistics,supply chain documentary explained,d9Irn_7lx0c,UCk9XT6UtzHLZdoUdl73oSUg,GlobifyX,Who Controls Fuel? Global Oil Production & Supply Chain Explained (Part 1),60,4 months ago,120,239,https://www.youtube.com/watch?v=d9Irn_7lx0c
geography_logistics,supply chain documentary explained,QVqIx-Y8s-s,UCsBjURrPoezykLs9EqgamOA,Fireship,The largest supply-chain attack ever…,698059,11 months ago,330,240,https://www.youtube.com/watch?v=QVqIx-Y8s-s
geography_logistics,supply chain documentary explained,zEKMHqHhm0Q,UCYKOf8GU6QyAqAzX2_7M_UQ,FactoPiaX,Why China’s Manufacturing Dominance Is Unbreakable 🇨🇳,475462,10 months ago,300,1026,https://www.youtube.com/watch?v=zEKMHqHhm0Q
geography_logistics,supply chain documentary explained,0WtMh6MWVf8,UCJx_EjxDb0155qnUNCB9DlQ,Association for Supply Chain Management,Unravel the Complexities of the Global Supply Chain,4170,11 months ago,330,173,https://www.youtube.com/watch?v=0WtMh6MWVf8
geography_logistics,supply chain documentary explained,7-2mYVYQrnI,UCQf99fio1kKEKIKPN2Qg-tA,The Capital Battlefield,"The Biggest Global Supply Chain Risks of 2025 - Global Trade Risks, Tariffs & Resilience Crisis!",157,9 months ago,270,375,https://www.youtube.com/watch?v=7-2mYVYQrnI
psychology_society,psychology of modern life explained,Bo1rJHaDp6I,UCnwhiRvHmKHlQISgQB3X3FQ,Psyche and Wisdom,Why Modern Life Feels So Overwhelming to Older Minds | Psychology Explained,5,7 months ago,210,692,https://www.youtube.com/watch?v=Bo1rJHaDp6I
psychology_society,psychology of modern life explained,t86k_ZAiXjQ,UCpnimHI-ds_81amuEfP7shQ,Inner Phoria,Why Modern Life Feels Meaningless | Carl Jung,118,3 months ago,90,1860,https://www.youtube.com/watch?v=t86k_ZAiXjQ
psychology_society,psychology of modern life explained,7YACxW_OU4k,UC5r1VYqhmny1nM7w-Sl3wDA,True Sage ,The Loss of Soul in the Modern World | Henry David Thoreau,485773,11 months ago,330,693,https://www.youtube.com/watch?v=7YACxW_OU4k
psychology_society,psychology of modern life explained,gpCvQR5Rrls,UC9mHQonyVDZmqRi_tKTrdHw,ReverseMind,Why Modern Life Feels Overwhelming for Sensitive Minds (Psychology Explained),45,6 months ago,180,158,https://www.youtube.com/watch?v=gpCvQR5Rrls
psychology_society,psychology of modern life explained,DC3VyiiRAaE,UCtTVj6nYQ_09fmP_ELkoQuA,Show_Mi,Why Years Feel Shorter Now? | The DARK Reality of Modern Life,658,4 months ago,120,395,https://www.youtube.com/watch?v=DC3VyiiRAaE
psychology_society,psychology of modern life explained,kpsnQR0tHe4,UCLrrzccqsqby97ZLlJhE98g,WISE JOE,Why Modern Life Feels So Draining (Explained),9128,9 months ago,270,1477,https://www.youtube.com/watch?v=kpsnQR0tHe4
psychology_society,psychology of modern life explained,7qXVyQOl3io,UCst8Tyikccpz2ProCRZZENw,2am Psychology ,Why Modern Life Feels So Empty (Psychology Explained),1,3 months ago,90,157,https://www.youtube.com/watch?v=7qXVyQOl3io
psychology_society,psychology of modern life explained,BrR-iH-I13w,UCFoGLU_SSf812tyOs3XGa_Q,Kee,The Psychology of Self Transformation,711533,9 months ago,270,1441,https://www.youtube.com/watch?v=BrR-iH-I13w
psychology_society,psychology of modern life explained,pq_kArV9Imo,UCee6LunJea33_RxKeYA-C5w,MindShift Facts,Why Modern Life Feels Empty (The Psychology No One Talks About),16,6 months ago,180,262,https://www.youtube.com/watch?v=pq_kArV9Imo
psychology_society,psychology of modern life explained,WJBU1M-rHBg,UCoXxgPhAw6b-alka6BJCt1g,Modern Life Dating,The BRUTAL TRUTH on The Psychology of Simping | Modern Life Dating,1804,3 months ago,90,1400,https://www.youtube.com/watch?v=WJBU1M-rHBg
psychology_society,psychology of modern life explained,OtW-5SLW6lY,UCXHFE0jexjbQn_r0zlP1fkQ,Simply Explained,Why Modern Life Is Breaking Your Brain | Psychology Explained,23,3 months ago,90,483,https://www.youtube.com/watch?v=OtW-5SLW6lY
psychology_society,psychology of modern life explained,IWLd7YFKvoI,UCfCAy6CkaliVqbwqKT2VSYw,SUCCESS CHASERS,"4 Japanese Philosophies to Radically Change Your Life (Kaizen, Ikigai, Wabi Sabi, Musashi)",190301,10 months ago,300,10774,https://www.youtube.com/watch?v=IWLd7YFKvoI
psychology_society,psychology of modern life explained,znpWQYfUR0M,UCNJpLMcaEfoXJeqVnFAPAJA,Think Dot Map,Why Humans Feel Empty Psychology Backed,37,2 months ago,60,186,https://www.youtube.com/watch?v=znpWQYfUR0M
psychology_society,psychology of modern life explained,6VhsQeWpseU,UC-FK_0fNqLy0TbP9DM9buiw,Omar Najjarine,Why modern life feels meaningless,95012,5 months ago,150,1617,https://www.youtube.com/watch?v=6VhsQeWpseU
psychology_society,psychology of modern life explained,IwF6Iv_vH7o,UCRvBKtRsM7wYARE3LxNsgcw, Psychology Unpacked,Psychology of People Who Quietly Reject Modern Lifestyle,37,6 months ago,180,502,https://www.youtube.com/watch?v=IwF6Iv_vH7o
psychology_society,psychology of modern life explained,ExVeUTL9cIE,UChRqEa9KTQ71MjfYABOaaXA,PsychLayers,Why Modern Life Feels Empty Psychology Explained   Made with Clipchamp,21,7 months ago,210,197,https://www.youtube.com/watch?v=ExVeUTL9cIE
psychology_society,psychology of modern life explained,aymOFLFgv0M,UCrEtFZnNb4Gob7a23dQlKzw,Dear Human 101 ,Are you Fake?  Carl Jung  Psychology Explained,107,6 months ago,180,303,https://www.youtube.com/watch?v=aymOFLFgv0M
psychology_society,psychology of modern life explained,G0jO5MuqW1w,UClk1399isACmkiswDijHC6g,Podcast Summaries,Something Is Very Wrong With Modern Life - Arthur Brooks | Modern Wisdom,176,2 months ago,60,862,https://www.youtube.com/watch?v=G0jO5MuqW1w
psychology_society,psychology of modern life explained,FRxBCd4q9Lc,UCLXo7UDZvByw2ixzpQCufnA,Vox,Why modern life is designed to keep you anxious — and what to do about it | The Gray Area,68574,5 months ago,150,2122,https://www.youtube.com/watch?v=FRxBCd4q9Lc
psychology_society,psychology of modern life explained,JckwTGIxdkw,UClhhFYr3VtnJw9BRpxH-xQA,The Explained Mind,"Why Modern Life Is Creating Emotionally Detached Humans | Psychology, Sociology & Awareness",39,6 months ago,180,271,https://www.youtube.com/watch?v=JckwTGIxdkw
psychology_society,human behavior documentary,9l416aWmg6Q,UCUGwVgtUewevtLvu7NaxVrw,Dr. Roy Casagranda,Rationality and Human Behavior – Dr. Roy | Museum of the Future: Lessons from the Past,162565,2 months ago,60,5657,https://www.youtube.com/watch?v=9l416aWmg6Q
psychology_society,human behavior documentary,Ehk4Wn1yZJI,UChkMsCs5UKGsPZpIUQswiIw,Audio Books Arc,"Dark Psychology Explained in Hindi | Mind Control, Manipulation & Human Behavior | Full Audiobook",125142,7 months ago,210,3726,https://www.youtube.com/watch?v=Ehk4Wn1yZJI
psychology_society,human behavior documentary,uLjrfuK-68Q,UCmOCpBKeoBPp-HwarhIBA2g,Best Documentary,4K - First Man on Earth: The New Story Of Our Origins,1502919,6 months ago,180,5526,https://www.youtube.com/watch?v=uLjrfuK-68Q
psychology_society,human behavior documentary,Ii6hA8pNDRE,UCsJ_ndX9MKprtGcD0glG_pg,Mediatime Network,State of Mind | The Psychology of Control | Full Documentary Movie,7959,9 months ago,270,6616,https://www.youtube.com/watch?v=Ii6hA8pNDRE
psychology_society,human behavior documentary,YMTJw1G3yOM,UCzwCEE_PchiBULMnAJqhGVg,Raj Shamani,Human Behaviour Expert: How to Read People & Command Respect | Mark Bowden | FO549 Raj Shamani,667571,8 days ago,8,9482,https://www.youtube.com/watch?v=YMTJw1G3yOM
psychology_society,human behavior documentary,aKxUANVOeRI,UC45OWitn6BWG20rxLCL109A,Snook,Disturbing Psychological Experiments,165078,10 months ago,300,2545,https://www.youtube.com/watch?v=aKxUANVOeRI
psychology_society,human behavior documentary,mHwJa0pBkuk,UCt3JiNkefsfbA2N4SgEkoiQ,Visual Venture,Evil Human Experiments That Actually Happened,806878,7 months ago,210,1609,https://www.youtube.com/watch?v=mHwJa0pBkuk
psychology_society,human behavior documentary,mcp_fX9TSYg,UCzwCEE_PchiBULMnAJqhGVg,Raj Shamani,"Why Humans Turn Into Monsters: Body Language, Mindset & Traumas | Gaurav Gill | FO407 Raj Shamani",2819516,11 months ago,330,5756,https://www.youtube.com/watch?v=mcp_fX9TSYg
psychology_society,human behavior documentary,AR52voSSLZw,UC44e8Yap94ZbGCfDXNc-aXg,WeDocus - The World in Documentaries,"STATE OF MIND | SHOCKING documentary about control and human perception, Powerful documentary",855,4 months ago,120,6616,https://www.youtube.com/watch?v=AR52voSSLZw
psychology_society,human behavior documentary,HamzqspU-Yk,UCvm4IoteN3ITpIOYE7b93Iw,Lucifer talk,The Dark Side of Human Psychology Explained (The Truth About Human Behavior),16819,2 weeks ago,14,1289,https://www.youtube.com/watch?v=HamzqspU-Yk
psychology_society,human behavior documentary,jH2lHXFpF-Q,UCTNfxfGX1nZAeiRLvh-uXaw,Wawa stories,Did ancient humans have bullies?,4,7 days ago,7,556,https://www.youtube.com/watch?v=jH2lHXFpF-Q
psychology_society,human behavior documentary,1IrXEISif5w,UCNZegH5HQPx_chNsPqJw1Rw,Sleepy Science Channel,Personality Types — Facts to Fall Asleep To — No adverts,36550,3 months ago,90,8800,https://www.youtube.com/watch?v=1IrXEISif5w
psychology_society,human behavior documentary,GP5W9oO0OuU,UCkRmoZiR_SOssKA89m1eYJg,Only Human,Jo Frost Meets The LAZIEST DAD Ever | Super Nanny UK,50062,2 days ago,2,2631,https://www.youtube.com/watch?v=GP5W9oO0OuU
psychology_society,human behavior documentary,ZobULwbOw0A,UCX2zCrhyNcgpWP5r6mdcuSg,SoulArc Studios,Understanding Human Nature | Deep Psychological Lessons,971282,6 months ago,180,13534,https://www.youtube.com/watch?v=ZobULwbOw0A
psychology_society,human behavior documentary,eUWh4pGiai4,UChkMsCs5UKGsPZpIUQswiIw,Audio Books Arc,The Laws of Human Nature | 18 Psychological Rules to Understand People (Hindi Summary),234863,6 months ago,180,3486,https://www.youtube.com/watch?v=eUWh4pGiai4
psychology_society,human behavior documentary,_Mz5bbpEBvo,UCouPeqI9PDQ4kSI2lOEOLpg,Our World,Why Humans Act Like Animals: Nature’s Blueprint for Life,1766,6 months ago,180,8603,https://www.youtube.com/watch?v=_Mz5bbpEBvo
psychology_society,human behavior documentary,1ph3FbFxVJM,UC6gelCTNI5BGcmVTj4LyqbQ,Time at Rest,Homo Erectus: Prehistoric Pioneers of Human Evolution (Restful Documentary),672,7 months ago,210,3807,https://www.youtube.com/watch?v=1ph3FbFxVJM
psychology_society,human behavior documentary,s8Hhk9aYTsQ,UC3o4RMWgTL8WLruU-XkRQaA,Pet CheatSheet,Why Cats Actually Love Humans (It's Not Just Food),51,7 days ago,7,530,https://www.youtube.com/watch?v=s8Hhk9aYTsQ
psychology_society,why people feel lonely explained,XITVOXwrXVo,UCINTw9TVo6D1NrKwHWMNaoA,body decode,Why Some People Feel Lonely Everywhere . Here's the reason. @body_de_code,49,3 months ago,90,155,https://www.youtube.com/watch?v=XITVOXwrXVo
psychology_society,why people feel lonely explained,qm6YZEz68zI,UCARCndnbN2qCm8ig3rmTewg,Mindset Asset,Why Smart People Feel Lonely (The Psychology Explained),24,1 month ago,30,447,https://www.youtube.com/watch?v=qm6YZEz68zI
psychology_society,why people feel lonely explained,aaXTjLeV-zQ,UC3uHnKi5HbWpMKcCY8RX69g,LifeDecoded,The Psychology of Loneliness | Why You Feel Alone Even Around People,3,8 days ago,8,421,https://www.youtube.com/watch?v=aaXTjLeV-zQ
psychology_society,why people feel lonely explained,hLikLLC1kEQ,UC-9R0UIZgv79e9VDIozuRKg,Thinking In Loops,Why Highly Intelligent People Often Feel Lonely (Psychology Explained),55,6 months ago,180,233,https://www.youtube.com/watch?v=hLikLLC1kEQ
psychology_society,why people feel lonely explained,QP2sXN8NeA8,UCFlPbQvT02HqXGQ7Ds-86UA,Mascot Psychology,Psychology of People  Feel Lonely Even When They Are  Not Alone,95,3 months ago,90,324,https://www.youtube.com/watch?v=QP2sXN8NeA8
psychology_society,why people feel lonely explained,EtJcCxTwYBs,UCLu4dGKkJx5_mMoWapQ6zLw,Human Nature,Why You Feel Lonely in a Room Full of People,11,1 month ago,30,562,https://www.youtube.com/watch?v=EtJcCxTwYBs
psychology_society,why people feel lonely explained,ojyRqEwxWS0,UCP9KnAGAkgHT9JLSRm6bBog,NeuroSoul Lab,Why Emotionally Intelligent People Feel So Lonely (Psychology Explained),77,2 weeks ago,14,559,https://www.youtube.com/watch?v=ojyRqEwxWS0
psychology_society,why people feel lonely explained,B-s-3UPzlzA,UCHijblKs_XhH14lSz8lTyVg,Fiko,Why Smart People Often Feel Lonely (The Hidden Psychology Explained),26,3 weeks ago,21,545,https://www.youtube.com/watch?v=B-s-3UPzlzA
psychology_society,why people feel lonely explained,l8Vl4BGWcio,UCRcQ0FZnPYY5-Pt-Udj3vVA,PsyFin Lab,Why You Feel LONELY Even Around People (The Psychology No One Explains),31,3 months ago,90,507,https://www.youtube.com/watch?v=l8Vl4BGWcio
psychology_society,why people feel lonely explained,Si5b13pbJHE,UCvcMqYtaIolYJyDSeMo_Utg,Call Me Different,Why Some People Never Feel Lonely,32,2 months ago,60,408,https://www.youtube.com/watch?v=Si5b13pbJHE
psychology_society,why people feel lonely explained,6kt327OO3aw,UCHacVMLp7bHDC7e4eoPi9Dw,Psychology Simplified,People Who Like To Be Alone Share These Interesting Traits,550814,7 months ago,210,482,https://www.youtube.com/watch?v=6kt327OO3aw
psychology_society,why people feel lonely explained,5bt3F4cYX00,UCxUpfiL7sHkKKyLUow2XmjQ,Mythic Psyche,The Psychology of People Who Feel Lonely Even Around Others,1930,8 months ago,240,1734,https://www.youtube.com/watch?v=5bt3F4cYX00
psychology_society,why people feel lonely explained,jDyZ_rRzwJ4,UCaDjr463_TaQ1CYdj2BywEA,Psychology Unsealed,People Who Feel Lonely Even in a Crowd (Psychology Explained),50,3 months ago,90,452,https://www.youtube.com/watch?v=jDyZ_rRzwJ4
psychology_society,why people feel lonely explained,ZoHaFnbl5jc,UCahUFcwBiZ3hi5RhPeDotmw,Psychology Explained,Why you feel lonely even when you're not alone (Psychology Explained),4,8 months ago,240,200,https://www.youtube.com/watch?v=ZoHaFnbl5jc
psychology_society,why people feel lonely explained,nm9moWrV9lI,UCqutsB26901jMltJExHcqyQ,The Explained,The Psychology of Loneliness | Why We Feel Lonely Even Around People,0,2 months ago,60,390,https://www.youtube.com/watch?v=nm9moWrV9lI
psychology_society,why people feel lonely explained,9faYaE2XS2M,UCfac88lmiGNHmitJ1T4or_A,One Weird Thought,The Truth Behind Why You Feel Lonely in a Crowd,44,2 months ago,60,321,https://www.youtube.com/watch?v=9faYaE2XS2M
psychology_society,why people feel lonely explained,BCJnl1q25vU,UCcwiWO7V8pPMnMQt8lJTEmQ,Mind Ascend    ,"The Loneliness Epidemic | Why We Feel More Alone Than Ever (Psychology Explained), #motivation",17,1 month ago,30,838,https://www.youtube.com/watch?v=BCJnl1q25vU
psychology_society,why people feel lonely explained,6ZC6zUbyW-E,UCB7OAz7qS8vVGJBU3Kr-Zqg,Everyday Psychology,Why You Feel Lonely Even Around People | Psychology Explained,477,2 weeks ago,14,2889,https://www.youtube.com/watch?v=6ZC6zUbyW-E
psychology_society,why people feel lonely explained,CAwVh2O4TA0,UChW82ATIB5t35aEHWyvl4Jg,Info Psychology Facts,Why You Feel Lonely Even Around People (Psychology Explained),58,3 months ago,90,368,https://www.youtube.com/watch?v=CAwVh2O4TA0
psychology_society,why people feel lonely explained,By3qYLNLDag,UCaICbBYWxlQEOYLCX-8Cj3A,Trend Vault,Why You Feel Lonely Even Around Other People,77,1 month ago,30,522,https://www.youtube.com/watch?v=By3qYLNLDag
psychology_society,social trend explained documentary,Wj7daTRS8w4,UCSXFaThRuBGbqOaZsTxZnTQ,How to Game Life,The dark truth of women crying for Lindsay Clancy,1022,2 hours ago,0,709,https://www.youtube.com/watch?v=Wj7daTRS8w4
psychology_society,social trend explained documentary,8cQidXgtGmU,UCg5WjzrwxRRUUDf7WHKPzsA,Kallaway,How Social Media Algorithms Actually Work (And How to Beat Them),801121,4 months ago,120,1041,https://www.youtube.com/watch?v=8cQidXgtGmU
psychology_society,social trend explained documentary,Opq_H5zHh9w,UCVeuau7DLrg7zlAjxxDbdww,HubSpot Marketing,6 Marketing Trends ACTUALLY Working Right Now (2026 State of Marketing Report),170990,6 months ago,180,827,https://www.youtube.com/watch?v=Opq_H5zHh9w
psychology_society,social trend explained documentary,_O48-ao5_40,UC0p5jTq6Xx_DosDFxVXnWaQ,The Economist,Is it still worth going to university?,748029,9 months ago,270,366,https://www.youtube.com/watch?v=_O48-ao5_40
psychology_society,social trend explained documentary,eUZfRG4Bb5Q,UCeY0bbntWzzVIaj2z3QigXg,NBC News,A look into extreme beauty trend 'looksmaxxing' gaining popularity in young men,135778,5 months ago,150,279,https://www.youtube.com/watch?v=eUZfRG4Bb5Q
psychology_society,social trend explained documentary,UO9SVF7VC-s,UCIjSUWHWp6KohfnR5OQTXnQ,FOX 5 New York,"6-7: Gen Z slang, explained",1231497,11 months ago,330,127,https://www.youtube.com/watch?v=UO9SVF7VC-s
psychology_society,social trend explained documentary,T_hImL8WEMg,UChhyfYkhuVrzmvDr-WqpDSw,Not Even Emily,"Let's Explore the ""Performative Male"" Trend",719184,11 months ago,330,2338,https://www.youtube.com/watch?v=T_hImL8WEMg
psychology_society,social trend explained documentary,glegjpHk9Do,UCxRJFZ_0hr99TFgCe6CXKQA,Ashley Embers,The tradwives found their new recruits... teenagers,464487,1 month ago,30,2723,https://www.youtube.com/watch?v=glegjpHk9Do
psychology_society,social trend explained documentary,sdgqPvjDxkI,UCfdNM3NAhaBOXCafH7krzrA,The Infographics Show,67 Meme EXPLAINED,1135489,9 months ago,270,259,https://www.youtube.com/watch?v=sdgqPvjDxkI
psychology_society,social trend explained documentary,IeRZqFTG3z4,UCt3JiNkefsfbA2N4SgEkoiQ,Visual Venture,The Worst Internet Trends Still Happening Today,755732,4 months ago,120,1148,https://www.youtube.com/watch?v=IeRZqFTG3z4
psychology_society,social trend explained documentary,4OUW20Usi30,UCFoGLU_SSf812tyOs3XGa_Q,Kee,The Psychology of People Who Don’t Post on Social Media,3301346,10 months ago,300,903,https://www.youtube.com/watch?v=4OUW20Usi30
psychology_society,social trend explained documentary,E1C_4xLedBg,UCjz8uBTLs0f7Fnlxc5nzT5g,Wonny,China’s “Bed Rotting” Obsession,2160512,8 months ago,240,586,https://www.youtube.com/watch?v=E1C_4xLedBg
psychology_society,social trend explained documentary,dMZ-n2KSlxE,UCUyDOdBWhC1MCxEjC46d-zw,Alex Hormozi,My Actual Social Media Strategy For 2026,845873,10 months ago,300,1508,https://www.youtube.com/watch?v=dMZ-n2KSlxE
psychology_society,social trend explained documentary,1kcxUhjuW_0,UC7ACBBjiLZEKSy47w8T35Lw,Omar Eddaoudi,The Psychology of Premium Branding,1115686,10 months ago,300,1053,https://www.youtube.com/watch?v=1kcxUhjuW_0
psychology_society,social trend explained documentary,-9iDW7Zgv1Q,UCctXZhXmG-kf3tlIXgVZUlw,GaryVee,5 Consumer Trends That Will Define 2026: What's Next in Social Media & More | GaryVee,162816,11 months ago,330,897,https://www.youtube.com/watch?v=-9iDW7Zgv1Q
crime_scams_mystery,internet mystery documentary,cqTaTm5BxBY,UCnwUjPK7dXety-AJ4fNw_RQ,The Paint Explainer,The Creepiest Internet Mysteries That Were Finally Solved,5721977,9 months ago,270,580,https://www.youtube.com/watch?v=cqTaTm5BxBY
psychology_society,social trend explained documentary,P7QRfK6-lIg,UCuu8TaJ-CPGV0_dJ-7OEY3A,Jeff Gao,The Micro Drama Pandemic Of China,264531,11 months ago,330,490,https://www.youtube.com/watch?v=P7QRfK6-lIg
psychology_society,social trend explained documentary,QrbLpFfdujk,UCRgMIwmmh1-2k5HeTQ2cdkQ,Gaurav Thakur,Extreme Life Inside The Densest City in the World | 10X Worse Than Dharavi,2550889,9 months ago,270,1377,https://www.youtube.com/watch?v=QrbLpFfdujk
psychology_society,social trend explained documentary,YF3KJDaGTBI,UCBi2mrWuNuyYy4gbM6fU18Q,ABC News,What is 'looksmaxxing'? A peek inside one of today's biggest trends,78087,4 months ago,120,518,https://www.youtube.com/watch?v=YF3KJDaGTBI
psychology_society,modern dating psychology explained,PsZGIN9aGDk,UCEfhVY_h9pVPI0caA6RboUQ,Explanations,Older Men Don't Realize THIS Attracts Younger Women | Female Psychology Explained,11036,6 days ago,6,1125,https://www.youtube.com/watch?v=PsZGIN9aGDk
psychology_society,modern dating psychology explained,phEjQeO7nSw,UCCVgAaZf09o1Pt6xKTG534w,Tako Balls,The Evolution of Modern Dating Culture (analysis of performative men part one),26536,10 months ago,300,736,https://www.youtube.com/watch?v=phEjQeO7nSw
psychology_society,modern dating psychology explained,MKPChyqiDmQ,UC9HGzFGt7BLmWDqooUbWGBg,Matthew Hussey,How To Make Modern Dating Feel Easier,31403,3 months ago,90,1099,https://www.youtube.com/watch?v=MKPChyqiDmQ
psychology_society,modern dating psychology explained,6PMhzYEyY6I,UC40oGzVlyivsS5rbCYRWmVQ,Kishan Rai Sharma,"How to Make Her Choose You, Even If She Has Plenty of Options",7297,1 day ago,1,1601,https://www.youtube.com/watch?v=6PMhzYEyY6I
psychology_society,modern dating psychology explained,s0_8uFQGL7U,UCEfhVY_h9pVPI0caA6RboUQ,Explanations,"If A Woman Ignores You, Just Act Like This! | Female Psychology Explained",322,2 weeks ago,14,819,https://www.youtube.com/watch?v=s0_8uFQGL7U
psychology_society,modern dating psychology explained,YAmEBia7QsA,UC1JEm8bl3LhTBcd3RY9bNXw,JostenJ,Women REVEAL Why Fit Attractive Men Are Rare In Modern Dating!,24013,2 days ago,2,1081,https://www.youtube.com/watch?v=YAmEBia7QsA
psychology_society,modern dating psychology explained,zf156WDX9_M,UCg7KzWpg_wBblwJzDvi17cg,Factify Hub,Why Being Emotionless Is Your Greatest Strength (Modern Dating Explained),706,9 months ago,270,1038,https://www.youtube.com/watch?v=zf156WDX9_M
psychology_society,modern dating psychology explained,3qiupFnKzbI,UCGLcx_fFZ3GlLXO5anHSm9w,The Jordan Harbinger Show,"Dating Psychologist: ""This is what women ACTUALLY find attractive."" | Orion Taraban",494416,10 months ago,300,6285,https://www.youtube.com/watch?v=3qiupFnKzbI
psychology_society,modern dating psychology explained,OkAbyfCejWE,UC-IBQSNy1a9h1wwZM5PLkXA,Tomisin Atobatele,"The Day You Stop Romanticizing Men, You See Reality",5700,21 hours ago,0,1415,https://www.youtube.com/watch?v=OkAbyfCejWE
psychology_society,modern dating psychology explained,t8sS6Lk3cYo,UCzwCEE_PchiBULMnAJqhGVg,Raj Shamani,Psychiatrist Explains: Psychology Behind Cheating & Choosing Wrong Partner |Dr. K |FO541 Raj Shamani,474770,3 weeks ago,21,7650,https://www.youtube.com/watch?v=t8sS6Lk3cYo
psychology_society,modern dating psychology explained,lkNZWF0Wo4I,UCUhkDCc2wd5u9S2XyS8ElOw,The Deep Dive: Mindful Reads Hub,Why Modern Dating Feels Impossible – Aziz Ansari Explains,248,7 months ago,210,3261,https://www.youtube.com/watch?v=lkNZWF0Wo4I
psychology_society,modern dating psychology explained,OFRFPcFFZfU,UCvWMONmADbyL1kp0zsEfn1A,MindTrace,Modern Dating Is Making Us Emotionally Numb — Psychology Explained,2,3 months ago,90,420,https://www.youtube.com/watch?v=OFRFPcFFZfU
psychology_society,modern dating psychology explained,LfA_AhKUiHI,UCWG0PAuqCTDB6q8TyvfHwCA,Neuro Desire,Why Women Ignore Men They Like (Psychology Explained),12,1 month ago,30,313,https://www.youtube.com/watch?v=LfA_AhKUiHI
psychology_society,modern dating psychology explained,28Hws4J3Y9M,UCA6oXQTT_mtCj32dZDdoL6w,Basic Logic,How Modern Dating Trained Women To Hate Men,299030,2 months ago,60,265,https://www.youtube.com/watch?v=28Hws4J3Y9M
psychology_society,modern dating psychology explained,d2IYAU2xxeI,UCT4xCxAsrfoRYuLyCRm1zig,StickVerse,"""Men Don't Chase Beauty — They Chase THIS Feeling | Relationship Psychology Explained""",172,2 weeks ago,14,556,https://www.youtube.com/watch?v=d2IYAU2xxeI
psychology_society,modern dating psychology explained,SX1PeSu-Ti4,UCs60VZYssExWSc-auqwiKHQ,Psych Simplified,How Older Women Decide Who Is Worth Their Time (Modern Dating Psychology Explained),2,7 months ago,210,458,https://www.youtube.com/watch?v=SX1PeSu-Ti4
psychology_society,modern dating psychology explained,2TXe8itDEzY,UCkuaNzAsSERRH5ecamFnf1g,Relationship Decode,"When You Go Silent, Her Mind Goes CRAZY 😱 | Female Psychology Revealed!",354080,11 months ago,330,1032,https://www.youtube.com/watch?v=2TXe8itDEzY
psychology_society,modern dating psychology explained,YV7xNa3QO0c,UCIaH-gZIVC432YRjNVvnyCA,Chris Williamson,The New Science Of Female Attraction - Psychology Roundtable,226031,2 weeks ago,14,7575,https://www.youtube.com/watch?v=YV7xNa3QO0c
psychology_society,modern dating psychology explained,qDu-xUCOPLc,UC6gcEHHpXgpOabJLyztd1Zw,LoveGrip,She Only Misses You When You Do This | Love Psychology Explained,890,11 months ago,330,250,https://www.youtube.com/watch?v=qDu-xUCOPLc
psychology_society,attention economy explained,ClhyXtoneOc,UC2Kyj04yISmHr1V-UlJz4eg,Jared Henderson,You didn't lose your attention span. It was stolen.,260635,9 months ago,270,972,https://www.youtube.com/watch?v=ClhyXtoneOc
psychology_society,attention economy explained,nMiYX_h6pKU,UCVSeCkn_4KUguSRFxS4YU3w,chon digital,The Attention Economy Has Lost the Plot,40667,4 months ago,120,1014,https://www.youtube.com/watch?v=nMiYX_h6pKU
psychology_society,attention economy explained,PUtG4Zmd_AY,UCxsYJ_S4jVayHx828AtQjig,Nathan Laundry,The Attention Economy Is Everywhere. Self-Hosting Is the Escape.,343560,10 months ago,300,1270,https://www.youtube.com/watch?v=PUtG4Zmd_AY
psychology_society,attention economy explained,z_db6YLPA18,UCQKvA05cY-Vu5RHCchtiHmw,TechRound,What is The Attention Economy?,391,6 months ago,180,256,https://www.youtube.com/watch?v=z_db6YLPA18
psychology_society,attention economy explained,zAbOStY0Hpo,UCzRpp90zLWm4r9qjR_jSd0g,PsycAcademy,The Psychology of the Attention Economy | Why Your Focus Is Being Stolen,301,8 months ago,240,226,https://www.youtube.com/watch?v=zAbOStY0Hpo
psychology_society,attention economy explained,BOnZVTXnFWk,UCcvfxgy1naPLrz_odlNbF1g,The Attention Economy wt Hussain and Khayyam,"The Attention Economy - Ep 10 with Farhan Ahmed, Founder & CEO, Narrativez Pk",270,4 weeks ago,28,1486,https://www.youtube.com/watch?v=BOnZVTXnFWk
psychology_society,attention economy explained,fnMoaW80ht8,UCRYnntr30z3ZPepq2-TuSQA,Espresso Economics,Is the attention economy reshaping a generation?,14336,9 months ago,270,635,https://www.youtube.com/watch?v=fnMoaW80ht8
psychology_society,attention economy explained,RPGQhSNQ7gM,UCKSss08hc0gskxEhfyyazqw,Explained Quietly Videos,What Is the Attention Economy? How Your Focus Became the World’s Most Valuable Resource,128,8 months ago,240,109,https://www.youtube.com/watch?v=RPGQhSNQ7gM
psychology_society,attention economy explained,rknpIL1uB8I,UCmZ9rAoFzPOKQbYutepd_5g,Michael Burns,respectfully . . . f*ck the attention economy.,82308,5 months ago,150,1210,https://www.youtube.com/watch?v=rknpIL1uB8I
psychology_society,attention economy explained,EBBJVx-fyjU,UCRP7igNnGOwpxY3LmuTalBg,Vosa,The Attention Economy,3623,4 months ago,120,2006,https://www.youtube.com/watch?v=EBBJVx-fyjU
psychology_society,attention economy explained,AGDT6bjUYfI,UCHPQey6K4ZKQHuy_cSYbDuA,The Thought Table,The Attention Economy — Herbert Simon’s Prediction of the Modern Mind,617,9 months ago,270,837,https://www.youtube.com/watch?v=AGDT6bjUYfI
psychology_society,attention economy explained,4JVFFcr_NCM,UCSRlboDAVEM2A58cLNjdNaA,The Bharat Lens ,How Tech Companies Buy Your Brain | Attention Economy Explained,160,2 weeks ago,14,284,https://www.youtube.com/watch?v=4JVFFcr_NCM
psychology_society,attention economy explained,STbUent3OWY,UCyoM0lAMvf0qfNSMdqA9zYw,Nikki Tea,The $0.11 Problem With Modern Advertising | The Attention Economy Explained,126,3 months ago,90,1189,https://www.youtube.com/watch?v=STbUent3OWY
psychology_society,attention economy explained,uSJ0WQ6rKfQ,UCn3ivnL9H3Qs6ev_-4uzHYw,Media Literacy For Everyone,What Is The Attention Economy And How Does It Work? - Media Literacy For Everyone,157,11 months ago,330,152,https://www.youtube.com/watch?v=uSJ0WQ6rKfQ
psychology_society,attention economy explained,ckIcskjAFZ0,UCkKIRKwbBOgl-chLpHUZoqg,Hidden Current,The Attention Economy Explained,12,2 months ago,60,596,https://www.youtube.com/watch?v=ckIcskjAFZ0
psychology_society,attention economy explained,mGoeEPv8Zrs,UCBB8-IPjnSv1TjvLrcf041w,market booster club,Attention Economy Explained in Hindi | Social Media कैसे Attention बेचता है,31,7 months ago,210,458,https://www.youtube.com/watch?v=mGoeEPv8Zrs
psychology_society,attention economy explained,iyQ9nQiMhwU,UClzRSvC99RpbB3SUx5mRWDw,Ascendia,Attention Economy: How The Dopamine Loop Steals Your Focus,63,8 months ago,240,844,https://www.youtube.com/watch?v=iyQ9nQiMhwU
psychology_society,attention economy explained,EtMdsTlkaSs,UCSJCHSTOppe6wfTk0qCtGFg,The Ultimate Reality,The Attention Economy: Why Your Focus Is Worth Billions | The Ultimate Reality,61,2 months ago,60,309,https://www.youtube.com/watch?v=EtMdsTlkaSs
psychology_society,workplace psychology documentary,bd0gAfMVU3k,UCDGPOl-CRCdO9QRWOEBp3nA,Factora documentaries ,👉 “The Truth About Toxic Work Culture – Why Employees Break”,6,3 months ago,90,464,https://www.youtube.com/watch?v=bd0gAfMVU3k
psychology_society,workplace psychology documentary,zwY34Xm3py8,UCfYW5GXBXueSO5p9bxD45qg,BBC Global,Is Human Connection The New Job Security? | BBC Global,440262,6 months ago,180,642,https://www.youtube.com/watch?v=zwY34Xm3py8
psychology_society,workplace psychology documentary,KfHOgSj5fqM,UC7Rs1GmeOqOpSeVmvdjjtJw,Second Nature,The Dark Psychology Behind Open Plan Offices,61,1 month ago,30,1158,https://www.youtube.com/watch?v=KfHOgSj5fqM
psychology_society,workplace psychology documentary,8LeGR8u_Yhw,UCHapfO1wi6NVl3KSlKGMllQ,INSIDE THE WORKPLACE,Why Quiet Employees Are The Most Dangerous In The Workplace,39,2 months ago,60,298,https://www.youtube.com/watch?v=8LeGR8u_Yhw
psychology_society,workplace psychology documentary,ER8qDENv8mA,UC11cH44EHc2IeuR82jiapiQ,Read The Boardroom,Why the Most Liked Person at Work Is the Most Dangerous,80,2 weeks ago,14,732,https://www.youtube.com/watch?v=ER8qDENv8mA
psychology_society,workplace psychology documentary,uXSZJuDX_fM,UCtEeuW0RC5bD5T3ttOMQQ3A,The Office Couch,The Psychology of Workplace Burnout,5,1 month ago,30,621,https://www.youtube.com/watch?v=uXSZJuDX_fM
psychology_society,workplace psychology documentary,dWsmrqK8tgw,UC9NgPzQqEabSdrNBulGv2Cw,AS beyond,The Corporate Secret: Why Office Affairs Really Happen?,33,1 month ago,30,237,https://www.youtube.com/watch?v=dWsmrqK8tgw
psychology_society,workplace psychology documentary,UJYUVgnrG-A,UCV6MdNLldd3EXshDZ8wwXDQ,Subtle Psychology,The Psychology of Workplace Behavior: What People Reveal Without Words,12,6 months ago,180,516,https://www.youtube.com/watch?v=UJYUVgnrG-A
psychology_society,workplace psychology documentary,EhcuyIWf9kg,UCH56wphIJVDl0b9htjESOrw,Inside The Work,Why Your Best People Burn Out First | The Weight We Carry,4,1 month ago,30,185,https://www.youtube.com/watch?v=EhcuyIWf9kg
psychology_society,workplace psychology documentary,ig3lBLX54lk,UCQhr5dgEolBrHlLF5PT1jrA,The Workplace Code,The Secret Psychology Behind Why Meetings Drain Your Energy,1,3 weeks ago,21,704,https://www.youtube.com/watch?v=ig3lBLX54lk
psychology_society,workplace psychology documentary,mufzXB9J6OM,UCYBnrwlC0V1azboDKD5pz1w,StickyMind,How Office Politics Actually Works | The Hidden Pyschology Behind Office Power,71,1 month ago,30,1128,https://www.youtube.com/watch?v=mufzXB9J6OM
psychology_society,workplace psychology documentary,XfLnKKkjOrg,UCjD8SFvlM_RPeGqAd7vAf6A,Insight Archive,Breaking Free: Understanding the 9-5 System's Hold,20,7 months ago,210,624,https://www.youtube.com/watch?v=XfLnKKkjOrg
psychology_society,workplace psychology documentary,heaXeEMq5j8,UCTa8MJdp9-y0CwPbEQEHaDw,Zain Within,Why You Feel Like a Fraud (Even When You're Good at Your Job),1,2 days ago,2,354,https://www.youtube.com/watch?v=heaXeEMq5j8
psychology_society,workplace psychology documentary,bSOhHEG1TAw,UCVaqdaJ35lQCz9pzpCefxUw,Crew Insider,How Oil Rig Workers Cope With Brutal Isolation Offshore | The Psychological Toll of Isolation,699,9 months ago,270,747,https://www.youtube.com/watch?v=bSOhHEG1TAw
psychology_society,workplace psychology documentary,ilWFGzWr14w,UCBBBC3soo3zHr93HY4J1wFg,Liz Rose ,The Hidden Psychology of Workplace Attraction,23487,2 weeks ago,14,661,https://www.youtube.com/watch?v=ilWFGzWr14w
psychology_society,workplace psychology documentary,nucwotNkQtY,UCSH4QzeUX1334x8cpDoTAQQ,MindAndBehavior,The Hidden Pressure of Becoming Difficult to Replace - Hard to Replace,21,7 months ago,210,1399,https://www.youtube.com/watch?v=nucwotNkQtY
psychology_society,workplace psychology documentary,hXFCyA-bAWE,UCSH4QzeUX1334x8cpDoTAQQ,MindAndBehavior,"Doing What Matters, Deciding Nothing - No Authority",2,7 months ago,210,1187,https://www.youtube.com/watch?v=hXFCyA-bAWE
psychology_society,workplace psychology documentary,6UNLf1UJmKk,UCyGOloOIJWt8NlE4tnejQeA,MedCircle,Workplace PTSD & How to Overcome It,4784,8 months ago,240,1304,https://www.youtube.com/watch?v=6UNLf1UJmKk
psychology_society,workplace psychology documentary,8nKSiW3mrI4,UCj-xbkNXSeh17sKbBipAKuQ,Fairy Tales for Adults ,The Psychology of Being Underpaid.,29,1 month ago,30,631,https://www.youtube.com/watch?v=8nKSiW3mrI4
psychology_society,workplace psychology documentary,T0kvWN1yAxk,UCQ3Vi3cLuV3pnXzRG7se6lw,WORK BRAIN,DO YOU FEEL EXHAUSTED AT WORK,6,4 weeks ago,28,473,https://www.youtube.com/watch?v=T0kvWN1yAxk
psychology_society,internet culture explained documentary,QSTA_aAMoqs,UCt3JiNkefsfbA2N4SgEkoiQ,Visual Venture,Terrifying Cults Still Operating Today,2622127,9 months ago,270,1829,https://www.youtube.com/watch?v=QSTA_aAMoqs
psychology_society,internet culture explained documentary,kYXqRJI2dkQ,UCLD2ZkdEkAKhDETsK6QeDnA,Farrell McGuire,Horrors on the Internet Archive,4102261,8 months ago,240,2412,https://www.youtube.com/watch?v=kYXqRJI2dkQ
psychology_society,internet culture explained documentary,7zXlhzA_Ti0,UCeJrRK_Pt1m23l5zgSytVUA,duplee,The Great Culture Shift,3670908,8 months ago,240,1887,https://www.youtube.com/watch?v=7zXlhzA_Ti0
psychology_society,internet culture explained documentary,UnJKOYOkRMk,UCPD7FU73S_mMMsxSr03oOSQ,Redlyne,Dead Internet Theory,2498854,10 months ago,300,3292,https://www.youtube.com/watch?v=UnJKOYOkRMk
psychology_society,internet culture explained documentary,ugPtz0zL4gI,UCkQ2J1LUtzt_kNzH_cC24AA,Internet Education,Japan is Everything Wrong with Society.,1376356,5 months ago,150,3917,https://www.youtube.com/watch?v=ugPtz0zL4gI
psychology_society,internet culture explained documentary,WWcI1Nh2hTM,UCt3JiNkefsfbA2N4SgEkoiQ,Visual Venture,Creepiest Content from the Japanese Internet,646022,5 months ago,150,1694,https://www.youtube.com/watch?v=WWcI1Nh2hTM
crime_scams_mystery,dark web mystery documentary,XfCuBV5nYNw,UCt3JiNkefsfbA2N4SgEkoiQ,Visual Venture,True Horror Stories from the Dark Web,1763299,7 months ago,210,1606,https://www.youtube.com/watch?v=XfCuBV5nYNw
psychology_society,internet culture explained documentary,IpnYC2FmMfg,UCt3JiNkefsfbA2N4SgEkoiQ,Visual Venture,Most Disturbing Mysteries Solved By Reddit Users,2608380,8 months ago,240,1735,https://www.youtube.com/watch?v=IpnYC2FmMfg
psychology_society,internet culture explained documentary,85LNU5K0CO4,UCt3JiNkefsfbA2N4SgEkoiQ,Visual Venture,Disturbing Internet Legends That Turned Out True,1336544,4 months ago,120,1534,https://www.youtube.com/watch?v=85LNU5K0CO4
psychology_society,internet culture explained documentary,YXLWyeFVriE,UCLD2ZkdEkAKhDETsK6QeDnA,Farrell McGuire,Old 4chan’s Forgotten Horrors,1897281,9 months ago,270,2384,https://www.youtube.com/watch?v=YXLWyeFVriE
crime_scams_mystery,dark web mystery documentary,xZ8x37iSHlY,UCLD2ZkdEkAKhDETsK6QeDnA,Farrell McGuire,Horrors Found in Dark Web Marketplaces,1621379,1 month ago,30,1650,https://www.youtube.com/watch?v=xZ8x37iSHlY
psychology_society,internet culture explained documentary,Hhcabi6IvBM,UCt3JiNkefsfbA2N4SgEkoiQ,Visual Venture,Reddit's Most Disturbing Confessions,1869765,3 months ago,90,1412,https://www.youtube.com/watch?v=Hhcabi6IvBM
psychology_society,internet culture explained documentary,QNX6UNyA90w,UCt3JiNkefsfbA2N4SgEkoiQ,Visual Venture,Secret Cults Hiding in Plain Sight Today,1483558,6 months ago,180,2038,https://www.youtube.com/watch?v=QNX6UNyA90w
psychology_society,internet culture explained documentary,dFRolyJWXUI,UCt3JiNkefsfbA2N4SgEkoiQ,Visual Venture,Disturbing Cults Still Hiding on YouTube Today,988174,3 months ago,90,1542,https://www.youtube.com/watch?v=dFRolyJWXUI
psychology_society,internet culture explained documentary,RKe8qdzpe2w,UCPJ_UzD4PEC-_vwN32amlIQ,Open Letter,Power of meme culture,1359393,11 months ago,330,1019,https://www.youtube.com/watch?v=RKe8qdzpe2w
psychology_society,internet culture explained documentary,C1laveuXt2E,UCt3JiNkefsfbA2N4SgEkoiQ,Visual Venture,Lost Media The Internet Wasn’t Meant to See,1402149,6 months ago,180,1623,https://www.youtube.com/watch?v=C1laveuXt2E
psychology_society,internet culture explained documentary,eXcGrqwiCvk,UCt3JiNkefsfbA2N4SgEkoiQ,Visual Venture,How a Pizza Delivery Boy Built a $38M Drug Empire,1711226,10 months ago,300,1379,https://www.youtube.com/watch?v=eXcGrqwiCvk
work_career_education,job market explained America 2026,h4oHFiLo06E,UC0aDM2xm13uKU2MlXp6a-cA,InfoTalkBD,আমেরিকার সবচেয়ে ধনী রাজ্য কোনটি? সবচেয়ে খারাপ স্টেট? | InfoTalkBD | All 50 STATES IN AMERICA,18335,3 days ago,3,1546,https://www.youtube.com/watch?v=h4oHFiLo06E
work_career_education,job market explained America 2026,aUM4kv0HnG0,UCqPTW4CeoAgq111DA__mP9g,Max Fisher,America's job market is collapsing,1732366,4 months ago,120,1792,https://www.youtube.com/watch?v=aUM4kv0HnG0
work_career_education,job market explained America 2026,-y3e8qCAkR4,UCgDSpXfGJjC4PYpvgwX6V2A,The Unfolded States,The U.S. Job Market Is HORRENDOUS in 2026,3063,2 months ago,60,1353,https://www.youtube.com/watch?v=-y3e8qCAkR4
work_career_education,job market explained America 2026,SN58TNA_KYU,UCz8QaiQxApLq8sLNcszYyJw,Firstpost,"Job Market 2026: AI Jobs Boom, India Hirings Surge But Pay Lags | Spotlight",9861,Streamed 4 days ago,4,895,https://www.youtube.com/watch?v=SN58TNA_KYU
work_career_education,job market explained America 2026,r0xVHTwj12Y,UCGSS2mBuqH5MGDLP0Q5C7Kw,Snyder Reports,Americans Are FRUSTRATED As The Job Market Becomes IMPOSSIBLE,33265,4 months ago,120,517,https://www.youtube.com/watch?v=r0xVHTwj12Y
work_career_education,job market explained America 2026,ioJXohKEDpA,UCrbT82fJGrSRXkNaxE7aYPQ,World Affairs In Context,2026 Will Be Brutal - The U.S. Job Market Is Crashing,84168,7 months ago,210,568,https://www.youtube.com/watch?v=ioJXohKEDpA
work_career_education,job market explained America 2026,XT_Uie0qIHU,UCeY0bbntWzzVIaj2z3QigXg,NBC News,Job losses in July reveal weakening U.S. labor market,25563,2 weeks ago,14,398,https://www.youtube.com/watch?v=XT_Uie0qIHU
work_career_education,job market explained America 2026,CigRDbdgKDc,UCgDSpXfGJjC4PYpvgwX6V2A,The Unfolded States,What’s REALLY Going On With the Job Market Right Now,2564,4 weeks ago,28,1332,https://www.youtube.com/watch?v=CigRDbdgKDc
work_career_education,job market explained America 2026,EsdqCEuoI8M,UCoUxsWakJucWg46KW5RsvPw,Financial Times,Are graduates prepared for the AI era? | FT Working It,4371,5 hours ago,0,1140,https://www.youtube.com/watch?v=EsdqCEuoI8M
work_career_education,job market explained America 2026,l6d_0PB0Pbg,UCiq1FIgtEK7LRAOB1JXTPig,Silicon Valley Girl,Future of Work 2026: The Only Jobs That Will Survive the AI Era,318518,8 months ago,240,1512,https://www.youtube.com/watch?v=l6d_0PB0Pbg
work_career_education,job market explained America 2026,6iLbLuDr6o8,UCNIoLiHvnuKTKoJuLQUS--A,Mark Tilbury Economics,The U.S. Job Market Is Quietly Dying,22053,4 months ago,120,749,https://www.youtube.com/watch?v=6iLbLuDr6o8
work_career_education,job market explained America 2026,RVQp533395Q,UCshPyRiu9XTQb2gEagNt-3A,Raj Shamani Clips,US Job Market Vs Indian Job Market - Exposed to AI | Vaibhav Sisinty | Raj Shamani Clips,17767,2 months ago,60,391,https://www.youtube.com/watch?v=RVQp533395Q
work_career_education,job market explained America 2026,uqf6NoAhFts,UCkCGANrihzExmu9QiqZpPlQ,How Money Works,The Job Market Has Changed... Again.,1594442,11 months ago,330,839,https://www.youtube.com/watch?v=uqf6NoAhFts
work_career_education,job market explained America 2026,RTRjAP8X_wc,UCFVxzVMeSJr-NNW3KzXYtRA,Burchalations,America’s Job Market Feels Completely Broken,2451,3 weeks ago,21,1333,https://www.youtube.com/watch?v=RTRjAP8X_wc
work_career_education,job market explained America 2026,vBWXUYsWUsQ,UC-rCCy3FQ-GItDimSR9lhzw,Future of Life Institute,Why the job market is collapsing,222783,3 months ago,90,1380,https://www.youtube.com/watch?v=vBWXUYsWUsQ
work_career_education,job market explained America 2026,PEFso88LkC4,UC4JX40jDee_tINbkjycV4Sg,Tech With Tim,My Honest Thoughts on AI and the Job Market in 2026 (No Hype),163545,5 months ago,150,901,https://www.youtube.com/watch?v=PEFso88LkC4
work_career_education,job market explained America 2026,vZ4ZIYgzAlU,UCptc7b3jk_PtbpLLeZojRZA,Harnoor Singh,BRUTAL Truth: Studying in USA in 2026! Job Market & Trends!,7068,9 months ago,270,504,https://www.youtube.com/watch?v=vZ4ZIYgzAlU
work_career_education,job market explained America 2026,YRcKSHMqcAw,UCvBy3qcISSOcrbqPhqmG4Xw,Damon Cassidy,WTF Is Happening To The Job Market,289867,3 months ago,90,1288,https://www.youtube.com/watch?v=YRcKSHMqcAw
work_career_education,job market explained America 2026,K-WONouG9W4,UCMmfUj8CcXeqpqWkund3ELg,Smart Money Bro,WARNING: Jobs Report Worse Than Expected,21301,1 month ago,30,714,https://www.youtube.com/watch?v=K-WONouG9W4
work_career_education,job market explained America 2026,OJXEUZ2FhwE,UCDy5K4UNhE3l9-3mu9V-d3A,How People Make Money,wtf is happening to the Job Market???,35437,3 months ago,90,710,https://www.youtube.com/watch?v=OJXEUZ2FhwE
work_career_education,why college is expensive explained,L6e9lxoKETQ,UChgho3XtawPndU7DOW6bkSg,USA Fact Hub ,Why College in America Is So Expensive (Explained Simply),8,5 months ago,150,60,https://www.youtube.com/watch?v=L6e9lxoKETQ
work_career_education,why college is expensive explained,Z-rEHu8DEy4,UCf-U0uPVQZtcqXUWa_Hl4Mw,Into the Shadows,How Colleges Massively Inflate Tuition Prices,103232,10 months ago,300,1620,https://www.youtube.com/watch?v=Z-rEHu8DEy4
work_career_education,why college is expensive explained,i1DyJBGk-14,UCvf6qJBZ1RMyDKIyXFbT3pg,America Explained,Why Is College in America So Expensive?,14,1 month ago,30,230,https://www.youtube.com/watch?v=i1DyJBGk-14
work_career_education,why college is expensive explained,oZnYHjy_97o,UCDKDd-c_9L-Y55w2VXPRtoQ,Simple Learning,Why College Is So Expensive in the United States?,20,8 months ago,240,207,https://www.youtube.com/watch?v=oZnYHjy_97o
work_career_education,why college is expensive explained,9ZD8VuV10JM,UC2WHdjBbYDoFQ5F4W3MMrlg,Sophia Explains Money,Why College Is the Most Expensive Mistake Your Parents Talked You Into,12,4 months ago,120,1153,https://www.youtube.com/watch?v=9ZD8VuV10JM
work_career_education,why college is expensive explained,nGVj_aQVjqg,UCTLU_5of8LkvBRdfl6-Sv6Q,Damtry ,Why College Is So Expensive in America (The Real Reason),43,4 weeks ago,28,561,https://www.youtube.com/watch?v=nGVj_aQVjqg
work_career_education,why college is expensive explained,7oVzsFCnF48,UCanNUvfdjDPGXsAMgjAo4pA,American Decoded,Why Is College So Expensive in America? | The $1.7 Trillion Student Debt Crisis,35,1 month ago,30,462,https://www.youtube.com/watch?v=7oVzsFCnF48
work_career_education,why college is expensive explained,4V8Iz-eYU5U,UCU_aTn2PIv-9Lz5RnVfsYZg,How the System Works,Why College in the U.S. Is So Expensive (And Who It Really Benefits),44,6 months ago,180,336,https://www.youtube.com/watch?v=4V8Iz-eYU5U
work_career_education,why college is expensive explained,5x1vdY70o2k,UCnZ0Yu6LeikZdr4vERDYwPA,Cloud School Pro,Why America Has the Most Expensive Colleges in the World | Cloud School Pro | CSP | English,100,9 months ago,270,345,https://www.youtube.com/watch?v=5x1vdY70o2k
work_career_education,why college is expensive explained,SzOqkg3fhgY,UCsJTovsEyLJmYBpRPAHgFZw,Rick Untrapped,THE COLLEGE TRAP: Why the Most Expensive Decision of Your Life Was Made at 17,7,5 months ago,150,1184,https://www.youtube.com/watch?v=SzOqkg3fhgY
work_career_education,why college is expensive explained,BF2yKfwA5Oc,UCur04iEKwcfhA6Iw-oM56EA,Bear Markets & Bad Decisions,Why College Got So Expensive | The Full Story,2,4 months ago,120,393,https://www.youtube.com/watch?v=BF2yKfwA5Oc
work_career_education,why college is expensive explained,xazJZ_uUhWM,UCZvZmRkPf6BJFfItBgIpoZw,justin herbert bruner,Why College Got So Expensive,3,2 months ago,60,401,https://www.youtube.com/watch?v=xazJZ_uUhWM
work_career_education,why college is expensive explained,WDZm6hTYbEY,UCnnxJMmo7WGU8i1WMTnwUXw,Privileged Few,Why Rich Kids Study in Le Rosey (The Most Expensive School),163759,10 months ago,300,742,https://www.youtube.com/watch?v=WDZm6hTYbEY
work_career_education,why college is expensive explained,1RrTC6oc1Wk,UCX-m7uCGbm97agN_KW7xFUA,Facts Lane,The Truth Behind America’s Expensive College Crisis,23,9 months ago,270,208,https://www.youtube.com/watch?v=1RrTC6oc1Wk
work_career_education,why college is expensive explained,9BCRuUu4zvQ,UCrGbniMdId08sj8p3kbxboQ,DontForget,Gen Z Realized College Was The Most Expensive Mistake They Ever Made,6,2 months ago,60,2567,https://www.youtube.com/watch?v=9BCRuUu4zvQ
work_career_education,why college is expensive explained,ql5sWIEAcFw,UClHVl2N3jPEbkNJVx-ItQIQ,HealthyGamerGG,Why You're The Least Valuable Friend,816862,8 months ago,240,924,https://www.youtube.com/watch?v=ql5sWIEAcFw
work_career_education,why college is expensive explained,BHwzObA8kcI,UCm5iBOcQ0GET_2FqFI61QDA,Cara Nicole,How Student Debt Keeps Americans Poor,70063,11 months ago,330,817,https://www.youtube.com/watch?v=BHwzObA8kcI
work_career_education,why college is expensive explained,JLX4aEeyfJc,UCMasba3EkJNuGHVFGki8NsA,Badly Drawn Economics,"Why Haircuts, College and Healthcare Keep Getting More Expensive",1,1 month ago,30,245,https://www.youtube.com/watch?v=JLX4aEeyfJc
work_career_education,why college is expensive explained,m6esriVPjto,UC5wFCss3J68_MMZT_VxQvUA,The World Of Keya,High And Low The Gangsters Movie Explain In Bangla|Korean|Drama|The World Of Keya,1528521,11 months ago,330,2352,https://www.youtube.com/watch?v=m6esriVPjto
work_career_education,career crisis documentary,j2QEieIiiXg,UCgNg3vwj3xt7QOrcIDaHdFg,PolyMatter,The Entry-Level Job Crisis,179396,2 months ago,60,1180,https://www.youtube.com/watch?v=j2QEieIiiXg
work_career_education,career crisis documentary,gSVtihvXhgE,UCZtMlc5KUvt44kSdjLaxtEQ,Sabbir Mallick ,"🔥 Degree Hai, Job Nahi! | The Gen Z Job Crisis in India @dhruvrathee #documentary #hindidocumentary",27,2 months ago,60,159,https://www.youtube.com/watch?v=gSVtihvXhgE
work_career_education,career crisis documentary,z6eUherbdk0,UC3njZ48-FDxLleBYaP0SZIg,The Hindu,Bihar’s Job Crisis: Why are so many young people unemployed?,20788,9 months ago,270,640,https://www.youtube.com/watch?v=z6eUherbdk0
work_career_education,career crisis documentary,jVqWVUg7p7Y,UC7VV9lxZ7wKraO1mwNZPajQ,Global Discovery Documentary,The Office Job Crisis — Why Millions of U.S. Workers Are Suddenly Replaceable,3681,5 months ago,150,1496,https://www.youtube.com/watch?v=jVqWVUg7p7Y
work_career_education,career crisis documentary,n8_q52oiMhY,UCO3pT4ZI8x2RVqYWxxcrZsw,upGrad,"India’s Biggest Career Crisis Has Begun ft RAJ SHAMANI, VISHWA SIR | upGrad",38822,3 months ago,90,596,https://www.youtube.com/watch?v=n8_q52oiMhY
work_career_education,career crisis documentary,-ozTWIMUDZ8,UCvJJ_dzjViJCoLf5uKUTwoA,CNBC,Where Did All The Good Jobs Go?,313484,7 months ago,210,1913,https://www.youtube.com/watch?v=-ozTWIMUDZ8
work_career_education,career crisis documentary,PP1b1YhWf1U,UCfYW5GXBXueSO5p9bxD45qg,BBC Global,Young people can't find jobs. What should they do? | BBC Global,184013,11 months ago,330,643,https://www.youtube.com/watch?v=PP1b1YhWf1U
work_career_education,career crisis documentary,CmaGMNYWTcY,UCm9f3QOllxPvLXtN5qCK3Hg,Beyond Economy,Why Even HARVARD's Smartest Students Can’t get a Job Now?,1040064,10 months ago,300,636,https://www.youtube.com/watch?v=CmaGMNYWTcY
work_career_education,career crisis documentary,T_S-0u9rGK4,UCpgh3p0dfB73tftHU64PYJA,Mackard,Why Gen Z is Facing a Job Market Apocalypse,197682,4 months ago,120,484,https://www.youtube.com/watch?v=T_S-0u9rGK4
work_career_education,career crisis documentary,y6ILZNDAnHI,UCrrt7SXLYiCp_ZekMZZu_sA,The Bulb,2008 Financial Crisis Explained in Hindi | Kya Ye Inside Job Tha? 😱| Inside JOB | Netflix,1583,4 months ago,120,532,https://www.youtube.com/watch?v=y6ILZNDAnHI
work_career_education,career crisis documentary,IZZ75UsMRV0,UCx1ry-pMvmdsGhq-cXfVOkA,One Way,The Dark Reality of India’s Job Crisis | Unemployment Documentary,4,12 days ago,12,621,https://www.youtube.com/watch?v=IZZ75UsMRV0
work_career_education,career crisis documentary,17PS8kEfjpI,UCfdNM3NAhaBOXCafH7krzrA,The Infographics Show,Why the US is Running Out of Jobs,1024711,11 months ago,330,1170,https://www.youtube.com/watch?v=17PS8kEfjpI
work_career_education,career crisis documentary,xn0STTFnySk,UCx8Z14PpntdaxCt2hakbQLQ,The Lallantop,Job Crisis in India Documentary 4K | Boojho To Bihar 2 | Rajat Sain Roohani,275630,9 months ago,270,4461,https://www.youtube.com/watch?v=xn0STTFnySk
work_career_education,career crisis documentary,fzn9QjJgOtM,UCNye-wNBqNL5ZzHSJj3l8Bg,Al Jazeera English,Degrees without careers: Why US new graduates can’t find jobs | This is America,82667,2 months ago,60,1504,https://www.youtube.com/watch?v=fzn9QjJgOtM
work_career_education,career crisis documentary,LthDymeskbk,UC6JEz6BKg7hX7idKecN7QYA,Jist,The Shocking Truth About India’s Job Crisis (Unemployment Explained) ft. Medha | Jist,183262,2 months ago,60,1277,https://www.youtube.com/watch?v=LthDymeskbk
work_career_education,career crisis documentary,D7Y-nJ8uiEA,UC-CSyyi47VX1lD9zyeABW3w,Dhruv Rathee,The Middle Class TRAP | Why You'll Work Till You Die | Dhruv Rathee,9084180,4 months ago,120,1726,https://www.youtube.com/watch?v=D7Y-nJ8uiEA
work_career_education,career crisis documentary,pNqmCJxh0Nc,UC7VV9lxZ7wKraO1mwNZPajQ,Global Discovery Documentary,The Dark Side of Everyday Life in America Is Being Exposed — And It’s Getting Worse,10469,2 days ago,2,1352,https://www.youtube.com/watch?v=pNqmCJxh0Nc
work_career_education,future of work explained documentary,-JJ4OE0rZJo,UCQXHTFnQYFTqN0MqmNh9EIA,BBC World Service,"Is a four-day week the future of work? - What in the World podcast, BBC World Service",278113,10 months ago,300,857,https://www.youtube.com/watch?v=-JJ4OE0rZJo
work_career_education,future of work explained documentary,qflh4GKbmVQ,UC-rCCy3FQ-GItDimSR9lhzw,Future of Life Institute,Economist explains what happens after AI takes all jobs,346312,5 months ago,150,1361,https://www.youtube.com/watch?v=qflh4GKbmVQ
work_career_education,future of work explained documentary,6zAgTga9kZw,UC16niRr50-MSBwiO3YDb3RA,BBC News,Are humans useless in the AI workspace? | BBC News,266310,4 months ago,120,1572,https://www.youtube.com/watch?v=6zAgTga9kZw
work_career_education,future of work explained documentary,xHiW572wZRY,UChftTVI0QJmyXkajQYt2tiQ,moneycontrol,"Future of Jobs in India? AI, Skills & Workforce Debate Explained | Future of Work Summit",38916,3 months ago,90,1549,https://www.youtube.com/watch?v=xHiW572wZRY
work_career_education,future of work explained documentary,cJfKqKEyw1o,UCAuUUnT6oDeKwE6v1NGQxug,TED,AI is Coming for Your Job. Now What? | Vlad Tenev | TED,159665,7 months ago,210,928,https://www.youtube.com/watch?v=cJfKqKEyw1o
work_career_education,future of work explained documentary,3vAcvd3Y_bg,UCqhoA7MQgt0lY14JwV_gktg,Mind Lens,How AI Will Change Jobs Forever | Future of Work Explained,47,6 months ago,180,71,https://www.youtube.com/watch?v=3vAcvd3Y_bg
work_career_education,future of work explained documentary,p_kF_SDB0-c,UCQXHTFnQYFTqN0MqmNh9EIA,BBC World Service,"How AI is changing the job market - What in the World podcast, BBC World Service",693450,11 months ago,330,836,https://www.youtube.com/watch?v=p_kF_SDB0-c
work_career_education,future of work explained documentary,6dMAhLOzCQo,UCSSZLh9bYouxBdeProBTy1g,𝐓𝐫𝐮𝐭𝐡𝐍𝐞𝐱𝐮𝐬,How AI Will Replace Jobs by 2030 | The Future of Work Explained,11,1 month ago,30,508,https://www.youtube.com/watch?v=6dMAhLOzCQo
work_career_education,future of work explained documentary,vCoGfisdS8Y,UCWXYDYv5STLk-zoxMP2I1Lw,Dan Koe,The Future Of Work (& The New High-Income Skill Stack),182970,6 months ago,180,1992,https://www.youtube.com/watch?v=vCoGfisdS8Y
work_career_education,future of work explained documentary,AtBztnM1oYY,UCsg20ERGZt9eHVZRXROJSqg,Brett Malinowski,Gen-Z vs The Job Market: The Future of Work,59524,7 months ago,210,769,https://www.youtube.com/watch?v=AtBztnM1oYY
work_career_education,future of work explained documentary,eUOMNiuYRnk,UCDucRDB8_mJxA_0eUyH2D7w,Hidden America Files,How AI Is Replacing Jobs in America | The Future of Work (2026 Documentary),17,2 months ago,60,145,https://www.youtube.com/watch?v=eUOMNiuYRnk
work_career_education,future of work explained documentary,rKCstg7cLVg,UCj9PsGig-Oke5qBIBg9l02A,AI Documentary,Will AI Replace Human Jobs by 2030 | The Shocking Future of Work Explained,66,2 months ago,60,181,https://www.youtube.com/watch?v=rKCstg7cLVg
work_career_education,future of work explained documentary,A4oa7cha9RM,UCH_NPepxAgaIdOU8XvXxIbQ,Future Frame,Which Jobs Will AI Replace First? The Real Future of Work Explained,15,6 months ago,180,672,https://www.youtube.com/watch?v=A4oa7cha9RM
work_career_education,future of work explained documentary,fd6XUtJAWWw,UCPTDdIFlaBrHdCEerIjdXKw,Khalan Studio,The Last Generation of Human Workers FULL EPISODE | Science Fiction Documentary,429970,2 months ago,60,869,https://www.youtube.com/watch?v=fd6XUtJAWWw
work_career_education,future of work explained documentary,nt9j1k2IhUY,UCKelCK4ZaO6HeEI1KQjqzWA,The AI Daily Brief: Artificial Intelligence News,"Autoresearch, Agent Loops and the Future of Work",51008,5 months ago,150,1265,https://www.youtube.com/watch?v=nt9j1k2IhUY
work_career_education,future of work explained documentary,sl6bq1iC56Y,UCnYMOamNKLGVlJgRUbamveA,Tom Bilyeu,AI Will Erase 300 Million Jobs By 2030 (Do This NOW To Survive),698402,11 months ago,330,2343,https://www.youtube.com/watch?v=sl6bq1iC56Y
work_career_education,layoffs explained documentary,8g5img1hTes,UCvJJ_dzjViJCoLf5uKUTwoA,CNBC,The Truth About AI And The Mass Layoffs,688187,9 months ago,270,364,https://www.youtube.com/watch?v=8g5img1hTes
work_career_education,layoffs explained documentary,uI_YoB3tYu4,UCZRoNJu1OszFqABP8AuJIuw,Logically Answered,When you lay off too many people...,267755,4 weeks ago,28,1152,https://www.youtube.com/watch?v=uI_YoB3tYu4
work_career_education,layoffs explained documentary,O3gYyCB2n9o,UCfYW5GXBXueSO5p9bxD45qg,BBC Global,Researchers studied AI layoffs. Here's their warning.,634806,1 month ago,30,618,https://www.youtube.com/watch?v=O3gYyCB2n9o
work_career_education,layoffs explained documentary,-mLQFmSUBWE,UCr-ghFVXJQ8s1J4OgVFR5DA,CapitalVex,The Economics of Corporate Layoffs,122,2 days ago,2,903,https://www.youtube.com/watch?v=-mLQFmSUBWE
work_career_education,layoffs explained documentary,ZWGMVvvh90Y,UCWXi25L48lPT4-24VbOmtog,Chapter Zero,The $100 Billion Business of Layoffs,93,3 months ago,90,966,https://www.youtube.com/watch?v=ZWGMVvvh90Y
work_career_education,layoffs explained documentary,8EE4rG3UH7Y,UCzCsyvyrq38R6TnztEzOmgg,ByteMonk,The Dangerous Math Behind AI Layoffs,76365,3 months ago,90,613,https://www.youtube.com/watch?v=8EE4rG3UH7Y
work_career_education,layoffs explained documentary,WqBKeuZhtpU,UCjtT5HoAtmWve9KwW0fhw3g,The Real Business Model,Microsoft's Biggest Layoffs Explained: The AI Strategy No One Saw Coming,8,1 month ago,30,485,https://www.youtube.com/watch?v=WqBKeuZhtpU
work_career_education,layoffs explained documentary,qKK-EzCPzsA,UCPHfR-ca-k1eZYvDiC9DKZQ,Global Core Insight Documentary,The Silent Layoff Epidemic Has Already Started in the U.S.,517,8 months ago,240,1371,https://www.youtube.com/watch?v=qKK-EzCPzsA
work_career_education,layoffs explained documentary,F7ng3JIT-VQ,UC7VV9lxZ7wKraO1mwNZPajQ,Global Discovery Documentary,"Laid Off After Decades in Tech: The Anxiety, Sacrifice, and Reality Millions of Americans Face Today",12532,7 months ago,210,1456,https://www.youtube.com/watch?v=F7ng3JIT-VQ
work_career_education,layoffs explained documentary,laHM12pr39E,UC2lb1O6Et2XCIfPdxvWEb1Q,WealthLevels,How AI Layoffs Are Creating a New Class System | 8 Levels Explained,1,2 weeks ago,14,647,https://www.youtube.com/watch?v=laHM12pr39E
work_career_education,layoffs explained documentary,QrIoGAJis3E,UCwoQ5YftikusN6b5i6FZ0ig,NexaDocs,Is India's Economy in Trouble? The Real Reasons Behind Layoffs & the Falling Rupee,3,1 month ago,30,336,https://www.youtube.com/watch?v=QrIoGAJis3E
work_career_education,layoffs explained documentary,mQQIRiWIhOQ,UCv16dFZyxsaThvW9SYQwiJQ,Across The States,Mass Layoffs Are Hitting White Collar Jobs in America… What's Really Happening Is Worse,5895,1 month ago,30,1661,https://www.youtube.com/watch?v=mQQIRiWIhOQ
work_career_education,layoffs explained documentary,OVp_13R7-sc,UC1udGLOvXb5HhP4DLL9e_Zw,Elite Fortune Media,AI Layoffs Already Started Documentary,5,2 months ago,60,113,https://www.youtube.com/watch?v=OVp_13R7-sc
work_career_education,layoffs explained documentary,Hpnk6qsUdbo,UCkZwss8mQiYXTgVYmxvQ3Dw,Global Top Updates 24,AI Layoffs Explained: Are White-Collar Jobs Safe Anymore? | FULL DOCUMENTARY,7,5 months ago,150,510,https://www.youtube.com/watch?v=Hpnk6qsUdbo
work_career_education,layoffs explained documentary,h2cDWbKVZe8,UC7VV9lxZ7wKraO1mwNZPajQ,Global Discovery Documentary,"Mass Layoffs, Millions Unemployed — America’s White-Collar Workforce Is Collapsing (2026)",8940,3 months ago,90,1429,https://www.youtube.com/watch?v=h2cDWbKVZe8
work_career_education,layoffs explained documentary,Z9KZj1O-m6g,UCv16dFZyxsaThvW9SYQwiJQ,Across The States,Why 2026 Layoffs Look Different — U.S. Companies Quietly Cut Millions Of Jobs,40007,6 months ago,180,1638,https://www.youtube.com/watch?v=Z9KZj1O-m6g
work_career_education,layoffs explained documentary,rl_xaxL7Ye8,UCZWSNDuaPTznZ9sdQ94oC3A,The HR Insider: Real Legal Cases,Why Was I Chosen? A Layoff Case Explaining How Employers Decide: Compliance Lessons,277,8 months ago,240,815,https://www.youtube.com/watch?v=rl_xaxL7Ye8
work_career_education,layoffs explained documentary,ZwynULzFM0s,UCOkPUlXy3oTd2e5SngooGCw,Europe Today - The Untold,Millions of Brits Are Losing Their Jobs — UK’s Mass Layoffs Nightmare Has Begun,3263,3 months ago,90,1533,https://www.youtube.com/watch?v=ZwynULzFM0s
work_career_education,layoffs explained documentary,IeTFpsuCor8,UCoUxsWakJucWg46KW5RsvPw,Financial Times,The graduate 'jobpocalypse':  Where have all the entry-level jobs gone? | FT Working It,1392819,10 months ago,300,838,https://www.youtube.com/watch?v=IeTFpsuCor8
work_career_education,layoffs explained documentary,J71Pn_Nj7HQ,UC7VV9lxZ7wKraO1mwNZPajQ,Global Discovery Documentary,"U.S. States Are Quietly Breaking — Layoffs, Debt, and Migration Out of Control",4054,3 months ago,90,1543,https://www.youtube.com/watch?v=J71Pn_Nj7HQ
work_career_education,student debt explained America,I_jKjzhUPjs,UC6o-wWU-v2ClFMwougmK7dA,BBC Politics,'I’m 22 and I have £90k of student loan debt',30217,5 months ago,150,256,https://www.youtube.com/watch?v=I_jKjzhUPjs
work_career_education,student debt explained America,Z1lsxNJebng,UCFAcRx_3CkanEagZxfuuulw,Crayon Economy,Student LOAN Crisis Explained Like You're 5,62,2 days ago,2,530,https://www.youtube.com/watch?v=Z1lsxNJebng
work_career_education,student debt explained America,6XhK9hse-bI,UCoMdktPbSTixAyNGwb-UYkQ,Sky News,"'I owe £115,000': How student debt is trapping a generation of graduates",62095,4 months ago,120,1003,https://www.youtube.com/watch?v=6XhK9hse-bI
work_career_education,student debt explained America,nnDp8aakm3A,UCc8mgmxzl_Yhf9PlvElZ68w,Marissa Van,Student Loan Debt Is Spiraling Out of Control in 2026,87578,7 months ago,210,1507,https://www.youtube.com/watch?v=nnDp8aakm3A
work_career_education,student debt explained America,C6tO9EqlIRc,UCTln5ss6h6L_xNfMeujfPbg,Scripps News,The biggest student loan shake-up in years explained,17327,1 month ago,30,126,https://www.youtube.com/watch?v=C6tO9EqlIRc
work_career_education,student debt explained America,UKplDQO5TNo,UCZ5wgmYxTe_lzmegs41S3vA,Tawk To Em Bwoi,20 Minutes of Americans REGRETTING Going to College,1363,16 hours ago,0,1436,https://www.youtube.com/watch?v=UKplDQO5TNo
work_career_education,student debt explained America,HO9TNRsll6A,UC8p1vwvWtl6T73JiExfWs1g,CBS News,More than 9 million student loan borrowers now in default,19826,1 month ago,30,214,https://www.youtube.com/watch?v=HO9TNRsll6A
work_career_education,student debt explained America,iGBZd8mguEw,UCq3p7oAf9WLXWhHkJrgeRnA,The Money Finance ,The Hidden System Keeping Americans Trapped in $1.7 Trillion of Student Debt । The Money Finance,11,2 weeks ago,14,860,https://www.youtube.com/watch?v=iGBZd8mguEw
work_career_education,student debt explained America,NajWiCHMFFU,UC_gUM8rL-Lrg6O3adPW9K1g,WION,US Student Loan Defaults Hit Record High As Debt Crisis Deepens | WION,9452,3 months ago,90,161,https://www.youtube.com/watch?v=NajWiCHMFFU
work_career_education,student debt explained America,eMpJLFaEJ8M,UCD_DaKNac0Ta-2PeHuoQ1uA,Senator Bernie Sanders,BREAKING: Student Loan Payments Will SPIKE on July 1st,86966,2 months ago,60,364,https://www.youtube.com/watch?v=eMpJLFaEJ8M
work_career_education,student debt explained America,lTdGJn5Hzps,UCx0atOaaG2CB4ML9MK0gddQ,Money History Explained,The Dark History of Student Debt in America,153,7 months ago,210,1145,https://www.youtube.com/watch?v=lTdGJn5Hzps
work_career_education,student debt explained America,1UhyoswBx9w,UC16niRr50-MSBwiO3YDb3RA,BBC News,How do student loans work and are the recent changes ‘reasonable and fair’?| BBC Radio 4,15276,6 months ago,180,557,https://www.youtube.com/watch?v=1UhyoswBx9w
work_career_education,student debt explained America,dUTe9cJuoLE,UCSMqateX8OA2s1wsOR2EgJA,TLDR News,The Student Loan System is Now Completely Broken,227214,6 months ago,180,513,https://www.youtube.com/watch?v=dUTe9cJuoLE
work_career_education,student debt explained America,UIm3_ua31Fs,UCAYwomlsmN0DsPeeumEKFXg,WWMT-TV,Student loan forgiveness: What you need to know under Trump’s new agreement,80694,10 months ago,300,206,https://www.youtube.com/watch?v=UIm3_ua31Fs
work_career_education,student debt explained America,I8dAMAZMOqg,UCoMdktPbSTixAyNGwb-UYkQ,Sky News,Student loans: Why so many graduates won’t pay them back,94101,5 months ago,150,470,https://www.youtube.com/watch?v=I8dAMAZMOqg
work_career_education,student debt explained America,6-ZiACTLjms,UC2ZSmVyZh1Wvn1jawz83GYw,DollarCipher,The Dark Truth About Student Loans in America,13,2 months ago,60,477,https://www.youtube.com/watch?v=6-ZiACTLjms
work_career_education,student debt explained America,bM_5j-0oGh0,UCRXXl7xsxWFb4U84Jp_vgaw,Money Decode,America’s Student Loan Trap: Why the Debt Never Ends,1011,1 month ago,30,481,https://www.youtube.com/watch?v=bM_5j-0oGh0
work_career_education,student debt explained America,LdiPICH4_Tc,UCzWsO-AHICHqM4rR8ebrhng,Quite Wealthy,Why Gen Z Will Be the Poorest Generation in Modern American History #genz,4,16 minutes ago,0,1197,https://www.youtube.com/watch?v=LdiPICH4_Tc
work_career_education,student debt explained America,HkKqIzj2MDs,UCTH9zV8Imw09J5bOoTR18_A,Senator Elizabeth Warren,Have Student Loans? Watch This.,156978,7 months ago,210,427,https://www.youtube.com/watch?v=HkKqIzj2MDs
work_career_education,blue collar jobs explained,kTPmLqMZkVo,UCM7I_NC8mIyNLlslSi129ow,You Betcha,I Ranked Every Blue Collar Job,526318,6 months ago,180,928,https://www.youtube.com/watch?v=kTPmLqMZkVo
work_career_education,blue collar jobs explained,vaNGXA2IdEI,UCYXYA4wnUN79uwxUe0NAW9Q,Jagran Josh,White Collar Vs Blue Collar Jobs: What's the difference?,1104,11 months ago,330,209,https://www.youtube.com/watch?v=vaNGXA2IdEI
work_career_education,blue collar jobs explained,LJXCum1nY_w,UC70eGJralPomhRI1l_6YSEA,The Crusader,Trade Jobs Be Like...,998491,11 months ago,330,95,https://www.youtube.com/watch?v=LJXCum1nY_w
work_career_education,blue collar jobs explained,hr1yz8LWzgI,UCNEyrgow0dCiYrHY7R9UqnA,Gulf Jobs Platform,"Gulf Jobs 2026: 7 Types of Collar Jobs Explained | Salary, Demand & Career Guide | Gulf Job Category",19,3 days ago,3,673,https://www.youtube.com/watch?v=hr1yz8LWzgI
work_career_education,blue collar jobs explained,w5IIt_3tjlM,UCWOzB977dUjQcwzSWXkLIaA,Knowledge Stairs,Red Collar Workers | Type of Different Collar Jobs  | Quickest and Easiest Explanation in Hindi,50,5 months ago,150,39,https://www.youtube.com/watch?v=w5IIt_3tjlM
work_career_education,blue collar jobs explained,mHfj4E0-O3I,UC4bNwFv68WuD8rxdAM11gJg,Studycoach,"Every Type of 'Collar' Job Explained (White, Blue, Pink, Grey & More!) #collar #whitecollar",389,4 weeks ago,28,251,https://www.youtube.com/watch?v=mHfj4E0-O3I
work_career_education,blue collar jobs explained,jyrlEahSDE0,UCMfym-9BTQUmmfS32SZAv1A,Light Budget Stories,Trade Jobs Be Like…,10647,11 months ago,330,151,https://www.youtube.com/watch?v=jyrlEahSDE0
work_career_education,blue collar jobs explained,p1yCOdp2vs0,UCc8q4B1bj-668LMHyNXnTxQ,Economy Media,"Jobs AI Will Never Replace, Study Finds",368273,10 months ago,300,496,https://www.youtube.com/watch?v=p1yCOdp2vs0
work_career_education,blue collar jobs explained,SKGhikFOooY,UCw7BQHzrYwfK_Sm-BaBhVzA,Nilen Patel,"White Collar, Blue Collar & Other Collar Jobs Explained | Job Classifications Made Simple",12,2 months ago,60,235,https://www.youtube.com/watch?v=SKGhikFOooY
work_career_education,blue collar jobs explained,43TpSPMRoDw,UCWOzB977dUjQcwzSWXkLIaA,Knowledge Stairs,White Collar Workers | Type of Different Collar Jobs  | Quickest and Easiest Explanation in Hindi,23,6 months ago,180,66,https://www.youtube.com/watch?v=43TpSPMRoDw
work_career_education,blue collar jobs explained,I7llIGAF6Eg,UCLzrP1E-I3kILtq437gdLpA,Dumanity,Why Gen Z Is Rejecting Corporate Jobs,479599,6 months ago,180,692,https://www.youtube.com/watch?v=I7llIGAF6Eg
work_career_education,blue collar jobs explained,oE3XNXI3iCE,UCNAHILfx2Ng2f7dhZ_RPNww,TheSecurityBros,"""The American Dream Is DEAD!"" - Worker Shortage Explained | Why People Don't Want Blue Collar Jobs",60,6 months ago,180,391,https://www.youtube.com/watch?v=oE3XNXI3iCE
work_career_education,blue collar jobs explained,KJG45knOzDg,UCoUxsWakJucWg46KW5RsvPw,Financial Times,The blue-collar jobs revival: The skills the world needs now | FT Working It,64539,7 months ago,210,1016,https://www.youtube.com/watch?v=KJG45knOzDg
work_career_education,blue collar jobs explained,jmgwo4y4euE,UCqBkdAuMACt37Ek6p4BemVA,Social Symone ♡,Wait... Women Are Making HOW MUCH Money  In Trades?!,86540,2 months ago,60,1616,https://www.youtube.com/watch?v=jmgwo4y4euE
work_career_education,blue collar jobs explained,6ffkAe1cAk0,UCf7V0TjouAlbM8cGyUuoSRw,The Quiet Farm,EVERY BLUE COLLAR TRADE (CONSTRUCTION) EXPLAINED IN 6 MINUTES,53,2 months ago,60,379,https://www.youtube.com/watch?v=6ffkAe1cAk0
work_career_education,blue collar jobs explained,j1tGDhBaYiQ,UCJjSDX-jUChzOEyok9XYRJQ,Jubilee,White Collar vs Blue Collar Workers | Middle Ground,1883264,3 months ago,90,2535,https://www.youtube.com/watch?v=j1tGDhBaYiQ
work_career_education,blue collar jobs explained,YlsAblGcciA,UCIf6t3gpKr_D46xuWlj9UAQ,Knowledge at Wharton,How AI Is Reshaping Blue-Collar Work and Skills,426,4 months ago,120,607,https://www.youtube.com/watch?v=YlsAblGcciA
work_career_education,blue collar jobs explained,0lwftepuvYA,UC_iEmYXdZJvjxdUMehwSXqw,Asian Dad Energy,AI Will Replace White Collar Jobs in 12 Months? The Truth No One Explains,343383,6 months ago,180,861,https://www.youtube.com/watch?v=0lwftepuvYA
work_career_education,blue collar jobs explained,-y1XvM-15Sc,UCEWcEzPZpN6JbembrGbFI3w,Big Questions,Blue Collar vs. White Collar Jobs: What’s the Difference?,5,8 months ago,240,188,https://www.youtube.com/watch?v=-y1XvM-15Sc
work_career_education,blue collar jobs explained,uZeTapnFNYg,UCKyl9i5YUm9CEGApLGfILAg,Elite Economic Forum,Why American Blue Collar Jobs are Surviving the Global AI Revolution,44,3 months ago,90,481,https://www.youtube.com/watch?v=uZeTapnFNYg
work_career_education,why wages are low explained America,_5yCEZ6fI6g,UCOVYfzUOAtFDmu7ZfTTd2mg,Sienna Drive,Why Salaries Stay Low in America | The Hidden System Keeping You Middle Class,21,5 months ago,150,697,https://www.youtube.com/watch?v=_5yCEZ6fI6g
work_career_education,why wages are low explained America,cNQefANuick,UC85B_uHhuOTAAn450N2A9cw,Matthew Gospel Report,"How a $100,000 Salary in California Became Lower Middle Class",90,2 months ago,60,710,https://www.youtube.com/watch?v=cNQefANuick
work_career_education,why wages are low explained America,6DXZMXZCY0I,UCkCGANrihzExmu9QiqZpPlQ,How Money Works,If We Tax Rich People... They Will Just Leave!,1697357,9 months ago,270,812,https://www.youtube.com/watch?v=6DXZMXZCY0I
work_career_education,why wages are low explained America,sAEFckdBK4c,UCQgD6tV8_dHbR8KakmY6m5w,TimesXP,Why Indians Still Choose America Despite Lower Salary | Indians In U.S,247,2 weeks ago,14,177,https://www.youtube.com/watch?v=sAEFckdBK4c
work_career_education,why wages are low explained America,StdA6-BovKw,UCigUBIf-zt_DA6xyOQtq2WA,ClearValue Tax,Japan's Yen Crisis is Becoming America's Problem,473851,5 days ago,5,943,https://www.youtube.com/watch?v=StdA6-BovKw
work_career_education,why wages are low explained America,MqpMbHZq4WA,UC1j-H0IWdm0vSeP6qtyGVLw,Quest Means Business,Economist Mohamed El-Erian on the U.S. Treasury's effort to lower bond yields,191127,3 days ago,3,432,https://www.youtube.com/watch?v=MqpMbHZq4WA
work_career_education,why wages are low explained America,rRumSzwsaRw,UCV6KDgJskWaEckne5aPA0aQ,Graham Stephan,How The US Is Quietly Erasing The $39 Trillion National Debt,899128,2 months ago,60,1082,https://www.youtube.com/watch?v=rRumSzwsaRw
work_career_education,why wages are low explained America,fdx_XeJHLPs,UC76_aeVhsBzS9gSW6xDo_cA,America Through European Eyes,Brits STUNNED By How Much LOWER Their Salaries Are Than Americans',134,9 days ago,9,381,https://www.youtube.com/watch?v=fdx_XeJHLPs
work_career_education,why wages are low explained America,ass-l9KJL6w,UCzyNDH8YT1AHzXA0oMSWFmw,Personal Finance USA,Why your US Paycheck is so low ( Gross vs Net Pay),111,7 months ago,210,233,https://www.youtube.com/watch?v=ass-l9KJL6w
work_career_education,why wages are low explained America,JMIIE55kNZU,UCWUGAHIfsl5EG9lwCuVAEiw,TIM TRADER • Daily market & macroeconomic analysis,"Record Corporate Profits, Record Low Wage Share: Is the U.S. Economy Breaking?",6,2 months ago,60,707,https://www.youtube.com/watch?v=JMIIE55kNZU
work_career_education,why wages are low explained America,UHqgIuwRIUA,UCQgD6tV8_dHbR8KakmY6m5w,TimesXP,The Death of Low-Cost H-1B: $133K Salary Benchmark Restructures U.S. Tech Jobs| Indians In The U.S.,3200,1 month ago,30,134,https://www.youtube.com/watch?v=UHqgIuwRIUA
work_career_education,why wages are low explained America,_buI3yp-BHQ,UCsx_8HR0I_fsI72RId9di8w,Zee Invests,The American Art of becoming rich on a low salary: A story about quiet wealth,31,1 month ago,30,1130,https://www.youtube.com/watch?v=_buI3yp-BHQ
work_career_education,why wages are low explained America,oC0ywzok_Ng,UCfdNM3NAhaBOXCafH7krzrA,The Infographics Show,The Beginning of the US Debt Collapse is Here,717475,1 month ago,30,1189,https://www.youtube.com/watch?v=oC0ywzok_Ng
work_career_education,why wages are low explained America,_LFyZurFt18,UCfdNM3NAhaBOXCafH7krzrA,The Infographics Show,What If The World Dumps US Debt?,790155,6 months ago,180,810,https://www.youtube.com/watch?v=_LFyZurFt18
work_career_education,why wages are low explained America,phD8voYIR-k,UCL1VdVcXmP5sQyVLt81QMyg,2 and 20,Why the UK's Economy is Awful,2782282,10 months ago,300,1046,https://www.youtube.com/watch?v=phD8voYIR-k
crime_scams_mystery,internet mystery documentary,wevdWrx33zI,UCqW-PuTMM73Ff6qR8k-8HGg,Darkest Horrors,4 Most Disturbing Internet Mysteries,1554386,7 months ago,210,803,https://www.youtube.com/watch?v=wevdWrx33zI
crime_scams_mystery,internet mystery documentary,IK-ivDo6l6I,UCVQGtUcRjHTQLTTu-5s9_4Q,Brew,Internet Races to Decipher the Murder Notes That Could Catch a Killer,1287901,10 months ago,300,2725,https://www.youtube.com/watch?v=IK-ivDo6l6I
crime_scams_mystery,internet mystery documentary,zqD_8LgyDyM,UCVQGtUcRjHTQLTTu-5s9_4Q,Brew,Internet Races to Catch a Mass Killer Posting His Murders on YouTube,1548977,11 months ago,330,2374,https://www.youtube.com/watch?v=zqD_8LgyDyM
crime_scams_mystery,internet mystery documentary,cOAaonpTLlc,UCb9gttCzPcabOnq1nFYPwsw,Cryton,The Hunt for Lux: The Internet’s Most Disturbed User,3044680,5 months ago,150,2175,https://www.youtube.com/watch?v=cOAaonpTLlc
crime_scams_mystery,internet mystery documentary,Hob2BgTOIhA,UCMX31RavkfUHJvw03RbUZnA,Nick Crowley,The Internet's Deadliest Video,2458153,1 month ago,30,2060,https://www.youtube.com/watch?v=Hob2BgTOIhA
crime_scams_mystery,internet mystery documentary,G2ft-l3PHKg,UCVQGtUcRjHTQLTTu-5s9_4Q,Brew,How the Internet Solved a 48-Year Cold Case Police Called Impossible,718171,11 months ago,330,1718,https://www.youtube.com/watch?v=G2ft-l3PHKg
crime_scams_mystery,internet mystery documentary,P6X-EOofsOQ,UCGAmpBtWveYp0-3v9npnhvQ,Chilling Scares,Disturbing Internet Mysteries,2031830,1 month ago,30,2007,https://www.youtube.com/watch?v=P6X-EOofsOQ
crime_scams_mystery,internet mystery documentary,FfhNEkXqchU,UCLD2ZkdEkAKhDETsK6QeDnA,Farrell McGuire,Horrors From an FBI Database,2715673,11 months ago,330,1398,https://www.youtube.com/watch?v=FfhNEkXqchU
crime_scams_mystery,internet mystery documentary,-y129AcHiNM,UCLD2ZkdEkAKhDETsK6QeDnA,Farrell McGuire,Websites Banned by the Internet Archive,524665,3 weeks ago,21,1437,https://www.youtube.com/watch?v=-y129AcHiNM
crime_scams_mystery,internet mystery documentary,6zLCZ_Ic1hI,UCpFFItkfZz1qz5PpHpqzYBw,Nexpo,The Internet's Deepest Rabbit Hole,6440747,3 weeks ago,21,3094,https://www.youtube.com/watch?v=6zLCZ_Ic1hI
crime_scams_mystery,internet mystery documentary,xe2j_DAZgeM,UCVQGtUcRjHTQLTTu-5s9_4Q,Brew,How the Internet Caught a Cannibal,6452186,7 months ago,210,2543,https://www.youtube.com/watch?v=xe2j_DAZgeM
crime_scams_mystery,internet mystery documentary,j1xliJ5PLVI,UCGAmpBtWveYp0-3v9npnhvQ,Chilling Scares,5 Most Disturbing Internet Rabbit Holes,1601594,7 months ago,210,1364,https://www.youtube.com/watch?v=j1xliJ5PLVI
crime_scams_mystery,internet mystery documentary,TRD3OrCJJ9o,UCTWbP-2W-_6mzWLg2oZmT7Q,RetroGamingNow,YouTube's Oldest Unsolved Mystery,742085,10 months ago,300,2668,https://www.youtube.com/watch?v=TRD3OrCJJ9o
crime_scams_mystery,financial scam documentary explained,6WIWn0fQg7Y,UCyAMoOTlfSGPxrtvh6M6wig,Shyam Meera Singh ,They Tried to Hide This Billion-Rupee Scam | The Ketan Parekh Story |  SMS Documentaries,662308,8 months ago,240,2086,https://www.youtube.com/watch?v=6WIWn0fQg7Y
crime_scams_mystery,financial scam documentary explained,hbsYaLaN_F8,UCrNfRFWnLC3tCy1TnyhVQ7g,Casual Finance,Crypto Is a Brilliant Scam and I Can Prove It,565905,9 months ago,270,561,https://www.youtube.com/watch?v=hbsYaLaN_F8
crime_scams_mystery,financial scam documentary explained,kvFDbueOMNI,UCJCHJxB-MYfZq6W3vY91jaA,Sach Ye Hai,$9.2 Billion Gone — The Banking Scam That Fooled the World | Crime Documentary,0,40 minutes ago,0,953,https://www.youtube.com/watch?v=kvFDbueOMNI
crime_scams_mystery,financial scam documentary explained,7Ab28o76TR8,UCZb1qK7zbqUui8Lm1muQNUg,VIVEK SINGH,I Investigated India's BIGGEST Scam and Here's What I Found,56674,10 months ago,300,2004,https://www.youtube.com/watch?v=7Ab28o76TR8
crime_scams_mystery,financial scam documentary explained,BzMvIjgKoLA,UCwbI9_kO6r8zTA5O_nksLaQ,Mighty Monk,Charles Ponzi: The Greatest Financial Fraudster in History,258202,2 months ago,60,1411,https://www.youtube.com/watch?v=BzMvIjgKoLA
crime_scams_mystery,financial scam documentary explained,Wyt1Jmo4LiI,UCEn5V6xJZxLfOm94fvo2wUw,Animated Archives HQ,The $9.2 Billion Banking Fraud - Financial Scam / True Crime Documentary,51904,5 days ago,5,953,https://www.youtube.com/watch?v=Wyt1Jmo4LiI
crime_scams_mystery,financial scam documentary explained,9h7L6PXqKZY,UCJ28K0EZzaYVtdvuMAkGs8g,Jit Doco ,₹4000 Crore Harshad Mehta Scam Explained || The Truth About Scam 1992 || 2D ANIMATION,654,5 months ago,150,732,https://www.youtube.com/watch?v=9h7L6PXqKZY
crime_scams_mystery,financial scam documentary explained,W7ejtvRaMko,UCnLi9MtgNcpOzslyw9Q_p4g,Fact Xpress Hindi,"₹1,86,000 Crore COAL SCAM 🔥 | Full Story Explained | Mega Scams Ep 05",2461,10 months ago,300,638,https://www.youtube.com/watch?v=W7ejtvRaMko
crime_scams_mystery,financial scam documentary explained,2jHNSKUZGaY,UClJKPpFvz_pZb8zBJorPAkQ,The Movie Echo,Crypto Currency Ka Aisa Scam Jo Kisi Ne Nahin Dekha | The Last Thieves (2019)| Explained in Hindi,135773,7 months ago,210,1148,https://www.youtube.com/watch?v=2jHNSKUZGaY
crime_scams_mystery,financial scam documentary explained,IaBqSMt3t7M,UCcA2aJFGGbSHVuqVp23rJlw,Money Chuck,The Worst Financial Scams Ever Explained Like You're 5,217346,10 months ago,300,506,https://www.youtube.com/watch?v=IaBqSMt3t7M
crime_scams_mystery,financial scam documentary explained,3jwMLkLVRdc,UCcyfE_XRrklBb51jUCss2EQ,Har docs ,The Story Behind India's Biggest Stock Market Scam | Scam 1992 Explained | Har Docs,18,2 weeks ago,14,435,https://www.youtube.com/watch?v=3jwMLkLVRdc
crime_scams_mystery,financial scam documentary explained,zm0-i8fKmFE,UC3nw6TwaLBJ-MXeTlBsFazw,Scams,Every Billion Dollar Scam Explained,5980,4 months ago,120,9042,https://www.youtube.com/watch?v=zm0-i8fKmFE
crime_scams_mystery,financial scam documentary explained,rKkfw-2OLMY,UCdHqdfzdvT7tbAfeQM1gLnQ,Grant Rudow,"The NEW 'Payday Loan' Scam, Explained",468933,10 months ago,300,841,https://www.youtube.com/watch?v=rKkfw-2OLMY
crime_scams_mystery,financial scam documentary explained,1kN9esEpZjo,UCkpE0zC2FBrbTJRzmmRL3Gw,FactPaced,The Harshad Mehta Scam Explained | How India's Biggest Stock Market Fraud Shook the Nation,11,11 days ago,11,489,https://www.youtube.com/watch?v=1kN9esEpZjo
crime_scams_mystery,financial scam documentary explained,rG7Wse0AeRI,UC927jHB81UYBpfXtpXjFFMQ,Wise Theory,The Biggest Financial Scam Nobody Talks About | Hidden Money Scams Explained | Finance Documentary,62,4 weeks ago,28,620,https://www.youtube.com/watch?v=rG7Wse0AeRI
crime_scams_mystery,financial scam documentary explained,p2SjYdl_ylE,UCEBMzbnnbQa9NLOR_4MlE0Q,mintpixellearning,Jho Low: The $4.5 Billion Financial Scam | 1MDB Investment Fraud Explained #fraud #finance #wealth,69,4 months ago,120,304,https://www.youtube.com/watch?v=p2SjYdl_ylE
crime_scams_mystery,financial scam documentary explained,_OBlkB9JXME,UCHJuQZuzapBh-CuhRYxIZrg,Insider,How Bank Fraud Actually Works | How Crime Works | Insider,321933,8 months ago,240,2917,https://www.youtube.com/watch?v=_OBlkB9JXME
crime_scams_mystery,unsolved mystery documentary 2026,zy6ZN1qM3sY,UCODHrzPMGbNv67e84WDZhQQ,fern,The Unsolved Murder in Room 1046,2400202,5 days ago,5,2133,https://www.youtube.com/watch?v=zy6ZN1qM3sY
crime_scams_mystery,unsolved mystery documentary 2026,5CDcgYH0Ot0,UCzirOgADPOz0eapgwBcX9Gw,Unsolved Mysteries - Full Episodes,Unsolved Mysteries | Robert Stack | FULL EPISODES | American Mystery Drama Cold Case Series,310,,,,https://www.youtube.com/watch?v=5CDcgYH0Ot0
crime_scams_mystery,unsolved mystery documentary 2026,UtCLluW35qc,UC7yChhK8emSYfFWMvKVRzjw,Calm True Storie,Dateline Full Season NEW 🚔👮 Season 2026 ~ S33.E43 🚔👮 Best American True Crime Documentary Full HD,37201,4 days ago,4,7069,https://www.youtube.com/watch?v=UtCLluW35qc
crime_scams_mystery,unsolved mystery documentary 2026,yH4VtZszDmA,UCXONTfGmLC7ltFgLAlHs24g,Ty Notts,Strangest True Crime Cases of 2026,349653,1 month ago,30,6625,https://www.youtube.com/watch?v=yH4VtZszDmA
crime_scams_mystery,unsolved mystery documentary 2026,quxkJY6GYvY,UCVVXDVee0JZ2dlPYtpdTZVg,FilmRise Television,Unsolved Mysteries | Robert Stack | FULL EPISODES | American Mystery Drama Cold Case Series,139,,,,https://www.youtube.com/watch?v=quxkJY6GYvY
crime_scams_mystery,unsolved mystery documentary 2026,6l-CxaExjCI,UCfJTB3ErX-6pMoba10Sf4Dg,The Night Cipher,10 Chilling Unsolved Mysteries in 2026 (Still No Answers),534,7 months ago,210,611,https://www.youtube.com/watch?v=6l-CxaExjCI
crime_scams_mystery,unsolved mystery documentary 2026,np6bN-hbQ7k,UCIczOFxwgv27AlTkZZMj8yw,Unexplained Mysteries,15 Unsolved Mysteries That Cannot Be Explained,350944,11 months ago,330,5398,https://www.youtube.com/watch?v=np6bN-hbQ7k
crime_scams_mystery,unsolved mystery documentary 2026,HngyRnVHtZI,UCIczOFxwgv27AlTkZZMj8yw,Unexplained Mysteries,10 Unsolved Mysteries You Have Never Heard of in 2026,57360,2 months ago,60,1978,https://www.youtube.com/watch?v=HngyRnVHtZI
crime_scams_mystery,unsolved mystery documentary 2026,WkEhOyghNS4,UCIczOFxwgv27AlTkZZMj8yw,Unexplained Mysteries,15 Unsolved Mysteries That STILL Cannot Be Explained In 2026,16660,2 months ago,60,5638,https://www.youtube.com/watch?v=WkEhOyghNS4
crime_scams_mystery,unsolved mystery documentary 2026,v2pvcDgNiQE,UCGmbysJQhLK663YVGnjZLmA,Dead Curious ,He Hunted Criminals While Committing Serial Murders,183790,1 month ago,30,5463,https://www.youtube.com/watch?v=v2pvcDgNiQE
crime_scams_mystery,unsolved mystery documentary 2026,b-0UOTPsuD8,UCt3JiNkefsfbA2N4SgEkoiQ,Visual Venture,Disturbing Mysteries STILL Unsolved Today,852429,5 months ago,150,1729,https://www.youtube.com/watch?v=b-0UOTPsuD8
crime_scams_mystery,unsolved mystery documentary 2026,CbtA-nJb8Oc,UCr-BYW60bAtDcNtz6AoiHZQ,SR PAY,70 Murders For FUN! | Kanpatimar Shankariya - India's Deadliest Hammer Killer,1843044,7 months ago,210,1401,https://www.youtube.com/watch?v=CbtA-nJb8Oc
crime_scams_mystery,unsolved mystery documentary 2026,X_M6BIX3UYo,UC1s9576cQFdQq3QTtTxocmA,Real Crime,Real-Life Freddy Krueger: This Murder Scene Terrified The FBI,726797,4 months ago,120,2836,https://www.youtube.com/watch?v=X_M6BIX3UYo
crime_scams_mystery,unsolved mystery documentary 2026,Vl6ELX5P4Cc,UCIczOFxwgv27AlTkZZMj8yw,Unexplained Mysteries,The Strangest Unsolved Mysteries of 2026 So Far..,10448,1 month ago,30,5189,https://www.youtube.com/watch?v=Vl6ELX5P4Cc
crime_scams_mystery,unsolved mystery documentary 2026,mytGAhD4Z6I,UCXONTfGmLC7ltFgLAlHs24g,Ty Notts,5 True Crime Cases Too Dark for Netflix,786690,5 months ago,150,6746,https://www.youtube.com/watch?v=mytGAhD4Z6I
crime_scams_mystery,unsolved mystery documentary 2026,GI274lJkuaA,UCDmNmxF3ZVMeGyvWE9tOqPQ,ABC13 Houston,Texas True Crime: The Mattress Murders | Full Documentary,613966,2 months ago,60,2892,https://www.youtube.com/watch?v=GI274lJkuaA
crime_scams_mystery,unsolved mystery documentary 2026,4bIgYWRod34,UC7htuVs06oduI3xSfTdcxPA,48 Hours,Coached to Kill | Full Episode,2977401,7 months ago,210,2508,https://www.youtube.com/watch?v=4bIgYWRod34
crime_scams_mystery,unsolved mystery documentary 2026,Nk7zPYPrsN8,UC7htuVs06oduI3xSfTdcxPA,48 Hours,Drawn to Murder (Part 1 & 2)  | Full Episodes,837417,1 month ago,30,5243,https://www.youtube.com/watch?v=Nk7zPYPrsN8
crime_scams_mystery,fraud case explained documentary,eXpVyJfvnF4,UCkO3uAmES7hmFfLOBRgzY_Q,Wronged,The Most Creepiest & Twisted COUPLE of India | Avinash-Chandrika | True Crime | Wronged,3738858,8 months ago,240,1146,https://www.youtube.com/watch?v=eXpVyJfvnF4
crime_scams_mystery,fraud case explained documentary,ts6NPkoYIMg,UCkO3uAmES7hmFfLOBRgzY_Q,Wronged,TCS Nashik S*xual Harassment Case Reality: A Calculated Trap or a Staged Lie?  | Wronged,1221489,4 months ago,120,1439,https://www.youtube.com/watch?v=ts6NPkoYIMg
crime_scams_mystery,fraud case explained documentary,XHaKy1gnvQc,UC-CSyyi47VX1lD9zyeABW3w,Dhruv Rathee,India's BIGGEST Conspiracy | Reality of Delhi Liquor Scam | Dhruv Rathee,12064944,5 months ago,150,1642,https://www.youtube.com/watch?v=XHaKy1gnvQc
crime_scams_mystery,fraud case explained documentary,8j8-0QVVRfA,UCHb55meDzFOdxr6UG_ho4iw,ShriGuruCool,Wife Cried on Camera… But She Planned His Murder | Dhar Case Explained,691354,4 months ago,120,946,https://www.youtube.com/watch?v=8j8-0QVVRfA
crime_scams_mystery,fraud case explained documentary,ts4eM66E-LA,UCepBxbSrGZkgjgGJuY04c-Q,Professor Of How,Inside the Saradha Chit Fund Scam,1747212,10 months ago,300,1146,https://www.youtube.com/watch?v=ts4eM66E-LA
crime_scams_mystery,fraud case explained documentary,pBaecYk-LI8,UC6JEz6BKg7hX7idKecN7QYA,Jist,How Subrata Roy Fooled Indians? Sahara Scam Explained ft. Sonal | Jist,619815,3 months ago,90,1256,https://www.youtube.com/watch?v=pBaecYk-LI8
crime_scams_mystery,fraud case explained documentary,Gmn-zYNpKE8,UCb3cDvWiHwRzQaK81PrISbg,Leeja Miller,Minnesota Fraud Scandal EXPLAINED,208991,7 months ago,210,1435,https://www.youtube.com/watch?v=Gmn-zYNpKE8
crime_scams_mystery,fraud case explained documentary,oeH0fOSJuX8,UC-CSyyi47VX1lD9zyeABW3w,Dhruv Rathee,Ram Mandir Scam is WORSE Than You Think | Dhruv Rathee,10400464,1 month ago,30,986,https://www.youtube.com/watch?v=oeH0fOSJuX8
crime_scams_mystery,fraud case explained documentary,TlppYYh-Gwc,UC-CSyyi47VX1lD9zyeABW3w,Dhruv Rathee,India's BIGGEST Exam Fraud | How NEET was Leaked! | Dhruv Rathee,9023360,3 months ago,90,755,https://www.youtube.com/watch?v=TlppYYh-Gwc
crime_scams_mystery,fraud case explained documentary,dFGVGrc5xHU,UC6WzPg6yxF9dQx2_O6R4lww,Nitish Rajput,Sumitra Reincarnation Case | Nitish Rajput,3592711,4 days ago,4,1632,https://www.youtube.com/watch?v=dFGVGrc5xHU
crime_scams_mystery,fraud case explained documentary,UmQ8E9vS9pQ,UCn372MiubHTkPFwxKVv45LQ,Fintale,14 MURDERS | THE DARK SECRETS OF SERIAL KILLER RAJA KOLANDER,18702,2 days ago,2,1025,https://www.youtube.com/watch?v=UmQ8E9vS9pQ
crime_scams_mystery,fraud case explained documentary,-1adrappqr4,UCN3R2pc_9NlSETO45R9BNcA,BlueLine Archive,"Fake Travel Nurse Tries to Steal $4,000 in Cash - Ends in TOTAL DISASTER | Legal Analysis",1900,2 hours ago,0,1718,https://www.youtube.com/watch?v=-1adrappqr4
crime_scams_mystery,fraud case explained documentary,LwOrH4e5pv0,UCr-BYW60bAtDcNtz6AoiHZQ,SR PAY,Truth About Jeffrey Epstein Files,2530560,6 months ago,180,2347,https://www.youtube.com/watch?v=LwOrH4e5pv0
crime_scams_mystery,fraud case explained documentary,-Kym_ajQzeI,UCfw1-6hsu5f6vqNOyHzW39A,Nitish Rajput Snippet,Nirav Modi and the PNB Fraud,64766,9 months ago,270,448,https://www.youtube.com/watch?v=-Kym_ajQzeI
crime_scams_mystery,dark web mystery documentary,KPmA5GU_KZM,UCsM3qWjsbJr5Kt7_Q1ulLjg,Rachitroo,i tried DARK-WEB for 7 days | Rachitroo,3139046,11 months ago,330,1171,https://www.youtube.com/watch?v=KPmA5GU_KZM
crime_scams_mystery,dark web mystery documentary,JlYVvffcqSY,UCPGNioeYrJq4nyAt-DVIHZg,SR PAY STORIES,Dark Web Creepy Clown Women (Real Story),516482,2 weeks ago,14,1822,https://www.youtube.com/watch?v=JlYVvffcqSY
crime_scams_mystery,dark web mystery documentary,pBAgyXeCxLc,UC45OWitn6BWG20rxLCL109A,Snook,Horrifying Dark Web Websites,433554,9 months ago,270,2261,https://www.youtube.com/watch?v=pBAgyXeCxLc
crime_scams_mystery,dark web mystery documentary,V6d8Yy7Ji68,UCODHrzPMGbNv67e84WDZhQQ,fern,Hansa: The Infiltration of the Dark Web,3656801,3 weeks ago,21,1470,https://www.youtube.com/watch?v=V6d8Yy7Ji68
crime_scams_mystery,dark web mystery documentary,j7vnAq3_TVs,UCODHrzPMGbNv67e84WDZhQQ,fern,The Hunt for the First Dark Web King,2525874,4 months ago,120,1440,https://www.youtube.com/watch?v=j7vnAq3_TVs
crime_scams_mystery,dark web mystery documentary,Peih23WVK54,UCHFoGRSXGOpc6D_NTGv-UyQ,Inqalaab International,Dark Web King: From Bedroom Student to Billionaire Drug Lord | The Untold Story of Ross Ulbricht,2027486,5 months ago,150,1511,https://www.youtube.com/watch?v=Peih23WVK54
crime_scams_mystery,dark web mystery documentary,_EcoP32yam8,UCBuAkf7VY9EylKftT70RVoA,Reconic,I Investigated YouTube's DARK WEB Videos 😱!?,121406,1 month ago,30,778,https://www.youtube.com/watch?v=_EcoP32yam8
crime_scams_mystery,dark web mystery documentary,jSEhgRYtpus,UC0Qb7WEWW3xBop_6LC4t7qQ,Unplugged Shubhankar,Dark Web: A Hidden World Beyond the Law ? |  Cyber Security | Shubhankar Mishra,1970830,7 months ago,210,887,https://www.youtube.com/watch?v=jSEhgRYtpus
crime_scams_mystery,dark web mystery documentary,u-NiT6xB3HA,UCkOhyFunM8NpDkNlghy3Y9g,RealTalk Clips,The Dark Web’s Most Horrifying Secrets: Red Rooms & Human Experiments Exposed! Ft. @astheticavi,678545,10 months ago,300,2912,https://www.youtube.com/watch?v=u-NiT6xB3HA
crime_scams_mystery,dark web mystery documentary,euePG4NgpUo,UCODHrzPMGbNv67e84WDZhQQ,fern,The Dark Web’s New Deadliest Drug,3276862,2 months ago,60,1644,https://www.youtube.com/watch?v=euePG4NgpUo
crime_scams_mystery,dark web mystery documentary,RXztrXzHlJs,UClJKPpFvz_pZb8zBJorPAkQ,The Movie Echo,Iss Hacker Ne Solve Kiya Dark Web Ka Bada Secret | Dark Web Explained in Hindi,218784,3 weeks ago,21,1294,https://www.youtube.com/watch?v=RXztrXzHlJs
crime_scams_mystery,dark web mystery documentary,cPd_H4CofcY,UCUF0EGa7_yM4TXQl4LYt-YA,Alpha Crime,Dark Web Secrets: The 3 Most Notorious Crimes (Don't miss the last one),45419,1 month ago,30,1695,https://www.youtube.com/watch?v=cPd_H4CofcY
crime_scams_mystery,cult documentary explained,lj_cyTt4SxE,UCiciOsypkXcqSFqSPd-NRVA,Kallmekris,The BRUTALITY Of The Heaven's Gate Cult,1040783,7 months ago,210,3931,https://www.youtube.com/watch?v=lj_cyTt4SxE
crime_scams_mystery,cult documentary explained,XQdqHu-hQFY,UCZqJKUTmgB-cffFSzL3ENJA,Brofessor Stein,Every Group Pushing Societal Collapse Explained in 15 Minutes,1339043,11 months ago,330,949,https://www.youtube.com/watch?v=XQdqHu-hQFY
crime_scams_mystery,cult documentary explained,NBh3GDoq0Rw,UCiciOsypkXcqSFqSPd-NRVA,Kallmekris,The Disturbing Cult Of Scientology,1466862,3 months ago,90,6160,https://www.youtube.com/watch?v=NBh3GDoq0Rw
crime_scams_mystery,cult documentary explained,SPIlEi5dEeY,UCiciOsypkXcqSFqSPd-NRVA,Kallmekris,3 Terrifying Cults You've Never Heard Of...,1344659,5 months ago,150,5408,https://www.youtube.com/watch?v=SPIlEi5dEeY
crime_scams_mystery,cult documentary explained,nuBl8W0jc8M,UC6Mjg5R5QOJYjrio1JmP8Fg,oompaville,The Popular Religion People Call A Cult…,1988397,10 months ago,300,4337,https://www.youtube.com/watch?v=nuBl8W0jc8M
crime_scams_mystery,cult documentary explained,ZdK-ybaxSm0,UCiciOsypkXcqSFqSPd-NRVA,Kallmekris,The HORRIFYING Cult Of Epstein Exposed,4391930,6 months ago,180,4503,https://www.youtube.com/watch?v=ZdK-ybaxSm0
crime_scams_mystery,cult documentary explained,IKHL3Fy-EmI,UC0Ize0RLIbGdH5x4wI45G-A,Drew Binsky,I Entered America's Most Feared Satanic Cult,5278688,10 months ago,300,1638,https://www.youtube.com/watch?v=IKHL3Fy-EmI
crime_scams_mystery,cult documentary explained,68OC4CURwx4,UCxXqd3iE9WziFyQfycE7cwA,Sommer Sanchez,One of the Most Disturbing Cults in Modern History…and it Still Exists,1946202,11 months ago,330,4809,https://www.youtube.com/watch?v=68OC4CURwx4
crime_scams_mystery,cult documentary explained,P8wj3fI37AY,UCVtHlqfvXn-6m6A2IWUB8MQ,Unseen,Cult Leader Thinks He Got Away Until 11YO Exposes His Dark Secret | Niki Lopez & The Nuwubian Nation,1588253,9 months ago,270,1513,https://www.youtube.com/watch?v=P8wj3fI37AY
crime_scams_mystery,cult documentary explained,aer5S78hiZ8,UC4oVjJptcsvtgIMrdIUQYlQ,LADbible Stories,Jenna Miscavige On The Church Of Scientology | LADbible Stories,1619784,10 months ago,300,1851,https://www.youtube.com/watch?v=aer5S78hiZ8
crime_scams_mystery,cult documentary explained,fDE3ylywOCU,UCiciOsypkXcqSFqSPd-NRVA,Kallmekris,The HORRIFIC Branch Davidian Cult Tragedy,964375,9 months ago,270,4359,https://www.youtube.com/watch?v=fDE3ylywOCU
crime_scams_mystery,cult documentary explained,W2eMbsa6gbk,UCn8zNIfYAQNdrFRrr8oibKw,VICE,Inside The Cult Of San La Muerte,155173,5 months ago,150,1024,https://www.youtube.com/watch?v=W2eMbsa6gbk
crime_scams_mystery,cult documentary explained,IizAW7-z584,UCHJuQZuzapBh-CuhRYxIZrg,Insider,How Polygamist Cults Actually Work | How Crime Works | Insider,463200,4 months ago,120,2717,https://www.youtube.com/watch?v=IizAW7-z584
crime_scams_mystery,cult documentary explained,0F-nyOVS4C4,UCQBJHoWMKDyg0_GpdoG1h-w,Something Sinister,Exposing an Internet Cult Leader,1101287,9 months ago,270,1765,https://www.youtube.com/watch?v=0F-nyOVS4C4
crime_scams_mystery,cult documentary explained,8Kb5NBAMaGw,UCLD2ZkdEkAKhDETsK6QeDnA,Farrell McGuire,I Infiltrated a Disturbing AI Cult,1623865,11 months ago,330,3055,https://www.youtube.com/watch?v=8Kb5NBAMaGw
crime_scams_mystery,cult documentary explained,YLVpYECjiO4,UCu4XcDBdnZkV6-5z2f16M0g,Real Stories,The Original False Prophet: Inside The Warren Jeffs Cult,97702,4 months ago,120,2742,https://www.youtube.com/watch?v=YLVpYECjiO4
crime_scams_mystery,cult documentary explained,8KCHiXmhn7w,UCPQu_AnlM315lCdTGrOT2OQ,Maskyotic,The University of Cosmic Intelligence Cult Explained In 10 Minutes,1928,9 months ago,270,554,https://www.youtube.com/watch?v=8KCHiXmhn7w
crime_scams_mystery,heist explained documentary,pVxSuzRLWEM,UCbfZu3aEzvSVjOnZnQr6r2Q,Explorist,Inside Britain’s Most Legendary Heist,1495708,8 months ago,240,2406,https://www.youtube.com/watch?v=pVxSuzRLWEM
crime_scams_mystery,heist explained documentary,PSHQ_MuxxNw,UCODHrzPMGbNv67e84WDZhQQ,fern,The Bank Heist of the Century,4676953,5 months ago,150,1353,https://www.youtube.com/watch?v=PSHQ_MuxxNw
crime_scams_mystery,heist explained documentary,HXe96DoKVa4,UCnM1bIVGUXUIgj-8pqtw1dw,Cine Recaps BD,বিলিয়ন ডলারের গুপ্তধন চুরি করার মিশন! | Movie Explained In Bangla,1384392,10 months ago,300,1958,https://www.youtube.com/watch?v=HXe96DoKVa4
crime_scams_mystery,heist explained documentary,w7Feo2f-O98,UCVVTthHLGBuNeKf5z6jGV2A,Blackfiles,The Most Genius Bank Heist EVER,2339183,8 months ago,240,1604,https://www.youtube.com/watch?v=w7Feo2f-O98
crime_scams_mystery,heist explained documentary,wM_X5IjnQng,UCOnMveoOrmDiwA6X-6xmQjw,Romancho Pedia by Mithun,The world's biggest bank robbery! Bangladesh Bank Heist,1083979,4 months ago,120,1100,https://www.youtube.com/watch?v=wM_X5IjnQng
crime_scams_mystery,heist explained documentary,EyCotyN6EEM,UCq3_rH8u98FYNZ_BtfNLNRQ,Crime Ki Dastaan,Pakistan’s Biggest Bank Heist | Karachi Allied Bank Robbery 2009 Explained,1729098,6 months ago,180,1722,https://www.youtube.com/watch?v=EyCotyN6EEM
crime_scams_mystery,heist explained documentary,UIDz5NmDz2k,UCkizxvF3YdQXuEUSklHpUmQ,Anokhi Films,Ye Genius CHOR nikle Special Forces ke COMMANDO | Film/Movie Explained in Hindi/Urdu,716491,8 months ago,240,1279,https://www.youtube.com/watch?v=UIDz5NmDz2k
crime_scams_mystery,heist explained documentary,0tg4S09YBZk,UCgmppnfPK_SOkjDRqbgxu8Q,Filmity ,Duniya Ki Sabse Badi Chori | Heist Short Film Explained in Hindi/Urdu | Filmity,339971,9 months ago,270,1027,https://www.youtube.com/watch?v=0tg4S09YBZk
crime_scams_mystery,heist explained documentary,sHpLhXQ2fB0,UCkizxvF3YdQXuEUSklHpUmQ,Anokhi Films,Genius CHOR ko Pakadne aaya Buddha SECRET Agent | Film/Movie Explained in Hindi/Urdu | Movie Story,722302,3 months ago,90,1383,https://www.youtube.com/watch?v=sHpLhXQ2fB0
crime_scams_mystery,heist explained documentary,bljyWweDVzo,UCMlLzlRwL4WWDTaTfna6Zlw,JarToon,The ENTIRE Story of MONEY HEIST in 100 Minutes,403399,3 months ago,90,6003,https://www.youtube.com/watch?v=bljyWweDVzo
crime_scams_mystery,heist explained documentary,oEBOW51r5O4,UCs_ineLBnNTGjrArNzjSLZg,Zem TV,The $1 Billion Spelling Mistake | Bangladesh Bank Heist,1087321,3 months ago,90,840,https://www.youtube.com/watch?v=oEBOW51r5O4
crime_scams_mystery,heist explained documentary,y-MOpY_hsC4,UCohgJ1UZcLte8e4TMqm8Abg,Filmaya Pro,Bank Lootne Me Sabse Mahir hai Yeh Chor (The Heist Of The Century Movie Explained In Hindi/Urdu,82327,5 days ago,5,1764,https://www.youtube.com/watch?v=y-MOpY_hsC4
crime_scams_mystery,heist explained documentary,F0n7kzmysas,UCwbI9_kO6r8zTA5O_nksLaQ,Mighty Monk,Heist of the Century: How Robbers Fooled 300 Police Officers & Stole $20 Million,535311,3 months ago,90,1355,https://www.youtube.com/watch?v=F0n7kzmysas
crime_scams_mystery,heist explained documentary,33sV7_3SOYM,UCohgJ1UZcLte8e4TMqm8Abg,Filmaya Pro,Bank Robbery jisne Poori Sarkar Ko Hila Diya ( The Shadow's Edge movie Explained In Hindi/Urdu,203163,2 months ago,60,1638,https://www.youtube.com/watch?v=33sV7_3SOYM
crime_scams_mystery,heist explained documentary,SdYV4jh4sAY,UCz5NByZjx64TSQjQuToVHrA,NK REVIEW ,"""Duniya Ka Sabse Smart Bank Robbery | Movie  Explained in Hindi/Urdu""",25913,9 months ago,270,887,https://www.youtube.com/watch?v=SdYV4jh4sAY
crime_scams_mystery,heist explained documentary,4NsAMEKcawA,UCSTAsRH85wPdUHYeBNDaf7A,Zoufry,The Louvre | The Wildest Robbery of the 21st Century,3405144,10 months ago,300,506,https://www.youtube.com/watch?v=4NsAMEKcawA
crime_scams_mystery,heist explained documentary,OqxmPWyX-24,UC3yjkp0I99OrcMqT83K8vPw,Filmaya,Police Se Hamesha Do Qadam Aagay ( INSIDE MAN 2006 Movie explained in Hindi/Urdu,1317274,7 months ago,210,1520,https://www.youtube.com/watch?v=OqxmPWyX-24
crime_scams_mystery,heist explained documentary,yKf6NLES9uQ,UCohgJ1UZcLte8e4TMqm8Abg,Filmaya Pro,Aisi Genius Robbery Ke Police Dang Reh gayi ( Momentum 2015 Movie Explained In Hindi/Urdu,181037,4 weeks ago,28,1765,https://www.youtube.com/watch?v=yKf6NLES9uQ
crime_scams_mystery,heist explained documentary,-slq8Fi7kek,UClJKPpFvz_pZb8zBJorPAkQ,The Movie Echo,Hacker Ne Roka Ek Khatarnak Cyber Attack | Cyber Heist | Explained in Hindi,102016,6 months ago,180,984,https://www.youtube.com/watch?v=-slq8Fi7kek
crime_scams_mystery,heist explained documentary,aP96t3Gphts,UCOAiGW4d1FEVpWdjYWiDtgA,StoryBuzz,Money Heist এর বার্লিন ফিরে এলো! Berlin (Season 01) | Movie Explained in Bangla | StoryBuzz,203120,3 months ago,90,3875,https://www.youtube.com/watch?v=aP96t3Gphts
crime_scams_mystery,corporate crime documentary,HVZFMTuKXgQ,UCW39zufHfsuGgpLviKh297Q,DW Documentary,Europe's drug mafia (2/2) - The weakness of states | DW Documentary,609284,3 months ago,90,2636,https://www.youtube.com/watch?v=HVZFMTuKXgQ
crime_scams_mystery,corporate crime documentary,UTO6E3tdE2I,UCNAkXKbNqU8-GUJF1mbimCA,CaseCandle,Most Shocking White-Collar Crimes That Turned into Netflix Hits,31,9 months ago,270,187,https://www.youtube.com/watch?v=UTO6E3tdE2I
crime_scams_mystery,corporate crime documentary,v-q0j8il3ZQ,UC9MAhZQQd9egwWCxrwSIsJQ,HISTORY,The Men Who Ruled New York’s Mafia | American Godfathers: The Five Families,1929308,6 months ago,180,3233,https://www.youtube.com/watch?v=v-q0j8il3ZQ
crime_scams_mystery,corporate crime documentary,YpMdqbWOZzs,UCmSeCE12a60hU1knGit0r2A,আরিয়ানিসম,Aziz Mohammad Bhai: Rich kid to Godfather | True Crime Documentary,48332,3 months ago,90,827,https://www.youtube.com/watch?v=YpMdqbWOZzs
crime_scams_mystery,corporate crime documentary,Ls_ZGqXFqcs,UCW39zufHfsuGgpLviKh297Q,DW Documentary,The crypto trap and Wirecard scandal - Criminal machinations in business | DW Documentary,91376,11 months ago,330,1706,https://www.youtube.com/watch?v=Ls_ZGqXFqcs
crime_scams_mystery,corporate crime documentary,sf96kB5HNvg,UCGBoWe1mzCvbbqDNncmxm8A,FINAiUS,Wells Fargo - The $2 Trillion Criminal Empire | Documentary,387929,6 months ago,180,2976,https://www.youtube.com/watch?v=sf96kB5HNvg
crime_scams_mystery,corporate crime documentary,fyyJQKMymyc,UCWj9SE2bbx1joRYfx4jW1EQ,Vikal Here,The Last Ride Of Kirti Vyas | Hindi Crime Story | Vikal Here,42038,3 days ago,3,973,https://www.youtube.com/watch?v=fyyJQKMymyc
crime_scams_mystery,corporate crime documentary,Wfz80O-bv94,UCLWhUPF668K0jWTrMw-DpJg,The WillPower Star,Why Japan Didn’t Eliminate Its Mafia? | Full Documentary in Hindi,1416855,4 months ago,120,2014,https://www.youtube.com/watch?v=Wfz80O-bv94
crime_scams_mystery,corporate crime documentary,hKBKz7z6T9I,UCfZXOT5h9BEe5TVvtIQbA3Q,TRUE JUSTICE,How Corporate Crime Destroyed Lives,27,10 months ago,300,40,https://www.youtube.com/watch?v=hKBKz7z6T9I
crime_scams_mystery,corporate crime documentary,bopbn1HXhQI,UC7htuVs06oduI3xSfTdcxPA,48 Hours,"The Millionaire, the Model and the Hit Man | Full Episode",1903350,3 months ago,90,2524,https://www.youtube.com/watch?v=bopbn1HXhQI
crime_scams_mystery,corporate crime documentary,PehDXM4bGjc,UCZNvK8OSbiyEkzJAg4a2yGA,Guilty & Free,Corporate Crime at the Top: Why They Never Face Justice,54,2 months ago,60,1308,https://www.youtube.com/watch?v=PehDXM4bGjc
crime_scams_mystery,corporate crime documentary,OagsSY1G0-g,UCW39zufHfsuGgpLviKh297Q,DW Documentary,Europe's drug mafia (1/2) - How drugs made the Netherlands rich | DW Documentary,501889,3 months ago,90,2626,https://www.youtube.com/watch?v=OagsSY1G0-g
crime_scams_mystery,corporate crime documentary,-Wtgz4Zk_9A,UCXvi01chy2SF6IQruNFo_oA,ShadowFrame History,The Man Who Invented Organized Crime |  Lucky Luciano Full Documentary,42,2 months ago,60,395,https://www.youtube.com/watch?v=-Wtgz4Zk_9A
crime_scams_mystery,corporate crime documentary,X0tC5y9cCkc,UCZNvK8OSbiyEkzJAg4a2yGA,Guilty & Free,White Collar Crime Documentary: 7 Accounting Frauds That Ruined Millions,31,3 months ago,90,939,https://www.youtube.com/watch?v=X0tC5y9cCkc
crime_scams_mystery,corporate crime documentary,shY5N6wTbLA,UCSMKCEenYCFTGd3O2w5qgGQ,Claw & Frame.2,The 4 Billion Pound Pension Heist 😱 | Biggest Corporate Robbery Ever Exposed | Financial Crime Story,2,6 months ago,180,274,https://www.youtube.com/watch?v=shY5N6wTbLA
crime_scams_mystery,corporate crime documentary,DpBKPwf69K8,UCZRmYVhV2gvIcuaChnUApeA,Veil,How Nestle Got Away With It #nestle  #corporate   #crime  #documentary,10,3 months ago,90,604,https://www.youtube.com/watch?v=DpBKPwf69K8
crime_scams_mystery,corporate crime documentary,cZrA5OdXZ-c,UCT9ehHCu59wpsPyrcKZt72w,True Lives,How the Mafia Took Over America | Mafia's Greatest Hits | 2 Hour Marathon | True Lives,517738,9 months ago,270,7825,https://www.youtube.com/watch?v=cZrA5OdXZ-c
crime_scams_mystery,corporate crime documentary,oRlwSAAmNgc,UCIRNP2wMm8xng5QeYIh0b3Q,Britains Underbelly,"Banana Merchant To Kingpin: £76,000,000 Smuggling Network | UK Crime Documentary",524,9 months ago,270,595,https://www.youtube.com/watch?v=oRlwSAAmNgc
culture_entertainment,pop culture phenomenon explained,FYWFUmLBq9o,UCwRXilcXUAXoTi9uS2ierwg,The Sociology Workshop,Why Does Pop Culture Oversimplify Social Phenomena? - The Sociology Workshop,29,10 months ago,300,190,https://www.youtube.com/watch?v=FYWFUmLBq9o
culture_entertainment,pop culture phenomenon explained,-PvjOQuiTVM,UCaWd5_7JhbQBe4dknZhsHJg,WatchMojo.com,Anime in America: How It Became a Cultural Phenomenon,20514,8 months ago,240,1543,https://www.youtube.com/watch?v=-PvjOQuiTVM
culture_entertainment,pop culture phenomenon explained,lv89ix7Yf9s,UCgCxMEkywgOcR8KQ8Qh9MmA,USA Explained,"🔥 The Power of Pop Culture: Movies, Games, Music & Modern Society",7,1 month ago,30,142,https://www.youtube.com/watch?v=lv89ix7Yf9s
culture_entertainment,pop culture phenomenon explained,C9tFJ_FtRz4,UCsQbNBN5M9X-zQcxEXk3wPg,STEM Fun Labss,Analysis of pop culture phenomena,3,10 months ago,300,709,https://www.youtube.com/watch?v=C9tFJ_FtRz4
culture_entertainment,pop culture phenomenon explained,cveWCvr85ys,UCDvRBuInAG5WrnTq1NohA_g,Banq Official,How TV Reboots Are Shaping Modern Pop Culture,8,2 months ago,60,1423,https://www.youtube.com/watch?v=cveWCvr85ys
culture_entertainment,pop culture phenomenon explained,AS7s7T-fDFw,UCCkLTaPLElW6ps3sfx8TUNA,Shanspeare,Sabrina Carpenter’s Glamorous World of Hetero-Pessimism,1008391,4 months ago,120,2343,https://www.youtube.com/watch?v=AS7s7T-fDFw
culture_entertainment,pop culture phenomenon explained,d4e5CMIUP1g,UC8JR6rgQXSsocTOHKejqh5Q,English Together,Stranger Things Explained || Learn English Through TV 📺 || Pop Culture English || graded reader,27,7 months ago,210,2139,https://www.youtube.com/watch?v=d4e5CMIUP1g
culture_entertainment,pop culture phenomenon explained,P3fPciFMWyM,UC_q093hHZNJx944dLmlrc2g,An Svi,The Activism Illusion: How Pop Culture Sells Your Morals Back To You,411,2 months ago,60,458,https://www.youtube.com/watch?v=P3fPciFMWyM
culture_entertainment,pop culture phenomenon explained,QUuGbsH195U,UC55kRORBdx-pmilpgKk_9Qw,Frame By Frame,How KPop Demon Hunters Took Over Pop Culture,214,10 months ago,300,278,https://www.youtube.com/watch?v=QUuGbsH195U
culture_entertainment,pop culture phenomenon explained,9amff4_5JUg,UC0ZhxGw1r1n63tWmYQ0bzZA,GLOBIS Insights,From Tokyo to the World: The Globalization of Japanese Pop Culture,744,7 months ago,210,3493,https://www.youtube.com/watch?v=9amff4_5JUg
culture_entertainment,pop culture phenomenon explained,ByVbJTjvPoc,UCVjsbqKtxkLt7bal4NWRjJQ,The Take,"The KPop Demon Hunters Phenomenon, Explained | Review, Symbolism & Ending Analysis",115614,11 months ago,330,1007,https://www.youtube.com/watch?v=ByVbJTjvPoc
culture_entertainment,pop culture phenomenon explained,l77PYl1-vgo,UCH5AEX0FECouNU9N76_z6Ow,Culture Journey,K-Pop Explained: How Korean Pop Became a Global Cultural Phenomenon,29,7 months ago,210,1200,https://www.youtube.com/watch?v=l77PYl1-vgo
culture_entertainment,pop culture phenomenon explained,qAYUiKBbo6E,UCosbd1rudRsnScln_5E_jKg,StarverseGo,5 Shocking Things About How K-pop Started Taking Over the World #viral #psy #bts #kpop #blackpink bl,31,5 days ago,5,224,https://www.youtube.com/watch?v=qAYUiKBbo6E
culture_entertainment,pop culture phenomenon explained,vUYVe7zW19c,UCNGIytL4kzna9zJzAHaoZ2g,Internet Oddities,The Kardashians and Decades of Controversy,677115,7 months ago,210,6408,https://www.youtube.com/watch?v=vUYVe7zW19c
culture_entertainment,pop culture phenomenon explained,9YncbU-Q9KI,UC0l3MGfsrs1yaFJg2T8jr9g,What's Cooking on Internet?,From Tokyo to netflix how anime is becoming a global pop culture force,5,10 months ago,300,218,https://www.youtube.com/watch?v=9YncbU-Q9KI
culture_entertainment,pop culture phenomenon explained,I24bg6kYVmQ,UCeUcOdMszYevQeWYfAaxWqQ,Fame Theory,How Charli XCX Reinvented Pop Culture,256,2 months ago,60,901,https://www.youtube.com/watch?v=I24bg6kYVmQ
culture_entertainment,pop culture phenomenon explained,yeWj6_PGNoc,UCWZTFKRwOSfdcyCKG6XD3pQ,CURLY CURL,MADONNA’S CONFESSIONS 2: Can She Really Recreate Pop History? | Pop Culture Explained,58,13 days ago,13,857,https://www.youtube.com/watch?v=yeWj6_PGNoc
culture_entertainment,pop culture phenomenon explained,8AN0fj1iUUo,UCMmbReLn3a35WP1yPvV-kwQ,Muldered,The Polish-Japanese Horror of MIKANSEI NO TORII,31868,2 days ago,2,2326,https://www.youtube.com/watch?v=8AN0fj1iUUo
culture_entertainment,pop culture phenomenon explained,t3iP9x2OAMQ,UCh-WWORE6PKwUB9gkDZULzA,Voz de la Calle,Why No TV Couple Will EVER Match Defne & Ömer (The DEFÖM Phenomenon Explained),1832,1 day ago,1,1104,https://www.youtube.com/watch?v=t3iP9x2OAMQ
culture_entertainment,movie industry business explained,GIN5DG_iLsQ,UCLn2w1ezRJiywUlu55oCzMA,Eric Demeusy,What No One Tells You About the Film Industry,187690,11 months ago,330,1268,https://www.youtube.com/watch?v=GIN5DG_iLsQ
culture_entertainment,movie industry business explained,3QBgbmJsB6c,UCUFoQUaVRt3MVFxqwPUMLCQ,StudioBinder,What Do Producers Do? — The Hardest Job in Film Explained,409143,10 months ago,300,797,https://www.youtube.com/watch?v=3QBgbmJsB6c
culture_entertainment,movie industry business explained,igsWCmGDg_A,UCNx0y4yzxasB6N95Vh_PdJQ,Fame Chronicles,The Movie Industry's Real Business Model — It's Not the Box Office,21,4 months ago,120,468,https://www.youtube.com/watch?v=igsWCmGDg_A
culture_entertainment,movie industry business explained,lKMbNImR6FM,UCVZapV0958xAUsCctF_ED4w,Shan Prasher,How BOLLYWOOD's BLACK MONEY LAUNDERING Works!,815426,11 months ago,330,1253,https://www.youtube.com/watch?v=lKMbNImR6FM
culture_entertainment,movie industry business explained,7skT9dC84ZE,UCEiMyNBdoRtpdYWdTe-fFZg,Fin Explained,The Economics of Owning a Film Studio,48,4 weeks ago,28,684,https://www.youtube.com/watch?v=7skT9dC84ZE
culture_entertainment,movie industry business explained,ezev7FxNSGw,UCRu-HFgvI8sALbKQg5F1mCg,Gravity of Frame,Hollywood’s Collapse Explained: Why the Film Industry Is Dying!,61946,10 months ago,300,485,https://www.youtube.com/watch?v=ezev7FxNSGw
culture_entertainment,movie industry business explained,Ah1z2If7sZs,UCeG8InbxK9tGE3RTZT3HW_w,Pratiik Docs,The Business of Hollywood: How the Movie Industry Makes Billions | Hollywood Explained (4K),1,5 days ago,5,339,https://www.youtube.com/watch?v=Ah1z2If7sZs
culture_entertainment,movie industry business explained,jbrP04gwcRY,UCEAZeUIeJs0IjQiqTCdVSIg,Yahoo Finance,Can the movie industry be saved?,10594,9 months ago,270,740,https://www.youtube.com/watch?v=jbrP04gwcRY
culture_entertainment,movie industry business explained,73AvzuLObRs,UCJ2S5yLBvQZm-qlhaYXdsIw,Stardust Chronicles,How Movies Do Business & Get Verdicts Explained!,1,11 months ago,330,340,https://www.youtube.com/watch?v=73AvzuLObRs
culture_entertainment,movie industry business explained,qQAn47w_SZ8,UCQ66iRFRg9ZcxbR2gqIKjAg,Main Street Money Lab,The Hidden Economics of Owning a Film Studio — Why Most Go Bankrupt,91,7 days ago,7,1472,https://www.youtube.com/watch?v=qQAn47w_SZ8
culture_entertainment,movie industry business explained,rfYpCeFqerE,UCc9YPr8hcmweqrpQuFUZeiQ,Think Wings,How Maddock Films DESTROYING Bollywood Giants With Just ₹25 Crores!,539357,10 months ago,300,785,https://www.youtube.com/watch?v=rfYpCeFqerE
culture_entertainment,movie industry business explained,QGIy8L6rh7U,UCL96IiKVx-_F5oapcLD-VuQ,Cashvera Finance,How Movie Theaters Actually Make Money (The Economics of Cinema Explained),10,1 month ago,30,533,https://www.youtube.com/watch?v=QGIy8L6rh7U
culture_entertainment,movie industry business explained,K_xGCcUWosI,UCk8ngbwEx3zF0i046P8TITw,The Industry Breakdown,The Gaming Industry Business Model No One Talks About,459,6 months ago,180,586,https://www.youtube.com/watch?v=K_xGCcUWosI
culture_entertainment,movie industry business explained,yrcEpx7wMOI,UC5mM5IDZsXNWriqUlOKvkcQ,BizVault,How Movie Studios Actually Make Money?,26,7 days ago,7,1062,https://www.youtube.com/watch?v=yrcEpx7wMOI
culture_entertainment,movie industry business explained,b7GXb09yJ1Y,UCR7cuJMomKsqGKg_yaN0uxA,Mr. Finance Velue ,The Economics of Owning a Movie Theater Chain.,4,12 days ago,12,728,https://www.youtube.com/watch?v=b7GXb09yJ1Y
culture_entertainment,movie industry business explained,u2nwtsoFC50,UCDpgcxC6ZHsHXseKrosadxg,The Invisible Ledger,The Economics of Owning a Movie Theater,36,2 weeks ago,14,441,https://www.youtube.com/watch?v=u2nwtsoFC50
culture_entertainment,movie industry business explained,ZXNywYozXcI,UCqydr4WcfsJ8n3_ep_8I2qg,Rishi Chouhan Official ,Bollywood Business Model Explained | How Bollywood Makes Billions? Full Business Case Study,255,4 months ago,120,770,https://www.youtube.com/watch?v=ZXNywYozXcI
culture_entertainment,movie industry business explained,x2otxlm8z08,UCQRpEYZiwFSwBopD1tUzLsg,Daily business ⭐️,How Bollywood REALLY Makes Money 💰 | Business Model Explained Daily business,1,3 months ago,90,460,https://www.youtube.com/watch?v=x2otxlm8z08
culture_entertainment,music industry documentary explained,42PLXyl5zTg,UClrhxNaER0deCFHNA1zK49A,Damian Keyes,The Music Industry Only Has TWO YEARS Left,30469,10 months ago,300,291,https://www.youtube.com/watch?v=42PLXyl5zTg
culture_entertainment,music industry documentary explained,TM0BC46FyhQ,UCSAKn7R948auGKixely8yLg,Master POV,Your Life at Every Level of the Music Industry,423903,3 months ago,90,1530,https://www.youtube.com/watch?v=TM0BC46FyhQ
culture_entertainment,music industry documentary explained,xLjGrqa1dTk,UCpPc2Y6D9538RWtcage4o2w,TrackID,Tame Impala Sh*ts on The Entire Music Industry,106820,10 months ago,300,1662,https://www.youtube.com/watch?v=xLjGrqa1dTk
culture_entertainment,music industry documentary explained,WHP9mrOeR1M,UCVicnjBHl0RpAbzQisxfkWQ,Nollid,How Olivia Dean Took Over The Music Industry,35765,4 months ago,120,806,https://www.youtube.com/watch?v=WHP9mrOeR1M
culture_entertainment,music industry documentary explained,m1eQbhDvHsU,UCRBxiybrJl5YYJDJuKVVCsg,The Truth IS,Oliver Tree Tried To Warn Us About The Music Industry,135497,2 months ago,60,485,https://www.youtube.com/watch?v=m1eQbhDvHsU
culture_entertainment,music industry documentary explained,ooPazAQlwm0,UCRBxiybrJl5YYJDJuKVVCsg,The Truth IS,This Movie Completely Exposed the Music Industry,113582,4 months ago,120,726,https://www.youtube.com/watch?v=ooPazAQlwm0
culture_entertainment,music industry documentary explained,opmYutOvSsc,UCdNfjLbN22bM7-tMBQYZ2Nw,marcelomontalvao,How Twenty One Pilots Broke The Music Industry,166516,3 months ago,90,1932,https://www.youtube.com/watch?v=opmYutOvSsc
culture_entertainment,music industry documentary explained,dSfkdNSEuXo,UCc75xRvZfuSE3pLa-aqhB6Q,Jay Diggs,The 5 Levels of Industry Plant,2598808,10 months ago,300,954,https://www.youtube.com/watch?v=dSfkdNSEuXo
culture_entertainment,music industry documentary explained,DWKze29AYtU,UCshPyRiu9XTQb2gEagNt-3A,Raj Shamani Clips,Shreya Ghoshal on the Dark Side of the Music Industry | Raj Shamani Clips,663579,5 months ago,150,485,https://www.youtube.com/watch?v=DWKze29AYtU
culture_entertainment,music industry documentary explained,vBQylOwVjtU,UCkovl5nTg7aSUCmAfwniYGg,South African Music Culture,The TRUTH about the Music industry in South Africa,193504,11 months ago,330,481,https://www.youtube.com/watch?v=vBQylOwVjtU
culture_entertainment,music industry documentary explained,bi6Z4PZ6nCo,UC7bxFmhgSQe4aMAwIw-lzsQ,mattyballz,How Music Became a Monopoly,188873,4 months ago,120,1184,https://www.youtube.com/watch?v=bi6Z4PZ6nCo
culture_entertainment,music industry documentary explained,lwDik5_9IC8,UCFgUBKoy5trmcyVh1e_AS8Q,White Sea Studio,The Upcoming Collapse Of The Music Industry,95767,6 months ago,180,281,https://www.youtube.com/watch?v=lwDik5_9IC8
culture_entertainment,music industry documentary explained,LFmLC1dqLCk,UCRBxiybrJl5YYJDJuKVVCsg,The Truth IS,Rapper Tells the Dark Reason He Left the Music Industry,119684,2 months ago,60,692,https://www.youtube.com/watch?v=LFmLC1dqLCk
culture_entertainment,music industry documentary explained,wILkNpI4VwQ,UCVicnjBHl0RpAbzQisxfkWQ,Nollid,How Raye Fought the Music Industry and Won,596838,10 months ago,300,1040,https://www.youtube.com/watch?v=wILkNpI4VwQ
culture_entertainment,music industry documentary explained,fgNRNcbSetQ,UCOt1w2WtK3pclatuiNSsxRA,MocoWAVE,"ALL Artists Are BROKE… ( YES, ALL of THEM )",411657,10 months ago,300,934,https://www.youtube.com/watch?v=fgNRNcbSetQ
culture_entertainment,music industry documentary explained,FlFLSe2mVaU,UCgbzclo4Mfy_D68w_Bm_xHg,Tried&Refused Productions.,The Indian Music Industry Has A Creepy Problem,260589,5 months ago,150,863,https://www.youtube.com/watch?v=FlFLSe2mVaU
culture_entertainment,music industry documentary explained,JDHbQn6iB8o,UCdwrzLH6HnkyWSCcY_d4eXA,Found In Africa,The Hidden DARK Side of Kenyan Music Fame,268121,11 months ago,330,1243,https://www.youtube.com/watch?v=JDHbQn6iB8o
culture_entertainment,music industry documentary explained,QuWKtZcRyMM,UCx64BwX6BzdPjEQDLzoe4xQ,pywaket1,The END of Most Evil Couple In Music | Die Antwoord,1198607,8 months ago,240,3183,https://www.youtube.com/watch?v=QuWKtZcRyMM
culture_entertainment,internet celebrity rise and fall,pCKMjqM6dQ8,UCPSF7yTxI8BiXgYmE5C52eg,The Fame Analyst,The Rise and Fall of Salt Bae: From Viral Chef to Internet Meme,1354,10 months ago,300,162,https://www.youtube.com/watch?v=pCKMjqM6dQ8
culture_entertainment,internet celebrity rise and fall,payO3Xvs81w,UC4UdstqNEDZbZKn3t35jF-A,NK Unfolds,The Rise and Fall of Internet Celebrities (Fame That Vanished Overnight) !!!,5,6 months ago,180,343,https://www.youtube.com/watch?v=payO3Xvs81w
culture_entertainment,internet celebrity rise and fall,GvJiMjfpwk4,UCm8YgDXpUL-VR7kZhjHXRDQ,Pexto,The Most Legendary Rises and Falls in YouTube History,569907,10 months ago,300,1329,https://www.youtube.com/watch?v=GvJiMjfpwk4
culture_entertainment,internet celebrity rise and fall,qgnXTMaAdc4,UC2BaHgSkhJuxyKiBgXKittQ,Naveen's Kutty Story,The Rise and Fall of Internet Celebrities (Fame That Vanished Overnight) !!!,7,6 months ago,180,276,https://www.youtube.com/watch?v=qgnXTMaAdc4
culture_entertainment,internet celebrity rise and fall,NHqg34Y9nvc,UC1NtcHxG3wiyhtbbPmIaMnA,MX Player by Prime Video,Manisha Rani and Akriti Negi's Verbal Clash😱⚡| Rise And Fall | Amazon MX Player,55619,10 months ago,300,138,https://www.youtube.com/watch?v=NHqg34Y9nvc
culture_entertainment,internet celebrity rise and fall,l35ly8Rc2K8,UC-3WQDrCqfIThFkR2vwkkJA,Rohit raj motivation,How IShowSpeed Became the world’s Biggest YouTuber | Untold Story,823,10 hours ago,0,765,https://www.youtube.com/watch?v=l35ly8Rc2K8
culture_entertainment,internet celebrity rise and fall,yCOJP2EDNqI,UCnpOlzpWAjg03o8sOd6K1xw,Coffee and Cults,There's A LOT You Don't Know About Ellen DeGeneres,953516,10 months ago,300,5137,https://www.youtube.com/watch?v=yCOJP2EDNqI
culture_entertainment,internet celebrity rise and fall,MPtFFxCeLRI,UCrFMOgQBOVnbNg3FLEUHUmg,CrimeChron,10 Influencers Who Went From Social Media Fame to Prison,585979,10 months ago,300,3772,https://www.youtube.com/watch?v=MPtFFxCeLRI
culture_entertainment,internet celebrity rise and fall,9jfysVc1Wc0,UC1NtcHxG3wiyhtbbPmIaMnA,MX Player by Prime Video,Rise And Fall Episode 10 | Nayandeep Rakshit & Dhanashree Verma | Amazon MX Player,25763,11 months ago,330,36,https://www.youtube.com/watch?v=9jfysVc1Wc0
culture_entertainment,internet celebrity rise and fall,ZvBw2UVYlg8,UCDs71KUBJMonIUjuoeTkNvg,Viral Entertainment Info Network,The Rise and Fall of Ethan Klein | What REALLY Happened,77,10 months ago,300,800,https://www.youtube.com/watch?v=ZvBw2UVYlg8
culture_entertainment,internet celebrity rise and fall,_-Bn0PufBU8,UC1NtcHxG3wiyhtbbPmIaMnA,MX Player by Prime Video,Manisha Rani's Crush Reveal! 😍 | Arjun Bijlani | Rise And Fall | Amazon MX Player,138568,10 months ago,300,91,https://www.youtube.com/watch?v=_-Bn0PufBU8
culture_entertainment,internet celebrity rise and fall,ixbbHA6Luzw,UC1NtcHxG3wiyhtbbPmIaMnA,MX Player by Prime Video,Wrestling Champion Sangeeta Phogat's Dangal Story 💪 | Rise And Fall | Amazon MX Player,36978,11 months ago,330,87,https://www.youtube.com/watch?v=ixbbHA6Luzw
culture_entertainment,internet celebrity rise and fall,PR0-w292-q4,UCPBepqymCnnHAVBuLV8LfuQ,Aeth,What Happened To Salt Bae?,2641633,10 months ago,300,357,https://www.youtube.com/watch?v=PR0-w292-q4
culture_entertainment,internet celebrity rise and fall,M5fToPx7A3c,UCza1Rh3ogZAnPrZx9yzl-rg,DocuGOAT,How The Internet Creates and Destroys Stars,6,3 months ago,90,530,https://www.youtube.com/watch?v=M5fToPx7A3c
culture_entertainment,internet celebrity rise and fall,0Aqt10u4Ciw,UCQsAMwnWdyflLdyFpH-rgJg,Ember exposed ,The Rise and Fall of a Viral Food Celebrity | Internet Fame Explained,145,7 months ago,210,497,https://www.youtube.com/watch?v=0Aqt10u4Ciw
culture_entertainment,internet celebrity rise and fall,yL2OSHq9-AE,UCQuAIpRBByh0t5oaWJoWGrg,Internet Audit,The Shocking Fall of Yung Filly,808181,10 months ago,300,1953,https://www.youtube.com/watch?v=yL2OSHq9-AE
culture_entertainment,internet celebrity rise and fall,9kBP-rjuyoA,UCfW4cplyrnjbrJT0l0L7tOg,BROWSING NEWS,The Rise and Fall of SALT BAE: The Drama Behind the Chef Who Went Viral,471,9 months ago,270,193,https://www.youtube.com/watch?v=9kBP-rjuyoA
culture_entertainment,internet celebrity rise and fall,_7JNPoISgrk,UC1NtcHxG3wiyhtbbPmIaMnA,MX Player by Prime Video,Aarush Bhola Ka Pookie Moment 🤭💖 | Anaya Bangar | Rise And Fall | Amazon MX Player,424378,11 months ago,330,105,https://www.youtube.com/watch?v=_7JNPoISgrk
culture_entertainment,sports business documentary,h4-pDLOzGBs,UCR6yf6QdQLbPudipS9E8XqQ,Business Decision with Mike Vorkunov,A $40 Billion Problem: Is Big Money Ruining Youth Sports?,4002,8 months ago,240,2758,https://www.youtube.com/watch?v=h4-pDLOzGBs
culture_entertainment,sports business documentary,ZxPp39dO7P0,UCYRp8xrHnVKWUeU39pjQ2RQ,CyberPaws & Ducktron,The Economics of Owning a Combat Sports Company  Complete Business Breakdown,7,3 weeks ago,21,1925,https://www.youtube.com/watch?v=ZxPp39dO7P0
culture_entertainment,sports business documentary,Fs98Y3vrDbk,UC_WcABng3RZHsEvN4ywCUSA,Sports Stories TV,"The Real Reason Billionaires Buy Sports Teams | Owners, Money & Power | Full Documentary",134,3 months ago,90,1556,https://www.youtube.com/watch?v=Fs98Y3vrDbk
culture_entertainment,sports business documentary,JetP-W5azNA,UCK7tptUDHh-RYDsdxO1-5QQ,The Wall Street Journal,The Big Business Buying Up America’s Hockey Rinks | WSJ,105532,3 months ago,90,1022,https://www.youtube.com/watch?v=JetP-W5azNA
culture_entertainment,sports business documentary,I0_-zKJ2UFI,UCQE43faWPkmpQ8jCf19Rd2Q,THE FINANCIAL MIND,Is Owning a Combat Sports Company Profitable? The Financial Truth!,2,3 weeks ago,21,1153,https://www.youtube.com/watch?v=I0_-zKJ2UFI
culture_entertainment,sports business documentary,ALGAtHdGjTI,UCWKYQmYvV4MZaXtIXNya6KQ,THINKORA,The Economics of Owning a Combat Sports Company |,13,3 weeks ago,21,1026,https://www.youtube.com/watch?v=ALGAtHdGjTI
culture_entertainment,sports business documentary,d0-TShirdfM,UCvJJ_dzjViJCoLf5uKUTwoA,CNBC,Who's Dominating Athleisure Right Now And Why It Isn't Giants Like Nike And Lululemon,992177,11 months ago,330,1875,https://www.youtube.com/watch?v=d0-TShirdfM
culture_entertainment,sports business documentary,D4MSHGEw2U8,UCxcrzzhQDj5zKJbXfIscCtg,ABC News In-depth,Exposing the honeypot for the world’s biggest betting companies | Four Corners Documentary,187894,10 months ago,300,2795,https://www.youtube.com/watch?v=D4MSHGEw2U8
culture_entertainment,sports business documentary,MCS6JZBz6y8,UCGrhQ_0SdvT3SpNI8oI_vVA,Tima Invests,The Economics of Owning a Soccer Club in MLS,46,2 weeks ago,14,926,https://www.youtube.com/watch?v=MCS6JZBz6y8
culture_entertainment,sports business documentary,Ug1gbQkmrsc,UCgBAu_Pl_a280XKb7Arn0dg,UntoldSports,Inside Tottenham's $1.3 Billion Stadium Business Empire,294,3 weeks ago,21,496,https://www.youtube.com/watch?v=Ug1gbQkmrsc
culture_entertainment,sports business documentary,fxcQfoqaABM,UCIALMKvObZNtJ6AmdCLP7Lg,Bloomberg Television,How Private Equity Is Reshaping Youth Sports in America,178155,6 months ago,180,684,https://www.youtube.com/watch?v=fxcQfoqaABM
culture_entertainment,sports business documentary,OpSnbur--a0,UCZPKmH7wvvSM_Fa7iBW_hLw,Wealth Chronology ,The $13 Billion Business Behind FIFA| #fifa #fifaworldcup #business,100,1 month ago,30,644,https://www.youtube.com/watch?v=OpSnbur--a0
culture_entertainment,sports business documentary,QRiVR7-e1T0,UC59GLek3oHiBbIqxqd-mpcA,Benn,The Economics of Owning a Combat Sports Company Explained,141,3 weeks ago,21,908,https://www.youtube.com/watch?v=QRiVR7-e1T0
culture_entertainment,sports business documentary,v9uxAPuD8Ko,UC6AwWrRKNrwt83CMJqeTUzw,Mr. Finance,The Economics of Owning of Sports Team,73065,1 month ago,30,1421,https://www.youtube.com/watch?v=v9uxAPuD8Ko
culture_entertainment,sports business documentary,DrTgeGtcRJA,UCQPPIJMe4BM5lmwHB693JqQ,Mohsin Baba,"Cricket Documentary: Money, Fame & The Business Behind the Game - Worldcup 2026",46,5 months ago,150,380,https://www.youtube.com/watch?v=DrTgeGtcRJA
culture_entertainment,sports business documentary,ATZtg-obimQ,UC0ogc8mRCouuW_mG_cXODOw,The Next Billion Studio,How FIFA Makes Billions Without Playing Football ⭐⭐⭐⭐⭐,31,1 month ago,30,275,https://www.youtube.com/watch?v=ATZtg-obimQ
culture_entertainment,sports business documentary,-16TaV5L1JE,UCin6tOHX82Pdf_A53ZGO8Aw,Moneymentery,"The Economics of Owning ""Seattle Seahawks""",11,13 days ago,13,1251,https://www.youtube.com/watch?v=-16TaV5L1JE
culture_entertainment,sports business documentary,FoxmI1rKa4w,UC8-OX8i1WCTWotLsnthFRJw,Tom Explains Everything,The Dark Business Behind the World Cup,62,1 month ago,30,776,https://www.youtube.com/watch?v=FoxmI1rKa4w
culture_entertainment,sports business documentary,H4Lxf_veWbk,UCdHqdfzdvT7tbAfeQM1gLnQ,Grant Rudow,Why Youth Sports Are Out Of Control,617148,5 months ago,150,818,https://www.youtube.com/watch?v=H4Lxf_veWbk
culture_entertainment,sports business documentary,aKLqXmq27T0,UCjQ8orIePqDDJf4SCQHhF7Q,Beyond Reason - Sports True Crime ,The Business of Sports Corruption: Why No Sport Is Safe,9,1 month ago,30,1336,https://www.youtube.com/watch?v=aKLqXmq27T0
culture_entertainment,gaming industry documentary explained,yOiE8tAe4fg,UC6dI8msF1_I9HuDSvMtk_nQ,Akshon,The Gaming Industry Has A Big Problem,57515,10 months ago,300,790,https://www.youtube.com/watch?v=yOiE8tAe4fg
culture_entertainment,gaming industry documentary explained,Sx-lddna-qg,UCkCGANrihzExmu9QiqZpPlQ,How Money Works,WTF Is Happening To The Video Game Industry?,1032734,3 weeks ago,21,1168,https://www.youtube.com/watch?v=Sx-lddna-qg
culture_entertainment,gaming industry documentary explained,XsaeeFw4_-U,UCNvzD7Z-g64bPXxGzaQaa4g,gameranx,Is The Gaming Industry COOKED?,452094,6 months ago,180,1217,https://www.youtube.com/watch?v=XsaeeFw4_-U
culture_entertainment,gaming industry documentary explained,W9LZkZiutV4,UC0LqjpMjXZJ67IV06t4mSVA,Francisco Ferreira,The Gaming Industry Is Changing In Terrible Ways | Mini Documentary,387,3 weeks ago,21,928,https://www.youtube.com/watch?v=W9LZkZiutV4
culture_entertainment,gaming industry documentary explained,Rq1Er8w_YNg,UCjwTasXewi5CRFi564vrf0g,Its Rascal,What REALLY Happened to Mobile Games?,297088,11 months ago,330,667,https://www.youtube.com/watch?v=Rq1Er8w_YNg
culture_entertainment,gaming industry documentary explained,-1ZtU54tb_o,UCTvMSxiFOY3vKLmnoYogDEQ,eggsoup,How Greed Ruined Gaming,679774,11 months ago,330,4384,https://www.youtube.com/watch?v=-1ZtU54tb_o
culture_entertainment,gaming industry documentary explained,ZXM3lATLF0A,UC3nPaf5MeeDTHA2JN7clidg,Bellular News,The Games Industry Is Done With Employees,225775,2 months ago,60,1082,https://www.youtube.com/watch?v=ZXM3lATLF0A
culture_entertainment,gaming industry documentary explained,sLd47DgrKb4,UCyk5za4VgMKDPju64TPOh9g,Fragix,Why GTA 6 Will Decide Gaming’s Future,473891,10 months ago,300,557,https://www.youtube.com/watch?v=sLd47DgrKb4
culture_entertainment,gaming industry documentary explained,2doebPugIzE,UCEy85baRPPw7Ls5HkMv8uRA,CRG Explains,The Real Reason Mobile Game Companies Make Fake Ads,1290719,5 months ago,150,968,https://www.youtube.com/watch?v=2doebPugIzE
culture_entertainment,gaming industry documentary explained,1jg-ILC-bCI,UCTfXFm3IY3wU6k5a3rctabA,Radical Cap,How Modern Game Engines Degraded — And Who’s to Blame?,1431163,9 months ago,270,672,https://www.youtube.com/watch?v=1jg-ILC-bCI
culture_entertainment,gaming industry documentary explained,v_xcEXxc8Zc,UCUiD1Ph7YbaQfBEn_Lr0DPw,Selwen,"How Two Developers Turned $57,138 Into Millions",1264442,10 months ago,300,2341,https://www.youtube.com/watch?v=v_xcEXxc8Zc
culture_entertainment,gaming industry documentary explained,Eo5w2S-h5dI,UCMiJRAwDNSNzuYeN2uWa0pA,Mrwhosetheboss,The Gaming Market is Starting to Break.,6755343,3 weeks ago,21,1360,https://www.youtube.com/watch?v=Eo5w2S-h5dI
culture_entertainment,gaming industry documentary explained,hFJb3CzPso0,UCiTgRcnZs--vFScAQtRH5QA,Fads,How Steam Became The Only Good Monopoly In Existence,2042721,9 months ago,270,1287,https://www.youtube.com/watch?v=hFJb3CzPso0
culture_entertainment,gaming industry documentary explained,l27coRHo198,UCke17z8av7hd9inAqH9n6xA,Emwelds,UNBEATABLE Is Proof the Gaming Industry Is Lying to You,50580,7 months ago,210,636,https://www.youtube.com/watch?v=l27coRHo198
culture_entertainment,gaming industry documentary explained,8s07-pBOkUc,UC5Mnapj7Q7Pm_fgN2nwsGBg,Warp Pipe David,The One Strategy That Changed The Entire Gaming Industry,104,3 months ago,90,754,https://www.youtube.com/watch?v=8s07-pBOkUc
culture_entertainment,gaming industry documentary explained,HjjOa_mpLYc,UCinGCtfmkbSTCH7C8BF6HZA,Alteori,Palworld SAVED the GAMING Industry,18975,3 weeks ago,21,845,https://www.youtube.com/watch?v=HjjOa_mpLYc
culture_entertainment,gaming industry documentary explained,uBMUsG6vciI,UCaxt3zr9k4a38oMcp9Ro--A,TheCrudeArchivist,Every DISTURBING BANNED Video Game Explained,169,5 months ago,150,700,https://www.youtube.com/watch?v=uBMUsG6vciI
culture_entertainment,gaming industry documentary explained,7Bk98NvttDE,UC-sbk_aXZJya2kJW1uGr_RQ,The Epic Tale,THE RISE AND FALL OF THE GAMING INDUSTRY KING (FORTNITE),21,8 months ago,240,401,https://www.youtube.com/watch?v=7Bk98NvttDE
culture_entertainment,gaming industry documentary explained,j9WCcG08SkI,UCkUu1ufD_7MlSj9BhrqZLcw,Jay's Gameverse,Is the Gaming Industry Actually Dying? (The 5-Year Collapse Explained),149,1 month ago,30,655,https://www.youtube.com/watch?v=j9WCcG08SkI
culture_entertainment,brand history documentary,JtM_iTPJIJw,UCGBoWe1mzCvbbqDNncmxm8A,FINAiUS,EIC - The Company That Ruled the World | Full Documentary,406578,1 month ago,30,3511,https://www.youtube.com/watch?v=JtM_iTPJIJw
culture_entertainment,brand history documentary,Z_3_QvdFWB0,UCTgy1u5S7Ady1D5IKDlTC1g,Story Zawlbuk,Parle-G zinkawng hautak zet mai ila hriat ngaihloh tur..!!,152,1 hour ago,0,904,https://www.youtube.com/watch?v=Z_3_QvdFWB0
culture_entertainment,brand history documentary,_3C65eZuv1w,UCGBoWe1mzCvbbqDNncmxm8A,FINAiUS,American Express - The Trillion Dollar Money Machine | Documentary,608186,10 months ago,300,2787,https://www.youtube.com/watch?v=_3C65eZuv1w
culture_entertainment,brand history documentary,6S-flDCP048,UCkr56dbz1QIuobBPqKSROPw,History & Civilizations,How Money Was Invented: The Birth of Currency 🪙 [Ancient History Documentary],311816,3 weeks ago,21,3082,https://www.youtube.com/watch?v=6S-flDCP048
culture_entertainment,brand history documentary,jHtNTBO4vFI,UCGBoWe1mzCvbbqDNncmxm8A,FINAiUS,The Rockefeller Dynasty - A Complete History | 2026 Documentary,621696,4 months ago,120,3179,https://www.youtube.com/watch?v=jHtNTBO4vFI
culture_entertainment,brand history documentary,yzAW17NxoZY,UC9xb9HDUOMS9P2LYxp1NSkw,Market Mayhem,East India Co. — The Most Powerful Company in History | Documentary,4599,5 months ago,150,2621,https://www.youtube.com/watch?v=yzAW17NxoZY
culture_entertainment,brand history documentary,5SWhNFzaE10,UCY2O8IpHZgLLG-fXHhX6aLw,History Meets Finance,The $7.9 Trillion Company You've Never Heard Of,1813431,11 months ago,330,1330,https://www.youtube.com/watch?v=5SWhNFzaE10
culture_entertainment,brand history documentary,vAbjHFg4mbc,UCA1zVt6y6hidCOBUrn1si8Q,FD Finance,Inside Ikea: From Family Business to Multi-Billion Dollar Corporation | FD Finance,276085,11 months ago,330,2881,https://www.youtube.com/watch?v=vAbjHFg4mbc
culture_entertainment,brand history documentary,7JHiOmL0wb0,UCJ4h5kzhsD3P56Wnr38vf9g,Forgotten Brand America,Shasta: How America's Greatest Soda Giant Became a Forgotten Brand,5764,1 day ago,1,2724,https://www.youtube.com/watch?v=7JHiOmL0wb0
culture_entertainment,brand history documentary,LSqXdOHhLJQ,UCdBjCBrh6gvcf7N1n9kjMiQ,Ancient History,East India Company Full Documentary: How a Trading Company Conquered India,19730,2 weeks ago,14,10612,https://www.youtube.com/watch?v=LSqXdOHhLJQ
culture_entertainment,brand history documentary,JHh9uZxIRh8,UCLWhUPF668K0jWTrMw-DpJg,The WillPower Star,The Arrest that Shocked the World | Huawei Files,382728,1 month ago,30,2358,https://www.youtube.com/watch?v=JHh9uZxIRh8
culture_entertainment,brand history documentary,RYz-YxtUGUI,UC8t5I0joFuaInR9oNPKjpyQ,Studio Number Six,Inside Bad Company's Wild Journey - Full Documentary,119327,2 months ago,60,1880,https://www.youtube.com/watch?v=RYz-YxtUGUI
culture_entertainment,brand history documentary,79wvIU2XZjM,UCQky96IjrfzJcSUiCogID6w,Shivanshu Agrawal,How Ambanis Became So Rich?,3295626,8 months ago,240,1138,https://www.youtube.com/watch?v=79wvIU2XZjM
culture_entertainment,brand history documentary,wc3zGlxdl-E,UCQOffjT8orWTs2YxJHIOlYA,Build Inc.,How A Poor Italian Boy Created Gucci,208152,5 months ago,150,2235,https://www.youtube.com/watch?v=wc3zGlxdl-E
culture_entertainment,brand history documentary,fWlcBJh24NM,UCzuV3Y_9Bhp1nGLgCd3XkNA,Ammarify,The Untold Story of Junaid Jamshed | From Popstar to Business Icon | Ammarify,464755,10 months ago,300,523,https://www.youtube.com/watch?v=fWlcBJh24NM
culture_entertainment,trend that changed culture explained,NSpXDgyEqys,UCVy91Dgt1nqTMrvvP_iOXVA,Education Explain Channel ,"Deconstructing the Modern Wedding | Tradition, Culture & Changing Trends#educationexplainchannel",4,2 months ago,60,277,https://www.youtube.com/watch?v=NSpXDgyEqys
culture_entertainment,trend that changed culture explained,WF1zPbs6eZk,UCT7w3xGw696TKNg877nar4A,Journalism Explained,How Do Cultural Trends Influence Arts And Culture Reporting? - Journalism Explained,17,11 months ago,330,201,https://www.youtube.com/watch?v=WF1zPbs6eZk
culture_entertainment,trend that changed culture explained,Xp2PCMAZhvs,UCr3cBLTYmIK9kY0F_OdFWFQ,Casually Explained,Casually Explained: Gen Z vs Millennials,3140451,9 months ago,270,513,https://www.youtube.com/watch?v=Xp2PCMAZhvs
culture_entertainment,trend that changed culture explained,kw30dbUqK4M,UCE4CKcvDulwHRipI4MJTKBQ,Tinysey,Everyone Knows Who's Being Performative... Except Themselves,826861,10 months ago,300,1504,https://www.youtube.com/watch?v=kw30dbUqK4M
culture_entertainment,trend that changed culture explained,7LsveVR2PgA,UCraPgLzbs78c-cIj7jR70Xw,WORxK Global News |  Career and Workforce News,Why Workplace Culture Is Changing in 2025 | New Trends Explained,7,8 months ago,240,108,https://www.youtube.com/watch?v=7LsveVR2PgA
culture_entertainment,trend that changed culture explained,v68KSva-xBM,UCHmq99a0Q5La7UmP0kYbUeQ,zoeunlimited,the scary glow up of 12 year olds,926489,10 months ago,300,810,https://www.youtube.com/watch?v=v68KSva-xBM
culture_entertainment,trend that changed culture explained,k7hq_PmiyiQ,UCjz8uBTLs0f7Fnlxc5nzT5g,Wonny,"China's Deadly ""Plastic Head"" Obsession",4187240,6 months ago,180,661,https://www.youtube.com/watch?v=k7hq_PmiyiQ
culture_entertainment,trend that changed culture explained,H5kFzvlgFTo,UCEeey_4nQMkhTTd0J2HZxoA,Zaki Saudagar,Changing Trends & Careers in PE Unit 1 Detailed Oneshot Physical Education Class 11 CBSE 2025-26 🔥,749502,11 months ago,330,938,https://www.youtube.com/watch?v=H5kFzvlgFTo
culture_entertainment,trend that changed culture explained,MkJU39CVWp0,UCq8T0ImmPVWO2-8h3RB5QMg,Trend Unwrapper,How Has Binge-watching Changed Modern Streaming Culture? - Trend Unwrapper,11,9 months ago,270,192,https://www.youtube.com/watch?v=MkJU39CVWp0
culture_entertainment,trend that changed culture explained,F_VUBpALcVE,UCZ4AMrDcNrfy3X6nsU8-rPg,Economics Explained,Why Everyone is Leaving New Zealand,3562913,10 months ago,300,813,https://www.youtube.com/watch?v=F_VUBpALcVE
culture_entertainment,trend that changed culture explained,WXrHzmsGMmE,UCona9IjxXsyCLNeCXVhc57A,Book and Author Club,Why Are Literary Trends Influenced By Cultural Shifts? - Book and Author Club,13,10 months ago,300,211,https://www.youtube.com/watch?v=WXrHzmsGMmE
culture_entertainment,trend that changed culture explained,G8SOkmCvjDo,UCl3G-bxtbMLaKfaRq7ljHSA,Marina McBain,Hollywood Is Skinny Again... And It’s TERRIFYING,1078834,8 months ago,240,1410,https://www.youtube.com/watch?v=G8SOkmCvjDo
culture_entertainment,trend that changed culture explained,nZuIOXiVPMM,UCjpTIMrNxoFGOhtAPNepKpg,Technology Whisper,Audience Analysis and Media Psychology (15 Minutes),7,1 day ago,1,882,https://www.youtube.com/watch?v=nZuIOXiVPMM
nature_animals,animal behavior documentary explained,F1wi9wh528g,UCO-K4Bggr246g8Yudin0_7Q,Claw Wildlife ,Wildlife – The Strangest Animal Behaviors Science Still Can’t Fully Explain | Wildlife Documentary,31618,6 months ago,180,4181,https://www.youtube.com/watch?v=F1wi9wh528g
nature_animals,animal behavior documentary explained,lZqmhFI0Hhs,UCxC17u-L3Rx2L9TyJv6mmDA,BIOLOGY GURUKUL,wildlife behavior documentary👀 #sciencewonders#naturefacts  Hidden secrets of animal behavior,36,8 months ago,240,565,https://www.youtube.com/watch?v=lZqmhFI0Hhs
nature_animals,animal behavior documentary explained,-7RrBqWtCmE,UCy9ip3K_wfgryu7QevTXUpQ,Animal Kingdom,"How Animals Change Adaptation, Evolution, Genetics and Behavior Explained  Animal Kingdom Documentar",12,2 months ago,60,404,https://www.youtube.com/watch?v=-7RrBqWtCmE
nature_animals,animal behavior documentary explained,_8BhWzFAE1A,UCC4aXIlvb4DDT-fztZM-wxw,JungleloreX,Why Animals Protect Humans  Incredible True Behavior Explained,9,4 months ago,120,513,https://www.youtube.com/watch?v=_8BhWzFAE1A
nature_animals,animal behavior documentary explained,TyuxcLrMHTA,UCOk0uZEa4gzV8oWQO06sNeA,Extreme Biology,The Most Forbidden Minds in the Animal Kingdom Explained,61,1 month ago,30,507,https://www.youtube.com/watch?v=TyuxcLrMHTA
nature_animals,animal behavior documentary explained,9scnWAgV6us,UCwmZiChSryoWQCZMIQezgTg,BBC Earth,1 Hour of Incredible Animals Narrated by David Attenborough | BBC Earth,3619710,10 months ago,300,3595,https://www.youtube.com/watch?v=9scnWAgV6us
nature_animals,animal behavior documentary explained,hWhp5A314Ok,UCXnIVQMg0g-zQOHL5es49hg,BBTV Official,Secretarybird Life Cycle: The Bird That Doesn’t Hunt With Claws… It Stomps Its Prey to Death,214362,4 days ago,4,1012,https://www.youtube.com/watch?v=hWhp5A314Ok
nature_animals,animal behavior documentary explained,fQHxqWDNcgw,UCwmZiChSryoWQCZMIQezgTg,BBC Earth,10 Animal Behaviours Filmed for the First Time Ever | BBC Earth,1869959,5 months ago,150,1709,https://www.youtube.com/watch?v=fQHxqWDNcgw
nature_animals,animal behavior documentary explained,2le_VDcw23s,UC1HTFxzj0aYwptvHinhT1Dw,Nature Instinct,Safari Animal Behavior Explained — Incredible Moments That Reveal Instinct in Action,7,3 months ago,90,2160,https://www.youtube.com/watch?v=2le_VDcw23s
nature_animals,animal behavior documentary explained,qHo1_zxHcQE,UCGSE0RH4LbXndiCEf6sRPFA,MY DREAM,Langur Facial Expressions Explained 🐒 | Animal Behavior Documentary.,2668,8 months ago,240,68,https://www.youtube.com/watch?v=qHo1_zxHcQE
nature_animals,animal behavior documentary explained,ufvC32TOBmc,UCDPk9MG2RexnOMGTD-YnSnA,Nat Geo Animals,Enter the Planet of the Birds (Full Episode) | DOCUMENTARY SPECIAL | Nat Geo Animals,794496,7 months ago,210,2665,https://www.youtube.com/watch?v=ufvC32TOBmc
nature_animals,animal behavior documentary explained,Pe75ElC2T3o,UCwnF7Y-r25Q_SONIO-LBeHg,Primal Data,Wildebeest Predicting Owner's Death: Animal Behavior Explained,196,2 months ago,60,115,https://www.youtube.com/watch?v=Pe75ElC2T3o
nature_animals,animal behavior documentary explained,ZXJxqqKOSGc,UC9vz0ljsVUh0o124bt3mP_A,Curious Minds 101,Top 10 Bizarre Animal Behaviors: Explained,6,8 months ago,240,449,https://www.youtube.com/watch?v=ZXJxqqKOSGc
nature_animals,animal behavior documentary explained,FZhGkMIBtyc,UCrO0yOOzsbRYDYWVcjC7vYQ,Arcavora ,The Parasite That Changes Animal Behavior | Toxoplasma Explained,5,10 days ago,10,132,https://www.youtube.com/watch?v=FZhGkMIBtyc
nature_animals,animal behavior documentary explained,_lK5TvVB1vw,UCouPeqI9PDQ4kSI2lOEOLpg,Our World,2 Hours Explaining Why Humans Act Like Animals,3397,3 months ago,90,9059,https://www.youtube.com/watch?v=_lK5TvVB1vw
nature_animals,animal behavior documentary explained,rDJXbfFW2Ks,UCKOwu2vwhA4v-tS6bzS-EgA,Tillow,Every Underrated Predator Explained (Part 1),15547,7 months ago,210,523,https://www.youtube.com/watch?v=rDJXbfFW2Ks
nature_animals,animal behavior documentary explained,Y1DKvV_YK8I,UCe-3ZYBfL5i6NDwWjyMz5JA,Wildlife Hub,Amazing Wild Animals Introduction | Animal Behavior & Diet Explained,24,8 months ago,240,265,https://www.youtube.com/watch?v=Y1DKvV_YK8I
nature_animals,animal behavior documentary explained,MJxP5nK5osI,UCwnF7Y-r25Q_SONIO-LBeHg,Primal Data,Military Mouse Research Explained: Animal Behavior in Warfare,1,3 months ago,90,147,https://www.youtube.com/watch?v=MJxP5nK5osI
nature_animals,animal behavior documentary explained,bTo7g3SB0_4,UCudmvt5n-PtrMy9OdMfL5FA,WildScope,Why Does This Bird Live on Giant Animals? | Oxpecker Explained #Wild scope,89,12 days ago,12,287,https://www.youtube.com/watch?v=bTo7g3SB0_4
nature_animals,animal behavior documentary explained,PwQsS-olhEs,UCe-3ZYBfL5i6NDwWjyMz5JA,Wildlife Hub,Wildlife Documentary: Animal Groups & Nature Behavior Explained#wildlife #animals,171,8 months ago,240,313,https://www.youtube.com/watch?v=PwQsS-olhEs
nature_animals,wildlife mystery documentary,9rCPzhryEfE,UCmnxIjObfh9mRqHOstKOQWA,WILDLIFE PLANET HINDI,Amazon Rainforest: The Untold Secrets | National Geographic Hindi | Wildlife Documentary,619858,10 months ago,300,2555,https://www.youtube.com/watch?v=9rCPzhryEfE
nature_animals,wildlife mystery documentary,pkQjwQPwX2I,UCdxuNy-HHb-F3PNG4SRqiOw,JRE Collection,TERRIFYING Animal Mysteries You’ve Never Heard Before.. | Joe Rogan,1105938,6 months ago,180,2425,https://www.youtube.com/watch?v=pkQjwQPwX2I
nature_animals,wildlife mystery documentary,WwA_7QyqtGI,UCcyOI2xMEfK940Tgwzb2VHg,Travpedia,UNREAL AMAZON – Nature’s Most Dangerous Paradise (Full Documentary),5974301,9 months ago,270,4495,https://www.youtube.com/watch?v=WwA_7QyqtGI
nature_animals,wildlife mystery documentary,t7kuNSTFpPg,UCeCjgncnUFleHUSkDbK8wOw,Staryxa1,"How Honeybees Think, Communicate & Fight as One 🐝 | #Honeybees  #BeeDocumentary #Wildlife #Wildlife",2,3 hours ago,0,403,https://www.youtube.com/watch?v=t7kuNSTFpPg
nature_animals,wildlife mystery documentary,6C5ZLgGQtlg,UCRxL0nf9H3ZL-CeI8wGmPHQ,Discover Wildlife,DEEP OCEAN | The Journey to the Mysterious Creatures of the Abyss | Nature Animal Documentary,350309,3 months ago,90,9839,https://www.youtube.com/watch?v=6C5ZLgGQtlg
nature_animals,wildlife mystery documentary,P76onJ41t9Q,UCRxL0nf9H3ZL-CeI8wGmPHQ,Discover Wildlife,WILD BORNEO | Hidden Creatures in the Most Mysterious Jungle | Nature Animal Documentary,258466,2 months ago,60,5485,https://www.youtube.com/watch?v=P76onJ41t9Q
nature_animals,wildlife mystery documentary,wG2AjPzWeT0,UCRxL0nf9H3ZL-CeI8wGmPHQ,Discover Wildlife,AFRICAN JUNGLE | The Unique Creatures of Africa’s Most Mysterious Forest | Wildlife Documentary,61353,2 weeks ago,14,4648,https://www.youtube.com/watch?v=wG2AjPzWeT0
nature_animals,wildlife mystery documentary,ZZnaBBsbPBE,UCRxL0nf9H3ZL-CeI8wGmPHQ,Discover Wildlife,MYSTERIES OF THE ABYSS | The Most Dangerous Wild Animals on the Planet | Nature Animal Documentary,668762,6 months ago,180,4907,https://www.youtube.com/watch?v=ZZnaBBsbPBE
nature_animals,wildlife mystery documentary,-huNoyEX238,UCSoRPhBTtQ4ntgOj4RA_XqA,TRUE GLOBE,SIBERIA: The Land That Makes Russia More Mysterious | 4K Travel Documentary,1583346,8 months ago,240,3048,https://www.youtube.com/watch?v=-huNoyEX238
nature_animals,wildlife mystery documentary,Fb_JFALwxlo,UC0g0WbvanQND4dC1JDaW1_w,Wild Horizons,The Dinosaur That May Still Be Alive in the Congo Rainforest? The Hidden World Inside Africa,1058334,9 months ago,270,1774,https://www.youtube.com/watch?v=Fb_JFALwxlo
nature_animals,wildlife mystery documentary,hq8zlxMVa-w,UCe9imMhDp6Kn3dn75mzUUZw,GaiaDocs,WILD AMAZON | Mysterious Predators Yet To Be Known | Nature Animal Documentary,1255019,2 weeks ago,14,1892,https://www.youtube.com/watch?v=hq8zlxMVa-w
nature_animals,wildlife mystery documentary,qz1vZ2Fb9oQ,UC06KL-Br-0EJNgbhvCHh2EQ,WILD Nature - Free Documentary,WILD AMAZON | Only the Strongest Predators Will Survive | FULL EPISODE | Wildlife Documentary,78626,6 days ago,6,7237,https://www.youtube.com/watch?v=qz1vZ2Fb9oQ
nature_animals,wildlife mystery documentary,fZGXKpfNdVI,UCkf4ZhyckqAgr_bf-PPS7jA,Wild Animals - Animal Documentary,AMAZON BRUTAL | The Most Mysterious Predators of the Tropical Rainforest | Animal Documentary,1338563,4 months ago,120,5257,https://www.youtube.com/watch?v=fZGXKpfNdVI
nature_animals,wildlife mystery documentary,uxT-S4TkrpA,UCkf4ZhyckqAgr_bf-PPS7jA,Wild Animals - Animal Documentary,WILD AMAZON | Discovering Mysterious Predators Yet To Be Known | Animal Documentary,924719,1 month ago,30,4932,https://www.youtube.com/watch?v=uxT-S4TkrpA
nature_animals,wildlife mystery documentary,rOOrOao0zPg,UCQoPrZpOtAqLL1tFEey-Xzw,WILD Xfact,Extinct Animals Perfectly Preserved in the Ice Age,727687,11 months ago,330,571,https://www.youtube.com/watch?v=rOOrOao0zPg
nature_animals,wildlife mystery documentary,bbOmdbJdMa8,UCDPk9MG2RexnOMGTD-YnSnA,Nat Geo Animals,Inside China's Secret Jungle (Full Episode) | Hidden Kingdoms of China | Nat Geo Animals,180687,8 days ago,8,2665,https://www.youtube.com/watch?v=bbOmdbJdMa8
nature_animals,wildlife mystery documentary,bGe6Qddx5xU,UCwmZiChSryoWQCZMIQezgTg,BBC Earth,Incredible Wildlife Scenes Narrated by David Attenborough | BBC Earth,5162793,11 months ago,330,3667,https://www.youtube.com/watch?v=bGe6Qddx5xU
nature_animals,wildlife mystery documentary,_h6ZnzSQo90,UCZ9twbiUaQgJTyMPhFvcc1A,Nature Wonders,"Himalayas: Mysteries of the Roof of the World | Documentary on Mountains, Wildlife & Culture",497,11 months ago,330,1583,https://www.youtube.com/watch?v=_h6ZnzSQo90
nature_animals,wildlife mystery documentary,EchTLVudfdo,UCRxL0nf9H3ZL-CeI8wGmPHQ,Discover Wildlife,WILD AMAZON | Mysteries of the Supreme Predators | Nature Animal Documentary,606199,6 months ago,180,5137,https://www.youtube.com/watch?v=EchTLVudfdo
nature_animals,ocean mystery explained documentary,NGxOvuc_6rA,UCMFj9KTUleaxDWkaCa_pYag,নিরীক্ষণ,লেভিয়াথান কি অবশেষে জেগে ওঠেছে? Sea Monster Explained | Documentary by NIRIKKHON,2582644,11 months ago,330,387,https://www.youtube.com/watch?v=NGxOvuc_6rA
nature_animals,ocean mystery explained documentary,RaS05YRRT-s,UCOnMveoOrmDiwA6X-6xmQjw,Romancho Pedia by Mithun,NASA's secret mission to the Mariana Trench! NASA Deep Sea Mission,2480432,11 months ago,330,1464,https://www.youtube.com/watch?v=RaS05YRRT-s
nature_animals,ocean mystery explained documentary,yl2qPDee6HU,UCOnMveoOrmDiwA6X-6xmQjw,Romancho Pedia by Mithun,What's Hidden Under The Pacific Ocean?,805899,3 months ago,90,1250,https://www.youtube.com/watch?v=yl2qPDee6HU
nature_animals,ocean mystery explained documentary,mzeN0BXR4e0,UCOM1gIM4Q_-OniEdhUvHEkA,Mr. Science,Why Deep Sea Creatures Get Creepier the Deeper You Go,16719733,9 months ago,270,1078,https://www.youtube.com/watch?v=mzeN0BXR4e0
nature_animals,ocean mystery explained documentary,zfTjp89HapQ,UC87QeJ7WF71zJ5LF7vVVYrg,The Gaurav Thakur Show Clips,Deep Sea Underwater Lakes That Shouldn’t Exist,2318478,9 months ago,270,1733,https://www.youtube.com/watch?v=zfTjp89HapQ
nature_animals,ocean mystery explained documentary,PJoMYF5N1wc,UCEkq_VdPv0JJNQzZzb1bQ2Q,Imtinan Ahmad,The Ocean Is Hiding Something…What They're Still not Telling US !!!,603581,4 months ago,120,870,https://www.youtube.com/watch?v=PJoMYF5N1wc
nature_animals,ocean mystery explained documentary,SXWDW62h_QY,UCG5_BraUMNcluZPZ__oOeKg,Natural World Facts,The Abyss | Deep Sea Documentary for Sleep (4K),8522080,11 months ago,330,2581,https://www.youtube.com/watch?v=SXWDW62h_QY
nature_animals,ocean mystery explained documentary,su99MdkUcyc,UCX2IOB5QecICpfcb1GKHM_Q,Gaurav Katare,The Case Of The Baltic Sea Anomaly | The Mystery Beneath,653201,6 months ago,180,992,https://www.youtube.com/watch?v=su99MdkUcyc
nature_animals,ocean mystery explained documentary,_StiEcKQEWw,UCOnMveoOrmDiwA6X-6xmQjw,Romancho Pedia by Mithun,Scientists Reveal the Truth About Bermuda! Bermuda Triangle Mystery (Solved),736119,3 weeks ago,21,1844,https://www.youtube.com/watch?v=_StiEcKQEWw
nature_animals,ocean mystery explained documentary,-2Hep1xMpDc,UCSSPJOns5eCPlxB42Wje4ig,Theyogi,There was a dangerous monster hidden in the depths of the ocean | Underwater 2020 Movie Explained...,938678,2 months ago,60,1500,https://www.youtube.com/watch?v=-2Hep1xMpDc
nature_animals,ocean mystery explained documentary,R10XtqBGdiU,UCX2IOB5QecICpfcb1GKHM_Q,Gaurav Katare,"Leviathan, Kraken or A Prehistoric Animal? The Deep Sea Sound Mystery!",1599836,3 weeks ago,21,967,https://www.youtube.com/watch?v=R10XtqBGdiU
nature_animals,ocean mystery explained documentary,j7c2a6duchI,UCrAcTVpvymbni9njx3LQbRA,Zoanfly,The Ocean Oddities Iceberg Explained,512228,4 months ago,120,15649,https://www.youtube.com/watch?v=j7c2a6duchI
nature_animals,ocean mystery explained documentary,jcoJAHyrkEk,UC5wFCss3J68_MMZT_VxQvUA,The World Of Keya,Iron Lung Movie Explain In Bangla|Survival|Thriller|The World Of Keya,60158,5 days ago,5,2295,https://www.youtube.com/watch?v=jcoJAHyrkEk
nature_animals,ocean mystery explained documentary,fMRlzaMqMvM,UCQoPrZpOtAqLL1tFEey-Xzw,WILD Xfact,7 Rare and Mysterious Deep Sea Creatures,438192,9 months ago,270,587,https://www.youtube.com/watch?v=fMRlzaMqMvM
nature_animals,ocean mystery explained documentary,rUGwJ--khvw,UCR_AGAYL6I4wKa4Zih1496g,Flick Movies,Puri Duniya Ho Chuki Hai Khatam | The Swarm (2023) movie explanation,588298,6 months ago,180,2164,https://www.youtube.com/watch?v=rUGwJ--khvw
nature_animals,ocean mystery explained documentary,EKAUyWIi8Mg,UCWAybv_2lrhEyOYxehsaqeQ,Earth IQ বাংলা ,আটলান্টিক মহাসাগরের অজানা রহস্য | Atlantic Ocean & Bermuda Triangle Mystery Bangla Documentary,59373,9 months ago,270,341,https://www.youtube.com/watch?v=EKAUyWIi8Mg
nature_animals,extinct animal documentary,dUJ8yLMT09c,UCWbM5p20UDzs1VLGa9ku2Jw,Myths-creature,7 Extinct Animals That Might Still Be Alive in the Amazon,1502766,5 months ago,150,593,https://www.youtube.com/watch?v=dUJ8yLMT09c
nature_animals,extinct animal documentary,tEukuNpBudY,UCVOKP-_OYHTnKFDSP89NfAQ,Mavora,15 Extinct Animals That Might STILL Be Alive Right Now !,1125501,1 month ago,30,1398,https://www.youtube.com/watch?v=tEukuNpBudY
nature_animals,extinct animal documentary,LsOpR7ibbU4,UCVOKP-_OYHTnKFDSP89NfAQ,Mavora,28 Last Photos of Extinct Animals | Full Series,6099297,8 months ago,240,2081,https://www.youtube.com/watch?v=LsOpR7ibbU4
nature_animals,extinct animal documentary,4mpm6x4wvls,UC9QQbK2NjEzlS6u9nFU_Dcw,Paleora,Are These Extinct Animals Still Alive Today? | Full Documentary,329187,6 months ago,180,7972,https://www.youtube.com/watch?v=4mpm6x4wvls
nature_animals,extinct animal documentary,Q1tdsTjLgKE,UCVOKP-_OYHTnKFDSP89NfAQ,Mavora,7 last videos of extinct animals,763984,6 months ago,180,727,https://www.youtube.com/watch?v=Q1tdsTjLgKE
nature_animals,extinct animal documentary,fvA7_Vl1qyM,UCVOKP-_OYHTnKFDSP89NfAQ,Mavora,7 Final Recordings of EXTINCT Animals,71407,3 months ago,90,726,https://www.youtube.com/watch?v=fvA7_Vl1qyM
nature_animals,extinct animal documentary,Rpu4uREBeDM,UCDPk9MG2RexnOMGTD-YnSnA,Nat Geo Animals,Secrets of the T-Rex & More | Lost Beasts Unearthed MEGA Episode | Nat Geo Animals,1074796,10 months ago,300,13232,https://www.youtube.com/watch?v=Rpu4uREBeDM
nature_animals,extinct animal documentary,oCeeWm5u0vs,UCPlUfxXfP-Cgg4_qM-y8ivA,Silence of the Earth,The Strangest Extinct Animals — Relaxing Documentary To Fall Asleep To,76953,9 months ago,270,11259,https://www.youtube.com/watch?v=oCeeWm5u0vs
nature_animals,extinct animal documentary,LrEyplMHW-Y,UC7E9XYQ8hbV54ZDuOKYYxmA,Forrest Galante,5 Extinct Animals Ancient Explorers Couldn't Explain,1197000,2 months ago,60,1332,https://www.youtube.com/watch?v=LrEyplMHW-Y
nature_animals,extinct animal documentary,s8k49xQCttw,UC7E9XYQ8hbV54ZDuOKYYxmA,Forrest Galante,5 More Extinct Animals Found in the Last 15 Years,552104,2 weeks ago,14,780,https://www.youtube.com/watch?v=s8k49xQCttw
nature_animals,extinct animal documentary,HmMFTE8mCCE,UC7OxCeIvb7GihTlyUjYMmig,Hosh TV,Prehistoric Animals Returning from Extinction | Part-2,883822,8 months ago,240,582,https://www.youtube.com/watch?v=HmMFTE8mCCE
nature_animals,extinct animal documentary,2yiYRmCyfWc,UCPlUfxXfP-Cgg4_qM-y8ivA,Silence of the Earth,What If Dinosaurs Never Went Extinct? | Documentary for Sleep,2633971,7 months ago,210,8012,https://www.youtube.com/watch?v=2yiYRmCyfWc
nature_animals,extinct animal documentary,VfjlaUTiQ5M,UC8JT2m0mKEgvEtie3JNKwew,Naked Science,How Scientists Are Bringing Extinct Animals Back to Life | FULL DOCUMENTARY,25080,3 months ago,90,1304,https://www.youtube.com/watch?v=VfjlaUTiQ5M
nature_animals,extinct animal documentary,NIgSklQ2_G4,UCDPk9MG2RexnOMGTD-YnSnA,Nat Geo Animals,Uncovering Mammoth Ice Age Extinctions (Full Episode) | Lost Beasts Unearthed | Nat Geo Animals,568968,5 months ago,150,2658,https://www.youtube.com/watch?v=NIgSklQ2_G4
nature_animals,extinct animal documentary,hBPF7gtEuK0,UCNZegH5HQPx_chNsPqJw1Rw,Sleepy Science Channel,The Most Relaxing Facts About Extinct Animals to Fall Asleep To — No Adverts,89618,7 months ago,210,9121,https://www.youtube.com/watch?v=hBPF7gtEuK0
nature_animals,extinct animal documentary,DT4jyC1wvvM,UCwmZiChSryoWQCZMIQezgTg,BBC Earth,Guardians: Saving Earth's Most Endangered Animals - FULL DOC | BBC Earth,93285,11 months ago,330,3370,https://www.youtube.com/watch?v=DT4jyC1wvvM
nature_animals,extinct animal documentary,eUHK8SPdSSM,UC7E9XYQ8hbV54ZDuOKYYxmA,Forrest Galante,20 More Extinct Animals I Believe Could Still Be Alive,2761911,10 months ago,300,1365,https://www.youtube.com/watch?v=eUHK8SPdSSM
nature_animals,extinct animal documentary,CsAOIP45kRE,UCc7h-w42GLvShOJp9mLEnfQ,Bixu,Last Photos Of EXTINCT Animals,772678,2 weeks ago,14,920,https://www.youtube.com/watch?v=CsAOIP45kRE
nature_animals,extinct animal documentary,FTLIkEW55Io,UCuQxN9hstqdLA0sv8kWx5dg,Archeovest,The Extinct Creatures We Found Frozen Beneath Ice | Full Documentary,101974,11 months ago,330,5870,https://www.youtube.com/watch?v=FTLIkEW55Io
nature_animals,nature survival story documentary,_a9l3a8W6Ss,UCaUCzPRX1bKUwz7a2aJgIDQ,Missing Persons Mysteries with Steve Stockton,4 REAL UNBELIEVABLE Wilderness Survival Stories (True Survival Against the Odds),23895,8 months ago,240,1271,https://www.youtube.com/watch?v=_a9l3a8W6Ss
nature_animals,nature survival story documentary,Wa5PXVF_aJE,UCO-K4Bggr246g8Yudin0_7Q,Claw Wildlife ,Honey Badgers and Their Predators – The Untold Survival Story | Nature Animal Documentary,361034,9 months ago,270,3714,https://www.youtube.com/watch?v=Wa5PXVF_aJE
nature_animals,nature survival story documentary,EdtiL5Jy8M8,UCFSrAqP3S72YvPru-Ts9lcg,I Shouldn't Be Alive,I Shouldn’t Be Alive | Season 3 Episode 2 - Couple Lost in the San Jacinto Mountains!,628404,7 months ago,210,2884,https://www.youtube.com/watch?v=EdtiL5Jy8M8
nature_animals,nature survival story documentary,JB256X0psIA,UCDOU0EAiCU_u5SH0cnm3eMQ,Nomadic Lifeaholic,This Nomadic Family's Village Life & Food Will SHOCK You! (Survival Documentary),778583,11 months ago,330,1885,https://www.youtube.com/watch?v=JB256X0psIA
nature_animals,nature survival story documentary,s7PV6Xv6jYE,UCFSrAqP3S72YvPru-Ts9lcg,I Shouldn't Be Alive,Three Survival Stories of Courage and Tragedy | I Shouldn't Be Alive,116579,4 months ago,120,4857,https://www.youtube.com/watch?v=s7PV6Xv6jYE
nature_animals,nature survival story documentary,A3LkNrfl2Ng,UCwbI9_kO6r8zTA5O_nksLaQ,Mighty Monk,The Greatest Survival Story in Human History,587453,4 months ago,120,1604,https://www.youtube.com/watch?v=A3LkNrfl2Ng
nature_animals,nature survival story documentary,giisO8W7SzI,UCxsXn1oYJcddzSJ83NIZTPw,Human Survival Files ,Abandoned on an Island for 4 Years — The True Survival Story of Alexander Selkirk,234882,5 months ago,150,1489,https://www.youtube.com/watch?v=giisO8W7SzI
nature_animals,nature survival story documentary,29D_xeIQPYk,UCj4qrWgL8bmAfBTr6EwThow,Survival Alex,Life in Alaska -𝟰𝟬°𝗖 - Hunting Wolves In A Violent Blizzard,1373606,4 months ago,120,5652,https://www.youtube.com/watch?v=29D_xeIQPYk
nature_animals,nature survival story documentary,kI20gSPbxu0,UCF_y2shYA8CSd8ZoSlbNjtw,Nations Uncovered,ALASKA: Life at the Edge of the Wilderness | Travel Documentary,1580861,8 months ago,240,2832,https://www.youtube.com/watch?v=kI20gSPbxu0
nature_animals,nature survival story documentary,qprNraWQZF4,UCJjUlbs-ZEo4draiZzz66sQ,WILD NATURE - Nature animal documentary,Win or Die (FULL EPISODE) | Deadliest Battles for Survival | Animal documentary,2991650,4 months ago,120,8434,https://www.youtube.com/watch?v=qprNraWQZF4
nature_animals,nature survival story documentary,F5t4y8Ra3-k,UC1zbeu02sJejIYi8h3mK2Gg,Echo of the Forests,30 DAYS LOST: How ONE Mistake Turned a Morning Run into a DEADLY NIGHTMARE,77739,8 months ago,240,1734,https://www.youtube.com/watch?v=F5t4y8Ra3-k
nature_animals,nature survival story documentary,OEM_ZusSK38,UCH1d5pCwEvmumwwbd4QkL6A,Mountain Lifeaholic,trapped in afghanistan's deadliest blizzard - shepherds survival story,3517322,6 months ago,180,2225,https://www.youtube.com/watch?v=OEM_ZusSK38
nature_animals,nature survival story documentary,Djz4ktBZxjs,UCq_e7utqXqmxS2nmeLNWoew,Extreme Survival Stories,Stranded in Alaska’s Frozen Interior: 84 Days of Hunger and Cold,52542,7 months ago,210,1883,https://www.youtube.com/watch?v=Djz4ktBZxjs
nature_animals,nature survival story documentary,krNx6WtssBQ,UCsrtvSjgVg8QgRJzysB55xA,Outdoor Disasters,Crossing the Line For Survival | A Horrific Survival Story in the Arctic Circle,22269,5 months ago,150,1826,https://www.youtube.com/watch?v=krNx6WtssBQ
nature_animals,nature survival story documentary,7sPWKHw6jc8,UCuFptQhYGG584OSbY1-gIyQ,Beyond Survival,I Survived a -31°C Blizzard By Camping in Heavy Snow | Extreme Winter Life,19499,3 days ago,3,808,https://www.youtube.com/watch?v=7sPWKHw6jc8
nature_animals,nature survival story documentary,DB_YPensOPE,UCJjUlbs-ZEo4draiZzz66sQ,WILD NATURE - Nature animal documentary,TANZANIA LIONS: Ultimate Battles for Survival (Full Episode) | Nature animal documentary,407050,5 months ago,150,5425,https://www.youtube.com/watch?v=DB_YPensOPE
nature_animals,nature survival story documentary,nv2mgzyVEE4,UCutgizyE1iDZBZQFqte_jHA,Razzu Bolta hai,Plane Crash Ke Baad Shuru Hui Zinda Rehne Ki Jung(Yellowjackets 2021 Movie Explained Hindi/Urdu,386121,1 day ago,1,1695,https://www.youtube.com/watch?v=nv2mgzyVEE4
nature_animals,nature survival story documentary,az2RjKgREFE,UCRxL0nf9H3ZL-CeI8wGmPHQ,Discover Wildlife,WILD YUKON | Migration and the Endless Fight for Survival | Nature Animal Documentary,651621,3 months ago,90,4054,https://www.youtube.com/watch?v=az2RjKgREFE
nature_animals,ecosystem explained documentary,7ehZ5S79xaY,UCweDKPSF65wRw5VHFUJYiow,Curious Archive,The Most Complex Ecosystem in any Game | Full Documentary,743935,8 months ago,240,4064,https://www.youtube.com/watch?v=7ehZ5S79xaY
nature_animals,ecosystem explained documentary,udbvnYqrMbc,UC0mK4OIqEubzH-3EqOeMPgQ,Chief Founder Explainer,Every Hidden Ecosystem You Never Knew Existed Explained,23,8 days ago,8,345,https://www.youtube.com/watch?v=udbvnYqrMbc
nature_animals,ecosystem explained documentary,TYRvub0O1ns,UCOl2oX_MPM0vSX7k8TKogMQ,Earthscapes Travel,The Strait of Hormuz: Real Life Inside the World's Most Dangerous Energy Lifeline | 4K Documentary,3462120,3 months ago,90,3067,https://www.youtube.com/watch?v=TYRvub0O1ns
nature_animals,ecosystem explained documentary,dJWIrKR1328,UCM3GImFPCeI28mJwQoWChWQ,Giants Explainer,"Titanoboa Documentary | Life, Environment & Prehistoric Ecosystem Explained",459,8 months ago,240,654,https://www.youtube.com/watch?v=dJWIrKR1328
nature_animals,ecosystem explained documentary,6BOXvCUAEqM,UCOM1gIM4Q_-OniEdhUvHEkA,Mr. Science,Nothing About T. Rex Was Normal... Here's Why,903771,7 months ago,210,1655,https://www.youtube.com/watch?v=6BOXvCUAEqM
nature_animals,ecosystem explained documentary,OONmydfz5ls,UCF_y2shYA8CSd8ZoSlbNjtw,Nations Uncovered,AMAZON: The Side Most People Will Never See | Travel Documentary,2320648,6 months ago,180,3407,https://www.youtube.com/watch?v=OONmydfz5ls
nature_animals,ecosystem explained documentary,CzSwnY1oK-w,UCh_975Ocjp37KbNTFKlUjzQ,Top Unreal Travel,Which Species REIGNS SUPREME in the Pacific Ocean's Ecosystem?,859437,6 months ago,180,11223,https://www.youtube.com/watch?v=CzSwnY1oK-w
nature_animals,ecosystem explained documentary,mXh5SRtIoUg,UCddnDg1oMNFDRUMd1DjnMrA,Predator World,The Arctic Ecosystem Explained | Wildlife Documentary,244,5 months ago,150,497,https://www.youtube.com/watch?v=mXh5SRtIoUg
nature_animals,ecosystem explained documentary,ECYMHIbBYyI,UCpxYSWgxVt3Pyn1ovXsGQ0g,PBS Terra,We Just Crossed Our FIRST Tipping Point… And It’s NOT What You Think,870209,10 months ago,300,810,https://www.youtube.com/watch?v=ECYMHIbBYyI
nature_animals,ecosystem explained documentary,syQiUbG27yc,UC7DGPYcg5G5oQkE4IlEz0LA,Homo Unfinished,Why Earth Has Life | Earth’s Ecosystem Explained in the Vast Universe | Space Documentary,88,6 months ago,180,383,https://www.youtube.com/watch?v=syQiUbG27yc
nature_animals,ecosystem explained documentary,1ntZASV5MS4,UC9QQbK2NjEzlS6u9nFU_Dcw,Paleora,The Entire History of Earth | Full Documentary,1238458,9 months ago,270,10021,https://www.youtube.com/watch?v=1ntZASV5MS4
nature_animals,ecosystem explained documentary,R5nA1EPgKxE,UCYclu9eyo5EwGF-zSDDWNtw,Park Vibes,How We Broke The Everglades,43996,6 months ago,180,1169,https://www.youtube.com/watch?v=R5nA1EPgKxE
nature_animals,ecosystem explained documentary,BgmXOKJFiec,UCNpu4DZim-GKTKsxTliLydg,Science In Short,🌿 What Is an Ecosystem? | The Hidden Web That Keeps Earth Alive,16,10 months ago,300,280,https://www.youtube.com/watch?v=BgmXOKJFiec
nature_animals,ecosystem explained documentary,5FqFg-rjzPo,UCxqAWLTk1CmBvZFPzeZMd9A,Domain of Science,The Fascinating Map of Fungi,823517,11 months ago,330,1390,https://www.youtube.com/watch?v=5FqFg-rjzPo
nature_animals,ecosystem explained documentary,4oEoUnOy_kk,UC5vqQMD58jmrjDsa4x0ZzHA,Tanveer 360 World,Ecosystem 101: Biotic & Abiotic Factors Explained!,844,9 months ago,270,535,https://www.youtube.com/watch?v=4oEoUnOy_kk
nature_animals,dangerous animals documentary story,9KxuRXvWcCI,UCDPk9MG2RexnOMGTD-YnSnA,Nat Geo Animals,Africa's Most Dangerous Snakes (Full Episode) | World's Deadliest Snakes | Nat Geo Animals,1461984,9 months ago,270,2665,https://www.youtube.com/watch?v=9KxuRXvWcCI
nature_animals,dangerous animals documentary story,WGvH11I6Rnk,UCDPk9MG2RexnOMGTD-YnSnA,Nat Geo Animals,Exploring Indo-Pacific Snakes (Full Episode) | World's Deadliest Snakes | Nat Geo Animals,473060,5 months ago,150,2665,https://www.youtube.com/watch?v=WGvH11I6Rnk
nature_animals,dangerous animals documentary story,PNs6p5eTjnc,UCQtW2oz8ec8pHjjxawujNjg,Free Documentary - Nature,World’s Most Toxic Animals - No Antidote | Free Documentary Nature,618337,4 months ago,120,6230,https://www.youtube.com/watch?v=PNs6p5eTjnc
nature_animals,dangerous animals documentary story,n9fUtYf7ZxU,UC7R28A21ABhLnvY9bRed8MQ,Nature's Moments,African Savannah | Deadliest Battles for Survival | FULL EPISODE | Wildlife Documentary,1713626,2 months ago,60,13721,https://www.youtube.com/watch?v=n9fUtYf7ZxU
nature_animals,dangerous animals documentary story,mWPT2QhH29o,UCJjUlbs-ZEo4draiZzz66sQ,WILD NATURE - Nature animal documentary,World’s Deadliest Snakes (FULL EPISODE) | A Brutal Fight for Survival | Animal documentary,364659,3 months ago,90,7037,https://www.youtube.com/watch?v=mWPT2QhH29o
nature_animals,dangerous animals documentary story,b38OZUFk5sA,UCbq-4OJxnziD3awH-aTezeA,Real Wild,WILD AUSTRALIA | The Most Dangerous Place On Earth | 4K,2103075,11 months ago,330,2998,https://www.youtube.com/watch?v=b38OZUFk5sA
nature_animals,dangerous animals documentary story,ezz6D3u5Pi8,UC7R28A21ABhLnvY9bRed8MQ,Nature's Moments,The Most Dangerous Predators of Africa | FULL EPISODE | Wildlife Documentary,844179,1 month ago,30,13168,https://www.youtube.com/watch?v=ezz6D3u5Pi8
nature_animals,dangerous animals documentary story,42EF5cKHlu0,UCDPk9MG2RexnOMGTD-YnSnA,Nat Geo Animals,Ranking America's Deadliest Snakes (Full Episode) | World's Deadliest Snakes | Nat Geo Animals,234953,3 months ago,90,2665,https://www.youtube.com/watch?v=42EF5cKHlu0
nature_animals,dangerous animals documentary story,cEOlrW5YIJY,UC7R28A21ABhLnvY9bRed8MQ,Nature's Moments,World's Deadliest MEGA EPISODE | 4K UHD | Nature Animal Documentary,364173,11 months ago,330,19511,https://www.youtube.com/watch?v=cEOlrW5YIJY
nature_animals,dangerous animals documentary story,WKKEkSFaCvs,UCQtW2oz8ec8pHjjxawujNjg,Free Documentary - Nature,Wild Instinct - Fear on the Savannah | Free Documentary Nature,4897781,11 months ago,330,3121,https://www.youtube.com/watch?v=WKKEkSFaCvs
nature_animals,dangerous animals documentary story,kJt_QnTKhU4,UCQtW2oz8ec8pHjjxawujNjg,Free Documentary - Nature,One Drop to Kill: Nature's Deadliest Poisons | Free Documentary Nature,811738,6 months ago,180,3120,https://www.youtube.com/watch?v=kJt_QnTKhU4
nature_animals,dangerous animals documentary story,QJ86kj7k888,UC7E9XYQ8hbV54ZDuOKYYxmA,Forrest Galante,Face to Face with India’s Deadliest Animals (Private Tour),5578844,7 months ago,210,958,https://www.youtube.com/watch?v=QJ86kj7k888
nature_animals,dangerous animals documentary story,nQDHif7Cng4,UCe9imMhDp6Kn3dn75mzUUZw,GaiaDocs,WILD OCEAN |  Where Deadliest Predators Rule the Largest Ocean | Nature Animal Documentary,907573,4 months ago,120,2756,https://www.youtube.com/watch?v=nQDHif7Cng4
nature_animals,dangerous animals documentary story,QpZ8VjCnPcY,UCYenDLnIHsoqQ6smwKXQ7Hg,#Mind Warehouse,Safari Trips Went Horribly Wrong,3082213,10 months ago,300,1728,https://www.youtube.com/watch?v=QpZ8VjCnPcY
nature_animals,dangerous animals documentary story,J83XlHjuioc,UCDGrKOtVH1kWDD-DrkTm0ew,Hidden Planet TV,Lion Attack: The Savageest Fights in the Animal Kingdom | WILDLIFE DOCUMENTARY,1234382,8 months ago,240,3788,https://www.youtube.com/watch?v=J83XlHjuioc
nature_animals,dangerous animals documentary story,56XQlUkSum0,UC7R28A21ABhLnvY9bRed8MQ,Nature's Moments,Deadliest Battles for Survival on the African Savannah | FULL EPISODE | Wildlife Documentary,234333,1 month ago,30,13958,https://www.youtube.com/watch?v=56XQlUkSum0
nature_animals,dangerous animals documentary story,cqAkLWpNVxc,UCe9imMhDp6Kn3dn75mzUUZw,GaiaDocs,WILD CONGO | What Hides in the World's Most Dangerous Jungle | Nature Animal Documentary,41818,3 days ago,3,1854,https://www.youtube.com/watch?v=cqAkLWpNVxc
nature_animals,strange places on earth documentary,lZB2QgSiFys,UC0Xq4qcUT1GjcdOX5jYPuBA,My Unreal Planet TV,STRANGEST PLACES|  Explore 50 Places That Don't Seem Real | 4K Travel Documentary,581783,10 months ago,300,11393,https://www.youtube.com/watch?v=lZB2QgSiFys
nature_animals,strange places on earth documentary,baGaOs1qX5w,UCGCh409DId2JGBRGnyIfhEw,Real Thugesh ,Inside Mysterious REAL Ramayan Places in Lanka! 😨 (SHOCKING),2837521,3 days ago,3,1402,https://www.youtube.com/watch?v=baGaOs1qX5w
nature_animals,strange places on earth documentary,dU7emBrjxrE,UCjkPT5n571CsTwxykFZghSw,Banana Planet TV,Impossible Places | 50 Most Alien Places on Earth That Shocked the World | Travel Video 4K,2079939,8 months ago,240,11349,https://www.youtube.com/watch?v=dU7emBrjxrE
nature_animals,strange places on earth documentary,2x84ZLB5Jh0,UCe8G9fApuCUh7dQr95UWhag,New Travel Insight,Impossible Places: World's Most Extreme Corners on Earth | 4K Travel Documentary,3014016,5 months ago,150,4112,https://www.youtube.com/watch?v=2x84ZLB5Jh0
nature_animals,strange places on earth documentary,tpamSkcAYRI,UCjkPT5n571CsTwxykFZghSw,Banana Planet TV,IMPOSSIBLE WORLD | 50 Most Strangest Places on Earth You Won’t Believe Exist | Travel Video 4K,20209,6 months ago,180,11170,https://www.youtube.com/watch?v=tpamSkcAYRI
nature_animals,strange places on earth documentary,7kb-i4M5iGo,UCU7P02iSvhmLQwTK4pOV09g,SunKran Travel,25 Most Mysterious Geological Wonders on Earth Still Unexplained | 4K Documentary,654922,1 month ago,30,3683,https://www.youtube.com/watch?v=7kb-i4M5iGo
nature_animals,strange places on earth documentary,JV0PAnT59c8,UCE7qCIhvBXz5W1W_F0WcPgQ,EXPLORE HORIZONS,Impossible Places | The Strangest Rock Formations on Earth | 4K Travel Documentary,589125,3 months ago,90,3709,https://www.youtube.com/watch?v=JV0PAnT59c8
nature_animals,strange places on earth documentary,qamu6wg0eDQ,UCaiRK8HOPpj3v-WuUsAFUZg,World Tour,THE WORLD'S CRAZIEST HOMES. 4K,5012515,11 months ago,330,5340,https://www.youtube.com/watch?v=qamu6wg0eDQ
nature_animals,strange places on earth documentary,Sghx3EOMPqM,UCUciwZ0NoHPr8TK5HHqVxRw,Arcana Travel,IMPOSSIBLE WORLD | The Most Strangest Places on Earth,281762,7 months ago,210,11046,https://www.youtube.com/watch?v=Sghx3EOMPqM
nature_animals,strange places on earth documentary,Aios7WuZSI8,UCaiRK8HOPpj3v-WuUsAFUZg,World Tour,LOST WORLD: Secret Places Few People Have Ever Seen,450831,5 months ago,150,7460,https://www.youtube.com/watch?v=Aios7WuZSI8
nature_animals,strange places on earth documentary,o1L6e_SFDJY,UCe8G9fApuCUh7dQr95UWhag,New Travel Insight,Impossible Places | Geological Wonders Scientists Can’t Explain | 4K Documentary,2150131,3 months ago,90,3803,https://www.youtube.com/watch?v=o1L6e_SFDJY
nature_animals,strange places on earth documentary,KzfeiYSA5G4,UCe8G9fApuCUh7dQr95UWhag,New Travel Insight,Impossible Places: The Most Extreme Corners of Planet Earth | 4K Travel Documentary,3464347,5 months ago,150,3916,https://www.youtube.com/watch?v=KzfeiYSA5G4
nature_animals,strange places on earth documentary,ABnPPtlv6cE,UCaiRK8HOPpj3v-WuUsAFUZg,World Tour,NATURAL WONDERS: The Wildest Places on Earth,2443044,6 months ago,180,9575,https://www.youtube.com/watch?v=ABnPPtlv6cE
nature_animals,strange places on earth documentary,IH8n69MNmzM,UC0Xq4qcUT1GjcdOX5jYPuBA,My Unreal Planet TV,IMPOSSIBLE  WORLD | The Most Amazing Places Few People Visit | 4K Travel Documentary,1154068,8 months ago,240,10645,https://www.youtube.com/watch?v=IH8n69MNmzM
nature_animals,strange places on earth documentary,VZon2ia6qns,UCjkPT5n571CsTwxykFZghSw,Banana Planet TV,Impossible Places | 50 Most Magnificent Places In The World You Won’t Believe Exist | Travel 4K,384173,6 months ago,180,11723,https://www.youtube.com/watch?v=VZon2ia6qns
nature_animals,strange places on earth documentary,K7v55Npm5nw,UCe8G9fApuCUh7dQr95UWhag,New Travel Insight,Impossible Places: World's Most Dangerous Railway Roads on Earth | 4K Travel Documentary,3098969,4 months ago,120,3613,https://www.youtube.com/watch?v=K7v55Npm5nw
nature_animals,strange places on earth documentary,1X7xlGdv68w,UCe8G9fApuCUh7dQr95UWhag,New Travel Insight,100 Strangest Places on Earth That Shouldn’t Exist | 4K Documentary,5956,Streamed 3 months ago,90,12325,https://www.youtube.com/watch?v=1X7xlGdv68w
practical_lifestyle,home ownership explained America,xpEBcSE9Ipc,UCZ4AMrDcNrfy3X6nsU8-rPg,Economics Explained,A Short Story About Why You Cannot Buy A House,585193,8 months ago,240,727,https://www.youtube.com/watch?v=xpEBcSE9Ipc
practical_lifestyle,home ownership explained America,jwy2A5bzFec,UCZ-H-n8fa7NqReTRKe7ByEg,Wealth Logic ,Renting vs Buying a Home? — The Real Math,161539,4 months ago,120,872,https://www.youtube.com/watch?v=jwy2A5bzFec
practical_lifestyle,home ownership explained America,u0ak1nRNA3g,UCYUq4IsuaR4iou3cSQZ5fjw,First National Bank of America,How Escrow Works With Your Mortgage at First National Bank of America,1,39 minutes ago,0,145,https://www.youtube.com/watch?v=u0ak1nRNA3g
practical_lifestyle,home ownership explained America,_xSZF63kkT0,UCLLH_SgkLe1AFfOvAv5eESA,The Mortgage Note U.S.,Podcast: How Rocket Community Fund Is Increasing Housing Stability In Detroit,2,1 hour ago,0,1598,https://www.youtube.com/watch?v=_xSZF63kkT0
practical_lifestyle,home ownership explained America,XfHX2C5PuOA,UCCXoCcu9Rp7NPbTzIvogpZg,Fox Business,Will more Americans be able to afford homes soon?: Inside the homeownership issue,16967,7 months ago,210,341,https://www.youtube.com/watch?v=XfHX2C5PuOA
practical_lifestyle,home ownership explained America,nkT_K8l1rEw,UCKhpM-cu2Cod-GyG6KngNYg,Logical Money,Renting Vs Buying a Home - The Real Math,944206,4 weeks ago,28,1061,https://www.youtube.com/watch?v=nkT_K8l1rEw
practical_lifestyle,home ownership explained America,1-7k4VvkUhI,UCCEXXigO16N1Fex7CRBzwhg,Fortune Atlas,How the US Housing Market Trapped a Generation,38,1 month ago,30,686,https://www.youtube.com/watch?v=1-7k4VvkUhI
practical_lifestyle,home ownership explained America,x-Xr8bU0wI4,UCu6WUWDl9tx7bn2e8jy7sNw,Yudi J,What Nobody Tells Desi’s About Buying a House in the US,87490,4 months ago,120,784,https://www.youtube.com/watch?v=x-Xr8bU0wI4
practical_lifestyle,home ownership explained America,6Oce4cfpoi8,UC_E6nXUxkiSwaaKm8Qxvk7g,The Finance Bulletin,Why Homeownership Is Changing in America | Houses vs Apartments Explained,7,2 weeks ago,14,303,https://www.youtube.com/watch?v=6Oce4cfpoi8
practical_lifestyle,home ownership explained America,wfHGimhQ3Vg,UC8r3c5Hfpv5TAy8lrg1h74w,Klarity with K,Rent vs Buy .. What is better? (English version),183,3 weeks ago,21,588,https://www.youtube.com/watch?v=wfHGimhQ3Vg
practical_lifestyle,home ownership explained America,_JOTG7v9OZ4,UCvJJ_dzjViJCoLf5uKUTwoA,CNBC,Will The New Housing Bill Lower Housing Costs?,294983,1 month ago,30,366,https://www.youtube.com/watch?v=_JOTG7v9OZ4
practical_lifestyle,home ownership explained America,dXfYTfdhQVI,UC3vnHYOJk10ixaOrbgEhvLQ,Wayne Turner,(2026 BUYERS GUIDE) The Home Buying Rules Have Changed,87681,7 months ago,210,1089,https://www.youtube.com/watch?v=dXfYTfdhQVI
practical_lifestyle,home ownership explained America,aC3MyCyEgiA,UClyK3REUbcbHpF-nTJ6nMNw,The Cost of Being American,The Hidden Cost of Owning a Home in America,22,1 month ago,30,661,https://www.youtube.com/watch?v=aC3MyCyEgiA
practical_lifestyle,home ownership explained America,eTbbczFn8kc,UCcB64uVymo0YHIUmthy2Ubg,The Learning Studio,Property Law Explained | How Ownership Really Works,1591,11 months ago,330,220,https://www.youtube.com/watch?v=eTbbczFn8kc
practical_lifestyle,home ownership explained America,kvFauMIjSjA,UC1ch_d3xYDEwIjcR3PtdyfQ,Law Recalled,Why Americans Can't Afford Homes Anymore,31,2 months ago,60,603,https://www.youtube.com/watch?v=kvFauMIjSjA
practical_lifestyle,home ownership explained America,dZ2GtB4WBzk,UCG7_kGJaHmWqSRIAgLDjBFA,Real Estate The Ramsey Way,This New Law Changes Everything About Buying A House,387465,1 month ago,30,490,https://www.youtube.com/watch?v=dZ2GtB4WBzk
practical_lifestyle,home ownership explained America,ts08O52lFnQ,UCOOZnVnvqAru8mqaE6uyBqA,The Dumb Money Fix,America's Housing Crisis Explained in 2 Minutes,23,1 month ago,30,107,https://www.youtube.com/watch?v=ts08O52lFnQ
practical_lifestyle,home ownership explained America,AaSVEVZZwxs,UCeBQ24VfikOriqSdKtomh0w,The Iced Coffee Hour Clips,The Truth About Buying a House in 2026 | George Kamel,126280,7 months ago,210,538,https://www.youtube.com/watch?v=AaSVEVZZwxs
practical_lifestyle,car ownership costs explained,_CtLY8Ck258,UCpnfk2In4FankiHRSSNFJpw,The Car Mentor,Total Cost of Ownership: Why That Car Really Costs 60% More (TCO Explained),27,7 months ago,210,263,https://www.youtube.com/watch?v=_CtLY8Ck258
practical_lifestyle,car ownership costs explained,D9VgZUAQvSc,UCBFjmS19Rh1qm_bHwr2UNkg,Car Cost Explained,Corolla vs Civic — Real Ownership Cost 5 Years,10,7 months ago,210,479,https://www.youtube.com/watch?v=D9VgZUAQvSc
practical_lifestyle,car ownership costs explained,H0npJV_a63Q,UCBfaT94cQMe7SbPH0-SwJ_Q,Hatchback Stories,Cost of Owning a Car in India | Car Ownership Cost in India | Monthly Budget for Car Owners |,10848,8 months ago,240,195,https://www.youtube.com/watch?v=H0npJV_a63Q
practical_lifestyle,car ownership costs explained,dzZKI7HB7z4,UCMjvcSlR0Rgo6H6381YTwDg,Costly Choices,The True Cost of Car Ownership (Don't Ignore This),3,2 weeks ago,14,307,https://www.youtube.com/watch?v=dzZKI7HB7z4
practical_lifestyle,car ownership costs explained,Qf4JPwgl0qY,UCbmlf1VeZvIxLBYbgZ7aw1w,Finance Machnism,The Hidden Cost of Car Ownership That Keeps You Broke,57,1 month ago,30,601,https://www.youtube.com/watch?v=Qf4JPwgl0qY
practical_lifestyle,car ownership costs explained,YkW2tbVkAiE,UCztiPbiQ9moCr8a7YgOwwIg,Ballistic Rider,Do EVs Really Save Money? 5-Year Ownership Cost Explained (2026 Reality),4565,7 months ago,210,494,https://www.youtube.com/watch?v=YkW2tbVkAiE
practical_lifestyle,car ownership costs explained,zHHaJBPH3pk,UCefvcLJCSOPLhRos7kyOlhQ,THE FACT FACTORY,The Real Cost of Car Ownership vs Ridesharing Explained,67,1 month ago,30,87,https://www.youtube.com/watch?v=zHHaJBPH3pk
practical_lifestyle,car ownership costs explained,-YX7cXNjVjc,UCZvYQTSQJ7bKOGHT7xNScsw,EV Explained,"The Complete Guide to Electric Car Ownership: Costs, Maintenance & Lifestyle",93,3 months ago,90,267,https://www.youtube.com/watch?v=-YX7cXNjVjc
practical_lifestyle,car ownership costs explained,DJUk8zNMq6U,UCUUlw3anBIkbW9W44Y-eURw,Zero1 by Zerodha,Fuel Prices are RISING everyday. Buy an EV instead?,610125,3 months ago,90,904,https://www.youtube.com/watch?v=DJUk8zNMq6U
practical_lifestyle,car ownership costs explained,zOb16GdW4fs,UCzy15HY8Z0DgeGRZIk7LzLQ,Vegas Carmen,Tesla vs Gas: REAL Costs After 1 Year Ownership,37137,10 months ago,300,638,https://www.youtube.com/watch?v=zOb16GdW4fs
practical_lifestyle,car ownership costs explained,QW-pskbrigI,UCHO7vbSlz7x8qIAkZWoyVow,Everyman Driver,Cars With the Cheapest 5 Year Ownership Costs ($30K–$50K),3144,7 months ago,210,587,https://www.youtube.com/watch?v=QW-pskbrigI
practical_lifestyle,car ownership costs explained,XRH90irzhDE,UCJ94TcRVmQ2af9S60psqP0g,Outlay,"Before You Buy a 2026 Kia, Watch This! | Real Cost of Ownership Explained",69,2 weeks ago,14,388,https://www.youtube.com/watch?v=XRH90irzhDE
practical_lifestyle,car ownership costs explained,tqIk0CloI90,UCOMQHhKOG9fk4jGYw_uhVhA,Biturbo Media,Are INDIANs foolishly Choosing EVs over Hybrids? DEBATE Settled!,618763,10 months ago,300,810,https://www.youtube.com/watch?v=tqIk0CloI90
practical_lifestyle,car ownership costs explained,WtHRTBmloHI,UCvoiXGD8UhXXKzbI-tYo_Ig,We Are Iowa Local 5 News,"Car ownership costs, debt soar",82,3 months ago,90,103,https://www.youtube.com/watch?v=WtHRTBmloHI
practical_lifestyle,car ownership costs explained,0E37KwS1Gg8,UC5Jt_eXxSv8xahJu18oP0Kg,Electric Vehicle Talks,Calculate Ev Ownership Cost with this Amazing Calculator 🔋Find yourself #electricvehicletalks,2174,9 months ago,270,1120,https://www.youtube.com/watch?v=0E37KwS1Gg8
practical_lifestyle,car ownership costs explained,ahZtlqDTz3M,UCJm3RgyVqUEE0DfJZdKalNQ,Auto Explained,10 Most Reliable  Family Cars for 2026 (Ranked by Ownership Cost),674,4 months ago,120,499,https://www.youtube.com/watch?v=ahZtlqDTz3M
practical_lifestyle,car ownership costs explained,AkfHE3zbcWM,UCj-KLD-dZVR2jHbpoTaKyww,Daft Driver,Edmunds Tested 30 SUVs — Only 6 Are Worth Buying in 2026,2053,22 hours ago,0,1356,https://www.youtube.com/watch?v=AkfHE3zbcWM
practical_lifestyle,car ownership costs explained,Dv-ghJ2ReKM,UCvqttS8EzhRq2YWg03qKRCQ,Sanjay Kathuria ,Best Car to Buy in 2026? | EV vs. Petrol vs. Diesel | Sanjay Kathuria,361875,7 months ago,210,967,https://www.youtube.com/watch?v=Dv-ghJ2ReKM
practical_lifestyle,car ownership costs explained,Ddg-Nl5f1TM,UClkHXPw4kKyZDxgCn7EWqLA,Scott Smith The Financial Freedom Plan,The Escalating Cost of Vehicle Ownership,10,3 months ago,90,80,https://www.youtube.com/watch?v=Ddg-Nl5f1TM
practical_lifestyle,car ownership costs explained,k-ON-5CH80E,UCFBpVaKCC0ajGps1vf0AgBg,Humphrey Yang,Buying vs Leasing a Car: The “New” Reality in 2026,514309,6 months ago,180,747,https://www.youtube.com/watch?v=k-ON-5CH80E
practical_lifestyle,travel system explained documentary,kyYT9b7OlAY,UC6WzPg6yxF9dQx2_O6R4lww,Nitish Rajput,How the US President Travels,6953849,8 months ago,240,1985,https://www.youtube.com/watch?v=kyYT9b7OlAY
practical_lifestyle,travel system explained documentary,VjsyfJeQIo0,UC4fjzzxyd-osNfUGVaFoXLg,The Drowsy Astronaut,The Full 2 Hour Journey Through Every Planet in Our Solar System — Explained Deeply,115791,11 months ago,330,8167,https://www.youtube.com/watch?v=VjsyfJeQIo0
practical_lifestyle,travel system explained documentary,_LVsewMf-9M,UCkK8gZ4GtSa3JjbNabJci3Q,Creative Mind new journey,The Only 8-Minute Video You need To Master DOCUMENTARY Style EDITING,191417,8 months ago,240,513,https://www.youtube.com/watch?v=_LVsewMf-9M
practical_lifestyle,travel system explained documentary,7jS7aV568IA,UC2-_WWPT_124iN6jiym4fOw,Asian Boss,What’s Really Going On in Thailand | AB Explained,2352138,9 months ago,270,2227,https://www.youtube.com/watch?v=7jS7aV568IA
practical_lifestyle,travel system explained documentary,kTpOR4_M_9U,UC9QQbK2NjEzlS6u9nFU_Dcw,Paleora,Sir David Attenborough: What If We Could Travel Faster Than Light? | Full Documentary,11378,2 weeks ago,14,8306,https://www.youtube.com/watch?v=kTpOR4_M_9U
practical_lifestyle,travel system explained documentary,4FLD-52ApRQ,UC3yjkp0I99OrcMqT83K8vPw,Filmaya,Ek Aisi Duniya Jahan Time Paisa Hai ( In Time 2011 Movie explained in Hindi/Urdu ) Film story,10613951,10 months ago,300,1417,https://www.youtube.com/watch?v=4FLD-52ApRQ
practical_lifestyle,travel system explained documentary,a2g9h1iwr2M,UCFkWwLHM-uqjccOv6oCv14g,The Secret,"Boy Who Explained 4th Dimension Vanishes... Years Later, He Reappears With a Haunting Message",333922,9 months ago,270,1919,https://www.youtube.com/watch?v=a2g9h1iwr2M
practical_lifestyle,travel system explained documentary,YWpOajANenM,UCohG8-NtggGKbzx8K7YF1uw,GLOBAL DOCUMENTARY - Discovery Travel,VIETNAM: 4000 Years Of Culture And Growth | Full Documentary,506804,7 months ago,210,3532,https://www.youtube.com/watch?v=YWpOajANenM
practical_lifestyle,travel system explained documentary,VJ-2zqbY33E,UCW39zufHfsuGgpLviKh297Q,DW Documentary,Machu Picchu - The secrets of the Inca builders | DW Documentary,289186,8 months ago,240,2546,https://www.youtube.com/watch?v=VJ-2zqbY33E
practical_lifestyle,travel system explained documentary,qUoRNpMSHLI,UCvv62HsDWDxfwH2oL10ilvQ,Planet Vista 4K,The Strait Of Hormuz: Energy Lifeline Or Global Time Bomb? | 4K Documentary,3597550,5 months ago,150,2644,https://www.youtube.com/watch?v=qUoRNpMSHLI
practical_lifestyle,travel system explained documentary,OCaFtcrcEUw,UCG10CJ-y-08b0DPQ1YQ345Q,Lucas T. Jahn,SCOTLAND TRAVEL DOCUMENTARY | The Grand Scottish Roadtrip 🏴󠁧󠁢󠁳󠁣󠁴󠁿,14290,3 days ago,3,4190,https://www.youtube.com/watch?v=OCaFtcrcEUw
practical_lifestyle,travel system explained documentary,JFNkycNLD2E,UC79m58ZoY79og37BhoP3C-g,Where on Earth,THE AMAZON: The Last River No Map Has Ever Finished | 4K Travel Documentary,550760,4 months ago,120,3444,https://www.youtube.com/watch?v=JFNkycNLD2E
practical_lifestyle,travel system explained documentary,ZaCzkHkgrlc,UCSoRPhBTtQ4ntgOj4RA_XqA,TRUE GLOBE,OMAN: The Safe and Beautiful Country No One Knows About | 4K Travel Documentary,1246123,11 months ago,330,2072,https://www.youtube.com/watch?v=ZaCzkHkgrlc
practical_lifestyle,travel system explained documentary,HNF4ZL7Qzyw,UC9QQbK2NjEzlS6u9nFU_Dcw,Paleora,Sir David Attenborough:  The True Scale of the Universe From Earth | Full Documentary Movie,136885,1 month ago,30,8378,https://www.youtube.com/watch?v=HNF4ZL7Qzyw
practical_lifestyle,food science explained documentary,2lTjPIOXGGk,UCW39zufHfsuGgpLviKh297Q,DW Documentary,Mediterranean cuisine - The recipe for a long and healthy life? | DW Documentary,770055,7 months ago,210,2546,https://www.youtube.com/watch?v=2lTjPIOXGGk
practical_lifestyle,food science explained documentary,e3JGe7TPDVQ,UC5HC4XFxoBK20yNiuzstcBA,PBS America,Chef Secrets: The Science of Cooking (2021) | Full Documentary,54126,5 months ago,150,3136,https://www.youtube.com/watch?v=e3JGe7TPDVQ
practical_lifestyle,food science explained documentary,YHITn1yAH_M,UCQXHTFnQYFTqN0MqmNh9EIA,BBC World Service,"Is breakfast really the most important meal of the day? - The Food Chain podcast, BBC World Service",1254130,10 months ago,300,1445,https://www.youtube.com/watch?v=YHITn1yAH_M
practical_lifestyle,food science explained documentary,pYNiq61oOLU,UCGA4uHSw5ZFLOHIdgzpVFug,Mind Matter,How Ancient Humans Survived When Their Was No FOOD?,212,4 weeks ago,28,479,https://www.youtube.com/watch?v=pYNiq61oOLU
practical_lifestyle,food science explained documentary,XFGlX29Wywk,UC5IlF5yzOBEEGEll6mqUc8g,Sleep Academy,Biochemistry of Nutrition (How Food Fuels Life) | Documentary for Sleep,2876,9 months ago,270,11217,https://www.youtube.com/watch?v=XFGlX29Wywk
practical_lifestyle,food science explained documentary,5fbZvpHLd6c,UCAIiP_Ux6gw3oPAGuiMW7Yw,Robotics Production Line,Tomato to Juice in 47 Seconds | Food Science Production Inside | Inside The Factory,62,8 months ago,240,1056,https://www.youtube.com/watch?v=5fbZvpHLd6c
practical_lifestyle,food science explained documentary,QVgeB5iWcBc,UCZmv8aMKJ_NyS5uFJK_R8lg,Dabby,ALL OF NUTRITION SCIENCE in 13 Minutes (No BS),2184680,7 months ago,210,784,https://www.youtube.com/watch?v=QVgeB5iWcBc
practical_lifestyle,food science explained documentary,l81iz5ucp5s,UCcj-u7jOEUHmMkfZyMQIPXA,Update Aviba,Why Did Ancient Humans Begin Cooking?,58,1 month ago,30,650,https://www.youtube.com/watch?v=l81iz5ucp5s
practical_lifestyle,food science explained documentary,s9KabHKgFU4,UChDFkycWB0VABwtJeUEq7lw,Cargill,"Science, Taste and the Future of Food | John Satumba",58,2 months ago,60,58,https://www.youtube.com/watch?v=s9KabHKgFU4
practical_lifestyle,food science explained documentary,u1nCQSf2xK8,UCuqDkekm2qLQorNK2eyJ7OQ,Dreamartchef,Most people carbonara wrong. Here's why Food Science Explained,168,4 months ago,120,706,https://www.youtube.com/watch?v=u1nCQSf2xK8
practical_lifestyle,food science explained documentary,DX8mcii9GWY,UClfQHs8djNwNqQqaYA1K24Q,The Food Odyssey,"Every Vegetable Oil Explained | The Science, History & Controversy of Cooking Oils",15,2 months ago,60,711,https://www.youtube.com/watch?v=DX8mcii9GWY
practical_lifestyle,food science explained documentary,Mcf4Kw4yP0M,UCDGPOl-CRCdO9QRWOEBp3nA,Factora documentaries ,👉 “India's Nutrition Analysis – The Hidden Health Challenge”,26,2 months ago,60,573,https://www.youtube.com/watch?v=Mcf4Kw4yP0M
practical_lifestyle,food science explained documentary,kRbfPoGmkRM,UC2XUfRYUc18OlUM4aTqJYGQ,The Explained World,Why evolution made us crave junk food | science explained,31,1 month ago,30,2251,https://www.youtube.com/watch?v=kRbfPoGmkRM
practical_lifestyle,food science explained documentary,u7Xjhl49S20,UCAIiP_Ux6gw3oPAGuiMW7Yw,Robotics Production Line,Mango Juice Production Line | 0 Humans | Food Science 2050 | Inside The Factory,74,7 months ago,210,1136,https://www.youtube.com/watch?v=u7Xjhl49S20
practical_lifestyle,food science explained documentary,HavMLKBTo-c,UCKxKUL_AdprtngGEblcs71g,Investigative Metabolism,How the Industry Makes You Eat When You're Not Hungry | Science Explains,7,1 month ago,30,2533,https://www.youtube.com/watch?v=HavMLKBTo-c
practical_lifestyle,food science explained documentary,kOv4Fiyy7kU,UCPJ_JgR-Cd6hm2yhe0DSUEA,Flavor Anatomy,"Apple Cider Vinegar Explained: The 5,000-Year History & Science",56,9 days ago,9,618,https://www.youtube.com/watch?v=kOv4Fiyy7kU
practical_lifestyle,food science explained documentary,Ejex-wyXbic,UCt6r53buZP0iwQ5EbX7Ml4A,The Story Bite,The Science Behind Nostalgia Food | Documentary through Song | Why We Crave Childhood Flavors,12,6 months ago,180,297,https://www.youtube.com/watch?v=Ejex-wyXbic
practical_lifestyle,food science explained documentary,KdT4PlCt3do,UCwz69X1XOrRM7rXlazW_6sQ,Orven,Why Your Brain Is Wired To Crave Sugar And Fat,0,12 days ago,12,626,https://www.youtube.com/watch?v=KdT4PlCt3do
practical_lifestyle,food science explained documentary,bATcl6S8CnE,UCZWq86Fl0PgaXqPbvAMnq8g,Bite Audit,Every Fried Food Explained: The Secret History Behind Your Favorite Foods,1308,1 month ago,30,391,https://www.youtube.com/watch?v=bATcl6S8CnE
practical_lifestyle,food science explained documentary,5jBK2ftmWao,UCxNMA_fcQgTHa4KrCOkc_0Q,Plates of the Planet,The Secret Language of Food | Official Channel Trailer | Plates of the Planet,79,7 months ago,210,90,https://www.youtube.com/watch?v=5jBK2ftmWao
practical_lifestyle,everyday things explained documentary,UiYnjiUrxg8,UCHbQhoiP-819_MmVTohgcQQ,Simple Things - Surprising Histories,Why Do Hotels Put That Cloth Across the Bed?,107387,2 days ago,2,268,https://www.youtube.com/watch?v=UiYnjiUrxg8
practical_lifestyle,everyday things explained documentary,-kSt30HgugE,UCbrSe4uBIeqJweOYnJAOsrw,EverythingProfessor,Everyday Habits That Are Actually Signs Of Low Intelligence,873126,11 months ago,330,740,https://www.youtube.com/watch?v=-kSt30HgugE
practical_lifestyle,everyday things explained documentary,s4YWPd-6kT8,UCOAiGW4d1FEVpWdjYWiDtgA,StoryBuzz,Derry শহরের রক্তপিপাসু দানব 🤡 IT: Welcome to Derry | Movie Explained in Bangla | StoryBuzz,446558,8 months ago,240,3938,https://www.youtube.com/watch?v=s4YWPd-6kT8
practical_lifestyle,everyday things explained documentary,VSjX4Qm-RYg,UCbrSe4uBIeqJweOYnJAOsrw,EverythingProfessor,Every Drug & It's Effect Explained in 17 Minutes,5197199,10 months ago,300,1012,https://www.youtube.com/watch?v=VSjX4Qm-RYg
practical_lifestyle,everyday things explained documentary,Lv951m3DGVo,UCHbQhoiP-819_MmVTohgcQQ,Simple Things - Surprising Histories,Why Do Chimneys Have Caps?,6470,1 day ago,1,248,https://www.youtube.com/watch?v=Lv951m3DGVo
practical_lifestyle,everyday things explained documentary,lczVMeA4gAQ,UC4GYgpgZzfMhYr9y6rs5O6Q,Trust Me Bro,Crazy Things Science Still Can't Explain,1620268,11 months ago,330,1214,https://www.youtube.com/watch?v=lczVMeA4gAQ
practical_lifestyle,everyday things explained documentary,_XzKxf0d908,UCpVm7bg6pXKo1Pr6k5kxG9A,National Geographic,People Who Experienced Aliens (Full Episode) | UFOs: Investigating the Unknown | Nat Geo,222475,3 days ago,3,2656,https://www.youtube.com/watch?v=_XzKxf0d908
practical_lifestyle,everyday things explained documentary,KXvyd-tkrmc,UCVbEcdRUE78kCWygwdOxqHA,HustleCore,How to Rewire Your Brain to Enjoy Discipline (Dopamine Detox Explained),3010109,10 months ago,300,867,https://www.youtube.com/watch?v=KXvyd-tkrmc
practical_lifestyle,everyday things explained documentary,BD4g9-lwZMo,UC5P6vrS7hVpCxWXYV0k_7YA,EduRev Class 1 to Class 5,Making Things Explained Like a Movie | Class 3,5,5 days ago,5,204,https://www.youtube.com/watch?v=BD4g9-lwZMo
practical_lifestyle,everyday things explained documentary,h2ou2A_-8JU,UCC_S5oOAJp0iaF4fDT3QS0g,verilybitchie,The Bisexual Problem,435989,2 days ago,2,7569,https://www.youtube.com/watch?v=h2ou2A_-8JU
practical_lifestyle,everyday things explained documentary,bMBGWmNzkGM,UCsEw1xMjZJR2AbdL_V5vDzA,MovieVerse Hindi,A Secret EXPERIMENT That Turned Humans Into Something Horrifying | Movie Explained,11230,3 days ago,3,1514,https://www.youtube.com/watch?v=bMBGWmNzkGM
practical_lifestyle,everyday things explained documentary,pjFy_fyzEB0,UCfdNM3NAhaBOXCafH7krzrA,The Infographics Show,What a Life Sentence Actually Feels Like (Day 1 to Year 40),3679842,10 months ago,300,1341,https://www.youtube.com/watch?v=pjFy_fyzEB0
practical_lifestyle,everyday things explained documentary,o6VWN4oBRTs,UC5P6vrS7hVpCxWXYV0k_7YA,EduRev Class 1 to Class 5,The World of Things Explained Like a Movie | Class 3,6,7 days ago,7,236,https://www.youtube.com/watch?v=o6VWN4oBRTs
practical_lifestyle,everyday things explained documentary,xys8OPMyrv8,UCkizxvF3YdQXuEUSklHpUmQ,Anokhi Films,SCHOOL mein Student banke Ghus gya NINJA | Film/Movie Explained in Hindi/Urdu | Movie Story,1533605,11 months ago,330,1103,https://www.youtube.com/watch?v=xys8OPMyrv8
practical_lifestyle,everyday things explained documentary,TkRmrPQDPFw,UCQXHTFnQYFTqN0MqmNh9EIA,BBC World Service,Why the world's superpowers are racing to control the Arctic - BBC World Service,3025750,10 months ago,300,562,https://www.youtube.com/watch?v=TkRmrPQDPFw
practical_lifestyle,everyday things explained documentary,AjlHjB_XBSs,UCKpRrmxe1Uaq_uah7aoaIdQ,vetoo,how the 4th dimension affects YOU every day,1486178,11 months ago,330,1310,https://www.youtube.com/watch?v=AjlHjB_XBSs
practical_lifestyle,everyday things explained documentary,LXItGYWV6q4,UCtxT50MzIRx0H2qdQYRoQeg,Movies Insight Hindi,Things Will Be Different (2024) Movie Explained Summarized,152701,10 months ago,300,814,https://www.youtube.com/watch?v=LXItGYWV6q4
practical_lifestyle,everyday things explained documentary,aV8NjolDJWs,UCD8g_HsWfrBUmm-EepMaHHg,Hidden Film,This TERRIFYING Monster Came Back to Life After 110 Years... | Movie Explained in Hindi/Urdu Story,87928,7 days ago,7,1050,https://www.youtube.com/watch?v=aV8NjolDJWs
practical_lifestyle,how products are made documentary,yekxxZjJ5Lo,UCDBRkd8deH-Vk1nWQKWJ72w,Captain Discovery,"How It's Made: Noodles, Pasta, Mac & Cheese",975575,10 months ago,300,1821,https://www.youtube.com/watch?v=yekxxZjJ5Lo
practical_lifestyle,how products are made documentary,oUMpTV4_Cuo,UCAcoQ9DDWn1E2i0FSXTl9kQ,USA Factory Documentry,How Products Are Made in the USA | Factory Documentary,19,4 weeks ago,28,9,https://www.youtube.com/watch?v=oUMpTV4_Cuo
practical_lifestyle,how products are made documentary,lE7EGwpJfMg,UCvJiYiBUbw4tmpRSZT2r1Hw,Science Channel,How to Make Even More Delicious Foods! | How It's Made | Science Channel,1127919,11 months ago,330,4516,https://www.youtube.com/watch?v=lE7EGwpJfMg
practical_lifestyle,how products are made documentary,4YaobnNg9dY,UCW0q4x1YSeIX9kXxpOkHX2Q,TRUE FORM FACTORY,How Instant Noodles Are Made – Full Factory Process Documentary,302,6 months ago,180,743,https://www.youtube.com/watch?v=4YaobnNg9dY
practical_lifestyle,how products are made documentary,-vs7KRFYkag,UC5a5hk-MAKxlJCZ_4l2WCAQ,NextGen Food Journey,How Sauce Is Made in Factories | Modern Food Production Documentary,47,7 months ago,210,513,https://www.youtube.com/watch?v=-vs7KRFYkag
practical_lifestyle,how products are made documentary,P7Hrt9xbsfM,UCv2NylMXh-hTWVoRli_YqtQ,Factory Reborn,From Old Wheelbarrows to Heavy-Duty Sledgehammers | Inside the Factory!,27202,5 days ago,5,481,https://www.youtube.com/watch?v=P7Hrt9xbsfM
practical_lifestyle,how products are made documentary,Ez1Hmf95Bqg,UCWUDwaWVnt6zUZnxbkXDlrg,FR Reports,How Everyday Products Are Made in Factories | Behind the Scenes,262,11 months ago,330,251,https://www.youtube.com/watch?v=Ez1Hmf95Bqg
practical_lifestyle,how products are made documentary,E3jQlI8a5LI,UCJFDMDMZMuMLJwf7_pgDvtA,OriginMind,How It’s Made | Industrial Process Documentary II | Process Lab,67,6 months ago,180,3761,https://www.youtube.com/watch?v=E3jQlI8a5LI
practical_lifestyle,how products are made documentary,RnsWjW8ki8s,UCfxSejt8OLbBKI_Ci4HqYZQ,Factory Doc,How Toothpaste Is Made | Factory Documentary,0,2 weeks ago,14,41,https://www.youtube.com/watch?v=RnsWjW8ki8s
practical_lifestyle,how products are made documentary,c0SX6ReRgZM,UCfd3Khc7JEL9LZQVBeJLAvQ,Audit Shield,How Products Are Made in Factories | Full Industrial Production Documentary,117,5 months ago,150,702,https://www.youtube.com/watch?v=c0SX6ReRgZM
practical_lifestyle,how products are made documentary,oHtQfnOkLCM,UCzNmi7kiyyjGqznVlDlVtPw,Ai Documentary ,How Potato Chips Are Made | AI Documentary Factory Process,39,1 month ago,30,42,https://www.youtube.com/watch?v=oHtQfnOkLCM
practical_lifestyle,how products are made documentary,2qPncjxTfvA,UCyMv0FptLRP-UiP3iUTs7_Q,TitanFlow Industry,How Traditional Palmyra Palm Hats Are Made | Full Manufacturing Process Documentary,25,1 month ago,30,493,https://www.youtube.com/watch?v=2qPncjxTfvA
practical_lifestyle,how products are made documentary,4TGrLBE-hpI,UCIGC7zw4WzQxdveUxkuxSWw,Craft Makers,Inside Massive Factories – How Everyday Products Are Made (Full Production Process Documentary),2,5 months ago,150,657,https://www.youtube.com/watch?v=4TGrLBE-hpI
practical_lifestyle,how products are made documentary,S2U5NuqWJ7k,UCeyy3ItM2I89onolE7d8bzg,Pulse Production,How Ice Cream Is Made | Ice Cream Manufacturing Process | Factory Documentary,5,1 month ago,30,38,https://www.youtube.com/watch?v=S2U5NuqWJ7k
practical_lifestyle,how products are made documentary,BHl9iniEreU,UCWY7cM40TRPFLdohSsuhhRw,Manufacturing zone ,Inside the Factory: How Everyday Products Are Made | Full Manufacturing Process,44,6 months ago,180,242,https://www.youtube.com/watch?v=BHl9iniEreU
practical_lifestyle,how products are made documentary,Fw5mGSOASsI,UCiTeD_p_R-ma1FZG6Lhfr8Q,factoryusa,How Clothes Are Made | Complete Garment Manufacturing Process | Factory Documentary,72,1 month ago,30,61,https://www.youtube.com/watch?v=Fw5mGSOASsI
practical_lifestyle,how products are made documentary,u5cYu1FJPwM,UCgkwtXUmNepVb-WKiUNbrww,FactoryVision353,How Potato Chips Are Made in Factory | Complete Manufacturing Process | Factory Documentary,6,1 month ago,30,41,https://www.youtube.com/watch?v=u5cYu1FJPwM
practical_lifestyle,how products are made documentary,HplOotfLsvc,UCU41ayP1nLWXMLIVxKwxWIg,Manufacturing Product,How It's Made Mac mini Product Manufacturing Documentary,40,8 days ago,8,393,https://www.youtube.com/watch?v=HplOotfLsvc
practical_lifestyle,how products are made documentary,vB2SvXYs4zM,UC53cAvFeWsNwsfCQnJmLjDQ,Satvic Movement,Inside the Dark Reality of India's Dairy Farms 😨,6914576,10 months ago,300,1642,https://www.youtube.com/watch?v=vB2SvXYs4zM
practical_lifestyle,how products are made documentary,RZLVhCIKb5M,UC033PC91zpezFPakOBssF7Q,Money Unlocked,How It's Made: Energy Drink Production Process | Full Factory Documentary,56,3 weeks ago,21,337,https://www.youtube.com/watch?v=RZLVhCIKb5M
practical_lifestyle,design failure explained,_HFOrJpU3yo,UCQdI1zYa-0MvrGpCPNYj2CA,Urban Planner Explained,Every LEGENDARY Design FAILURE in History Explained,6894,5 months ago,150,545,https://www.youtube.com/watch?v=_HFOrJpU3yo
practical_lifestyle,design failure explained,iwygBhXy-wU,UCi5H-ZH48t5tjSax636Dn2A,Krish Dinesh,Fuel QR System Failure Explained | Why Simple Systems Fail at Scale,23611,5 months ago,150,2380,https://www.youtube.com/watch?v=iwygBhXy-wU
practical_lifestyle,design failure explained,KzGEtGcccaI,UCCut2T_eW99mbj80QRcq9_g,Mufaddal Rasheed | Mechademic  ,Complete Guide to Design Failure Mode Effect Analysis with  a real example,371,3 months ago,90,2003,https://www.youtube.com/watch?v=KzGEtGcccaI
practical_lifestyle,design failure explained,qiVrYojgUlY,UCJWRThkg5MnwAeDjUljsqtw,Ram Prasanna,Psychology of Design Failure,3,10 months ago,300,302,https://www.youtube.com/watch?v=qiVrYojgUlY
practical_lifestyle,design failure explained,kLKpC11-8AE,UCmSm0NgUP2LqU5KcBcnHzxw,One Engineer,DFMEA Explained in Automotive Design | Prevent Failures Before Production,956,3 months ago,90,650,https://www.youtube.com/watch?v=kLKpC11-8AE
practical_lifestyle,design failure explained,tVWrPDc2YuA,UCnzKeZxoLTopeKZCt7CEUUg,Magic Marks,Theories of Failure for Engineering Students | Machine Design-I,97,4 months ago,120,177,https://www.youtube.com/watch?v=tVWrPDc2YuA
practical_lifestyle,design failure explained,bmH9ME3244U,UCacOsW3NVcYxEyICcc6Lj9Q,SAEINDIA,Design Failure Mode and Effects Analysis & phase 1 template 20251105 1147 1,178,9 months ago,270,4411,https://www.youtube.com/watch?v=bmH9ME3244U
practical_lifestyle,design failure explained,41lFU_MqMtI,UCPhTmPqXjEdn0L6Ttuikm8w,KD CAD Design ,Plastic Part Failure Explained | Real Root Cause Analysis #design #cad #plastic 9657062890,177,1 month ago,30,443,https://www.youtube.com/watch?v=41lFU_MqMtI
practical_lifestyle,design failure explained,cm7_UW7PR9Q,UCxUk2e3VhNKsuDw6ww-dv1Q,Perfology,How Uber Handles BILLIONS of Payments Without Failure | System Design Explained,1859,6 months ago,180,459,https://www.youtube.com/watch?v=cm7_UW7PR9Q
practical_lifestyle,design failure explained,aQwhHTKl8M4,UCjdxK5A1qQh8NAV0eTkRoFQ,Excedify ,FMEA Explained: Failure Modes & Effects Analysis (Complete Guide),3801,8 months ago,240,439,https://www.youtube.com/watch?v=aQwhHTKl8M4
practical_lifestyle,design failure explained,hltwweVqZNE,UCcu4mRuLVue_EdEQoh8hyoQ,Sergeant Rugrat,The Worst Weapon Design Failure in History,6,11 days ago,11,487,https://www.youtube.com/watch?v=hltwweVqZNE
practical_lifestyle,design failure explained,kiKmH3y6uUM,UCO3OK1IxkDER-KoWBNOEvyw,NightlyNuke,"Chernobyl's Design Failure, Explained",187,3 months ago,90,749,https://www.youtube.com/watch?v=kiKmH3y6uUM
practical_lifestyle,design failure explained,I6Upk1ukkKE,UCjdxK5A1qQh8NAV0eTkRoFQ,Excedify ,What is FMEA - Failure Modes and Effects Analysis? | Training Course | Excedify X Michael Anleitner,5150,2 months ago,60,2120,https://www.youtube.com/watch?v=I6Upk1ukkKE
practical_lifestyle,design failure explained,pRLrryhN1TE,UCdH5Z2rYjWj2iHt_yRxfNAA,Udit Singh,How Big Tech Systems Survive Failures | Resilient System Design Explained,83,3 months ago,90,623,https://www.youtube.com/watch?v=pRLrryhN1TE
practical_lifestyle,design failure explained,oxNr8vgWPXs,UC4VmT14Kv7pfwEYWZUwIgUA,SYMA,DFMEA — Finding Design Failures Before They Exist,11,1 month ago,30,176,https://www.youtube.com/watch?v=oxNr8vgWPXs
practical_lifestyle,design failure explained,p-FUWwUb3GY,UCyg8AxZV6xoZruOp9lpHq-Q,Tejav Academy,Architecting Resilience Explained | Build Systems That Survive Failures | System Design,11,2 months ago,60,663,https://www.youtube.com/watch?v=p-FUWwUb3GY
practical_lifestyle,design failure explained,JTxmParCVs8,UCeSv-5lk1uqGyO9zpNYMvrA,Mil Gear Explainer,Every Failed Gun Design Explained,275525,1 month ago,30,1357,https://www.youtube.com/watch?v=JTxmParCVs8
practical_lifestyle,design failure explained,SE2KF-vxvS0,UCSWj8mqQCcrcBlXPi4ThRDQ,KodeKloud,System Design for Beginners (2026),249872,1 month ago,30,5137,https://www.youtube.com/watch?v=SE2KF-vxvS0
practical_lifestyle,design failure explained,oPgiF1xw4_g,UCjWhfRhH9isFu1NzgLbNS2w,Sivaganesh,System Design Reliability Explained | Fault | Failure | Terminology,5,6 months ago,180,242,https://www.youtube.com/watch?v=oPgiF1xw4_g
practical_lifestyle,design failure explained,i7-WEdpl0Hw,UCCbqjK13t3mDB_SlNMaSlow,How Things Break,What Is Ductile Failure And How Does It Show Weak Designs? - How Things Break,13,11 months ago,330,177,https://www.youtube.com/watch?v=i7-WEdpl0Hw
practical_lifestyle,hidden cost of convenience explained,ito6CorCllo,UCXbVJ6BKd8wnnmA_YdC_XVQ,Simply Explained,The Hidden Cost of Convenience,6,6 months ago,180,415,https://www.youtube.com/watch?v=ito6CorCllo
practical_lifestyle,hidden cost of convenience explained,ETewA7ATpZw,UCJ2sF2hd6F-Wjm_8mPn0Npw,Oracium,The Hidden Cost of Convenience (Why You Spend More),13,1 day ago,1,657,https://www.youtube.com/watch?v=ETewA7ATpZw
practical_lifestyle,hidden cost of convenience explained,IufhY00boEg,UCjOoxm4cCcWyaYNDc7HOvjQ,The Price Tag,The Hidden Cost of Convenience Nobody Talks About,67,6 months ago,180,876,https://www.youtube.com/watch?v=IufhY00boEg
practical_lifestyle,hidden cost of convenience explained,J069KpcDrq0,UCx0KR9Tza6XKGoUcbzTTkkg,The Uneducated Economist,The Hidden Cost of Convenience,99,9 months ago,270,271,https://www.youtube.com/watch?v=J069KpcDrq0
practical_lifestyle,hidden cost of convenience explained,R6jrxAXU8t4,UCDyoY-34lpgHOq2Ip2RqZpQ,CashSyntro,The Hidden Cost of Convenience That’s Making You Poor,1,7 months ago,210,402,https://www.youtube.com/watch?v=R6jrxAXU8t4
practical_lifestyle,hidden cost of convenience explained,ugnukUOSrT8,UCYzuZ-rlS98IsVUDCV2zFcw,Beyond Time,Why Nobody Thinks Anymore – The Hidden Cost of Convenience,71,9 months ago,270,675,https://www.youtube.com/watch?v=ugnukUOSrT8
practical_lifestyle,hidden cost of convenience explained,_ZDUdb5cOaU,UCy3dOI5zPEgU77nD487k7Sg,moneyworks,Why You Overpay for Convenience: The Hidden Cost of Mental Accounting,4,1 month ago,30,539,https://www.youtube.com/watch?v=_ZDUdb5cOaU
practical_lifestyle,hidden cost of convenience explained,7-SMd-aOmbk,UCyX0WIxrBr9K9ADV3w7XyTQ,The Mental Framework,The Hidden Cost of Convenience,5,7 months ago,210,773,https://www.youtube.com/watch?v=7-SMd-aOmbk
practical_lifestyle,hidden cost of convenience explained,mfdCiUg0RiU,UCco3ap1hdI6Onr1eaFMyvkw,Ansh Invests,Hidden cost of convenience,3,6 months ago,180,636,https://www.youtube.com/watch?v=mfdCiUg0RiU
practical_lifestyle,hidden cost of convenience explained,Nm3j6NUz6po,UCEw1DLJsiRNDcC9E5v3CEMA,Haider Invests,The Hidden Cost of Convenience: Why Everything Is Designed to Make You Spend,27,1 month ago,30,1063,https://www.youtube.com/watch?v=Nm3j6NUz6po
practical_lifestyle,hidden cost of convenience explained,95WK88Sdrfs,UCefvcLJCSOPLhRos7kyOlhQ,THE FACT FACTORY,The Hidden Cost of Convenience Culture Explained,1,3 months ago,90,95,https://www.youtube.com/watch?v=95WK88Sdrfs
practical_lifestyle,hidden cost of convenience explained,zI3vQzO8MrM,UC5WakaBekWXtMaqzRaSCkWw,Life Systems Explained,The Hidden Costs of Convenience,10,4 months ago,120,324,https://www.youtube.com/watch?v=zI3vQzO8MrM
practical_lifestyle,hidden cost of convenience explained,IRp4tqOR3bc,UCPqHUU8qqa6uJcDSMgkTlEA,Modern Primitive,The Hidden Cost of Modern Convenience,254,3 days ago,3,417,https://www.youtube.com/watch?v=IRp4tqOR3bc
practical_lifestyle,hidden cost of convenience explained,v0VtbMi7toQ,UCaK9BzruGzeyF7owNHFAAPQ,Voltage Cathedral — EDM Nights,The Hidden Cost of Convenience: Delivery Apps Exposed!,0,7 months ago,210,1353,https://www.youtube.com/watch?v=v0VtbMi7toQ
practical_lifestyle,hidden cost of convenience explained,LWS37UgJc9Q,UC3kxh5lnWk0ARuVbEB9hmtw,GRT Business 4.o,Online Shopping Convenience Fee 😨 How It Drains Your Pocket,11,2 months ago,60,763,https://www.youtube.com/watch?v=LWS37UgJc9Q
practical_lifestyle,hidden cost of convenience explained,-A3-JJw0lhs,UCYB3ysv2J9gmqrtu6IPA5FQ,Your Offday BFF,The hidden cost of convenience | Your Offday BFF,16,4 months ago,120,816,https://www.youtube.com/watch?v=-A3-JJw0lhs
practical_lifestyle,hidden cost of convenience explained,9o-QRK86vwo,UCa_M8f3mLrEMyKNnGIpPzAg,Denovoro,Food Delivery Is Quietly Destroying Your Budget | The Hidden Cost of Convenience,18,5 months ago,150,212,https://www.youtube.com/watch?v=9o-QRK86vwo
practical_lifestyle,hidden cost of convenience explained,IRJGd5INiB4,UCdBN5sRHQ0hnsr5UFmWrMbg,Capital Compass,Why Convenience Is Making You Poor#finance#bussiness#economics#amazon#uber#consumerpsychology#viral,4,11 days ago,11,537,https://www.youtube.com/watch?v=IRJGd5INiB4
practical_lifestyle,hidden cost of convenience explained,GhZalrXxEBc,UCNLAz6FbsbNvk8QUp4dqZ-g,Finance It Simple,The Three Hidden Costs Draining Your Time | Life Psychology #1,5200,11 days ago,11,457,https://www.youtube.com/watch?v=GhZalrXxEBc
practical_lifestyle,hidden cost of convenience explained,4znoUOTMt7Y,UCB4lqmlqa1TxNYJySfqS8VQ,MotorPulse,The Hidden Cost of Owning an Electric Car | What Nobody Tells You,108,2 days ago,2,628,https://www.youtube.com/watch?v=4znoUOTMt7Y
