channel_id,channel_name,query_groups,search_video_count,recent_long_count,max_search_views,median_search_views,channel_url
UCX6OQ3DkcsbYNE6H8uQQuVA,MrBeast,technology_ai,1,1,172004093,172004093,https://www.youtube.com/channel/UCX6OQ3DkcsbYNE6H8uQQuVA/videos
UCAov2BBv1ZJav0c_yHEciAw,Samay Raina,everyday_history,1,1,72626716,72626716,https://www.youtube.com/channel/UCAov2BBv1ZJav0c_yHEciAw/videos
UC56D-IHcUvLVFTX_8NpQMXg,Brent Rivera,geography_logistics,4,4,33888737,20782565,https://www.youtube.com/channel/UC56D-IHcUvLVFTX_8NpQMXg/videos
UC1NtcHxG3wiyhtbbPmIaMnA,MX Player by Prime Video,business_economics|culture_entertainment,6,0,29585621,97093,https://www.youtube.com/channel/UC1NtcHxG3wiyhtbbPmIaMnA/videos
UC-CSyyi47VX1lD9zyeABW3w,Dhruv Rathee,consumer_systems|crime_scams_mystery|culture_entertainment|economic_explainers|everyday_history|geography_logistics|history_civilization|science_engineering|work_career_education,14,14,19952653,9599679,https://www.youtube.com/channel/UC-CSyyi47VX1lD9zyeABW3w/videos
UCOM1gIM4Q_-OniEdhUvHEkA,Mr. Science,nature_animals,2,2,16719733,8811752,https://www.youtube.com/channel/UCOM1gIM4Q_-OniEdhUvHEkA/videos
UC3yjkp0I99OrcMqT83K8vPw,Filmaya,crime_scams_mystery|practical_lifestyle,2,2,10613951,5965612,https://www.youtube.com/channel/UC3yjkp0I99OrcMqT83K8vPw/videos
UCvK4bOhULCpmLabd2pDMtnA,Yes Theory,geography_logistics,1,1,10298767,10298767,https://www.youtube.com/channel/UCvK4bOhULCpmLabd2pDMtnA/videos
UC-SuHonAEkrikvs2oj7LLXg,Lifeder,science_engineering,1,1,10062632,10062632,https://www.youtube.com/channel/UC-SuHonAEkrikvs2oj7LLXg/videos
UC6WzPg6yxF9dQx2_O6R4lww,Nitish Rajput,crime_scams_mystery|geography_logistics|practical_lifestyle,4,4,8993599,5528775,https://www.youtube.com/channel/UC6WzPg6yxF9dQx2_O6R4lww/videos
UCG5_BraUMNcluZPZ__oOeKg,Natural World Facts,nature_animals|wildlife_documentaries,2,2,8522336,8522336,https://www.youtube.com/channel/UCG5_BraUMNcluZPZ__oOeKg/videos
UCMiJRAwDNSNzuYeN2uWa0pA,Mrwhosetheboss,culture_entertainment|technology_ai,2,2,8473281,7614312,https://www.youtube.com/channel/UCMiJRAwDNSNzuYeN2uWa0pA/videos
UCEENWVBdvDy-QWfuQoXC9HQ,Species | Documenting AGI,speculative_scifi|technology_ai,2,2,7513732,7513732,https://www.youtube.com/channel/UCEENWVBdvDy-QWfuQoXC9HQ/videos
UCnjgxChqYYnyoqO4k_Q1d6Q,The Diary Of A CEO Clips,speculative_scifi|technology_ai,2,2,7420635,7420635,https://www.youtube.com/channel/UCnjgxChqYYnyoqO4k_Q1d6Q/videos
UC9MAhZQQd9egwWCxrwSIsJQ,HISTORY,crime_scams_mystery|history_civilization|science_engineering|speculative_scifi,10,10,7106532,1823466,https://www.youtube.com/channel/UC9MAhZQQd9egwWCxrwSIsJQ/videos
UCmGSJVG3mCRXVOP4yZrU1Dw,Johnny Harris,geography_logistics|technology_ai,3,3,6978410,2750576,https://www.youtube.com/channel/UCmGSJVG3mCRXVOP4yZrU1Dw/videos
UC53cAvFeWsNwsfCQnJmLjDQ,Satvic Movement,practical_lifestyle,1,1,6914576,6914576,https://www.youtube.com/channel/UC53cAvFeWsNwsfCQnJmLjDQ/videos
UCoZd78hRUdxxsuGiABuHF_A,Historically,history_reconstruction,1,1,6535187,6535187,https://www.youtube.com/channel/UCoZd78hRUdxxsuGiABuHF_A/videos
UCVQGtUcRjHTQLTTu-5s9_4Q,Brew,crime_scams_mystery|internet_mysteries,7,7,6452186,1588522,https://www.youtube.com/channel/UCVQGtUcRjHTQLTTu-5s9_4Q/videos
UCpFFItkfZz1qz5PpHpqzYBw,Nexpo,crime_scams_mystery|internet_mysteries,2,2,6446018,6446018,https://www.youtube.com/channel/UCpFFItkfZz1qz5PpHpqzYBw/videos
UCVOKP-_OYHTnKFDSP89NfAQ,Mavora,nature_animals|wildlife_documentaries,11,11,6099297,944742,https://www.youtube.com/channel/UCVOKP-_OYHTnKFDSP89NfAQ/videos
UCxgAuX3XZROujMmGphN_scA,Mark Tilbury,economic_explainers,1,1,6071991,6071991,https://www.youtube.com/channel/UCxgAuX3XZROujMmGphN_scA/videos
UCU4SM3j_9TNWaSu8KdGV50g,Focus Features,technology_ai,1,0,6066967,6066967,https://www.youtube.com/channel/UCU4SM3j_9TNWaSu8KdGV50g/videos
UCcyOI2xMEfK940Tgwzb2VHg,Travpedia,nature_animals|wildlife_documentaries,2,2,5974772,5974772,https://www.youtube.com/channel/UCcyOI2xMEfK940Tgwzb2VHg/videos
UCnwUjPK7dXety-AJ4fNw_RQ,The Paint Explainer,crime_scams_mystery|history_civilization|internet_mysteries|science_engineering,4,4,5722207,5722207,https://www.youtube.com/channel/UCnwUjPK7dXety-AJ4fNw_RQ/videos
UC5aKead6Q8YQYjceizxJIuw,Nishu Tiwari,geography_logistics,1,1,5696924,5696924,https://www.youtube.com/channel/UC5aKead6Q8YQYjceizxJIuw/videos
UC7E9XYQ8hbV54ZDuOKYYxmA,Forrest Galante,nature_animals|wildlife_documentaries,5,5,5578844,2761955,https://www.youtube.com/channel/UC7E9XYQ8hbV54ZDuOKYYxmA/videos
UC0Ize0RLIbGdH5x4wI45G-A,Drew Binsky,crime_scams_mystery,1,1,5278688,5278688,https://www.youtube.com/channel/UC0Ize0RLIbGdH5x4wI45G-A/videos
UCbrSe4uBIeqJweOYnJAOsrw,EverythingProfessor,economic_explainers|practical_lifestyle,3,3,5197199,3035162,https://www.youtube.com/channel/UCbrSe4uBIeqJweOYnJAOsrw/videos
UCODHrzPMGbNv67e84WDZhQQ,fern,crime_scams_mystery|everyday_history|internet_mysteries|science_engineering|technology_ai,9,9,5164045,4430029,https://www.youtube.com/channel/UCODHrzPMGbNv67e84WDZhQQ/videos
UCwmZiChSryoWQCZMIQezgTg,BBC Earth,nature_animals|wildlife_documentaries,5,5,5162793,3311876,https://www.youtube.com/channel/UCwmZiChSryoWQCZMIQezgTg/videos
UCGq-a57w-aPwyi3pW7XLiHw,The Diary Of A CEO,technology_ai,1,1,5160173,5160173,https://www.youtube.com/channel/UCGq-a57w-aPwyi3pW7XLiHw/videos
UCMX31RavkfUHJvw03RbUZnA,Nick Crowley,crime_scams_mystery|internet_mysteries,2,2,5056864,5056864,https://www.youtube.com/channel/UCMX31RavkfUHJvw03RbUZnA/videos
UCaiRK8HOPpj3v-WuUsAFUZg,World Tour,nature_animals,3,3,5012515,2443044,https://www.youtube.com/channel/UCaiRK8HOPpj3v-WuUsAFUZg/videos
UCQtW2oz8ec8pHjjxawujNjg,Free Documentary - Nature,nature_animals|wildlife_documentaries,8,8,4897781,811738,https://www.youtube.com/channel/UCQtW2oz8ec8pHjjxawujNjg/videos
UCYq6HznD28CPSyrKNwqsBAQ,maximise,speculative_scifi,1,0,4679738,4679738,https://www.youtube.com/channel/UCYq6HznD28CPSyrKNwqsBAQ/videos
UCNtkMAk_Uhd2jJ9P8NWTL5w,DeCode,technology_ai,1,1,4603898,4603898,https://www.youtube.com/channel/UCNtkMAk_Uhd2jJ9P8NWTL5w/videos
UCGRryxFxjXbVAtBPE9EbyMg,Joe Bartolozzi,internet_mysteries,1,1,4512216,4512216,https://www.youtube.com/channel/UCGRryxFxjXbVAtBPE9EbyMg/videos
UCiciOsypkXcqSFqSPd-NRVA,Kallmekris,crime_scams_mystery,5,5,4391930,1344659,https://www.youtube.com/channel/UCiciOsypkXcqSFqSPd-NRVA/videos
UCL3mqmVRwHyaYc0RrwjmC-A,Digital Astronaut,science_engineering,1,1,4237491,4237491,https://www.youtube.com/channel/UCL3mqmVRwHyaYc0RrwjmC-A/videos
UCP9RPj_BG0vit2TNM7LuRxA,Crayon Capital,business_economics|crime_scams_mystery|economic_explainers|internet_mysteries,5,5,4193659,2305818,https://www.youtube.com/channel/UCP9RPj_BG0vit2TNM7LuRxA/videos
UCjz8uBTLs0f7Fnlxc5nzT5g,Wonny,culture_entertainment|psychology_society,2,2,4187240,3173876,https://www.youtube.com/channel/UCjz8uBTLs0f7Fnlxc5nzT5g/videos
UCTSRIY3GLFYIpkR2QwyeklA,Drew Gooden,technology_ai,1,1,4168595,4168595,https://www.youtube.com/channel/UCTSRIY3GLFYIpkR2QwyeklA/videos
UCLD2ZkdEkAKhDETsK6QeDnA,Farrell McGuire,crime_scams_mystery|internet_mysteries|psychology_society,11,11,4102410,1760573,https://www.youtube.com/channel/UCLD2ZkdEkAKhDETsK6QeDnA/videos
UCpVm7bg6pXKo1Pr6k5kxG9A,National Geographic,business_economics|history_civilization|history_reconstruction|practical_lifestyle|science_engineering|speculative_scifi,7,7,4010024,2586585,https://www.youtube.com/channel/UCpVm7bg6pXKo1Pr6k5kxG9A/videos
UC-mP1nlk0qOutA08zuQHORA,Patrick Cc:,consumer_systems,1,1,3860814,3860814,https://www.youtube.com/channel/UC-mP1nlk0qOutA08zuQHORA/videos
UC5FCyk1QkTBLgWm-w866PGg,Epic AI Films,science_engineering|speculative_scifi,3,3,3821495,3821495,https://www.youtube.com/channel/UC5FCyk1QkTBLgWm-w866PGg/videos
UCkO3uAmES7hmFfLOBRgzY_Q,Wronged,crime_scams_mystery,2,2,3738858,2480173,https://www.youtube.com/channel/UCkO3uAmES7hmFfLOBRgzY_Q/videos
UCOT2iLov0V7Re7ku_3UBtcQ,Hank Green,economic_explainers|technology_ai,2,2,3691702,3691702,https://www.youtube.com/channel/UCOT2iLov0V7Re7ku_3UBtcQ/videos
UCfdNM3NAhaBOXCafH7krzrA,The Infographics Show,business_economics|economic_explainers|practical_lifestyle|psychology_society|science_engineering|technology_ai|work_career_education,15,14,3679842,907433,https://www.youtube.com/channel/UCfdNM3NAhaBOXCafH7krzrA/videos
UCeJrRK_Pt1m23l5zgSytVUA,duplee,psychology_society,1,1,3670908,3670908,https://www.youtube.com/channel/UCeJrRK_Pt1m23l5zgSytVUA/videos
UCGAmpBtWveYp0-3v9npnhvQ,Chilling Scares,crime_scams_mystery|internet_mysteries,7,7,3644885,2070277,https://www.youtube.com/channel/UCGAmpBtWveYp0-3v9npnhvQ/videos
UCvv62HsDWDxfwH2oL10ilvQ,Planet Vista 4K,practical_lifestyle,1,1,3597550,3597550,https://www.youtube.com/channel/UCvv62HsDWDxfwH2oL10ilvQ/videos
UCehBVAPy-bxmnbNARF-_tvA,More Perfect Union,consumer_systems|technology_ai,6,6,3582664,2514780,https://www.youtube.com/channel/UCehBVAPy-bxmnbNARF-_tvA/videos
UCZ4AMrDcNrfy3X6nsU8-rPg,Economics Explained,culture_entertainment|economic_explainers|practical_lifestyle|technology_ai,6,6,3562913,585193,https://www.youtube.com/channel/UCZ4AMrDcNrfy3X6nsU8-rPg/videos
UCIFk2uvCNcEmZ77g0ESKLcQ,The Why Files,speculative_scifi,1,1,3542197,3542197,https://www.youtube.com/channel/UCIFk2uvCNcEmZ77g0ESKLcQ/videos
UCH1d5pCwEvmumwwbd4QkL6A,Mountain Lifeaholic,nature_animals,1,1,3517322,3517322,https://www.youtube.com/channel/UCH1d5pCwEvmumwwbd4QkL6A/videos
UCe8G9fApuCUh7dQr95UWhag,New Travel Insight,nature_animals,5,5,3464347,3014016,https://www.youtube.com/channel/UCe8G9fApuCUh7dQr95UWhag/videos
UCOl2oX_MPM0vSX7k8TKogMQ,Earthscapes Travel,nature_animals,1,1,3462120,3462120,https://www.youtube.com/channel/UCOl2oX_MPM0vSX7k8TKogMQ/videos
UCRgMIwmmh1-2k5HeTQ2cdkQ,Gaurav Thakur,psychology_society|science_engineering,2,2,3455128,3003008,https://www.youtube.com/channel/UCRgMIwmmh1-2k5HeTQ2cdkQ/videos
UCl4NfdM9_3UY86DBZUWWJlQ,How So,history_civilization,1,1,3441610,3441610,https://www.youtube.com/channel/UCl4NfdM9_3UY86DBZUWWJlQ/videos
UCXmqR3oz1H_dvDc6nerTvgw,The Power of the Word,everyday_history,1,1,3437270,3437270,https://www.youtube.com/channel/UCXmqR3oz1H_dvDc6nerTvgw/videos
UCSTAsRH85wPdUHYeBNDaf7A,Zoufry,crime_scams_mystery,1,1,3405144,3405144,https://www.youtube.com/channel/UCSTAsRH85wPdUHYeBNDaf7A/videos
UCsXVk37bltHxD1rDPwtNM8Q,Kurzgesagt – In a Nutshell,science_engineering,1,1,3378076,3378076,https://www.youtube.com/channel/UCsXVk37bltHxD1rDPwtNM8Q/videos
UCFoGLU_SSf812tyOs3XGa_Q,Kee,psychology_society,2,2,3301346,2006439,https://www.youtube.com/channel/UCFoGLU_SSf812tyOs3XGa_Q/videos
UCQky96IjrfzJcSUiCogID6w,Shivanshu Agrawal,culture_entertainment,1,1,3295626,3295626,https://www.youtube.com/channel/UCQky96IjrfzJcSUiCogID6w/videos
UCK7tptUDHh-RYDsdxO1-5QQ,The Wall Street Journal,culture_entertainment|science_engineering|technology_ai,3,3,3206820,873303,https://www.youtube.com/channel/UCK7tptUDHh-RYDsdxO1-5QQ/videos
UCXbCOOoXE09V6StOp0gbTFQ,Simple Paint,history_civilization,3,3,3200370,2759960,https://www.youtube.com/channel/UCXbCOOoXE09V6StOp0gbTFQ/videos
UCr3cBLTYmIK9kY0F_OdFWFQ,Casually Explained,culture_entertainment,1,1,3140451,3140451,https://www.youtube.com/channel/UCr3cBLTYmIK9kY0F_OdFWFQ/videos
UCsM3qWjsbJr5Kt7_Q1ulLjg,Rachitroo,crime_scams_mystery|internet_mysteries,2,2,3139125,3139125,https://www.youtube.com/channel/UCsM3qWjsbJr5Kt7_Q1ulLjg/videos
UCKZozRVHRYsYHGEyNKuhhdA,Think School,business_economics|economic_explainers|everyday_history|geography_logistics|technology_ai,10,10,3124422,1091595,https://www.youtube.com/channel/UCKZozRVHRYsYHGEyNKuhhdA/videos
UCYenDLnIHsoqQ6smwKXQ7Hg,#Mind Warehouse,nature_animals,1,1,3082213,3082213,https://www.youtube.com/channel/UCYenDLnIHsoqQ6smwKXQ7Hg/videos
UCb9gttCzPcabOnq1nFYPwsw,Cryton,crime_scams_mystery|internet_mysteries,3,3,3044923,3044680,https://www.youtube.com/channel/UCb9gttCzPcabOnq1nFYPwsw/videos
UCQXHTFnQYFTqN0MqmNh9EIA,BBC World Service,practical_lifestyle|technology_ai|work_career_education,5,5,3025750,693450,https://www.youtube.com/channel/UCQXHTFnQYFTqN0MqmNh9EIA/videos
UCVbEcdRUE78kCWygwdOxqHA,HustleCore,practical_lifestyle,1,1,3010109,3010109,https://www.youtube.com/channel/UCVbEcdRUE78kCWygwdOxqHA/videos
UCTmNedKNPb9LtVqAjH-D4Uw,Aurelume Films,speculative_scifi,1,1,3003837,3003837,https://www.youtube.com/channel/UCTmNedKNPb9LtVqAjH-D4Uw/videos
UCJjUlbs-ZEo4draiZzz66sQ,WILD NATURE - Nature animal documentary,nature_animals|wildlife_documentaries,12,12,2992292,407050,https://www.youtube.com/channel/UCJjUlbs-ZEo4draiZzz66sQ/videos
UC7htuVs06oduI3xSfTdcxPA,48 Hours,crime_scams_mystery,3,3,2977401,1903350,https://www.youtube.com/channel/UC7htuVs06oduI3xSfTdcxPA/videos
UC00ifCvU8YOOzbL3RdiSTDw,GetsetflySCIENCE by Gaurav Thakur,speculative_scifi,1,1,2937925,2937925,https://www.youtube.com/channel/UC00ifCvU8YOOzbL3RdiSTDw/videos
UCGCh409DId2JGBRGnyIfhEw,Real Thugesh ,nature_animals,1,1,2837521,2837521,https://www.youtube.com/channel/UCGCh409DId2JGBRGnyIfhEw/videos
UCGy7SkBjcIAgTiwkXEtPnYg,Andrei Jikh,economic_explainers,3,3,2824397,1604087,https://www.youtube.com/channel/UCGy7SkBjcIAgTiwkXEtPnYg/videos
UCzwCEE_PchiBULMnAJqhGVg,Raj Shamani,business_economics|geography_logistics|psychology_society,5,5,2819516,905510,https://www.youtube.com/channel/UCzwCEE_PchiBULMnAJqhGVg/videos
UCL1VdVcXmP5sQyVLt81QMyg,2 and 20,work_career_education,1,1,2782282,2782282,https://www.youtube.com/channel/UCL1VdVcXmP5sQyVLt81QMyg/videos
UCUIzUlxA9OvY5SjXv51tDpw,Fat Rat,history_civilization,1,1,2772542,2772542,https://www.youtube.com/channel/UCUIzUlxA9OvY5SjXv51tDpw/videos
UCx4MRJZPmX9rb6Y7PGmU2Bg,Survive Plus,wildlife_documentaries,1,1,2724903,2724903,https://www.youtube.com/channel/UCx4MRJZPmX9rb6Y7PGmU2Bg/videos
UCvJiYiBUbw4tmpRSZT2r1Hw,Science Channel,practical_lifestyle|science_engineering,4,4,2690965,1037938,https://www.youtube.com/channel/UCvJiYiBUbw4tmpRSZT2r1Hw/videos
UC0ggS8bt4v7NiZpDfGqNpZQ,ExtinctZoo ,history_civilization|wildlife_documentaries,2,2,2655609,2655609,https://www.youtube.com/channel/UC0ggS8bt4v7NiZpDfGqNpZQ/videos
UCPBepqymCnnHAVBuLV8LfuQ,Aeth,culture_entertainment,1,0,2641633,2641633,https://www.youtube.com/channel/UCPBepqymCnnHAVBuLV8LfuQ/videos
UCzgWZmqmKpmsr4oPWITusKA,Beyond Facts,geography_logistics,1,1,2641481,2641481,https://www.youtube.com/channel/UCzgWZmqmKpmsr4oPWITusKA/videos
UCPlUfxXfP-Cgg4_qM-y8ivA,Silence of the Earth,nature_animals|speculative_scifi,3,3,2633971,1355462,https://www.youtube.com/channel/UCPlUfxXfP-Cgg4_qM-y8ivA/videos
UCt3JiNkefsfbA2N4SgEkoiQ,Visual Venture,crime_scams_mystery|internet_mysteries|psychology_society,26,26,2622223,1763348,https://www.youtube.com/channel/UCt3JiNkefsfbA2N4SgEkoiQ/videos
UCc75xRvZfuSE3pLa-aqhB6Q,Jay Diggs,culture_entertainment,1,1,2598808,2598808,https://www.youtube.com/channel/UCc75xRvZfuSE3pLa-aqhB6Q/videos
UCtEtiJyqe8KnUb5jEF3SiEQ,kwy true tale,speculative_scifi,1,1,2597919,2597919,https://www.youtube.com/channel/UCtEtiJyqe8KnUb5jEF3SiEQ/videos
UCMFj9KTUleaxDWkaCa_pYag,নিরীক্ষণ,nature_animals,1,0,2582644,2582644,https://www.youtube.com/channel/UCMFj9KTUleaxDWkaCa_pYag/videos
UCmOCpBKeoBPp-HwarhIBA2g,Best Documentary,business_economics|economic_explainers|geography_logistics|history_reconstruction|psychology_society|science_engineering,7,7,2538647,128260,https://www.youtube.com/channel/UCmOCpBKeoBPp-HwarhIBA2g/videos
UCr-BYW60bAtDcNtz6AoiHZQ,SR PAY,crime_scams_mystery|geography_logistics|internet_mysteries,4,4,2530560,1843044,https://www.youtube.com/channel/UCr-BYW60bAtDcNtz6AoiHZQ/videos
UCPD7FU73S_mMMsxSr03oOSQ,Redlyne,psychology_society,1,1,2498854,2498854,https://www.youtube.com/channel/UCPD7FU73S_mMMsxSr03oOSQ/videos
UCOnMveoOrmDiwA6X-6xmQjw,Romancho Pedia by Mithun,crime_scams_mystery|geography_logistics|nature_animals,5,5,2480432,805899,https://www.youtube.com/channel/UCOnMveoOrmDiwA6X-6xmQjw/videos
UCmYAcjJNtB8UsSZjXqyx4Zg,Cottereau,history_civilization,1,1,2459606,2459606,https://www.youtube.com/channel/UCmYAcjJNtB8UsSZjXqyx4Zg/videos
UCkCGANrihzExmu9QiqZpPlQ,How Money Works,business_economics|culture_entertainment|economic_explainers|work_career_education,5,5,2436775,2436775,https://www.youtube.com/channel/UCkCGANrihzExmu9QiqZpPlQ/videos
UCAksyQw6LlPRw-rYhEPADMA,First Humans ,science_engineering,1,1,2358020,2358020,https://www.youtube.com/channel/UCAksyQw6LlPRw-rYhEPADMA/videos
UC2-_WWPT_124iN6jiym4fOw,Asian Boss,consumer_systems|economic_explainers|practical_lifestyle,4,4,2352138,1215651,https://www.youtube.com/channel/UC2-_WWPT_124iN6jiym4fOw/videos
UCVVTthHLGBuNeKf5z6jGV2A,Blackfiles,crime_scams_mystery|internet_mysteries|technology_ai,5,5,2339183,1082396,https://www.youtube.com/channel/UCVVTthHLGBuNeKf5z6jGV2A/videos
UCe9imMhDp6Kn3dn75mzUUZw,GaiaDocs,nature_animals|wildlife_documentaries,6,6,2325795,1255224,https://www.youtube.com/channel/UCe9imMhDp6Kn3dn75mzUUZw/videos
UCF_y2shYA8CSd8ZoSlbNjtw,Nations Uncovered,nature_animals|wildlife_documentaries,4,4,2320764,1950886,https://www.youtube.com/channel/UCF_y2shYA8CSd8ZoSlbNjtw/videos
UC87QeJ7WF71zJ5LF7vVVYrg,The Gaurav Thakur Show Clips,nature_animals,1,1,2318478,2318478,https://www.youtube.com/channel/UC87QeJ7WF71zJ5LF7vVVYrg/videos
UCmbF1cyNa6y7uNYiqYmSVJw,LITTLE BIT BETTER,economic_explainers,1,1,2306817,2306817,https://www.youtube.com/channel/UCmbF1cyNa6y7uNYiqYmSVJw/videos
UCdsOTr6SmDrxuWE7sJFrkhQ,BBC Earth Science,science_engineering|speculative_scifi,3,3,2280662,2280662,https://www.youtube.com/channel/UCdsOTr6SmDrxuWE7sJFrkhQ/videos
UCqoAEDirJPjEUFcF2FklnBA,StarTalk,science_engineering,1,1,2238333,2238333,https://www.youtube.com/channel/UCqoAEDirJPjEUFcF2FklnBA/videos
UCzVzADipldUrUhKkuw-ISqw,The Curious Mind,history_civilization,1,1,2233654,2233654,https://www.youtube.com/channel/UCzVzADipldUrUhKkuw-ISqw/videos
UCZmv8aMKJ_NyS5uFJK_R8lg,Dabby,practical_lifestyle,1,1,2184680,2184680,https://www.youtube.com/channel/UCZmv8aMKJ_NyS5uFJK_R8lg/videos
UCmHWbnzyRvVvkrSXFdZp7tg,NullSpace,science_engineering|speculative_scifi,2,2,2151986,2151986,https://www.youtube.com/channel/UCmHWbnzyRvVvkrSXFdZp7tg/videos
UCxAt0KkZZUxgG3yxl-WDM2A,Secret Origins,history_civilization|internet_mysteries|nature_animals|speculative_scifi,4,4,2130024,1114383,https://www.youtube.com/channel/UCxAt0KkZZUxgG3yxl-WDM2A/videos
UCbq-4OJxnziD3awH-aTezeA,Real Wild,nature_animals,1,1,2103075,2103075,https://www.youtube.com/channel/UCbq-4OJxnziD3awH-aTezeA/videos
UCjkPT5n571CsTwxykFZghSw,Banana Planet TV,nature_animals,3,3,2079939,384173,https://www.youtube.com/channel/UCjkPT5n571CsTwxykFZghSw/videos
UCiTgRcnZs--vFScAQtRH5QA,Fads,culture_entertainment,1,1,2042721,2042721,https://www.youtube.com/channel/UCiTgRcnZs--vFScAQtRH5QA/videos
UCHFoGRSXGOpc6D_NTGv-UyQ,Inqalaab International,crime_scams_mystery|internet_mysteries,2,2,2027666,2027666,https://www.youtube.com/channel/UCHFoGRSXGOpc6D_NTGv-UyQ/videos
UCs_ineLBnNTGjrArNzjSLZg,Zem TV,crime_scams_mystery|geography_logistics|internet_mysteries,3,3,2027118,1557219,https://www.youtube.com/channel/UCs_ineLBnNTGjrArNzjSLZg/videos
UCwm2tuDiDGGuULDIx18hEWQ,WildVerse,wildlife_documentaries,4,4,2021748,264990,https://www.youtube.com/channel/UCwm2tuDiDGGuULDIx18hEWQ/videos
UCO01ytfzgXYy4glnPJm4PPQ,Matt Walsh,history_civilization,1,1,2010007,2010007,https://www.youtube.com/channel/UCO01ytfzgXYy4glnPJm4PPQ/videos
UC6Mjg5R5QOJYjrio1JmP8Fg,oompaville,crime_scams_mystery,1,1,1988397,1988397,https://www.youtube.com/channel/UC6Mjg5R5QOJYjrio1JmP8Fg/videos
UC0Qb7WEWW3xBop_6LC4t7qQ,Unplugged Shubhankar,crime_scams_mystery|internet_mysteries,2,2,1970976,1970976,https://www.youtube.com/channel/UC0Qb7WEWW3xBop_6LC4t7qQ/videos
UC7mNX1WWghL-zFDkK55sLAg,Movie union,speculative_scifi,1,1,1966073,1966073,https://www.youtube.com/channel/UC7mNX1WWghL-zFDkK55sLAg/videos
UCHUQEbNQBqO4hj7cxRxUPvQ,Gen-Z Way,economic_explainers,1,1,1955456,1955456,https://www.youtube.com/channel/UCHUQEbNQBqO4hj7cxRxUPvQ/videos
UCxXqd3iE9WziFyQfycE7cwA,Sommer Sanchez,crime_scams_mystery,1,1,1946202,1946202,https://www.youtube.com/channel/UCxXqd3iE9WziFyQfycE7cwA/videos
UClGVMvGjakjZHH_TmnbxYlQ,RocaNews,everyday_history,1,1,1942780,1942780,https://www.youtube.com/channel/UClGVMvGjakjZHH_TmnbxYlQ/videos
UCtPrkXdtCM5DACLufB9jbsA,MrBallen,internet_mysteries,1,1,1915370,1915370,https://www.youtube.com/channel/UCtPrkXdtCM5DACLufB9jbsA/videos
UC0woBco6Dgcxt0h8SwyyOmw,Megaprojects,science_engineering,2,2,1891033,1175599,https://www.youtube.com/channel/UC0woBco6Dgcxt0h8SwyyOmw/videos
UCb0JxFSwHTzH0AEsAzQHV4w,Map Pack,geography_logistics,1,1,1887462,1887462,https://www.youtube.com/channel/UCb0JxFSwHTzH0AEsAzQHV4w/videos
UCJjSDX-jUChzOEyok9XYRJQ,Jubilee,work_career_education,1,1,1883264,1883264,https://www.youtube.com/channel/UCJjSDX-jUChzOEyok9XYRJQ/videos
UCWBtLCE-BnzZx3DneqDiXWQ,Astrum Earth,science_engineering,1,1,1838272,1838272,https://www.youtube.com/channel/UCWBtLCE-BnzZx3DneqDiXWQ/videos
UCY2O8IpHZgLLG-fXHhX6aLw,History Meets Finance,culture_entertainment,1,1,1813431,1813431,https://www.youtube.com/channel/UCY2O8IpHZgLLG-fXHhX6aLw/videos
UC3ScyryU9Oy9Wse3a8OAmYQ,FRONTLINE PBS | Official,consumer_systems|economic_explainers,2,2,1799194,1799194,https://www.youtube.com/channel/UC3ScyryU9Oy9Wse3a8OAmYQ/videos
UCq6OAftTQOuUBRdtUDq5SUA,PBS Documentaries,everyday_history|history_reconstruction|technology_ai,3,3,1789376,1789376,https://www.youtube.com/channel/UCq6OAftTQOuUBRdtUDq5SUA/videos
UCepBxbSrGZkgjgGJuY04c-Q,Professor Of How,crime_scams_mystery,1,1,1747212,1747212,https://www.youtube.com/channel/UCepBxbSrGZkgjgGJuY04c-Q/videos
UCqPTW4CeoAgq111DA__mP9g,Max Fisher,economic_explainers|work_career_education,2,2,1732405,1732405,https://www.youtube.com/channel/UCqPTW4CeoAgq111DA__mP9g/videos
UCq3_rH8u98FYNZ_BtfNLNRQ,Crime Ki Dastaan,crime_scams_mystery,1,1,1729098,1729098,https://www.youtube.com/channel/UCq3_rH8u98FYNZ_BtfNLNRQ/videos
UCGBoWe1mzCvbbqDNncmxm8A,FINAiUS,business_economics|crime_scams_mystery|culture_entertainment|economic_explainers|everyday_history|geography_logistics|history_reconstruction|technology_ai,11,11,1714120,889979,https://www.youtube.com/channel/UCGBoWe1mzCvbbqDNncmxm8A/videos
UC7R28A21ABhLnvY9bRed8MQ,Nature's Moments,nature_animals|wildlife_documentaries,14,14,1714076,657538,https://www.youtube.com/channel/UC7R28A21ABhLnvY9bRed8MQ/videos
UCHJuQZuzapBh-CuhRYxIZrg,Insider,crime_scams_mystery|economic_explainers,3,3,1664279,1664279,https://www.youtube.com/channel/UCHJuQZuzapBh-CuhRYxIZrg/videos
UCAcoda6jlC-xpxGhwW7yFZw,Matt Reconstructs History,history_reconstruction,2,2,1664184,1276332,https://www.youtube.com/channel/UCAcoda6jlC-xpxGhwW7yFZw/videos
UCnM1bIVGUXUIgj-8pqtw1dw,Cine Recaps BD,crime_scams_mystery|economic_explainers,2,2,1663140,1663140,https://www.youtube.com/channel/UCnM1bIVGUXUIgj-8pqtw1dw/videos
UC_mmaVYaFmlfdxuKb6U69Yw,Speeed,technology_ai,1,1,1655105,1655105,https://www.youtube.com/channel/UC_mmaVYaFmlfdxuKb6U69Yw/videos
UCTzZ2-byV7kigoeQ1ZQ39ig,Ear to Hear,history_civilization,1,1,1651802,1651802,https://www.youtube.com/channel/UCTzZ2-byV7kigoeQ1ZQ39ig/videos
UC1KmNKYC1l0stjctkGswl6g,After Skool,speculative_scifi,1,1,1622605,1622605,https://www.youtube.com/channel/UC1KmNKYC1l0stjctkGswl6g/videos
UCp4wHZCrDhITkiUILOd4gRw,Documentary Central,everyday_history|science_engineering,2,2,1622456,1622456,https://www.youtube.com/channel/UCp4wHZCrDhITkiUILOd4gRw/videos
UC4GYgpgZzfMhYr9y6rs5O6Q,Trust Me Bro,history_civilization|internet_mysteries|practical_lifestyle,3,3,1620268,1108782,https://www.youtube.com/channel/UC4GYgpgZzfMhYr9y6rs5O6Q/videos
UC4oVjJptcsvtgIMrdIUQYlQ,LADbible Stories,crime_scams_mystery,1,1,1619784,1619784,https://www.youtube.com/channel/UC4oVjJptcsvtgIMrdIUQYlQ/videos
UCX2IOB5QecICpfcb1GKHM_Q,Gaurav Katare,geography_logistics|nature_animals|speculative_scifi,4,4,1599836,1545898,https://www.youtube.com/channel/UCX2IOB5QecICpfcb1GKHM_Q/videos
UCc8q4B1bj-668LMHyNXnTxQ,Economy Media,technology_ai|work_career_education,2,2,1597081,982677,https://www.youtube.com/channel/UCc8q4B1bj-668LMHyNXnTxQ/videos
UCkw1tYo7k8t-Y99bOXuZwhg,KK Create,geography_logistics,1,1,1592262,1592262,https://www.youtube.com/channel/UCkw1tYo7k8t-Y99bOXuZwhg/videos
UCVtHlqfvXn-6m6A2IWUB8MQ,Unseen,crime_scams_mystery,1,1,1588253,1588253,https://www.youtube.com/channel/UCVtHlqfvXn-6m6A2IWUB8MQ/videos
UCvJJ_dzjViJCoLf5uKUTwoA,CNBC,consumer_systems|culture_entertainment|practical_lifestyle|technology_ai|work_career_education,12,10,1584852,530886,https://www.youtube.com/channel/UCvJJ_dzjViJCoLf5uKUTwoA/videos
UCSoRPhBTtQ4ntgOj4RA_XqA,TRUE GLOBE,nature_animals|practical_lifestyle|wildlife_documentaries,4,4,1583445,1414734,https://www.youtube.com/channel/UCSoRPhBTtQ4ntgOj4RA_XqA/videos
UCqW-PuTMM73Ff6qR8k-8HGg,Darkest Horrors,crime_scams_mystery|internet_mysteries,3,3,1554394,1554386,https://www.youtube.com/channel/UCqW-PuTMM73Ff6qR8k-8HGg/videos
UCUMZ7gohGI9HcU9VNsr2FJQ,Bloomberg Originals,consumer_systems|economic_explainers|geography_logistics|science_engineering|technology_ai,7,7,1546352,705968,https://www.youtube.com/channel/UCUMZ7gohGI9HcU9VNsr2FJQ/videos
UCkizxvF3YdQXuEUSklHpUmQ,Anokhi Films,crime_scams_mystery|practical_lifestyle,3,3,1533605,722302,https://www.youtube.com/channel/UCkizxvF3YdQXuEUSklHpUmQ/videos
UC5wFCss3J68_MMZT_VxQvUA,The World Of Keya,nature_animals|work_career_education,2,2,1528521,794339,https://www.youtube.com/channel/UC5wFCss3J68_MMZT_VxQvUA/videos
UCQoPrZpOtAqLL1tFEey-Xzw,WILD Xfact,nature_animals|wildlife_documentaries,4,4,1515668,1361488,https://www.youtube.com/channel/UCQoPrZpOtAqLL1tFEey-Xzw/videos
UCTTqBgYdkmFogITlPDM0M4A,DroneScapes,everyday_history,1,1,1506485,1506485,https://www.youtube.com/channel/UCTTqBgYdkmFogITlPDM0M4A/videos
UCWbM5p20UDzs1VLGa9ku2Jw,Myths-creature,nature_animals|wildlife_documentaries,2,2,1502852,1502852,https://www.youtube.com/channel/UCWbM5p20UDzs1VLGa9ku2Jw/videos
UC9x0AN7BWHpCDHSm9NiJFJQ,NetworkChuck,technology_ai,1,1,1502353,1502353,https://www.youtube.com/channel/UC9x0AN7BWHpCDHSm9NiJFJQ/videos
UCbfZu3aEzvSVjOnZnQr6r2Q,Explorist,crime_scams_mystery,1,1,1495708,1495708,https://www.youtube.com/channel/UCbfZu3aEzvSVjOnZnQr6r2Q/videos
UCASM0cgfkJxQ1ICmRilfHLw,Patrick Boyle,technology_ai,1,1,1491942,1491942,https://www.youtube.com/channel/UCASM0cgfkJxQ1ICmRilfHLw/videos
UCKpRrmxe1Uaq_uah7aoaIdQ,vetoo,practical_lifestyle,1,1,1486178,1486178,https://www.youtube.com/channel/UCKpRrmxe1Uaq_uah7aoaIdQ/videos
UCUwQmBOM-tpGP13zx-vNpbQ,Versed,geography_logistics,1,1,1483828,1483828,https://www.youtube.com/channel/UCUwQmBOM-tpGP13zx-vNpbQ/videos
UCNZegH5HQPx_chNsPqJw1Rw,Sleepy Science Channel,nature_animals|practical_lifestyle|psychology_society|science_engineering,8,8,1476879,138967,https://www.youtube.com/channel/UCNZegH5HQPx_chNsPqJw1Rw/videos
UCWBWgCD4oAqT3hUeq40SCUw,Sambucha,geography_logistics,1,1,1474908,1474908,https://www.youtube.com/channel/UCWBWgCD4oAqT3hUeq40SCUw/videos
UCDPk9MG2RexnOMGTD-YnSnA,Nat Geo Animals,nature_animals|wildlife_documentaries,11,10,1461984,568968,https://www.youtube.com/channel/UCDPk9MG2RexnOMGTD-YnSnA/videos
UC4QZ_LsYcvcq7qOsOhpAX4A,ColdFusion,consumer_systems|technology_ai,2,2,1450302,1046755,https://www.youtube.com/channel/UC4QZ_LsYcvcq7qOsOhpAX4A/videos
UCRxL0nf9H3ZL-CeI8wGmPHQ,Discover Wildlife,nature_animals|wildlife_documentaries,20,20,1446347,478254,https://www.youtube.com/channel/UCRxL0nf9H3ZL-CeI8wGmPHQ/videos
UCQdI1zYa-0MvrGpCPNYj2CA,Urban Planner Explained,geography_logistics|practical_lifestyle|science_engineering,3,3,1436123,174570,https://www.youtube.com/channel/UCQdI1zYa-0MvrGpCPNYj2CA/videos
UCTfXFm3IY3wU6k5a3rctabA,Radical Cap,culture_entertainment,1,1,1431163,1431163,https://www.youtube.com/channel/UCTfXFm3IY3wU6k5a3rctabA/videos
UCtKLvGbzqAluwUW3Ez_zeQA,Boring History Secrets ,everyday_history|history_civilization,5,5,1418350,181980,https://www.youtube.com/channel/UCtKLvGbzqAluwUW3Ez_zeQA/videos
UCLWhUPF668K0jWTrMw-DpJg,The WillPower Star,crime_scams_mystery|culture_entertainment,2,2,1416855,899791,https://www.youtube.com/channel/UCLWhUPF668K0jWTrMw-DpJg/videos
UCoJk14THeWd-KSMpXGtgRXQ,RICHARD TOMSON,speculative_scifi,1,1,1407162,1407162,https://www.youtube.com/channel/UCoJk14THeWd-KSMpXGtgRXQ/videos
UCftwRNsjfRo08xYE31tkiyw,WIRED,economic_explainers|geography_logistics|technology_ai,3,3,1394758,731374,https://www.youtube.com/channel/UCftwRNsjfRo08xYE31tkiyw/videos
UCoUxsWakJucWg46KW5RsvPw,Financial Times,economic_explainers|work_career_education,4,4,1392819,277222,https://www.youtube.com/channel/UCoUxsWakJucWg46KW5RsvPw/videos
UCkQ2J1LUtzt_kNzH_cC24AA,Internet Education,economic_explainers|psychology_society,2,2,1376356,1376356,https://www.youtube.com/channel/UCkQ2J1LUtzt_kNzH_cC24AA/videos
UCj4qrWgL8bmAfBTr6EwThow,Survival Alex,nature_animals|wildlife_documentaries,4,4,1373752,1373606,https://www.youtube.com/channel/UCj4qrWgL8bmAfBTr6EwThow/videos
UCPJ_UzD4PEC-_vwN32amlIQ,Open Letter,economic_explainers|geography_logistics|psychology_society,3,3,1359393,1295937,https://www.youtube.com/channel/UCPJ_UzD4PEC-_vwN32amlIQ/videos
UC-XhHNXDoB6gIMYsi9p8cLg,The Invisible Game,technology_ai,1,1,1357265,1357265,https://www.youtube.com/channel/UC-XhHNXDoB6gIMYsi9p8cLg/videos
UCqOoboPm3uhY_YXhvhmL-WA,Discovery,wildlife_documentaries,1,1,1354235,1354235,https://www.youtube.com/channel/UCqOoboPm3uhY_YXhvhmL-WA/videos
UCZqJKUTmgB-cffFSzL3ENJA,Brofessor Stein,crime_scams_mystery,1,1,1339043,1339043,https://www.youtube.com/channel/UCZqJKUTmgB-cffFSzL3ENJA/videos
UCkf4ZhyckqAgr_bf-PPS7jA,Wild Animals - Animal Documentary,nature_animals|wildlife_documentaries,5,5,1338672,1131641,https://www.youtube.com/channel/UCkf4ZhyckqAgr_bf-PPS7jA/videos
UC65IEk6PTfRZzyvrcYypHQg,Parallel Pipes,internet_mysteries,2,2,1334080,935437,https://www.youtube.com/channel/UC65IEk6PTfRZzyvrcYypHQg/videos
UCc7h-w42GLvShOJp9mLEnfQ,Bixu,nature_animals|wildlife_documentaries,3,3,1326967,1326967,https://www.youtube.com/channel/UCc7h-w42GLvShOJp9mLEnfQ/videos
UCrA4IQGWeWzPT6i2SbVeAUw,Another Universe,speculative_scifi,1,0,1325838,1325838,https://www.youtube.com/channel/UCrA4IQGWeWzPT6i2SbVeAUw/videos
UC4flZ-DVneV-yy3Izp4YLzg,Chris Explains,history_civilization,1,1,1316048,1316048,https://www.youtube.com/channel/UC4flZ-DVneV-yy3Izp4YLzg/videos
UCicVSNyM7PMXEzdoAsTB02w,Chat History,history_civilization,1,1,1300624,1300624,https://www.youtube.com/channel/UCicVSNyM7PMXEzdoAsTB02w/videos
UCEy85baRPPw7Ls5HkMv8uRA,CRG Explains,culture_entertainment,1,1,1290719,1290719,https://www.youtube.com/channel/UCEy85baRPPw7Ls5HkMv8uRA/videos
UCgoyBmLOMNWmsiVkj-MezyQ,ExpHub - Prashant Kirad,consumer_systems,1,1,1266437,1266437,https://www.youtube.com/channel/UCgoyBmLOMNWmsiVkj-MezyQ/videos
UCUiD1Ph7YbaQfBEn_Lr0DPw,Selwen,culture_entertainment,1,1,1264442,1264442,https://www.youtube.com/channel/UCUiD1Ph7YbaQfBEn_Lr0DPw/videos
UC7-Z34pbJ0ZAOJRmUCEz0Cg,Geography By Geoff,geography_logistics,2,2,1258842,678990,https://www.youtube.com/channel/UC7-Z34pbJ0ZAOJRmUCEz0Cg/videos
UC9QQbK2NjEzlS6u9nFU_Dcw,Paleora,nature_animals|practical_lifestyle|speculative_scifi,7,7,1238458,233036,https://www.youtube.com/channel/UC9QQbK2NjEzlS6u9nFU_Dcw/videos
UCDGrKOtVH1kWDD-DrkTm0ew,Hidden Planet TV,nature_animals,1,1,1234382,1234382,https://www.youtube.com/channel/UCDGrKOtVH1kWDD-DrkTm0ew/videos
UCIjSUWHWp6KohfnR5OQTXnQ,FOX 5 New York,psychology_society,1,0,1231497,1231497,https://www.youtube.com/channel/UCIjSUWHWp6KohfnR5OQTXnQ/videos
UCiaQXTGzrFfBCppui4rPDIg,Avoid Flight Bans,geography_logistics,1,1,1222644,1222644,https://www.youtube.com/channel/UCiaQXTGzrFfBCppui4rPDIg/videos
UCNYsIqBwQyhnNDVf7SXJV9w,Exploring With Josh,geography_logistics,1,1,1219473,1219473,https://www.youtube.com/channel/UCNYsIqBwQyhnNDVf7SXJV9w/videos
UCZ1OsbnPa1RX6rl9NWlRTOg,अंतरिक्ष TV by Kaushik Bhattacharjee,geography_logistics|history_civilization,2,2,1211312,818467,https://www.youtube.com/channel/UCZ1OsbnPa1RX6rl9NWlRTOg/videos
UCdl3ece6ZfQwsiLbMnh2bCw,AstroKobi,science_engineering,1,1,1204026,1204026,https://www.youtube.com/channel/UCdl3ece6ZfQwsiLbMnh2bCw/videos
UCxlJ45KjG4XVcQ_hd8j227A,Peekaboo Kidz,geography_logistics|science_engineering,2,1,1203082,1029433,https://www.youtube.com/channel/UCxlJ45KjG4XVcQ_hd8j227A/videos
UCx64BwX6BzdPjEQDLzoe4xQ,pywaket1,culture_entertainment,1,1,1198607,1198607,https://www.youtube.com/channel/UCx64BwX6BzdPjEQDLzoe4xQ/videos
UCtrFDttZdb4QxBpQc3fi1Cg,Uncharted Mysteries,history_civilization,7,7,1197834,451769,https://www.youtube.com/channel/UCtrFDttZdb4QxBpQc3fi1Cg/videos
UC6n8I1UDTKP1IWjQMg6_TwA,The B1M,science_engineering,1,1,1163881,1163881,https://www.youtube.com/channel/UC6n8I1UDTKP1IWjQMg6_TwA/videos
UC0ra0vN_iF5AwwU7G8q79rw,Majestic Studios,history_civilization|history_reconstruction,2,2,1155205,1155205,https://www.youtube.com/channel/UC0ra0vN_iF5AwwU7G8q79rw/videos
UC0Xq4qcUT1GjcdOX5jYPuBA,My Unreal Planet TV,history_civilization|nature_animals|science_engineering,5,5,1154068,256618,https://www.youtube.com/channel/UC0Xq4qcUT1GjcdOX5jYPuBA/videos
UCkG49maW4sr4pfxYmz9Jj0g,Flashback Frenzy,history_civilization|history_reconstruction,3,3,1151456,1151456,https://www.youtube.com/channel/UCkG49maW4sr4pfxYmz9Jj0g/videos
UCmFkUrOFd_FaASmI9HysA3g,MEP Academy,technology_ai,1,0,1132396,1132396,https://www.youtube.com/channel/UCmFkUrOFd_FaASmI9HysA3g/videos
UC7ACBBjiLZEKSy47w8T35Lw,Omar Eddaoudi,psychology_society,1,1,1115686,1115686,https://www.youtube.com/channel/UC7ACBBjiLZEKSy47w8T35Lw/videos
UC14Fb2zWTEZklONPXFbLrTQ,Primate Economics,economic_explainers,2,2,1114709,770694,https://www.youtube.com/channel/UC14Fb2zWTEZklONPXFbLrTQ/videos
UCdxuNy-HHb-F3PNG4SRqiOw,JRE Collection,nature_animals|wildlife_documentaries,2,2,1105954,1105954,https://www.youtube.com/channel/UCdxuNy-HHb-F3PNG4SRqiOw/videos
UCQBJHoWMKDyg0_GpdoG1h-w,Something Sinister,crime_scams_mystery,1,1,1101287,1101287,https://www.youtube.com/channel/UCQBJHoWMKDyg0_GpdoG1h-w/videos
UCOpzwVUNsep7FpN5687XYEA,Sci-Fi Central,speculative_scifi,2,2,1089485,548152,https://www.youtube.com/channel/UCOpzwVUNsep7FpN5687XYEA/videos
UCl3G-bxtbMLaKfaRq7ljHSA,Marina McBain,culture_entertainment,1,1,1078834,1078834,https://www.youtube.com/channel/UCl3G-bxtbMLaKfaRq7ljHSA/videos
UC0g0WbvanQND4dC1JDaW1_w,Wild Horizons,nature_animals|wildlife_documentaries,2,2,1058399,1058399,https://www.youtube.com/channel/UC0g0WbvanQND4dC1JDaW1_w/videos
UCT6Y5JJPKe_JDMivpKgVXew,Fall of Civilizations,history_civilization,1,1,1055690,1055690,https://www.youtube.com/channel/UCT6Y5JJPKe_JDMivpKgVXew/videos
UCm9f3QOllxPvLXtN5qCK3Hg,Beyond Economy,work_career_education,1,1,1040064,1040064,https://www.youtube.com/channel/UCm9f3QOllxPvLXtN5qCK3Hg/videos
UCxoz4YfS4M3H3C57FD4jW4Q,Science Time,speculative_scifi,1,1,1019577,1019577,https://www.youtube.com/channel/UCxoz4YfS4M3H3C57FD4jW4Q/videos
UCCkLTaPLElW6ps3sfx8TUNA,Shanspeare,culture_entertainment,1,1,1008391,1008391,https://www.youtube.com/channel/UCCkLTaPLElW6ps3sfx8TUNA/videos
UCJqo83iPTdpMNOT-3O-RnKA,Blueprint,science_engineering|technology_ai,4,4,1007806,860711,https://www.youtube.com/channel/UCJqo83iPTdpMNOT-3O-RnKA/videos
UCSHZKyawb77ixDdsGog4iWA,Lex Fridman,history_civilization,1,1,1006618,1006618,https://www.youtube.com/channel/UCSHZKyawb77ixDdsGog4iWA/videos
UC70eGJralPomhRI1l_6YSEA,The Crusader,work_career_education,1,0,998491,998491,https://www.youtube.com/channel/UC70eGJralPomhRI1l_6YSEA/videos
UCB_qr75-ydFVKSF9Dmo6izg,FORMULA 1,geography_logistics,1,1,993713,993713,https://www.youtube.com/channel/UCB_qr75-ydFVKSF9Dmo6izg/videos
UCwbI9_kO6r8zTA5O_nksLaQ,Mighty Monk,crime_scams_mystery|history_civilization|nature_animals,4,4,984740,561382,https://www.youtube.com/channel/UCwbI9_kO6r8zTA5O_nksLaQ/videos
UCDBRkd8deH-Vk1nWQKWJ72w,Captain Discovery,practical_lifestyle,1,1,975575,975575,https://www.youtube.com/channel/UCDBRkd8deH-Vk1nWQKWJ72w/videos
UCbyE5OvaP4GJhKvPCXxjWvw,Fire of Learning,science_engineering|speculative_scifi,2,2,973044,973044,https://www.youtube.com/channel/UCbyE5OvaP4GJhKvPCXxjWvw/videos
UCX2zCrhyNcgpWP5r6mdcuSg,SoulArc Studios,psychology_society,1,1,971282,971282,https://www.youtube.com/channel/UCX2zCrhyNcgpWP5r6mdcuSg/videos
UCnpOlzpWAjg03o8sOd6K1xw,Coffee and Cults,culture_entertainment,1,1,953516,953516,https://www.youtube.com/channel/UCnpOlzpWAjg03o8sOd6K1xw/videos
UCQJHoc6ncQ3-6JFROw13Zfg,Quality Rot,everyday_history,1,1,952064,952064,https://www.youtube.com/channel/UCQJHoc6ncQ3-6JFROw13Zfg/videos
UCvQ_EDuk8w67a2UkCS1ptbA,Area52,speculative_scifi,1,1,949687,949687,https://www.youtube.com/channel/UCvQ_EDuk8w67a2UkCS1ptbA/videos
UCXgYsaO70gBNGcmpGKnln1Q,Worlds Before Us,history_reconstruction,2,2,947496,617621,https://www.youtube.com/channel/UCXgYsaO70gBNGcmpGKnln1Q/videos
UCKhpM-cu2Cod-GyG6KngNYg,Logical Money,practical_lifestyle,1,1,944206,944206,https://www.youtube.com/channel/UCKhpM-cu2Cod-GyG6KngNYg/videos
UCnBbQHNiSYbLqH8nybUSH8Q,Abyssal Detective,geography_logistics,1,1,942139,942139,https://www.youtube.com/channel/UCnBbQHNiSYbLqH8nybUSH8Q/videos
UCSSPJOns5eCPlxB42Wje4ig,Theyogi,nature_animals,1,1,938678,938678,https://www.youtube.com/channel/UCSSPJOns5eCPlxB42Wje4ig/videos
UCPPrhcXtGR2aMoxrPJRKPLg,Para Bellum,history_reconstruction,1,1,934568,934568,https://www.youtube.com/channel/UCPPrhcXtGR2aMoxrPJRKPLg/videos
UCHmq99a0Q5La7UmP0kYbUeQ,zoeunlimited,culture_entertainment,1,1,926489,926489,https://www.youtube.com/channel/UCHmq99a0Q5La7UmP0kYbUeQ/videos
UC7KItIAhUn1K1uXDGvM3TKg,Tim - Reborn History ,everyday_history,1,1,919438,919438,https://www.youtube.com/channel/UC7KItIAhUn1K1uXDGvM3TKg/videos
UCKQ5Jj35sjTmJigRtlCPhVQ,ComicVerse,consumer_systems,1,1,918164,918164,https://www.youtube.com/channel/UCKQ5Jj35sjTmJigRtlCPhVQ/videos
UCqD5_a82vcsECJQfmlAoZ-Q,Easy Documentary,speculative_scifi,1,1,911139,911139,https://www.youtube.com/channel/UCqD5_a82vcsECJQfmlAoZ-Q/videos
UCV6KDgJskWaEckne5aPA0aQ,Graham Stephan,work_career_education,1,1,899128,899128,https://www.youtube.com/channel/UCV6KDgJskWaEckne5aPA0aQ/videos
UC8Phwm8-hbzECKGWuwSBG_w,The Unknown Explained,history_civilization,1,1,898451,898451,https://www.youtube.com/channel/UC8Phwm8-hbzECKGWuwSBG_w/videos
UCpHaAKu74UHvcYCi2g_PvBQ,Shout! Studios,speculative_scifi,1,1,897771,897771,https://www.youtube.com/channel/UCpHaAKu74UHvcYCi2g_PvBQ/videos
UCA295QVkf9O1RQ8_-s3FVXg,Aevy TV,geography_logistics|technology_ai,2,2,892091,663912,https://www.youtube.com/channel/UCA295QVkf9O1RQ8_-s3FVXg/videos
UC23fO7Q-MaS0kXejbXHU3ew,Ankul Rajpurohit,business_economics,1,1,889414,889414,https://www.youtube.com/channel/UC23fO7Q-MaS0kXejbXHU3ew/videos
UCvDZfQfK9YySWRh5On8erow,Modern Life Studio,speculative_scifi,2,0,885415,645576,https://www.youtube.com/channel/UCvDZfQfK9YySWRh5On8erow/videos
UCMWimE1l_u-A9S4eXfYG5dA,Mandarin Tech,geography_logistics,1,1,884580,884580,https://www.youtube.com/channel/UCMWimE1l_u-A9S4eXfYG5dA/videos
UC7OxCeIvb7GihTlyUjYMmig,Hosh TV,nature_animals|wildlife_documentaries,2,2,883822,883822,https://www.youtube.com/channel/UC7OxCeIvb7GihTlyUjYMmig/videos
UCW39zufHfsuGgpLviKh297Q,DW Documentary,business_economics|crime_scams_mystery|economic_explainers|practical_lifestyle|science_engineering|speculative_scifi|technology_ai,13,13,879704,289186,https://www.youtube.com/channel/UCW39zufHfsuGgpLviKh297Q/videos
UCBwmMxybNva6P_5VmxjzwqA,Apna College,technology_ai,1,1,877493,877493,https://www.youtube.com/channel/UCBwmMxybNva6P_5VmxjzwqA/videos
UCN9v4QG3AQEP3zuRvVs2dAg,History Time,history_civilization,2,2,871476,723950,https://www.youtube.com/channel/UCN9v4QG3AQEP3zuRvVs2dAg/videos
UCpxYSWgxVt3Pyn1ovXsGQ0g,PBS Terra,nature_animals,1,1,870209,870209,https://www.youtube.com/channel/UCpxYSWgxVt3Pyn1ovXsGQ0g/videos
UCmWP4f7x5sO4EaJvmCAi0vw,DocuReal,science_engineering,2,2,862851,737714,https://www.youtube.com/channel/UCmWP4f7x5sO4EaJvmCAi0vw/videos
UCh_975Ocjp37KbNTFKlUjzQ,Top Unreal Travel,nature_animals,1,1,859437,859437,https://www.youtube.com/channel/UCh_975Ocjp37KbNTFKlUjzQ/videos
UCUyDOdBWhC1MCxEjC46d-zw,Alex Hormozi,psychology_society,1,1,845873,845873,https://www.youtube.com/channel/UCUyDOdBWhC1MCxEjC46d-zw/videos
UC-9b7aDP6ZN0coj9-xFnrtw,Astrum,science_engineering,1,1,839482,839482,https://www.youtube.com/channel/UC-9b7aDP6ZN0coj9-xFnrtw/videos
UCjHz5SVHeMT0AViCYZvsGDA,NOVA PBS Official,history_civilization,1,1,836510,836510,https://www.youtube.com/channel/UCjHz5SVHeMT0AViCYZvsGDA/videos
UCE4CKcvDulwHRipI4MJTKBQ,Tinysey,culture_entertainment,1,1,826861,826861,https://www.youtube.com/channel/UCE4CKcvDulwHRipI4MJTKBQ/videos
UCxqAWLTk1CmBvZFPzeZMd9A,Domain of Science,nature_animals,1,1,823517,823517,https://www.youtube.com/channel/UCxqAWLTk1CmBvZFPzeZMd9A/videos
UCLuIudjbquBATgqkIJxQi6A,Animated History ,history_civilization|history_reconstruction,2,2,822378,822378,https://www.youtube.com/channel/UCLuIudjbquBATgqkIJxQi6A/videos
UCvEx40iw2E6bbUE_gLFTHiA,Silicon Money,technology_ai,1,1,817393,817393,https://www.youtube.com/channel/UCvEx40iw2E6bbUE_gLFTHiA/videos
UClHVl2N3jPEbkNJVx-ItQIQ,HealthyGamerGG,work_career_education,1,1,816862,816862,https://www.youtube.com/channel/UClHVl2N3jPEbkNJVx-ItQIQ/videos
UC-mfn4ibOC5ewLcpmgl0C4g,Michael Girdley,business_economics,6,6,815683,288645,https://www.youtube.com/channel/UC-mfn4ibOC5ewLcpmgl0C4g/videos
UCVZapV0958xAUsCctF_ED4w,Shan Prasher,culture_entertainment,1,1,815426,815426,https://www.youtube.com/channel/UCVZapV0958xAUsCctF_ED4w/videos
UCR0v_ZA8zKJwxpU9HpDq3fQ,We Got Movies,speculative_scifi,1,1,811852,811852,https://www.youtube.com/channel/UCR0v_ZA8zKJwxpU9HpDq3fQ/videos
UCxbnsftoQou1IfWZlEb_1iA,SPACE BEFOREAFTER,science_engineering,1,1,809534,809534,https://www.youtube.com/channel/UCxbnsftoQou1IfWZlEb_1iA/videos
UCQuAIpRBByh0t5oaWJoWGrg,Internet Audit,culture_entertainment,1,1,808181,808181,https://www.youtube.com/channel/UCQuAIpRBByh0t5oaWJoWGrg/videos
UCxcrzzhQDj5zKJbXfIscCtg,ABC News In-depth,consumer_systems|culture_entertainment|technology_ai,4,4,807300,538225,https://www.youtube.com/channel/UCxcrzzhQDj5zKJbXfIscCtg/videos
UCotwjyJnb-4KW7bmsOoLfkg,Art of the Problem,speculative_scifi,1,1,806895,806895,https://www.youtube.com/channel/UCotwjyJnb-4KW7bmsOoLfkg/videos
UCm8EZfto3AdXqklkb2k550w,FING,internet_mysteries,1,1,804151,804151,https://www.youtube.com/channel/UCm8EZfto3AdXqklkb2k550w/videos
UCg5WjzrwxRRUUDf7WHKPzsA,Kallaway,psychology_society,1,1,801121,801121,https://www.youtube.com/channel/UCg5WjzrwxRRUUDf7WHKPzsA/videos
UCXONTfGmLC7ltFgLAlHs24g,Ty Notts,crime_scams_mystery,2,2,786690,568171,https://www.youtube.com/channel/UCXONTfGmLC7ltFgLAlHs24g/videos
UCDOU0EAiCU_u5SH0cnm3eMQ,Nomadic Lifeaholic,nature_animals,1,1,778583,778583,https://www.youtube.com/channel/UCDOU0EAiCU_u5SH0cnm3eMQ/videos
UCHa1_v_jRPdJFdU9tmOwxDA,Gaurav katare Extra,internet_mysteries,1,1,774879,774879,https://www.youtube.com/channel/UCHa1_v_jRPdJFdU9tmOwxDA/videos
UCsBjURrPoezykLs9EqgamOA,Fireship,geography_logistics|technology_ai,2,0,765864,731961,https://www.youtube.com/channel/UCsBjURrPoezykLs9EqgamOA/videos
UCRVXfhLRsLWi3_IKnMDiI1Q,poi,internet_mysteries|science_engineering,2,2,763870,763870,https://www.youtube.com/channel/UCRVXfhLRsLWi3_IKnMDiI1Q/videos
UCJudcZ0LPiqLHVTj3s2H9Mw,AIVS,technology_ai,1,1,751179,751179,https://www.youtube.com/channel/UCJudcZ0LPiqLHVTj3s2H9Mw/videos
UCaXkIU1QidjPwiAYu6GcHjg,MS NOW,technology_ai,1,1,750611,750611,https://www.youtube.com/channel/UCaXkIU1QidjPwiAYu6GcHjg/videos
UCEeey_4nQMkhTTd0J2HZxoA,Zaki Saudagar,culture_entertainment,1,1,749502,749502,https://www.youtube.com/channel/UCEeey_4nQMkhTTd0J2HZxoA/videos
UC0p5jTq6Xx_DosDFxVXnWaQ,The Economist,psychology_society,1,0,748029,748029,https://www.youtube.com/channel/UC0p5jTq6Xx_DosDFxVXnWaQ/videos
UCweDKPSF65wRw5VHFUJYiow,Curious Archive,nature_animals,1,1,743935,743935,https://www.youtube.com/channel/UCweDKPSF65wRw5VHFUJYiow/videos
UCTWbP-2W-_6mzWLg2oZmT7Q,RetroGamingNow,crime_scams_mystery,1,1,742085,742085,https://www.youtube.com/channel/UCTWbP-2W-_6mzWLg2oZmT7Q/videos
UC3uAjWoLZ4bSi6qI9SjALxA,Imperial War Museums,everyday_history,1,1,741217,741217,https://www.youtube.com/channel/UC3uAjWoLZ4bSi6qI9SjALxA/videos
UC8GlzFmANazkqEEojSl1ETA,Doctor NOS,wildlife_documentaries,1,1,729771,729771,https://www.youtube.com/channel/UC8GlzFmANazkqEEojSl1ETA/videos
UC1s9576cQFdQq3QTtTxocmA,Real Crime,crime_scams_mystery,1,1,726797,726797,https://www.youtube.com/channel/UC1s9576cQFdQq3QTtTxocmA/videos
UCcxQHI0pPuOQWLaTJJZoBIQ,ReYOUniverse,speculative_scifi,1,1,722068,722068,https://www.youtube.com/channel/UCcxQHI0pPuOQWLaTJJZoBIQ/videos
UC31GyoVAjRLLK9Nh4298PzA,iamLucid,economic_explainers,1,1,719199,719199,https://www.youtube.com/channel/UC31GyoVAjRLLK9Nh4298PzA/videos
UChhyfYkhuVrzmvDr-WqpDSw,Not Even Emily,psychology_society,1,1,719184,719184,https://www.youtube.com/channel/UChhyfYkhuVrzmvDr-WqpDSw/videos
UCptVB4TPKWoka-ZFsAdh95w,Alex Newman,business_economics,1,1,716706,716706,https://www.youtube.com/channel/UCptVB4TPKWoka-ZFsAdh95w/videos
UCcJyQ5dihoKAKwk2aRi-CQw,This Is History,history_reconstruction,1,1,712915,712915,https://www.youtube.com/channel/UCcJyQ5dihoKAKwk2aRi-CQw/videos
UCsDTy8jvHcwMvSZf_JGi-FA,Abhi and Niyu,economic_explainers,1,1,710106,710106,https://www.youtube.com/channel/UCsDTy8jvHcwMvSZf_JGi-FA/videos
UCmFeOdJI3IXgTBDzqBLD8qg,Moon,internet_mysteries,1,1,708027,708027,https://www.youtube.com/channel/UCmFeOdJI3IXgTBDzqBLD8qg/videos
UCcA2aJFGGbSHVuqVp23rJlw,Money Chuck,business_economics|crime_scams_mystery,2,2,700146,458746,https://www.youtube.com/channel/UCcA2aJFGGbSHVuqVp23rJlw/videos
UCnYMOamNKLGVlJgRUbamveA,Tom Bilyeu,work_career_education,1,1,698402,698402,https://www.youtube.com/channel/UCnYMOamNKLGVlJgRUbamveA/videos
UCZwU2G-KVl-P-O-B35chZOQ,History Hit,history_civilization,1,1,697283,697283,https://www.youtube.com/channel/UCZwU2G-KVl-P-O-B35chZOQ/videos
UCqW-Q4PRQE5_n2vbAaC1rUg,messyintheusa,consumer_systems,1,1,691508,691508,https://www.youtube.com/channel/UCqW-Q4PRQE5_n2vbAaC1rUg/videos
UCHb55meDzFOdxr6UG_ho4iw,ShriGuruCool,crime_scams_mystery,1,1,691354,691354,https://www.youtube.com/channel/UCHb55meDzFOdxr6UG_ho4iw/videos
UCTvMSxiFOY3vKLmnoYogDEQ,eggsoup,culture_entertainment,1,1,679774,679774,https://www.youtube.com/channel/UCTvMSxiFOY3vKLmnoYogDEQ/videos
UCkOhyFunM8NpDkNlghy3Y9g,RealTalk Clips,crime_scams_mystery,1,1,678545,678545,https://www.youtube.com/channel/UCkOhyFunM8NpDkNlghy3Y9g/videos
UCNye-wNBqNL5ZzHSJj3l8Bg,Al Jazeera English,business_economics|economic_explainers|science_engineering|work_career_education,6,5,678439,576362,https://www.youtube.com/channel/UCNye-wNBqNL5ZzHSJj3l8Bg/videos
UCNGIytL4kzna9zJzAHaoZ2g,Internet Oddities,culture_entertainment,1,1,677115,677115,https://www.youtube.com/channel/UCNGIytL4kzna9zJzAHaoZ2g/videos
UCufvVan2COV7M3FX5dPdlHA,Old Money Dynasty,culture_entertainment|everyday_history,2,2,664861,664861,https://www.youtube.com/channel/UCufvVan2COV7M3FX5dPdlHA/videos
UCZITkCJEfWt4sVq9c4QnoHg,Kuhlaki,internet_mysteries,2,2,664002,445294,https://www.youtube.com/channel/UCZITkCJEfWt4sVq9c4QnoHg/videos
UCwjI_IWt2AWVyBrQkGlrc8g,PastMorph,everyday_history,1,0,663659,663659,https://www.youtube.com/channel/UCwjI_IWt2AWVyBrQkGlrc8g/videos
UCshPyRiu9XTQb2gEagNt-3A,Raj Shamani Clips,culture_entertainment|work_career_education,2,1,663579,340673,https://www.youtube.com/channel/UCshPyRiu9XTQb2gEagNt-3A/videos
UCa7xWePhgtgYNgyXSK63I4Q,Steve Ronin,geography_logistics,1,1,663264,663264,https://www.youtube.com/channel/UCa7xWePhgtgYNgyXSK63I4Q/videos
UCyAMoOTlfSGPxrtvh6M6wig,Shyam Meera Singh ,crime_scams_mystery,1,1,662308,662308,https://www.youtube.com/channel/UCyAMoOTlfSGPxrtvh6M6wig/videos
UCU7P02iSvhmLQwTK4pOV09g,SunKran Travel,geography_logistics|history_civilization|nature_animals,3,3,654922,75412,https://www.youtube.com/channel/UCU7P02iSvhmLQwTK4pOV09g/videos
UCJ5kKhnQUbZmABUeJJvj9aw,FORGOTTEN HISTORY,history_civilization,18,18,653781,115054,https://www.youtube.com/channel/UCJ5kKhnQUbZmABUeJJvj9aw/videos
UCTRgu3iuyGXbhz5kYNjpObw,Get.history,history_civilization,2,2,652141,400934,https://www.youtube.com/channel/UCTRgu3iuyGXbhz5kYNjpObw/videos
UCVnW6nZwKO--v-hj1imiMEQ,CineBuzz,economic_explainers,2,2,648569,466089,https://www.youtube.com/channel/UCVnW6nZwKO--v-hj1imiMEQ/videos
UCijcd0GR0fkxCAZwkiuWqtQ,Free Documentary,everyday_history|science_engineering,2,2,646681,646681,https://www.youtube.com/channel/UCijcd0GR0fkxCAZwkiuWqtQ/videos
UCwe83TityghdeKjX8Sa2sqg,Lotu,everyday_history,1,1,638871,638871,https://www.youtube.com/channel/UCwe83TityghdeKjX8Sa2sqg/videos
UCfYW5GXBXueSO5p9bxD45qg,BBC Global,psychology_society|work_career_education,3,3,634806,440262,https://www.youtube.com/channel/UCfYW5GXBXueSO5p9bxD45qg/videos
UCmYesELO6axBrCuSpf7S9DQ,Mr. Beat,everyday_history,1,1,633206,633206,https://www.youtube.com/channel/UCmYesELO6axBrCuSpf7S9DQ/videos
UCFSrAqP3S72YvPru-Ts9lcg,I Shouldn't Be Alive,nature_animals,2,2,628404,372491,https://www.youtube.com/channel/UCFSrAqP3S72YvPru-Ts9lcg/videos
UCDPnPGxw18XFq8uiJUYiO6w,Tartaria Vault,everyday_history,1,1,624291,624291,https://www.youtube.com/channel/UCDPnPGxw18XFq8uiJUYiO6w/videos
UCokeVZg4VaSLVBDiziJsMDA,Behind Asia,geography_logistics,2,2,623326,447738,https://www.youtube.com/channel/UCokeVZg4VaSLVBDiziJsMDA/videos
UCmAwGVLrHRw4FUmnJmsrGNg,TinyTickles™ Fun Facts,science_engineering,1,1,622927,622927,https://www.youtube.com/channel/UCmAwGVLrHRw4FUmnJmsrGNg/videos
UCmnxIjObfh9mRqHOstKOQWA,WILDLIFE PLANET HINDI,nature_animals|wildlife_documentaries,2,2,619974,619974,https://www.youtube.com/channel/UCmnxIjObfh9mRqHOstKOQWA/videos
UC6JEz6BKg7hX7idKecN7QYA,Jist,business_economics|crime_scams_mystery|economic_explainers|geography_logistics|work_career_education,5,5,619950,619950,https://www.youtube.com/channel/UC6JEz6BKg7hX7idKecN7QYA/videos
UC5HC4XFxoBK20yNiuzstcBA,PBS America,history_civilization|practical_lifestyle,2,2,619282,336704,https://www.youtube.com/channel/UC5HC4XFxoBK20yNiuzstcBA/videos
UCOMQHhKOG9fk4jGYw_uhVhA,Biturbo Media,practical_lifestyle,1,1,618763,618763,https://www.youtube.com/channel/UCOMQHhKOG9fk4jGYw_uhVhA/videos
UCdHqdfzdvT7tbAfeQM1gLnQ,Grant Rudow,crime_scams_mystery|culture_entertainment|economic_explainers,3,3,617148,543040,https://www.youtube.com/channel/UCdHqdfzdvT7tbAfeQM1gLnQ/videos
UC7lArlQ18UhSjXwO--aykhQ,Unraveling the Scriptures,history_civilization,1,1,614533,614533,https://www.youtube.com/channel/UC7lArlQ18UhSjXwO--aykhQ/videos
UC5WE_bClugxSVG1ENir8qzg,hazards and catastrophes,science_engineering,1,1,614302,614302,https://www.youtube.com/channel/UC5WE_bClugxSVG1ENir8qzg/videos
UCDmNmxF3ZVMeGyvWE9tOqPQ,ABC13 Houston,crime_scams_mystery,1,1,613966,613966,https://www.youtube.com/channel/UCDmNmxF3ZVMeGyvWE9tOqPQ/videos
UCUUlw3anBIkbW9W44Y-eURw,Zero1 by Zerodha,practical_lifestyle,1,1,610125,610125,https://www.youtube.com/channel/UCUUlw3anBIkbW9W44Y-eURw/videos
UCEkq_VdPv0JJNQzZzb1bQ2Q,Imtinan Ahmad,nature_animals,1,1,603581,603581,https://www.youtube.com/channel/UCEkq_VdPv0JJNQzZzb1bQ2Q/videos
UCVicnjBHl0RpAbzQisxfkWQ,Nollid,culture_entertainment,2,2,596838,316301,https://www.youtube.com/channel/UCVicnjBHl0RpAbzQisxfkWQ/videos
UCfW7Uk_vJfa2t5IeWikYv6Q,Explained In minutes,economic_explainers,1,1,594802,594802,https://www.youtube.com/channel/UCfW7Uk_vJfa2t5IeWikYv6Q/videos
UCe1Mh6sCPbsIgsgso3QPOow,Actual Space,science_engineering,1,1,592965,592965,https://www.youtube.com/channel/UCe1Mh6sCPbsIgsgso3QPOow/videos
UChS4VG1jXDcxDnUvwcMcxtg,Neu,geography_logistics,1,1,592321,592321,https://www.youtube.com/channel/UChS4VG1jXDcxDnUvwcMcxtg/videos
UCE7qCIhvBXz5W1W_F0WcPgQ,EXPLORE HORIZONS,nature_animals,1,1,589125,589125,https://www.youtube.com/channel/UCE7qCIhvBXz5W1W_F0WcPgQ/videos
UCR_AGAYL6I4wKa4Zih1496g,Flick Movies,nature_animals,1,1,588298,588298,https://www.youtube.com/channel/UCR_AGAYL6I4wKa4Zih1496g/videos
UCYoTbrSPXlwRMh8SEopZ1-g,History on a Fork,everyday_history,1,1,587984,587984,https://www.youtube.com/channel/UCYoTbrSPXlwRMh8SEopZ1-g/videos
UCrFMOgQBOVnbNg3FLEUHUmg,CrimeChron,culture_entertainment,1,1,585979,585979,https://www.youtube.com/channel/UCrFMOgQBOVnbNg3FLEUHUmg/videos
UCBAeFXaLV1ZqKqc-Uf3pKaA,WELT Documentary,technology_ai,1,1,572014,572014,https://www.youtube.com/channel/UCBAeFXaLV1ZqKqc-Uf3pKaA/videos
UCm8YgDXpUL-VR7kZhjHXRDQ,Pexto,culture_entertainment,1,1,569907,569907,https://www.youtube.com/channel/UCm8YgDXpUL-VR7kZhjHXRDQ/videos
UCWJcs8BeWSiHXxjgLKyHwUQ,Scams & Frauds,consumer_systems,1,1,566830,566830,https://www.youtube.com/channel/UCWJcs8BeWSiHXxjgLKyHwUQ/videos
UCrNfRFWnLC3tCy1TnyhVQ7g,Casual Finance,crime_scams_mystery|economic_explainers|technology_ai,4,4,565905,494197,https://www.youtube.com/channel/UCrNfRFWnLC3tCy1TnyhVQ7g/videos
UCwOu8GE6bUcIDfEERFEg8gA,Ittehaaz,history_civilization|history_reconstruction,4,4,562673,460827,https://www.youtube.com/channel/UCwOu8GE6bUcIDfEERFEg8gA/videos
UCb72Gn5LXaLEcsOuPKGfQOg,DW Planet A,technology_ai,1,1,562525,562525,https://www.youtube.com/channel/UCb72Gn5LXaLEcsOuPKGfQOg/videos
UCJSUWVPJJMk7Ky3FpLDtFyQ,Extreme Earth,science_engineering,1,1,560845,560845,https://www.youtube.com/channel/UCJSUWVPJJMk7Ky3FpLDtFyQ/videos
UC7sDT8jZ76VLV1u__krUutA,DUST,speculative_scifi,1,1,557264,557264,https://www.youtube.com/channel/UC7sDT8jZ76VLV1u__krUutA/videos
UCWJVsGYhm7K2SuIx362YziA,zapiwala ai,economic_explainers|history_reconstruction,2,1,554974,492475,https://www.youtube.com/channel/UCWJVsGYhm7K2SuIx362YziA/videos
UCRln3Naeg3t99GwKhWVCtJQ,Old Money Documentaries,history_civilization,1,1,552307,552307,https://www.youtube.com/channel/UCRln3Naeg3t99GwKhWVCtJQ/videos
UCHacVMLp7bHDC7e4eoPi9Dw,Psychology Simplified,psychology_society,1,1,550814,550814,https://www.youtube.com/channel/UCHacVMLp7bHDC7e4eoPi9Dw/videos
UC79m58ZoY79og37BhoP3C-g,Where on Earth,practical_lifestyle,1,1,550760,550760,https://www.youtube.com/channel/UC79m58ZoY79og37BhoP3C-g/videos
UCc9YPr8hcmweqrpQuFUZeiQ,Think Wings,culture_entertainment,1,1,539357,539357,https://www.youtube.com/channel/UCc9YPr8hcmweqrpQuFUZeiQ/videos
UCfYCRj25JJQ41JGPqiqXmJw,Sam Chui,geography_logistics,1,1,533718,533718,https://www.youtube.com/channel/UCfYCRj25JJQ41JGPqiqXmJw/videos
UCdi-rTleLSNBYEVOWuAic5w,Paint Maniac,internet_mysteries,1,1,532832,532832,https://www.youtube.com/channel/UCdi-rTleLSNBYEVOWuAic5w/videos
UCWkHlUiYLeRSIMP8yM7rxxg,PJ Explained,consumer_systems,1,1,528283,528283,https://www.youtube.com/channel/UCWkHlUiYLeRSIMP8yM7rxxg/videos
UCM7I_NC8mIyNLlslSi129ow,You Betcha,work_career_education,1,1,526318,526318,https://www.youtube.com/channel/UCM7I_NC8mIyNLlslSi129ow/videos
UCzXHhxQpFRinC1VYBRQRzSQ,The Overnight Millionaire,internet_mysteries,1,1,522778,522778,https://www.youtube.com/channel/UCzXHhxQpFRinC1VYBRQRzSQ/videos
UCMmaBzfCCwZ2KqaBJjkj0fw,Kings and Generals,history_civilization,2,2,522565,328159,https://www.youtube.com/channel/UCMmaBzfCCwZ2KqaBJjkj0fw/videos
UCT9ehHCu59wpsPyrcKZt72w,True Lives,crime_scams_mystery,1,1,517738,517738,https://www.youtube.com/channel/UCT9ehHCu59wpsPyrcKZt72w/videos
UCPGNioeYrJq4nyAt-DVIHZg,SR PAY STORIES,crime_scams_mystery,1,1,516482,516482,https://www.youtube.com/channel/UCPGNioeYrJq4nyAt-DVIHZg/videos
UCoKOHg2lt4gHxQ7zS3nRZiQ,Lost American History,history_civilization,2,2,514501,340375,https://www.youtube.com/channel/UCoKOHg2lt4gHxQ7zS3nRZiQ/videos
UCFBpVaKCC0ajGps1vf0AgBg,Humphrey Yang,practical_lifestyle,1,1,514309,514309,https://www.youtube.com/channel/UCFBpVaKCC0ajGps1vf0AgBg/videos
UCrAcTVpvymbni9njx3LQbRA,Zoanfly,nature_animals,1,1,512228,512228,https://www.youtube.com/channel/UCrAcTVpvymbni9njx3LQbRA/videos
UCohG8-NtggGKbzx8K7YF1uw,GLOBAL DOCUMENTARY - Discovery Travel,history_reconstruction|practical_lifestyle,2,2,506833,506833,https://www.youtube.com/channel/UCohG8-NtggGKbzx8K7YF1uw/videos
UClJKPpFvz_pZb8zBJorPAkQ,The Movie Echo,crime_scams_mystery|economic_explainers|internet_mysteries,6,6,500941,218881,https://www.youtube.com/channel/UClJKPpFvz_pZb8zBJorPAkQ/videos
UCLdLVA4iiC6x22Rb0_-R0nQ,Explains 101,consumer_systems,2,2,498448,342780,https://www.youtube.com/channel/UCLdLVA4iiC6x22Rb0_-R0nQ/videos
UCGLcx_fFZ3GlLXO5anHSm9w,The Jordan Harbinger Show,psychology_society,1,1,494416,494416,https://www.youtube.com/channel/UCGLcx_fFZ3GlLXO5anHSm9w/videos
UC5r1VYqhmny1nM7w-Sl3wDA,True Sage ,psychology_society,1,1,485773,485773,https://www.youtube.com/channel/UC5r1VYqhmny1nM7w-Sl3wDA/videos
UCYCVm1aN33HYdLs66DHw_ow,Amit Sengupta,geography_logistics,1,0,482535,482535,https://www.youtube.com/channel/UCYCVm1aN33HYdLs66DHw_ow/videos
UCLzrP1E-I3kILtq437gdLpA,Dumanity,work_career_education,1,1,479599,479599,https://www.youtube.com/channel/UCLzrP1E-I3kILtq437gdLpA/videos
UCcyq283he07B7_KUX07mmtA,Business Insider,consumer_systems,1,1,477102,477102,https://www.youtube.com/channel/UCcyq283he07B7_KUX07mmtA/videos
UCYKOf8GU6QyAqAzX2_7M_UQ,FactoPiaX,geography_logistics,1,1,475462,475462,https://www.youtube.com/channel/UCYKOf8GU6QyAqAzX2_7M_UQ/videos
UCyk5za4VgMKDPju64TPOh9g,Fragix,culture_entertainment,1,1,473891,473891,https://www.youtube.com/channel/UCyk5za4VgMKDPju64TPOh9g/videos
UCigUBIf-zt_DA6xyOQtq2WA,ClearValue Tax,work_career_education,1,1,473851,473851,https://www.youtube.com/channel/UCigUBIf-zt_DA6xyOQtq2WA/videos
UCrD9iL5Lkzio-llw6dXDw_w,Unreal True Crime,speculative_scifi,1,1,471560,471560,https://www.youtube.com/channel/UCrD9iL5Lkzio-llw6dXDw_w/videos
UCDKJdFer1phQI95UinPZehw,Turkey Tom,internet_mysteries,1,1,469584,469584,https://www.youtube.com/channel/UCDKJdFer1phQI95UinPZehw/videos
UCZjVE44LOvxPyKA-tymFoyQ,Martik Finance,business_economics,2,2,469452,291936,https://www.youtube.com/channel/UCZjVE44LOvxPyKA-tymFoyQ/videos
UCzuV3Y_9Bhp1nGLgCd3XkNA,Ammarify,culture_entertainment,1,1,464755,464755,https://www.youtube.com/channel/UCzuV3Y_9Bhp1nGLgCd3XkNA/videos
UCxRJFZ_0hr99TFgCe6CXKQA,Ashley Embers,psychology_society,1,1,464487,464487,https://www.youtube.com/channel/UCxRJFZ_0hr99TFgCe6CXKQA/videos
UC-QTh5HFiw28MwFrmFrRjzA,Beginning To Now,history_civilization|history_reconstruction|speculative_scifi,4,4,460942,324488,https://www.youtube.com/channel/UC-QTh5HFiw28MwFrmFrRjzA/videos
UCNvzD7Z-g64bPXxGzaQaa4g,gameranx,culture_entertainment,1,1,452094,452094,https://www.youtube.com/channel/UCNvzD7Z-g64bPXxGzaQaa4g/videos
UC7fWeaHhqgM4Ry-RMpM2YYw,TRT World,internet_mysteries,1,1,447044,447044,https://www.youtube.com/channel/UC7fWeaHhqgM4Ry-RMpM2YYw/videos
UCOAiGW4d1FEVpWdjYWiDtgA,StoryBuzz,crime_scams_mystery|practical_lifestyle,2,2,446558,324839,https://www.youtube.com/channel/UCOAiGW4d1FEVpWdjYWiDtgA/videos
UCG_nvdTLdijiAAuPKxtvBjA,Filmento,technology_ai,1,1,443475,443475,https://www.youtube.com/channel/UCG_nvdTLdijiAAuPKxtvBjA/videos
UCC_S5oOAJp0iaF4fDT3QS0g,verilybitchie,practical_lifestyle,1,1,435989,435989,https://www.youtube.com/channel/UCC_S5oOAJp0iaF4fDT3QS0g/videos
UC45OWitn6BWG20rxLCL109A,Snook,crime_scams_mystery|psychology_society,2,2,433554,299316,https://www.youtube.com/channel/UC45OWitn6BWG20rxLCL109A/videos
UCHgI_MItRWEKLX7lKz7Xn0g,Top 5 Unknowns,internet_mysteries,2,2,432280,236344,https://www.youtube.com/channel/UCHgI_MItRWEKLX7lKz7Xn0g/videos
UCmw5YZZ7qsemNWpP87AGiew,Resurrected History,history_reconstruction,1,1,431979,431979,https://www.youtube.com/channel/UCmw5YZZ7qsemNWpP87AGiew/videos
UCQUnqaW8Q33siyLYhisN7HQ,Antidote,economic_explainers,1,1,430672,430672,https://www.youtube.com/channel/UCQUnqaW8Q33siyLYhisN7HQ/videos
UCPTDdIFlaBrHdCEerIjdXKw,Khalan Studio,speculative_scifi|work_career_education,3,3,430048,429970,https://www.youtube.com/channel/UCPTDdIFlaBrHdCEerIjdXKw/videos
UCiBGqUxeTe4AYQyRseSZaKw,MonkeyExplains,business_economics|technology_ai,2,2,428949,319238,https://www.youtube.com/channel/UCiBGqUxeTe4AYQyRseSZaKw/videos
UCSAKn7R948auGKixely8yLg,Master POV,culture_entertainment,1,1,423903,423903,https://www.youtube.com/channel/UCSAKn7R948auGKixely8yLg/videos
UC3ndYILeJQHyYENS-si226A,NatureVista - English,wildlife_documentaries,1,1,423891,423891,https://www.youtube.com/channel/UC3ndYILeJQHyYENS-si226A/videos
UCEk2QG770jl3B1tkyi6cyXA,Seriesly,consumer_systems,1,1,421763,421763,https://www.youtube.com/channel/UCEk2QG770jl3B1tkyi6cyXA/videos
UCWqJpFqlX59OML324QIByZA,List 25,science_engineering,1,1,417482,417482,https://www.youtube.com/channel/UCWqJpFqlX59OML324QIByZA/videos
UCgMJGv4cQl8-q71AyFeFmtg,ScreenCrush,consumer_systems,2,2,415854,304985,https://www.youtube.com/channel/UCgMJGv4cQl8-q71AyFeFmtg/videos
UCOt1w2WtK3pclatuiNSsxRA,MocoWAVE,culture_entertainment,1,1,411657,411657,https://www.youtube.com/channel/UCOt1w2WtK3pclatuiNSsxRA/videos
UCUFoQUaVRt3MVFxqwPUMLCQ,StudioBinder,culture_entertainment,1,1,409143,409143,https://www.youtube.com/channel/UCUFoQUaVRt3MVFxqwPUMLCQ/videos
UCpr1JAIc49gu9-FAlO4uAKw,timewarp cities,everyday_history|history_civilization|history_reconstruction,6,6,407491,407491,https://www.youtube.com/channel/UCpr1JAIc49gu9-FAlO4uAKw/videos
UCMlLzlRwL4WWDTaTfna6Zlw,JarToon,crime_scams_mystery,1,1,403399,403399,https://www.youtube.com/channel/UCMlLzlRwL4WWDTaTfna6Zlw/videos
UChmoPM7OLXzVYTGGhf_ZRDw,Allied Bank,science_engineering,1,0,388958,388958,https://www.youtube.com/channel/UChmoPM7OLXzVYTGGhf_ZRDw/videos
UCG7_kGJaHmWqSRIAgLDjBFA,Real Estate The Ramsey Way,practical_lifestyle,1,1,387465,387465,https://www.youtube.com/channel/UCG7_kGJaHmWqSRIAgLDjBFA/videos
UCeUD9-4tOwIhA3gUsCxb7vA,All i need is 20 minutes,business_economics,1,1,386508,386508,https://www.youtube.com/channel/UCeUD9-4tOwIhA3gUsCxb7vA/videos
UCutgizyE1iDZBZQFqte_jHA,Razzu Bolta hai,nature_animals,1,1,386121,386121,https://www.youtube.com/channel/UCutgizyE1iDZBZQFqte_jHA/videos
UCJ5gGCjn6ItdPQF0ZO9YROA,"Leo Cui, Ph.D., CFA ",technology_ai,1,1,376882,376882,https://www.youtube.com/channel/UCJ5gGCjn6ItdPQF0ZO9YROA/videos
UCLZyEY5Yj9S3EoxWKiSSh4w,Quera Official,science_engineering,1,1,374122,374122,https://www.youtube.com/channel/UCLZyEY5Yj9S3EoxWKiSSh4w/videos
UCY6VZZo9MZCyIIozTs0khNA,"easy, actually",business_economics,1,1,371915,371915,https://www.youtube.com/channel/UCY6VZZo9MZCyIIozTs0khNA/videos
UCeRxxz9ByOqdd8A-0iF_Idg,Mayday: Air Disaster,business_economics|geography_logistics,2,2,370242,189143,https://www.youtube.com/channel/UCeRxxz9ByOqdd8A-0iF_Idg/videos
UCxr2d4As312LulcajAkKJYw,Townsends,everyday_history,1,1,364130,364130,https://www.youtube.com/channel/UCxr2d4As312LulcajAkKJYw/videos
UCvqttS8EzhRq2YWg03qKRCQ,Sanjay Kathuria ,practical_lifestyle,1,1,361875,361875,https://www.youtube.com/channel/UCvqttS8EzhRq2YWg03qKRCQ/videos
UCTiL1q9YbrVam5nP2xzFTWQ,SpaceWeatherNews (S0),science_engineering,1,1,361301,361301,https://www.youtube.com/channel/UCTiL1q9YbrVam5nP2xzFTWQ/videos
UCO-K4Bggr246g8Yudin0_7Q,Claw Wildlife ,nature_animals|wildlife_documentaries,4,4,361034,196326,https://www.youtube.com/channel/UCO-K4Bggr246g8Yudin0_7Q/videos
UCGBqkakG1XpPyrY1deesPBw,The Flo Factory,speculative_scifi,1,1,357310,357310,https://www.youtube.com/channel/UCGBqkakG1XpPyrY1deesPBw/videos
UChnCR1RlPBGdycrJiVgQZ4g,Strange Space,science_engineering,1,1,357227,357227,https://www.youtube.com/channel/UChnCR1RlPBGdycrJiVgQZ4g/videos
UCkuaNzAsSERRH5ecamFnf1g,Relationship Decode,psychology_society,1,1,354080,354080,https://www.youtube.com/channel/UCkuaNzAsSERRH5ecamFnf1g/videos
UCIczOFxwgv27AlTkZZMj8yw,Unexplained Mysteries,crime_scams_mystery,4,4,350944,37010,https://www.youtube.com/channel/UCIczOFxwgv27AlTkZZMj8yw/videos
UCDy5K4UNhE3l9-3mu9V-d3A,How People Make Money,business_economics|economic_explainers|work_career_education,3,3,350343,350343,https://www.youtube.com/channel/UCDy5K4UNhE3l9-3mu9V-d3A/videos
UCYAm24PkejQR2xMgJgn7xwg,Stewart Hicks,everyday_history,1,1,350255,350255,https://www.youtube.com/channel/UCYAm24PkejQR2xMgJgn7xwg/videos
UC-rCCy3FQ-GItDimSR9lhzw,Future of Life Institute,work_career_education,2,2,346312,284547,https://www.youtube.com/channel/UC-rCCy3FQ-GItDimSR9lhzw/videos
UCxsYJ_S4jVayHx828AtQjig,Nathan Laundry,psychology_society,1,1,343560,343560,https://www.youtube.com/channel/UCxsYJ_S4jVayHx828AtQjig/videos
UC_iEmYXdZJvjxdUMehwSXqw,Asian Dad Energy,work_career_education,1,1,343383,343383,https://www.youtube.com/channel/UC_iEmYXdZJvjxdUMehwSXqw/videos
UCgmppnfPK_SOkjDRqbgxu8Q,Filmity ,crime_scams_mystery,1,1,339971,339971,https://www.youtube.com/channel/UCgmppnfPK_SOkjDRqbgxu8Q/videos
UCFkWwLHM-uqjccOv6oCv14g,The Secret,practical_lifestyle,1,1,333922,333922,https://www.youtube.com/channel/UCFkWwLHM-uqjccOv6oCv14g/videos
UCQmSfO8cYdSV2Mu3gW4bpAw,Ancestors Civilization,history_reconstruction,2,2,333688,167992,https://www.youtube.com/channel/UCQmSfO8cYdSV2Mu3gW4bpAw/videos
UCUMccND2H_CVS0dMZKCPCXA,FinnovationZ by Prasad,economic_explainers,1,1,326024,326024,https://www.youtube.com/channel/UCUMccND2H_CVS0dMZKCPCXA/videos
UCJ3nrau9ioTz--nL-rdLWew,IP Bangla,internet_mysteries,1,1,324375,324375,https://www.youtube.com/channel/UCJ3nrau9ioTz--nL-rdLWew/videos
UCrC8mOqJQpoB7NuIMKIS6rQ,StudyIQ IAS,geography_logistics,1,1,318600,318600,https://www.youtube.com/channel/UCrC8mOqJQpoB7NuIMKIS6rQ/videos
UCiq1FIgtEK7LRAOB1JXTPig,Silicon Valley Girl,work_career_education,1,1,318518,318518,https://www.youtube.com/channel/UCiq1FIgtEK7LRAOB1JXTPig/videos
UCbAlVnKhbGLK78GsSemQXxw,Top Fives,science_engineering,1,1,316618,316618,https://www.youtube.com/channel/UCbAlVnKhbGLK78GsSemQXxw/videos
UCK-0srt5hdY5m6Zos_NlJZg,The Secrets of the Universe,science_engineering,1,1,314054,314054,https://www.youtube.com/channel/UCK-0srt5hdY5m6Zos_NlJZg/videos
UCkr56dbz1QIuobBPqKSROPw,History & Civilizations,culture_entertainment|everyday_history,2,2,311816,311816,https://www.youtube.com/channel/UCkr56dbz1QIuobBPqKSROPw/videos
UCKWaEZ-_VweaEx1j62do_vQ,IBM Technology,technology_ai,1,1,311792,311792,https://www.youtube.com/channel/UCKWaEZ-_VweaEx1j62do_vQ/videos
UCuJxFxVuj4s_MmupOMmDqCQ,Weirdward Bound,everyday_history,3,3,311574,40761,https://www.youtube.com/channel/UCuJxFxVuj4s_MmupOMmDqCQ/videos
UC32XD2TGOG0He0Ikxc7it4Q,Kaushik Bhattacharjee,economic_explainers|technology_ai,2,2,309626,309626,https://www.youtube.com/channel/UC32XD2TGOG0He0Ikxc7it4Q/videos
UCUTF61UNExRdjmoK5mXwWfQ,AI Uncovered,technology_ai,1,1,307352,307352,https://www.youtube.com/channel/UCUTF61UNExRdjmoK5mXwWfQ/videos
UCupvZG-5ko_eiXAupbDfxWw,CNN,practical_lifestyle,1,1,307301,307301,https://www.youtube.com/channel/UCupvZG-5ko_eiXAupbDfxWw/videos
UC99tXyh_OHorW4DafgVc3pQ,Animata Historia,everyday_history|history_reconstruction,4,4,301562,263233,https://www.youtube.com/channel/UC99tXyh_OHorW4DafgVc3pQ/videos
UC6b4NXX4ppECUzdvTsX9Dtw,ancient editions,history_reconstruction,2,2,299637,222452,https://www.youtube.com/channel/UC6b4NXX4ppECUzdvTsX9Dtw/videos
UCA6oXQTT_mtCj32dZDdoL6w,Basic Logic,psychology_society,1,0,299030,299030,https://www.youtube.com/channel/UCA6oXQTT_mtCj32dZDdoL6w/videos
UCjwTasXewi5CRFi564vrf0g,Its Rascal,culture_entertainment,1,1,297088,297088,https://www.youtube.com/channel/UCjwTasXewi5CRFi564vrf0g/videos
UCknLrEdhRCp1aegoMqRaCZg,DW News,economic_explainers|technology_ai,2,2,295651,295651,https://www.youtube.com/channel/UCknLrEdhRCp1aegoMqRaCZg/videos
UC6LYB8YhQKo2H6EK3q6U6kw,Bedtime & Historian ,everyday_history|history_civilization,4,4,289976,79009,https://www.youtube.com/channel/UC6LYB8YhQKo2H6EK3q6U6kw/videos
UCvBy3qcISSOcrbqPhqmG4Xw,Damon Cassidy,work_career_education,1,1,289867,289867,https://www.youtube.com/channel/UCvBy3qcISSOcrbqPhqmG4Xw/videos
UC5rP-wFWe80lXN0unKDoulg,Living Simply Australia,everyday_history,1,1,288001,288001,https://www.youtube.com/channel/UC5rP-wFWe80lXN0unKDoulg/videos
UCHs3bWyXIw_6J0ORvg97b2w,Live Hindi,business_economics,1,1,286162,286162,https://www.youtube.com/channel/UCHs3bWyXIw_6J0ORvg97b2w/videos
UCv1Ofp6-yhh98BzGpbAWbag,The Painful Explainer,history_civilization,1,1,282838,282838,https://www.youtube.com/channel/UCv1Ofp6-yhh98BzGpbAWbag/videos
UCUciwZ0NoHPr8TK5HHqVxRw,Arcana Travel,nature_animals,1,1,281762,281762,https://www.youtube.com/channel/UCUciwZ0NoHPr8TK5HHqVxRw/videos
UCjBAg-qMsuVtTUOodRu-7Pw,Dareecha,history_civilization,1,1,278834,278834,https://www.youtube.com/channel/UCjBAg-qMsuVtTUOodRu-7Pw/videos
UCvqoIO_6h6xmlSrFOxFNSjA,Prophecy & Stone,history_civilization,1,1,278210,278210,https://www.youtube.com/channel/UCvqoIO_6h6xmlSrFOxFNSjA/videos
UCvaUiQa0X5RxzBiD-fK-oeg,BizLens,economic_explainers,1,0,277807,277807,https://www.youtube.com/channel/UCvaUiQa0X5RxzBiD-fK-oeg/videos
UCA1zVt6y6hidCOBUrn1si8Q,FD Finance,culture_entertainment|economic_explainers|geography_logistics,3,3,276085,145578,https://www.youtube.com/channel/UCA1zVt6y6hidCOBUrn1si8Q/videos
UCJVXj8BvHykEklEeKjFwaXQ,Micro,geography_logistics,1,1,275632,275632,https://www.youtube.com/channel/UCJVXj8BvHykEklEeKjFwaXQ/videos
UCx8Z14PpntdaxCt2hakbQLQ,The Lallantop,work_career_education,1,1,275630,275630,https://www.youtube.com/channel/UCx8Z14PpntdaxCt2hakbQLQ/videos
UCppyAe3EEAGcGknEr4C4H-A,Beyond The Rings,speculative_scifi,1,1,275528,275528,https://www.youtube.com/channel/UCppyAe3EEAGcGknEr4C4H-A/videos
UCeSv-5lk1uqGyO9zpNYMvrA,Mil Gear Explainer,practical_lifestyle,1,1,275525,275525,https://www.youtube.com/channel/UCeSv-5lk1uqGyO9zpNYMvrA/videos
UC4mnn6lTCmhk08BqfHae0yA,Herald of Ages,history_civilization,1,1,271653,271653,https://www.youtube.com/channel/UC4mnn6lTCmhk08BqfHae0yA/videos
UCdwrzLH6HnkyWSCcY_d4eXA,Found In Africa,culture_entertainment,1,1,268121,268121,https://www.youtube.com/channel/UCdwrzLH6HnkyWSCcY_d4eXA/videos
UCZRoNJu1OszFqABP8AuJIuw,Logically Answered,work_career_education,1,1,267755,267755,https://www.youtube.com/channel/UCZRoNJu1OszFqABP8AuJIuw/videos
UCo7FvfMJeTRhO-d7xT8IZlg,Casual Economics,business_economics|economic_explainers,3,3,267032,266988,https://www.youtube.com/channel/UCo7FvfMJeTRhO-d7xT8IZlg/videos
UC16niRr50-MSBwiO3YDb3RA,BBC News,work_career_education,2,2,266310,140793,https://www.youtube.com/channel/UC16niRr50-MSBwiO3YDb3RA/videos
UC3M939zbt4VwZrqN4oM-Kdw,Jack’s Dossier,history_civilization,1,1,264834,264834,https://www.youtube.com/channel/UC3M939zbt4VwZrqN4oM-Kdw/videos
UCuu8TaJ-CPGV0_dJ-7OEY3A,Jeff Gao,psychology_society,1,1,264531,264531,https://www.youtube.com/channel/UCuu8TaJ-CPGV0_dJ-7OEY3A/videos
UCFqYcXDkv9inrIsALD00SQA,Movie Gyan,economic_explainers,1,1,261442,261442,https://www.youtube.com/channel/UCFqYcXDkv9inrIsALD00SQA/videos
UC2Kyj04yISmHr1V-UlJz4eg,Jared Henderson,psychology_society,1,1,260635,260635,https://www.youtube.com/channel/UC2Kyj04yISmHr1V-UlJz4eg/videos
UCgbzclo4Mfy_D68w_Bm_xHg,Tried&Refused Productions.,culture_entertainment,1,1,260589,260589,https://www.youtube.com/channel/UCgbzclo4Mfy_D68w_Bm_xHg/videos
UCSWj8mqQCcrcBlXPi4ThRDQ,KodeKloud,practical_lifestyle,1,1,249872,249872,https://www.youtube.com/channel/UCSWj8mqQCcrcBlXPi4ThRDQ/videos
UCKFjNynYRgDfnSIXzELPqTA,Free Documentary - Engineering,geography_logistics|science_engineering,3,3,247804,170935,https://www.youtube.com/channel/UCKFjNynYRgDfnSIXzELPqTA/videos
UC5zrlRzhT_cFI9zT6uQSijg,American Experience | PBS,history_civilization,1,1,246666,246666,https://www.youtube.com/channel/UC5zrlRzhT_cFI9zT6uQSijg/videos
UCvISE7GgoP8-x5WZzECSwvw,Josh Brett,consumer_systems,1,1,242349,242349,https://www.youtube.com/channel/UCvISE7GgoP8-x5WZzECSwvw/videos
UCca-WkVPVe9nzs2iFct4wxg,Nicole Rudolph,everyday_history,1,1,236612,236612,https://www.youtube.com/channel/UCca-WkVPVe9nzs2iFct4wxg/videos
UCp9eTbnNSBFIFEdCSmPTrtw,The Escalist,history_civilization,2,2,236577,122788,https://www.youtube.com/channel/UCp9eTbnNSBFIFEdCSmPTrtw/videos
UCjIjoDsnz_ygrp2UhiBDZEw,Oldies Radio Station,internet_mysteries,1,1,234976,234976,https://www.youtube.com/channel/UCjIjoDsnz_ygrp2UhiBDZEw/videos
UCxsXn1oYJcddzSJ83NIZTPw,Human Survival Files ,nature_animals,1,1,234882,234882,https://www.youtube.com/channel/UCxsXn1oYJcddzSJ83NIZTPw/videos
UChkMsCs5UKGsPZpIUQswiIw,Audio Books Arc,psychology_society,2,2,234863,180002,https://www.youtube.com/channel/UChkMsCs5UKGsPZpIUQswiIw/videos
UC0L1suV8pVgO4pCAIBNGx5w,60 Minutes Australia,technology_ai,1,1,233584,233584,https://www.youtube.com/channel/UC0L1suV8pVgO4pCAIBNGx5w/videos
UCywCTTyUWYsLo2-87I6XgkQ,The Net Explainer,internet_mysteries,1,1,232696,232696,https://www.youtube.com/channel/UCywCTTyUWYsLo2-87I6XgkQ/videos
UC2U4oSgmwIsAQ8iwL5vVolQ,Wild America,everyday_history,1,1,229962,229962,https://www.youtube.com/channel/UC2U4oSgmwIsAQ8iwL5vVolQ/videos
UC9DFnmy6eL-EtW9AYodrF9g,Maniax Edits,consumer_systems,1,1,229703,229703,https://www.youtube.com/channel/UC9DFnmy6eL-EtW9AYodrF9g/videos
UCgw-ToxY5DEI1jjGuUYthrQ,ImranX ,history_reconstruction,2,2,229536,132525,https://www.youtube.com/channel/UCgw-ToxY5DEI1jjGuUYthrQ/videos
UCBr2W3nb0jPSnommNbbpMAw,Economics Help,economic_explainers,1,1,229209,229209,https://www.youtube.com/channel/UCBr2W3nb0jPSnommNbbpMAw/videos
UCSMqateX8OA2s1wsOR2EgJA,TLDR News,work_career_education,1,1,227214,227214,https://www.youtube.com/channel/UCSMqateX8OA2s1wsOR2EgJA/videos
UCSmi9AQVgpfy-iP8omwd7vA,Ultimate Nature Documentaries,wildlife_documentaries,2,2,227200,113721,https://www.youtube.com/channel/UCSmi9AQVgpfy-iP8omwd7vA/videos
UCYoUuK_uXILQmvip-6jDZ-A,Vaibhav Kadnar,business_economics,1,1,226473,226473,https://www.youtube.com/channel/UCYoUuK_uXILQmvip-6jDZ-A/videos
UCIaH-gZIVC432YRjNVvnyCA,Chris Williamson,psychology_society,1,1,226031,226031,https://www.youtube.com/channel/UCIaH-gZIVC432YRjNVvnyCA/videos
UC3nPaf5MeeDTHA2JN7clidg,Bellular News,culture_entertainment,1,1,225775,225775,https://www.youtube.com/channel/UC3nPaf5MeeDTHA2JN7clidg/videos
UCK8a56y4aVNhlpsJ1f3ZA4Q,Tomorrows Filmmakers,history_civilization,1,1,224769,224769,https://www.youtube.com/channel/UCK8a56y4aVNhlpsJ1f3ZA4Q/videos
UCf3dc-Y3k5vBTCVpPCAfG6g,Tube Sensei,history_reconstruction,1,1,222549,222549,https://www.youtube.com/channel/UCf3dc-Y3k5vBTCVpPCAfG6g/videos
UCpkcfCp362efwIYjFXQxSqA,The World History Channel,history_civilization,1,1,219098,219098,https://www.youtube.com/channel/UCpkcfCp362efwIYjFXQxSqA/videos
UCmJf6_W7W-Q7rTd5skVEgqA,NORTH 02,history_civilization,1,1,219067,219067,https://www.youtube.com/channel/UCmJf6_W7W-Q7rTd5skVEgqA/videos
UCGBO6EahCqQSyXIws1MQdDg,Future Business Tech,speculative_scifi,2,2,218694,115940,https://www.youtube.com/channel/UCGBO6EahCqQSyXIws1MQdDg/videos
UCMlyxcyZvxs7UzvbUEQJehA,Fewne,economic_explainers,1,1,218639,218639,https://www.youtube.com/channel/UCMlyxcyZvxs7UzvbUEQJehA/videos
UCXnIVQMg0g-zQOHL5es49hg,BBTV Official,nature_animals,1,1,214362,214362,https://www.youtube.com/channel/UCXnIVQMg0g-zQOHL5es49hg/videos
UCkBS_xU1WQ7FVsDoQ_OPeDg,CBS Chicago,everyday_history,1,0,213936,213936,https://www.youtube.com/channel/UCkBS_xU1WQ7FVsDoQ_OPeDg/videos
UC7lSvMZ4xHbj_P_sUpoFxmg,History Unwalled,history_reconstruction,1,1,212408,212408,https://www.youtube.com/channel/UC7lSvMZ4xHbj_P_sUpoFxmg/videos
UCuw0GgMlZlAsWvpI8PgCN8g,ENDEVR,geography_logistics|technology_ai,2,2,210906,154234,https://www.youtube.com/channel/UCuw0GgMlZlAsWvpI8PgCN8g/videos
UCGl1eAqqgdxzUIfy-KuQC0w,Gon Gon Edu,science_engineering,1,0,210590,210590,https://www.youtube.com/channel/UCGl1eAqqgdxzUIfy-KuQC0w/videos
UCbCb9tjw70AYM4Xp8eEzQWw,WUFO Earth,speculative_scifi,1,1,209930,209930,https://www.youtube.com/channel/UCbCb9tjw70AYM4Xp8eEzQWw/videos
UCmLQqA5g62GIfQa9oME05wQ,Origins Explained,history_civilization,5,5,209263,100802,https://www.youtube.com/channel/UCmLQqA5g62GIfQa9oME05wQ/videos
UCb3cDvWiHwRzQaK81PrISbg,Leeja Miller,crime_scams_mystery,1,1,208991,208991,https://www.youtube.com/channel/UCb3cDvWiHwRzQaK81PrISbg/videos
UCQOffjT8orWTs2YxJHIOlYA,Build Inc.,culture_entertainment,1,1,208152,208152,https://www.youtube.com/channel/UCQOffjT8orWTs2YxJHIOlYA/videos
UCpODODIiPAoMCiwECBPnOWQ,Native Journals,everyday_history,1,1,207957,207957,https://www.youtube.com/channel/UCpODODIiPAoMCiwECBPnOWQ/videos
UCUrvQ_4fw01WfWWK-E2KLlA,MODTRICCA,internet_mysteries,1,1,204166,204166,https://www.youtube.com/channel/UCUrvQ_4fw01WfWWK-E2KLlA/videos
UCohgJ1UZcLte8e4TMqm8Abg,Filmaya Pro,crime_scams_mystery,3,3,203163,181037,https://www.youtube.com/channel/UCohgJ1UZcLte8e4TMqm8Abg/videos
UCW-B3YqxljqVGYChJS0FjxQ,The Invisible Hand,economic_explainers,1,1,200588,200588,https://www.youtube.com/channel/UCW-B3YqxljqVGYChJS0FjxQ/videos
UCeY0bbntWzzVIaj2z3QigXg,NBC News,economic_explainers|psychology_society|work_career_education,3,0,200504,200504,https://www.youtube.com/channel/UCeY0bbntWzzVIaj2z3QigXg/videos
UClVmPVF1AxBkx-hcA371RoQ,Wrongly Assumed,history_civilization,1,1,200200,200200,https://www.youtube.com/channel/UClVmPVF1AxBkx-hcA371RoQ/videos
UC2P3DcO7iO3hDWDBI3NU8aA,History Uncovered,history_civilization,1,0,198574,198574,https://www.youtube.com/channel/UC2P3DcO7iO3hDWDBI3NU8aA/videos
UCytiKJcsuKFARvAeUABvRBA,HinExp,technology_ai,1,1,197716,197716,https://www.youtube.com/channel/UCytiKJcsuKFARvAeUABvRBA/videos
UCpgh3p0dfB73tftHU64PYJA,Mackard,work_career_education,1,1,197682,197682,https://www.youtube.com/channel/UCpgh3p0dfB73tftHU64PYJA/videos
UCXirHhcCTfZediXFsjTrMuw,Magical Manhwa Recaps,consumer_systems,1,1,196072,196072,https://www.youtube.com/channel/UCXirHhcCTfZediXFsjTrMuw/videos
UCYatHuZUhLwuj-3OLKYj6zg,DADA TuhiRam ,economic_explainers,1,1,195702,195702,https://www.youtube.com/channel/UCYatHuZUhLwuj-3OLKYj6zg/videos
UCkovl5nTg7aSUCmAfwniYGg,South African Music Culture,culture_entertainment,1,1,193504,193504,https://www.youtube.com/channel/UCkovl5nTg7aSUCmAfwniYGg/videos
UCEHYEnOkKZJgxcGhPQvFF_Q,Robbers IQ,history_civilization,1,1,193030,193030,https://www.youtube.com/channel/UCEHYEnOkKZJgxcGhPQvFF_Q/videos
UCiK32DVMZfE_MMirv6CXpQw,Echoes of History,history_civilization,1,0,192401,192401,https://www.youtube.com/channel/UCiK32DVMZfE_MMirv6CXpQw/videos
UCAuUUnT6oDeKwE6v1NGQxug,TED,economic_explainers|technology_ai|work_career_education,3,3,192275,192275,https://www.youtube.com/channel/UCAuUUnT6oDeKwE6v1NGQxug/videos
UCkK8gZ4GtSa3JjbNabJci3Q,Creative Mind new journey,practical_lifestyle,1,1,191417,191417,https://www.youtube.com/channel/UCkK8gZ4GtSa3JjbNabJci3Q/videos
UC1j-H0IWdm0vSeP6qtyGVLw,Quest Means Business,work_career_education,1,0,191127,191127,https://www.youtube.com/channel/UC1j-H0IWdm0vSeP6qtyGVLw/videos
UCfCAy6CkaliVqbwqKT2VSYw,SUCCESS CHASERS,psychology_society,1,1,190301,190301,https://www.youtube.com/channel/UCfCAy6CkaliVqbwqKT2VSYw/videos
UC7bxFmhgSQe4aMAwIw-lzsQ,mattyballz,culture_entertainment,1,1,188873,188873,https://www.youtube.com/channel/UC7bxFmhgSQe4aMAwIw-lzsQ/videos
UC3hQxO2yb4TjIar90ccXjfQ,The Ultimate Discovery,geography_logistics,1,1,187991,187991,https://www.youtube.com/channel/UC3hQxO2yb4TjIar90ccXjfQ/videos
UCLn2w1ezRJiywUlu55oCzMA,Eric Demeusy,culture_entertainment,1,1,187690,187690,https://www.youtube.com/channel/UCLn2w1ezRJiywUlu55oCzMA/videos
UCAKPIc6R4Z0AyIAFaTACCjA,Old Line Power,everyday_history|history_civilization,2,2,187383,187383,https://www.youtube.com/channel/UCAKPIc6R4Z0AyIAFaTACCjA/videos
UCz8QaiQxApLq8sLNcszYyJw,Firstpost,technology_ai|work_career_education,2,2,184579,97220,https://www.youtube.com/channel/UCz8QaiQxApLq8sLNcszYyJw/videos
UCuJBQl-_LZcFepZ_SFyhXbA,Back to Yesterday,everyday_history,2,2,184397,96557,https://www.youtube.com/channel/UCuJBQl-_LZcFepZ_SFyhXbA/videos
UCmmPgObSUPw1HL2lq6H4ffA,Geography Now,geography_logistics,1,1,183836,183836,https://www.youtube.com/channel/UCmmPgObSUPw1HL2lq6H4ffA/videos
UCGmbysJQhLK663YVGnjZLmA,Dead Curious ,crime_scams_mystery,1,1,183790,183790,https://www.youtube.com/channel/UCGmbysJQhLK663YVGnjZLmA/videos
UCMVhLAn7fXvYKlwM0ytKNmQ,Vincent Perez  Films,speculative_scifi,1,1,183467,183467,https://www.youtube.com/channel/UCMVhLAn7fXvYKlwM0ytKNmQ/videos
UCWXYDYv5STLk-zoxMP2I1Lw,Dan Koe,work_career_education,1,1,182970,182970,https://www.youtube.com/channel/UCWXYDYv5STLk-zoxMP2I1Lw/videos
UCSnjjOi6ThcHQy8gvJIimgA,Terminato,consumer_systems,2,1,182852,99097,https://www.youtube.com/channel/UCSnjjOi6ThcHQy8gvJIimgA/videos
UCrkjX-SG6vQExRPCi1Tf30g,Glore,geography_logistics,1,1,181513,181513,https://www.youtube.com/channel/UCrkjX-SG6vQExRPCi1Tf30g/videos
UCK42b7JgorTQQGSWkE-fqYQ,More Sam Shamoun,consumer_systems,1,1,180616,180616,https://www.youtube.com/channel/UCK42b7JgorTQQGSWkE-fqYQ/videos
UCgNg3vwj3xt7QOrcIDaHdFg,PolyMatter,work_career_education,1,1,179396,179396,https://www.youtube.com/channel/UCgNg3vwj3xt7QOrcIDaHdFg/videos
UCIALMKvObZNtJ6AmdCLP7Lg,Bloomberg Television,culture_entertainment,1,1,178155,178155,https://www.youtube.com/channel/UCIALMKvObZNtJ6AmdCLP7Lg/videos
UC9ZBqKzvc6heH9Tui25fP0w,Biome Science,wildlife_documentaries,1,1,177561,177561,https://www.youtube.com/channel/UC9ZBqKzvc6heH9Tui25fP0w/videos
UCyr06aC8BDlJ6dObel52XJw,Machine Eye,geography_logistics,2,2,175089,118339,https://www.youtube.com/channel/UCyr06aC8BDlJ6dObel52XJw/videos
UCx3jhoCjNpOuYYQ9yDVx6CQ,Rajnikant Sharma,business_economics|economic_explainers,3,3,173306,160950,https://www.youtube.com/channel/UCx3jhoCjNpOuYYQ9yDVx6CQ/videos
UCVeuau7DLrg7zlAjxxDbdww,HubSpot Marketing,psychology_society,1,1,170990,170990,https://www.youtube.com/channel/UCVeuau7DLrg7zlAjxxDbdww/videos
UCSaosepXoz855RLvlrbjyyQ,8K ProRes ULTRA HD,speculative_scifi,1,1,170966,170966,https://www.youtube.com/channel/UCSaosepXoz855RLvlrbjyyQ/videos
UCkoKI2T_WmQNVWQFCbjFGJQ,History Reconstruction,everyday_history|history_reconstruction,5,5,169426,142165,https://www.youtube.com/channel/UCkoKI2T_WmQNVWQFCbjFGJQ/videos
UCO_biEUmMGgKOYvTUfCu4Dw,Geography Explainer,geography_logistics,1,1,167209,167209,https://www.youtube.com/channel/UCO_biEUmMGgKOYvTUfCu4Dw/videos
UCcSC_VPnipXJeqPUc2oZtrw,Relax History AI,history_reconstruction,5,5,166708,19007,https://www.youtube.com/channel/UCcSC_VPnipXJeqPUc2oZtrw/videos
UCdNfjLbN22bM7-tMBQYZ2Nw,marcelomontalvao,culture_entertainment,1,1,166516,166516,https://www.youtube.com/channel/UCdNfjLbN22bM7-tMBQYZ2Nw/videos
UCnnxJMmo7WGU8i1WMTnwUXw,Privileged Few,work_career_education,1,1,163759,163759,https://www.youtube.com/channel/UCnnxJMmo7WGU8i1WMTnwUXw/videos
UC4JX40jDee_tINbkjycV4Sg,Tech With Tim,work_career_education,1,1,163545,163545,https://www.youtube.com/channel/UC4JX40jDee_tINbkjycV4Sg/videos
UCctXZhXmG-kf3tlIXgVZUlw,GaryVee,psychology_society,1,1,162816,162816,https://www.youtube.com/channel/UCctXZhXmG-kf3tlIXgVZUlw/videos
UCUGwVgtUewevtLvu7NaxVrw,Dr. Roy Casagranda,psychology_society,1,1,162565,162565,https://www.youtube.com/channel/UCUGwVgtUewevtLvu7NaxVrw/videos
UCMhfTJxvzp70aOMUMORgsBw,Edwards Economics,consumer_systems,2,2,162216,114800,https://www.youtube.com/channel/UCMhfTJxvzp70aOMUMORgsBw/videos
UCZ-H-n8fa7NqReTRKe7ByEg,Wealth Logic ,practical_lifestyle,1,1,161539,161539,https://www.youtube.com/channel/UCZ-H-n8fa7NqReTRKe7ByEg/videos
UCMoN2Dm3XlzmXSbLmIjBxCg,Heavymatic,business_economics,1,1,159855,159855,https://www.youtube.com/channel/UCMoN2Dm3XlzmXSbLmIjBxCg/videos
UCn1OFheD7YAAPAorJs0XOHg,Kids Learn World,science_engineering,1,0,159512,159512,https://www.youtube.com/channel/UCn1OFheD7YAAPAorJs0XOHg/videos
UChnIpd1Yj_8eaJ2IRAH-Fpw,The America We Remember,everyday_history,2,2,159398,90121,https://www.youtube.com/channel/UChnIpd1Yj_8eaJ2IRAH-Fpw/videos
UCo5yk-Nj_bW4Svx-kodIybw,History Revived,history_reconstruction,1,1,158530,158530,https://www.youtube.com/channel/UCo5yk-Nj_bW4Svx-kodIybw/videos
UCTH9zV8Imw09J5bOoTR18_A,Senator Elizabeth Warren,work_career_education,1,0,156978,156978,https://www.youtube.com/channel/UCTH9zV8Imw09J5bOoTR18_A/videos
UC-uhvujip5deVcEtLxnW8qg,TLDR News Global,economic_explainers,1,1,156102,156102,https://www.youtube.com/channel/UC-uhvujip5deVcEtLxnW8qg/videos
UCn8zNIfYAQNdrFRrr8oibKw,VICE,crime_scams_mystery,1,1,155173,155173,https://www.youtube.com/channel/UCn8zNIfYAQNdrFRrr8oibKw/videos
UCtxT50MzIRx0H2qdQYRoQeg,Movies Insight Hindi,practical_lifestyle,1,1,152701,152701,https://www.youtube.com/channel/UCtxT50MzIRx0H2qdQYRoQeg/videos
UCJHiG7fRmk8Gdxy6numisMA,Ancient Streets,history_reconstruction,4,4,150926,37123,https://www.youtube.com/channel/UCJHiG7fRmk8Gdxy6numisMA/videos
UC16mlRbA6vVaUzDkckHtkGw,Dear Old Blighty,business_economics,1,1,150570,150570,https://www.youtube.com/channel/UC16mlRbA6vVaUzDkckHtkGw/videos
UCjAXMNVk-bbSPWF7pjIwFJg,Vikash Forensics,internet_mysteries,2,2,146822,79317,https://www.youtube.com/channel/UCjAXMNVk-bbSPWF7pjIwFJg/videos
UCdBjCBrh6gvcf7N1n9kjMiQ,Ancient History,culture_entertainment|history_civilization,2,2,146012,82871,https://www.youtube.com/channel/UCdBjCBrh6gvcf7N1n9kjMiQ/videos
UCR_kFbcwWy1cKLCkmcMf4lg,ABC Science,science_engineering,1,1,142631,142631,https://www.youtube.com/channel/UCR_kFbcwWy1cKLCkmcMf4lg/videos
UCOk2CgtW_euf-9w34fnYQnA,Chronicle - Medieval History Documentaries,history_civilization,1,1,140737,140737,https://www.youtube.com/channel/UCOk2CgtW_euf-9w34fnYQnA/videos
UCmqS13G_ofWMvgxLLUpOmXQ,WealthWise,history_reconstruction,1,1,137920,137920,https://www.youtube.com/channel/UCmqS13G_ofWMvgxLLUpOmXQ/videos
UC4xKdmAXFh4ACyhpiQ_3qBw,TechLead,technology_ai,2,2,137259,137108,https://www.youtube.com/channel/UC4xKdmAXFh4ACyhpiQ_3qBw/videos
UC9oGRaUTFIubLMT45nt9d4A,Metal Morph,everyday_history,1,1,137209,137209,https://www.youtube.com/channel/UC9oGRaUTFIubLMT45nt9d4A/videos
UCRBxiybrJl5YYJDJuKVVCsg,The Truth IS,culture_entertainment,4,4,135497,116633,https://www.youtube.com/channel/UCRBxiybrJl5YYJDJuKVVCsg/videos
UCxenJ3JdINMVF3zG9EXtThg,Untold New York,everyday_history,1,1,135235,135235,https://www.youtube.com/channel/UCxenJ3JdINMVF3zG9EXtThg/videos
UCeMcDx6-rOq_RlKSPehk2tQ,The Space Race,science_engineering,1,1,134429,134429,https://www.youtube.com/channel/UCeMcDx6-rOq_RlKSPehk2tQ/videos
UCqnbDFdCpuN8CMEg0VuEBqA,The New York Times,consumer_systems,1,0,129759,129759,https://www.youtube.com/channel/UCqnbDFdCpuN8CMEg0VuEBqA/videos
UCB2VZlL3LBwe2p3r0f9QY5g,hollnes,wildlife_documentaries,1,1,129518,129518,https://www.youtube.com/channel/UCB2VZlL3LBwe2p3r0f9QY5g/videos
UC65iOHIfKDesHEJDgzNHZsg,Beeyond Ideas,speculative_scifi,1,1,128693,128693,https://www.youtube.com/channel/UC65iOHIfKDesHEJDgzNHZsg/videos
UCaWj2ql_J2M7Dqd78B5U7yQ,Charles VS The Past,history_reconstruction,5,5,127763,59833,https://www.youtube.com/channel/UCaWj2ql_J2M7Dqd78B5U7yQ/videos
UCRxTw7KfR1afSuRHDzkyHNA,pepecore.,history_civilization,1,1,127703,127703,https://www.youtube.com/channel/UCRxTw7KfR1afSuRHDzkyHNA/videos
UC6LweKXMrLmT9zzXFWBrHhw,FD Adventure,wildlife_documentaries,1,1,127653,127653,https://www.youtube.com/channel/UC6LweKXMrLmT9zzXFWBrHhw/videos
UCeBQ24VfikOriqSdKtomh0w,The Iced Coffee Hour Clips,practical_lifestyle,1,1,126280,126280,https://www.youtube.com/channel/UCeBQ24VfikOriqSdKtomh0w/videos
UCPx37Sxf0nrTzd8JA2DHGwg,History After Dark,history_civilization,2,2,124488,113883,https://www.youtube.com/channel/UCPx37Sxf0nrTzd8JA2DHGwg/videos
UCBuAkf7VY9EylKftT70RVoA,Reconic,crime_scams_mystery|internet_mysteries,2,2,121410,121410,https://www.youtube.com/channel/UCBuAkf7VY9EylKftT70RVoA/videos
UCWfnMYXFqLjJdu8wEsKL2OQ,DatingtoWin,internet_mysteries,1,1,121330,121330,https://www.youtube.com/channel/UCWfnMYXFqLjJdu8wEsKL2OQ/videos
UCU46OjqSzu4IDAWiruWYuYQ,Easy Documentary Nature,science_engineering,1,1,119730,119730,https://www.youtube.com/channel/UCU46OjqSzu4IDAWiruWYuYQ/videos
UC8t5I0joFuaInR9oNPKjpyQ,Studio Number Six,culture_entertainment,1,1,119327,119327,https://www.youtube.com/channel/UC8t5I0joFuaInR9oNPKjpyQ/videos
UC2YRJWG-tEaMM2NP8d0NkgQ,The Past Rendered,everyday_history|history_reconstruction,2,2,119305,119305,https://www.youtube.com/channel/UC2YRJWG-tEaMM2NP8d0NkgQ/videos
UCKgC1zNdz19-88JIA3dfcVg,GeoWildLife,wildlife_documentaries,1,1,118848,118848,https://www.youtube.com/channel/UCKgC1zNdz19-88JIA3dfcVg/videos
UCj-Mjn68ap6Hgj6sxp2rpRA,The 700 Club,economic_explainers,1,0,118457,118457,https://www.youtube.com/channel/UCj-Mjn68ap6Hgj6sxp2rpRA/videos
UCVoT8fZqVM44z6huWSaxUIQ,National Geographic UK,science_engineering,2,0,118266,66569,https://www.youtube.com/channel/UCVoT8fZqVM44z6huWSaxUIQ/videos
UC4fjzzxyd-osNfUGVaFoXLg,The Drowsy Astronaut,practical_lifestyle,1,1,115791,115791,https://www.youtube.com/channel/UC4fjzzxyd-osNfUGVaFoXLg/videos
UCVjsbqKtxkLt7bal4NWRjJQ,The Take,culture_entertainment,1,1,115614,115614,https://www.youtube.com/channel/UCVjsbqKtxkLt7bal4NWRjJQ/videos
UC3lv_rnB5LgXW8t9sUH3hXw,DisastersUncovered,business_economics,1,1,111760,111760,https://www.youtube.com/channel/UC3lv_rnB5LgXW8t9sUH3hXw/videos
UCOch_vMp7AKaiGE7e6kSHfg,How to Survive Show,business_economics,1,1,111312,111312,https://www.youtube.com/channel/UCOch_vMp7AKaiGE7e6kSHfg/videos
UC95ANqPeSKRNEH1CaCOs2ew,History of Simple Things,everyday_history,4,4,109923,67102,https://www.youtube.com/channel/UC95ANqPeSKRNEH1CaCOs2ew/videos
UCu2Xw0RIQUwkPNAtYW9xb8A,The Prateek World,consumer_systems,1,1,109369,109369,https://www.youtube.com/channel/UCu2Xw0RIQUwkPNAtYW9xb8A/videos
UCBHlJXCke2IYsiAH5DoP3TA,Sean Dietrich,everyday_history,1,0,108404,108404,https://www.youtube.com/channel/UCBHlJXCke2IYsiAH5DoP3TA/videos
UCcTBzAu-sSTjffEKastwhbA,BomboWannaKnow,wildlife_documentaries,1,1,108394,108394,https://www.youtube.com/channel/UCcTBzAu-sSTjffEKastwhbA/videos
UCMHYGplRnO9aEb7sDv7neyg,Stories of the Old World,everyday_history,1,1,107918,107918,https://www.youtube.com/channel/UCMHYGplRnO9aEb7sDv7neyg/videos
UCHbQhoiP-819_MmVTohgcQQ,Simple Things - Surprising Histories,everyday_history|practical_lifestyle,3,0,107387,56928,https://www.youtube.com/channel/UCHbQhoiP-819_MmVTohgcQQ/videos
UCpPc2Y6D9538RWtcage4o2w,TrackID,culture_entertainment,1,1,106820,106820,https://www.youtube.com/channel/UCpPc2Y6D9538RWtcage4o2w/videos
UCcUEjyUhd-s3Dj0TS0Ekjow,Sleepy History with Oliver,everyday_history|history_civilization,6,6,106176,72211,https://www.youtube.com/channel/UCcUEjyUhd-s3Dj0TS0Ekjow/videos
UCzQ2FFVe7m8yIgzXMZtlSjg,Steve Eisman,technology_ai,1,1,105812,105812,https://www.youtube.com/channel/UCzQ2FFVe7m8yIgzXMZtlSjg/videos
UCCP5j9VOo0QCLMTTf1ORtRA,Lilly's Tech Tips,history_reconstruction,1,1,103578,103578,https://www.youtube.com/channel/UCCP5j9VOo0QCLMTTf1ORtRA/videos
UCf-U0uPVQZtcqXUWa_Hl4Mw,Into the Shadows,work_career_education,1,1,103232,103232,https://www.youtube.com/channel/UCf-U0uPVQZtcqXUWa_Hl4Mw/videos
UCuQxN9hstqdLA0sv8kWx5dg,Archeovest,nature_animals,1,1,101974,101974,https://www.youtube.com/channel/UCuQxN9hstqdLA0sv8kWx5dg/videos
UCsEw1xMjZJR2AbdL_V5vDzA,MovieVerse Hindi,practical_lifestyle|speculative_scifi,2,2,101215,101215,https://www.youtube.com/channel/UCsEw1xMjZJR2AbdL_V5vDzA/videos
UCYB8cOzzg6zijuq6luCrYyQ,RKH Media,consumer_systems,1,1,100367,100367,https://www.youtube.com/channel/UCYB8cOzzg6zijuq6luCrYyQ/videos
UCsvqVGtbbyHaMoevxPAq9Fg,Simplilearn,technology_ai,1,1,98373,98373,https://www.youtube.com/channel/UCsvqVGtbbyHaMoevxPAq9Fg/videos
UCu4XcDBdnZkV6-5z2f16M0g,Real Stories,crime_scams_mystery,1,1,97702,97702,https://www.youtube.com/channel/UCu4XcDBdnZkV6-5z2f16M0g/videos
UCu7oxHVBemRuErORN6P1R6w,Inside Archaeology,history_civilization,1,1,97145,97145,https://www.youtube.com/channel/UCu7oxHVBemRuErORN6P1R6w/videos
UCFgUBKoy5trmcyVh1e_AS8Q,White Sea Studio,culture_entertainment,1,0,95767,95767,https://www.youtube.com/channel/UCFgUBKoy5trmcyVh1e_AS8Q/videos
UC-FK_0fNqLy0TbP9DM9buiw,Omar Najjarine,psychology_society,1,1,95012,95012,https://www.youtube.com/channel/UC-FK_0fNqLy0TbP9DM9buiw/videos
UCawZsQWqfGSbCI5yjkdVkTA,Matthew Berman,technology_ai,1,1,94196,94196,https://www.youtube.com/channel/UCawZsQWqfGSbCI5yjkdVkTA/videos
UCoMdktPbSTixAyNGwb-UYkQ,Sky News,work_career_education,2,1,94101,78098,https://www.youtube.com/channel/UCoMdktPbSTixAyNGwb-UYkQ/videos
UCCsREoj8rSRkEvxWqxr74rQ,Cybernews,technology_ai,1,1,93876,93876,https://www.youtube.com/channel/UCCsREoj8rSRkEvxWqxr74rQ/videos
UCCwUTfKeDj4p9uTNrn9U6Sw,BBC Archive,everyday_history,1,1,92255,92255,https://www.youtube.com/channel/UCCwUTfKeDj4p9uTNrn9U6Sw/videos
UCVF60kVeMmrSrbmgZoALkQw,The Transit Diaries,everyday_history,1,1,90735,90735,https://www.youtube.com/channel/UCVF60kVeMmrSrbmgZoALkQw/videos
UCM_VDJbYR-i2zVuH5dxI3Uw,The Hidden History Project,everyday_history,1,1,89669,89669,https://www.youtube.com/channel/UCM_VDJbYR-i2zVuH5dxI3Uw/videos
UCFU0fJOB4cXWeqG1pwhcg4g,Back in Time,everyday_history,3,3,89386,246,https://www.youtube.com/channel/UCFU0fJOB4cXWeqG1pwhcg4g/videos
UCNjPtOCvMrKY5eLwr_-7eUg,Alux.com,economic_explainers,1,1,89351,89351,https://www.youtube.com/channel/UCNjPtOCvMrKY5eLwr_-7eUg/videos
UC4UVmkFWcqT6aHPG6tRAlvA,Cheatham Media,consumer_systems,1,1,88874,88874,https://www.youtube.com/channel/UC4UVmkFWcqT6aHPG6tRAlvA/videos
UC06KL-Br-0EJNgbhvCHh2EQ,WILD Nature - Free Documentary,nature_animals|wildlife_documentaries,3,3,88472,83610,https://www.youtube.com/channel/UC06KL-Br-0EJNgbhvCHh2EQ/videos
UCD8g_HsWfrBUmm-EepMaHHg,Hidden Film,practical_lifestyle,1,1,87928,87928,https://www.youtube.com/channel/UCD8g_HsWfrBUmm-EepMaHHg/videos
UC42T20axeJ0I8Htezap9PiQ,Monstrous Machines,history_civilization,1,1,87689,87689,https://www.youtube.com/channel/UC42T20axeJ0I8Htezap9PiQ/videos
UC3vnHYOJk10ixaOrbgEhvLQ,Wayne Turner,practical_lifestyle,1,1,87681,87681,https://www.youtube.com/channel/UC3vnHYOJk10ixaOrbgEhvLQ/videos
UCBH8K4CGLlawdLMQsCS86xg,Ai with Gary,history_reconstruction,1,1,87607,87607,https://www.youtube.com/channel/UCBH8K4CGLlawdLMQsCS86xg/videos
UCc8mgmxzl_Yhf9PlvElZ68w,Marissa Van,work_career_education,1,1,87578,87578,https://www.youtube.com/channel/UCc8mgmxzl_Yhf9PlvElZ68w/videos
UCu6WUWDl9tx7bn2e8jy7sNw,Yudi J,practical_lifestyle,1,1,87490,87490,https://www.youtube.com/channel/UCu6WUWDl9tx7bn2e8jy7sNw/videos
UC3XtX9yT-EReSQJvzWVdnXg,RaseliaN,internet_mysteries,1,1,87392,87392,https://www.youtube.com/channel/UC3XtX9yT-EReSQJvzWVdnXg/videos
UCD_DaKNac0Ta-2PeHuoQ1uA,Senator Bernie Sanders,work_career_education,1,0,86966,86966,https://www.youtube.com/channel/UCD_DaKNac0Ta-2PeHuoQ1uA/videos
UCqBkdAuMACt37Ek6p4BemVA,Social Symone ♡,work_career_education,1,1,86540,86540,https://www.youtube.com/channel/UCqBkdAuMACt37Ek6p4BemVA/videos
UCisHJobjgyF4r8pIB8-bRWw,Vanished History,history_reconstruction,1,1,86494,86494,https://www.youtube.com/channel/UCisHJobjgyF4r8pIB8-bRWw/videos
UCyA2QG2Z1vTqExHXoo8UY6A,History of the Future,speculative_scifi,8,8,85629,10817,https://www.youtube.com/channel/UCyA2QG2Z1vTqExHXoo8UY6A/videos
UCrbT82fJGrSRXkNaxE7aYPQ,World Affairs In Context,work_career_education,1,1,84168,84168,https://www.youtube.com/channel/UCrbT82fJGrSRXkNaxE7aYPQ/videos
UCVogAsASqbceBmQMi1WA39g,ARTE.tv Documentary,technology_ai,1,1,83426,83426,https://www.youtube.com/channel/UCVogAsASqbceBmQMi1WA39g/videos
UC6s0PzYW6byOEtzj0e0iYvw,PutriKiddos,science_engineering,2,0,82898,41769,https://www.youtube.com/channel/UC6s0PzYW6byOEtzj0e0iYvw/videos
UCOBMTKkkVlOi6-zCYg6R9zQ,THE MOVIE ZONE,speculative_scifi,1,1,82469,82469,https://www.youtube.com/channel/UCOBMTKkkVlOi6-zCYg6R9zQ/videos
UCmZ9rAoFzPOKQbYutepd_5g,Michael Burns,psychology_society,1,1,82308,82308,https://www.youtube.com/channel/UCmZ9rAoFzPOKQbYutepd_5g/videos
UCAYwomlsmN0DsPeeumEKFXg,WWMT-TV,work_career_education,1,0,80694,80694,https://www.youtube.com/channel/UCAYwomlsmN0DsPeeumEKFXg/videos
UClgo8akZOVpzeKm1o2oaurQ,Forgotten Labor,everyday_history,1,1,79724,79724,https://www.youtube.com/channel/UClgo8akZOVpzeKm1o2oaurQ/videos
UCt8F7pkSZK56hWBHWZLzQVw,Mike's POV History,history_reconstruction,1,1,79311,79311,https://www.youtube.com/channel/UCt8F7pkSZK56hWBHWZLzQVw/videos
UCMePBDaNUNwp7ETgNpbPR6A,Mystery Archives,internet_mysteries,1,1,78391,78391,https://www.youtube.com/channel/UCMePBDaNUNwp7ETgNpbPR6A/videos
UCBi2mrWuNuyYy4gbM6fU18Q,ABC News,psychology_society,1,1,78087,78087,https://www.youtube.com/channel/UCBi2mrWuNuyYy4gbM6fU18Q/videos
UC1zbeu02sJejIYi8h3mK2Gg,Echo of the Forests,nature_animals,1,1,77739,77739,https://www.youtube.com/channel/UC1zbeu02sJejIYi8h3mK2Gg/videos
UCfi5WDLF5paBigZnKSsPiEw,VICE Vault,geography_logistics,1,1,76633,76633,https://www.youtube.com/channel/UCfi5WDLF5paBigZnKSsPiEw/videos
UCAwfCgYna9kN2XRx0-wObyQ,WUFO - Science Documentaries,science_engineering|speculative_scifi,2,2,76517,76517,https://www.youtube.com/channel/UCAwfCgYna9kN2XRx0-wObyQ/videos
UCzCsyvyrq38R6TnztEzOmgg,ByteMonk,work_career_education,1,1,76365,76365,https://www.youtube.com/channel/UCzCsyvyrq38R6TnztEzOmgg/videos
UCButGmXFqWNU-UxK7umP6yQ,Religious Story TV,history_civilization,1,1,75829,75829,https://www.youtube.com/channel/UCButGmXFqWNU-UxK7umP6yQ/videos
UCGUA1G140MmtPbRnENA5zEA,VISTAAR CINETALKS ,economic_explainers,1,1,74100,74100,https://www.youtube.com/channel/UCGUA1G140MmtPbRnENA5zEA/videos
UC6AwWrRKNrwt83CMJqeTUzw,Mr. Finance,culture_entertainment,1,1,73065,73065,https://www.youtube.com/channel/UC6AwWrRKNrwt83CMJqeTUzw/videos
UCWU1EakN5da6jXrOkrU3yFg,Money Degree,economic_explainers,1,1,71687,71687,https://www.youtube.com/channel/UCWU1EakN5da6jXrOkrU3yFg/videos
UCdR7eGozLjafYMTd2BFnJaQ,Youri van Hofwegen,history_reconstruction,1,1,70864,70864,https://www.youtube.com/channel/UCdR7eGozLjafYMTd2BFnJaQ/videos
UC8JT2m0mKEgvEtie3JNKwew,Naked Science,nature_animals|speculative_scifi,2,2,70773,70773,https://www.youtube.com/channel/UC8JT2m0mKEgvEtie3JNKwew/videos
UCAMvT4Hv3cjmqYilDhuDS_A,Parseca,speculative_scifi,1,1,70245,70245,https://www.youtube.com/channel/UCAMvT4Hv3cjmqYilDhuDS_A/videos
UCm5iBOcQ0GET_2FqFI61QDA,Cara Nicole,work_career_education,1,1,70063,70063,https://www.youtube.com/channel/UCm5iBOcQ0GET_2FqFI61QDA/videos
UC-WT_x7Tpo-C1_XNJFik4ag,Dead Signal,everyday_history,1,1,69105,69105,https://www.youtube.com/channel/UC-WT_x7Tpo-C1_XNJFik4ag/videos
UCsmnfJ6534x5vFxn0nSYVog,DarkWaters9,internet_mysteries,2,2,69098,53088,https://www.youtube.com/channel/UCsmnfJ6534x5vFxn0nSYVog/videos
UCJuyiB0GT9-q92gC_M3XLpg,Indie Rights Movies For Free,speculative_scifi,1,1,68788,68788,https://www.youtube.com/channel/UCJuyiB0GT9-q92gC_M3XLpg/videos
UCLXo7UDZvByw2ixzpQCufnA,Vox,psychology_society,1,1,68574,68574,https://www.youtube.com/channel/UCLXo7UDZvByw2ixzpQCufnA/videos
UCjgHF4-QRf-nX2XDatoHpAA,Flevo Mapping,speculative_scifi,1,1,68195,68195,https://www.youtube.com/channel/UCjgHF4-QRf-nX2XDatoHpAA/videos
UCNAf1k0yIjyGu3k9BwAg3lg,Sky Sports Premier League,history_reconstruction,1,1,66007,66007,https://www.youtube.com/channel/UCNAf1k0yIjyGu3k9BwAg3lg/videos
UCfw1-6hsu5f6vqNOyHzW39A,Nitish Rajput Snippet,crime_scams_mystery,1,0,64766,64766,https://www.youtube.com/channel/UCfw1-6hsu5f6vqNOyHzW39A/videos
UCmB6U6fVkEaUpOI-_5uRjZA,Study Glows,economic_explainers,1,1,63220,63220,https://www.youtube.com/channel/UCmB6U6fVkEaUpOI-_5uRjZA/videos
UC5M4AITera9RmytwHTIQWvQ,Andrew Restores History,history_reconstruction,1,1,62883,62883,https://www.youtube.com/channel/UC5M4AITera9RmytwHTIQWvQ/videos
UCRu-HFgvI8sALbKQg5F1mCg,Gravity of Frame,culture_entertainment,1,1,61946,61946,https://www.youtube.com/channel/UCRu-HFgvI8sALbKQg5F1mCg/videos
UCnThE8FLrlN-tYvZhZL0uaA,Finance Bureau,business_economics|economic_explainers,2,2,61338,61338,https://www.youtube.com/channel/UCnThE8FLrlN-tYvZhZL0uaA/videos
UC-q-_DVLrAfmVApgnJTIa9A,Jaydone History,history_civilization,1,1,60436,60436,https://www.youtube.com/channel/UC-q-_DVLrAfmVApgnJTIa9A/videos
UCsg20ERGZt9eHVZRXROJSqg,Brett Malinowski,work_career_education,1,1,59524,59524,https://www.youtube.com/channel/UCsg20ERGZt9eHVZRXROJSqg/videos
UCWAybv_2lrhEyOYxehsaqeQ,Earth IQ বাংলা ,nature_animals,1,0,59373,59373,https://www.youtube.com/channel/UCWAybv_2lrhEyOYxehsaqeQ/videos
UC6dI8msF1_I9HuDSvMtk_nQ,Akshon,culture_entertainment,1,1,57515,57515,https://www.youtube.com/channel/UC6dI8msF1_I9HuDSvMtk_nQ/videos
UCUSQDNI2HdeEgEJUSpaCE-A,WearyWolf Adventures,everyday_history,1,1,57508,57508,https://www.youtube.com/channel/UCUSQDNI2HdeEgEJUSpaCE-A/videos
UC2NRf0-PH8IiMq5uA5FHJnA,quack doc,geography_logistics,1,1,56698,56698,https://www.youtube.com/channel/UC2NRf0-PH8IiMq5uA5FHJnA/videos
UCZb1qK7zbqUui8Lm1muQNUg,VIVEK SINGH,crime_scams_mystery,1,1,56674,56674,https://www.youtube.com/channel/UCZb1qK7zbqUui8Lm1muQNUg/videos
UCqUbOMOi-G__aTSOQmNCXpw,Hidden Compass,geography_logistics,1,1,56273,56273,https://www.youtube.com/channel/UCqUbOMOi-G__aTSOQmNCXpw/videos
UCXP27gIOM6MeHbTYrHrEF6w,Rail Tech Info,everyday_history,1,1,54533,54533,https://www.youtube.com/channel/UCXP27gIOM6MeHbTYrHrEF6w/videos
UCOx0bIbw8m1-VNG3duys98A,Julian News Report,everyday_history,1,1,53682,53682,https://www.youtube.com/channel/UCOx0bIbw8m1-VNG3duys98A/videos
UCN6jLlWVXaBCbfSopYOId1g,Front Page,geography_logistics,1,1,53643,53643,https://www.youtube.com/channel/UCN6jLlWVXaBCbfSopYOId1g/videos
UCq_e7utqXqmxS2nmeLNWoew,Extreme Survival Stories,nature_animals,1,1,52542,52542,https://www.youtube.com/channel/UCq_e7utqXqmxS2nmeLNWoew/videos
UCEn5V6xJZxLfOm94fvo2wUw,Animated Archives HQ,crime_scams_mystery,1,1,51904,51904,https://www.youtube.com/channel/UCEn5V6xJZxLfOm94fvo2wUw/videos
UC3yFifJYlb7LHk02tw36l0A,Fragments of History,history_civilization,1,1,51739,51739,https://www.youtube.com/channel/UC3yFifJYlb7LHk02tw36l0A/videos
UCKelCK4ZaO6HeEI1KQjqzWA,The AI Daily Brief: Artificial Intelligence News,work_career_education,1,1,51008,51008,https://www.youtube.com/channel/UCKelCK4ZaO6HeEI1KQjqzWA/videos
UCke17z8av7hd9inAqH9n6xA,Emwelds,culture_entertainment,1,1,50580,50580,https://www.youtube.com/channel/UCke17z8av7hd9inAqH9n6xA/videos
UCe-WJ14657ObdpIs2kIL13w,VIRAT IAS INSIGHTS,consumer_systems|economic_explainers,2,2,50363,50363,https://www.youtube.com/channel/UCe-WJ14657ObdpIs2kIL13w/videos
UCGaE6BmH_h2eOo12binZ2Tg,BrainPilot,consumer_systems,1,1,50357,50357,https://www.youtube.com/channel/UCGaE6BmH_h2eOo12binZ2Tg/videos
UCkRmoZiR_SOssKA89m1eYJg,Only Human,psychology_society,1,1,50062,50062,https://www.youtube.com/channel/UCkRmoZiR_SOssKA89m1eYJg/videos
UCFgNoF4f-1R_buASvPbZAcg,Secret Wonders,wildlife_documentaries,1,1,49892,49892,https://www.youtube.com/channel/UCFgNoF4f-1R_buASvPbZAcg/videos
UC4KADp8efnSDDQNu7mWP2Uw,pearsonedits,internet_mysteries,1,1,48679,48679,https://www.youtube.com/channel/UC4KADp8efnSDDQNu7mWP2Uw/videos
UCmSeCE12a60hU1knGit0r2A,আরিয়ানিসম,crime_scams_mystery,1,1,48332,48332,https://www.youtube.com/channel/UCmSeCE12a60hU1knGit0r2A/videos
UCi52jXjgQlJr4loQ4AX_XDw,Paladin - Reconstructing History,history_reconstruction,5,5,48259,3726,https://www.youtube.com/channel/UCi52jXjgQlJr4loQ4AX_XDw/videos
UC6PKOju_xOQpzB9eFsFUwcw,Epic Unreal Planet,wildlife_documentaries,1,1,47985,47985,https://www.youtube.com/channel/UC6PKOju_xOQpzB9eFsFUwcw/videos
UC1EIoqFQ2sdKuost-p_UwBQ,The Financial Coin Historian,economic_explainers,1,1,47445,47445,https://www.youtube.com/channel/UC1EIoqFQ2sdKuost-p_UwBQ/videos
UCyqT_3AsfK3dQAVhLguc9PA,Map Says,geography_logistics,2,2,47047,24024,https://www.youtube.com/channel/UCyqT_3AsfK3dQAVhLguc9PA/videos
UCqlYzSgsh5jdtWYfVIBoTDw,Fox News Clips,consumer_systems,1,0,47009,47009,https://www.youtube.com/channel/UCqlYzSgsh5jdtWYfVIBoTDw/videos
UCd1LAfchzQNxFCLf9XufeGg,Alien Realms,speculative_scifi,1,0,46931,46931,https://www.youtube.com/channel/UCd1LAfchzQNxFCLf9XufeGg/videos
UCNq6DHbS4MD5GJYrjk5_9nw,Egypt Lost Tapes,history_civilization,1,1,46394,46394,https://www.youtube.com/channel/UCNq6DHbS4MD5GJYrjk5_9nw/videos
UCUF0EGa7_yM4TXQl4LYt-YA,Alpha Crime,crime_scams_mystery,1,1,45419,45419,https://www.youtube.com/channel/UCUF0EGa7_yM4TXQl4LYt-YA/videos
UCOM-C08bY8AKRXPV7XHqvBg,Islamic Dynasties,history_reconstruction,1,1,45111,45111,https://www.youtube.com/channel/UCOM-C08bY8AKRXPV7XHqvBg/videos
UC-RKpEc4eE9PwJaupN91xYQ,Sprouts,business_economics,1,0,44230,44230,https://www.youtube.com/channel/UC-RKpEc4eE9PwJaupN91xYQ/videos
UCYclu9eyo5EwGF-zSDDWNtw,Park Vibes,nature_animals,1,1,43996,43996,https://www.youtube.com/channel/UCYclu9eyo5EwGF-zSDDWNtw/videos
UCaOG1sC-3UiB_oTwYMaUw7A,CoinradTalks,business_economics,1,0,43462,43462,https://www.youtube.com/channel/UCaOG1sC-3UiB_oTwYMaUw7A/videos
UC-TjVEuwB5EwpA4k8XQulag,Sleep On Science,speculative_scifi,1,1,43357,43357,https://www.youtube.com/channel/UC-TjVEuwB5EwpA4k8XQulag/videos
UCyCSbQ8ycQFpptUz5k6nltw,American Food History,everyday_history,3,3,42616,10950,https://www.youtube.com/channel/UCyCSbQ8ycQFpptUz5k6nltw/videos
UC7hLKPugbrkRDzng307Nlag,Stringer media,geography_logistics,1,1,42222,42222,https://www.youtube.com/channel/UC7hLKPugbrkRDzng307Nlag/videos
UCWj9SE2bbx1joRYfx4jW1EQ,Vikal Here,crime_scams_mystery,1,1,42038,42038,https://www.youtube.com/channel/UCWj9SE2bbx1joRYfx4jW1EQ/videos
UCHNv21Apt9Oo0jIjjv7Ln6g,Alien Vault,speculative_scifi,1,1,41467,41467,https://www.youtube.com/channel/UCHNv21Apt9Oo0jIjjv7Ln6g/videos
UCgX6ttzPIHKjW6IVxVAcT4w,Jiang Exclusive,consumer_systems,1,1,41459,41459,https://www.youtube.com/channel/UCgX6ttzPIHKjW6IVxVAcT4w/videos
UCzgzfTfgc447e1IgIXfqs5A,ChronoVerse Cinema,speculative_scifi,1,1,41211,41211,https://www.youtube.com/channel/UCzgzfTfgc447e1IgIXfqs5A/videos
UCVSeCkn_4KUguSRFxS4YU3w,chon digital,psychology_society,1,1,40667,40667,https://www.youtube.com/channel/UCVSeCkn_4KUguSRFxS4YU3w/videos
UCv16dFZyxsaThvW9SYQwiJQ,Across The States,work_career_education,2,2,40007,22951,https://www.youtube.com/channel/UCv16dFZyxsaThvW9SYQwiJQ/videos
UCOdR79CQSet6tQrKVbfIaQg,Football Meta,geography_logistics,1,1,39865,39865,https://www.youtube.com/channel/UCOdR79CQSet6tQrKVbfIaQg/videos
UChftTVI0QJmyXkajQYt2tiQ,moneycontrol,work_career_education,1,1,38916,38916,https://www.youtube.com/channel/UChftTVI0QJmyXkajQYt2tiQ/videos
UCO3pT4ZI8x2RVqYWxxcrZsw,upGrad,work_career_education,1,1,38822,38822,https://www.youtube.com/channel/UCO3pT4ZI8x2RVqYWxxcrZsw/videos
UCIhxIGwGDetnoPGiHfXTsTg,Cosmo Explains,history_civilization,1,1,37806,37806,https://www.youtube.com/channel/UCIhxIGwGDetnoPGiHfXTsTg/videos
UCDfrO_xLhJ5r4be2rvzFv7w,History Defining Moments,history_reconstruction,1,1,37443,37443,https://www.youtube.com/channel/UCDfrO_xLhJ5r4be2rvzFv7w/videos
UC7yChhK8emSYfFWMvKVRzjw,Calm True Storie,crime_scams_mystery,1,1,37201,37201,https://www.youtube.com/channel/UC7yChhK8emSYfFWMvKVRzjw/videos
UCzy15HY8Z0DgeGRZIk7LzLQ,Vegas Carmen,practical_lifestyle,1,1,37137,37137,https://www.youtube.com/channel/UCzy15HY8Z0DgeGRZIk7LzLQ/videos
UCuWIT9JJoL89oB3wQYgkvmQ,ROAR!,history_reconstruction,2,0,36608,25735,https://www.youtube.com/channel/UCuWIT9JJoL89oB3wQYgkvmQ/videos
UCXFf7OgCuOdcygnWp32Xk6g,ASMR Historian,everyday_history,1,1,36508,36508,https://www.youtube.com/channel/UCXFf7OgCuOdcygnWp32Xk6g/videos
UC5WC-_hfF21iwzYo4-HNW6w,Crimzcrypt AI,economic_explainers,1,1,36382,36382,https://www.youtube.com/channel/UC5WC-_hfF21iwzYo4-HNW6w/videos
UCPnAmf148_cC-_du2tiHhVw,Octane TV,speculative_scifi,1,1,36381,36381,https://www.youtube.com/channel/UCPnAmf148_cC-_du2tiHhVw/videos
UCYkV-5QfcPBwlIPH9HxjHig,SIGNUM,science_engineering,1,1,36004,36004,https://www.youtube.com/channel/UCYkV-5QfcPBwlIPH9HxjHig/videos
UC_ilpesdu6ni3vQHDmQ8QZw,History Reborn AI,history_reconstruction,4,4,35837,18600,https://www.youtube.com/channel/UC_ilpesdu6ni3vQHDmQ8QZw/videos
UCdgZlLka1o3c2bkdHDDdZpQ,Stellar Cinema,speculative_scifi,1,1,35413,35413,https://www.youtube.com/channel/UCdgZlLka1o3c2bkdHDDdZpQ/videos
UCERUlqQsG7fFiPAx0SjL_Qw,WSA,history_civilization,1,0,34660,34660,https://www.youtube.com/channel/UCERUlqQsG7fFiPAx0SjL_Qw/videos
UCGSS2mBuqH5MGDLP0Q5C7Kw,Snyder Reports,consumer_systems|work_career_education,2,1,33265,20395,https://www.youtube.com/channel/UCGSS2mBuqH5MGDLP0Q5C7Kw/videos
UCFRnXexiPRwlGTBTcFe51HA,DARK MATTER +,technology_ai,1,1,33109,33109,https://www.youtube.com/channel/UCFRnXexiPRwlGTBTcFe51HA/videos
UC_7vFlErTHxVD-IFNB-BFCg,America Uncovered,technology_ai,1,1,32122,32122,https://www.youtube.com/channel/UC_7vFlErTHxVD-IFNB-BFCg/videos
UCMmbReLn3a35WP1yPvV-kwQ,Muldered,culture_entertainment,1,1,31868,31868,https://www.youtube.com/channel/UCMmbReLn3a35WP1yPvV-kwQ/videos
UChS4AUut9ycsEqT8RAwFseA,Aiimagination,speculative_scifi,1,0,31808,31808,https://www.youtube.com/channel/UChS4AUut9ycsEqT8RAwFseA/videos
UC9HGzFGt7BLmWDqooUbWGBg,Matthew Hussey,psychology_society,1,1,31403,31403,https://www.youtube.com/channel/UC9HGzFGt7BLmWDqooUbWGBg/videos
UCj1SpUqhSbiaX9yyJmn4yZQ,Chompu’s Boring Empire,history_civilization,1,1,30847,30847,https://www.youtube.com/channel/UCj1SpUqhSbiaX9yyJmn4yZQ/videos
UClrhxNaER0deCFHNA1zK49A,Damian Keyes,culture_entertainment,1,0,30469,30469,https://www.youtube.com/channel/UClrhxNaER0deCFHNA1zK49A/videos
UC6o-wWU-v2ClFMwougmK7dA,BBC Politics,work_career_education,1,0,30217,30217,https://www.youtube.com/channel/UC6o-wWU-v2ClFMwougmK7dA/videos
UCtLzJHrw6_iGgXPi_Kj1L_g,ManBesideAi,history_reconstruction,1,0,29551,29551,https://www.youtube.com/channel/UCtLzJHrw6_iGgXPi_Kj1L_g/videos
UClFUXoMmjzaeD5RjGPNGHSQ,Brad Polumbo,consumer_systems,1,1,29317,29317,https://www.youtube.com/channel/UClFUXoMmjzaeD5RjGPNGHSQ/videos
UCw8Fc5R0Q5yyS3KrDCPM3xg,Times Now World,consumer_systems,1,0,29310,29310,https://www.youtube.com/channel/UCw8Fc5R0Q5yyS3KrDCPM3xg/videos
UCYb7KaU5rBD20Ce5nIBCygw,Wisdom From North,speculative_scifi,1,1,29279,29279,https://www.youtube.com/channel/UCYb7KaU5rBD20Ce5nIBCygw/videos
UCAt83ypL9_lQUSdkNI9kdJQ,The Quiet Shepherd,consumer_systems,1,1,29214,29214,https://www.youtube.com/channel/UCAt83ypL9_lQUSdkNI9kdJQ/videos
UCXS8uyzv4pKncDlsxkbigtw,Light and Tale,speculative_scifi,1,0,28534,28534,https://www.youtube.com/channel/UCXS8uyzv4pKncDlsxkbigtw/videos
UCsS21OBhOiyv-ezTTFSDbiQ,FAMILY RUMI KPOP,speculative_scifi,1,1,28205,28205,https://www.youtube.com/channel/UCsS21OBhOiyv-ezTTFSDbiQ/videos
UCv2NylMXh-hTWVoRli_YqtQ,Factory Reborn,practical_lifestyle,1,1,27202,27202,https://www.youtube.com/channel/UCv2NylMXh-hTWVoRli_YqtQ/videos
UCCVgAaZf09o1Pt6xKTG534w,Tako Balls,psychology_society,1,1,26536,26536,https://www.youtube.com/channel/UCCVgAaZf09o1Pt6xKTG534w/videos
UCcXWEkmQOBQxAWcJ_r1TKDw,History for Sleep,history_civilization,1,1,26222,26222,https://www.youtube.com/channel/UCcXWEkmQOBQxAWcJ_r1TKDw/videos
UCKj-Hy8AuOtKNWE5yQ67BVA,The Coding Koala,business_economics,1,0,26140,26140,https://www.youtube.com/channel/UCKj-Hy8AuOtKNWE5yQ67BVA/videos
UCz5NByZjx64TSQjQuToVHrA,NK REVIEW ,crime_scams_mystery,1,1,25913,25913,https://www.youtube.com/channel/UCz5NByZjx64TSQjQuToVHrA/videos
UCXkj4Q95PJVlWUW5A_oTb6A,History That Makes You Sleepy,everyday_history,5,5,25879,2899,https://www.youtube.com/channel/UCXkj4Q95PJVlWUW5A_oTb6A/videos
UC7DTw4jlgjjuYM52Dkci5Ew,Saidul Explain 09,history_civilization,1,0,25353,25353,https://www.youtube.com/channel/UC7DTw4jlgjjuYM52Dkci5Ew/videos
UCJVnko6tQ56PYB5BNNChPGg,ibx2cat,geography_logistics,1,1,25110,25110,https://www.youtube.com/channel/UCJVnko6tQ56PYB5BNNChPGg/videos
UC8vdFZhnv9usqSBj4HntzBQ,Animation Vibes,business_economics,1,1,25102,25102,https://www.youtube.com/channel/UC8vdFZhnv9usqSBj4HntzBQ/videos
UCb11kz4TvG18_x3b_83fy5A,Shift America,everyday_history,1,0,24975,24975,https://www.youtube.com/channel/UCb11kz4TvG18_x3b_83fy5A/videos
UCib8z9RWBK1xucFXG_q-Siw,Mysterious-Fact,wildlife_documentaries,1,1,24038,24038,https://www.youtube.com/channel/UCib8z9RWBK1xucFXG_q-Siw/videos
UC1JEm8bl3LhTBcd3RY9bNXw,JostenJ,psychology_society,1,1,24013,24013,https://www.youtube.com/channel/UC1JEm8bl3LhTBcd3RY9bNXw/videos
UCaUCzPRX1bKUwz7a2aJgIDQ,Missing Persons Mysteries with Steve Stockton,nature_animals,1,1,23895,23895,https://www.youtube.com/channel/UCaUCzPRX1bKUwz7a2aJgIDQ/videos
UCi5H-ZH48t5tjSax636Dn2A,Krish Dinesh,practical_lifestyle,1,1,23611,23611,https://www.youtube.com/channel/UCi5H-ZH48t5tjSax636Dn2A/videos
UCBBBC3soo3zHr93HY4J1wFg,Liz Rose ,psychology_society,1,1,23487,23487,https://www.youtube.com/channel/UCBBBC3soo3zHr93HY4J1wFg/videos
UCc9h2e_l6IGAl20B68IZ7Rg,Iconography of History,everyday_history,1,1,23313,23313,https://www.youtube.com/channel/UCc9h2e_l6IGAl20B68IZ7Rg/videos
UCy6RTAK_9_NjSf6NFouTCgQ,History Kiddos,history_civilization,1,0,23242,23242,https://www.youtube.com/channel/UCy6RTAK_9_NjSf6NFouTCgQ/videos
UCKz7EF79whNGRwuu-wj7Uvg,Rise and Fall America,business_economics,1,1,23144,23144,https://www.youtube.com/channel/UCKz7EF79whNGRwuu-wj7Uvg/videos
UCHQqZTuxPDLpNJiIoVVdEAA,SANTUY MOVIE,internet_mysteries,1,1,22447,22447,https://www.youtube.com/channel/UCHQqZTuxPDLpNJiIoVVdEAA/videos
UCsrtvSjgVg8QgRJzysB55xA,Outdoor Disasters,nature_animals,1,1,22269,22269,https://www.youtube.com/channel/UCsrtvSjgVg8QgRJzysB55xA/videos
UCNIoLiHvnuKTKoJuLQUS--A,Mark Tilbury Economics,work_career_education,1,1,22053,22053,https://www.youtube.com/channel/UCNIoLiHvnuKTKoJuLQUS--A/videos
UCi86aejJnXAcAC8TGSJh6fg,Super Level Manhwa ,consumer_systems,6,6,21915,1278,https://www.youtube.com/channel/UCi86aejJnXAcAC8TGSJh6fg/videos
UC0v8PeYogLNvpFxpZvRAkUA,History Rebuilds,everyday_history,1,1,21601,21601,https://www.youtube.com/channel/UC0v8PeYogLNvpFxpZvRAkUA/videos
UC-txsiL8chU0vOrA0rsm-Ew,"Apex Frame SciFi
",speculative_scifi,1,1,21575,21575,https://www.youtube.com/channel/UC-txsiL8chU0vOrA0rsm-Ew/videos
UCMmfUj8CcXeqpqWkund3ELg,Smart Money Bro,work_career_education,1,1,21301,21301,https://www.youtube.com/channel/UCMmfUj8CcXeqpqWkund3ELg/videos
UC3njZ48-FDxLleBYaP0SZIg,The Hindu,work_career_education,1,1,20788,20788,https://www.youtube.com/channel/UC3njZ48-FDxLleBYaP0SZIg/videos
UCaWd5_7JhbQBe4dknZhsHJg,WatchMojo.com,culture_entertainment,1,1,20514,20514,https://www.youtube.com/channel/UCaWd5_7JhbQBe4dknZhsHJg/videos
UCw3QGNt0VIHXtDAKX91iylg,Flint & Factory,everyday_history,1,1,20099,20099,https://www.youtube.com/channel/UCw3QGNt0VIHXtDAKX91iylg/videos
UCY2YYzP7dPegfjXcPecAlYA,mrbloom,history_reconstruction,1,1,19842,19842,https://www.youtube.com/channel/UCY2YYzP7dPegfjXcPecAlYA/videos
UC8p1vwvWtl6T73JiExfWs1g,CBS News,technology_ai|work_career_education,2,0,19826,18073,https://www.youtube.com/channel/UC8p1vwvWtl6T73JiExfWs1g/videos
UCuFptQhYGG584OSbY1-gIyQ,Beyond Survival,nature_animals,1,1,19499,19499,https://www.youtube.com/channel/UCuFptQhYGG584OSbY1-gIyQ/videos
UCJC35B558iY_ljm6RwRlkcg,Arthur Revives the Past,history_reconstruction,1,1,19239,19239,https://www.youtube.com/channel/UCJC35B558iY_ljm6RwRlkcg/videos
UCWc1b23P3lPQ6Qo-oeazWng,Bedtime History,everyday_history,1,0,19081,19081,https://www.youtube.com/channel/UCWc1b23P3lPQ6Qo-oeazWng/videos
UCinGCtfmkbSTCH7C8BF6HZA,Alteori,culture_entertainment,1,1,18975,18975,https://www.youtube.com/channel/UCinGCtfmkbSTCH7C8BF6HZA/videos
UCn372MiubHTkPFwxKVv45LQ,Fintale,crime_scams_mystery,1,1,18702,18702,https://www.youtube.com/channel/UCn372MiubHTkPFwxKVv45LQ/videos
UC0aDM2xm13uKU2MlXp6a-cA,InfoTalkBD,work_career_education,1,1,18335,18335,https://www.youtube.com/channel/UC0aDM2xm13uKU2MlXp6a-cA/videos
UCRvsrJB_GhMhdLSA4ae5MqQ,Tom Powell Jr,business_economics,1,0,17777,17777,https://www.youtube.com/channel/UCRvsrJB_GhMhdLSA4ae5MqQ/videos
UCnA_F8bRf9VA7wXO-ctBLOw,Universe Unfold,science_engineering,1,1,17760,17760,https://www.youtube.com/channel/UCnA_F8bRf9VA7wXO-ctBLOw/videos
UCULL07PSUuJSjb5seHP5Q3Q,Paint Warfare Explainer,history_civilization,1,1,17735,17735,https://www.youtube.com/channel/UCULL07PSUuJSjb5seHP5Q3Q/videos
UCTln5ss6h6L_xNfMeujfPbg,Scripps News,work_career_education,1,0,17327,17327,https://www.youtube.com/channel/UCTln5ss6h6L_xNfMeujfPbg/videos
UCzV8tU9puZ9xHtCJHUvEClw,Military Heroes,everyday_history,1,1,17023,17023,https://www.youtube.com/channel/UCzV8tU9puZ9xHtCJHUvEClw/videos
UCCXoCcu9Rp7NPbTzIvogpZg,Fox Business,practical_lifestyle,1,0,16967,16967,https://www.youtube.com/channel/UCCXoCcu9Rp7NPbTzIvogpZg/videos
UCvm4IoteN3ITpIOYE7b93Iw,Lucifer talk,psychology_society,1,1,16819,16819,https://www.youtube.com/channel/UCvm4IoteN3ITpIOYE7b93Iw/videos
UCW1ztCiXTtvxWEN50eiDvGg,CASE FILES DECLASSIFIED,internet_mysteries,1,1,16732,16732,https://www.youtube.com/channel/UCW1ztCiXTtvxWEN50eiDvGg/videos
UCgh64ACtEEg54f9aPnCjbQA,The Explanations Loop,economic_explainers,1,1,16551,16551,https://www.youtube.com/channel/UCgh64ACtEEg54f9aPnCjbQA/videos
UCFHcIAGr2e9sLp4qYlKRSnw,The United States Chronicles,history_civilization,1,1,16388,16388,https://www.youtube.com/channel/UCFHcIAGr2e9sLp4qYlKRSnw/videos
UC1APoCkcNBcRD6Mx9wTRkFg,Remote Earth Journeys,science_engineering,1,1,16311,16311,https://www.youtube.com/channel/UC1APoCkcNBcRD6Mx9wTRkFg/videos
UC9Bc5Kkqw6WuOFAbbdmPrZQ,Epic War Extra,everyday_history,1,1,15659,15659,https://www.youtube.com/channel/UC9Bc5Kkqw6WuOFAbbdmPrZQ/videos
UCKOwu2vwhA4v-tS6bzS-EgA,Tillow,nature_animals,1,1,15547,15547,https://www.youtube.com/channel/UCKOwu2vwhA4v-tS6bzS-EgA/videos
UC9fZBEfX5EfXMAfOhTPzaVA,Boring History,everyday_history,4,4,15517,4266,https://www.youtube.com/channel/UC9fZBEfX5EfXMAfOhTPzaVA/videos
UCue2DK0ccHtBrP9V__gYl6A,Scenic Scenes,wildlife_documentaries,1,1,15324,15324,https://www.youtube.com/channel/UCue2DK0ccHtBrP9V__gYl6A/videos
UCVsUzU1UZsHlij0ze9VuAlQ,Old Money Lost,business_economics,1,1,15154,15154,https://www.youtube.com/channel/UCVsUzU1UZsHlij0ze9VuAlQ/videos
UCNaNiC9y89KQuRXxeGELjJw,Bedtime sleepy,everyday_history,1,1,14901,14901,https://www.youtube.com/channel/UCNaNiC9y89KQuRXxeGELjJw/videos
UCseqwEoeRhyr-XJGqNfvu2Q,Tony - Medieval History,everyday_history,1,1,14440,14440,https://www.youtube.com/channel/UCseqwEoeRhyr-XJGqNfvu2Q/videos
UCRYnntr30z3ZPepq2-TuSQA,Espresso Economics,psychology_society,1,1,14336,14336,https://www.youtube.com/channel/UCRYnntr30z3ZPepq2-TuSQA/videos
UCZSE95RmyMUgJWmfra9Yx1A,Banijay Science,science_engineering,4,4,14300,7517,https://www.youtube.com/channel/UCZSE95RmyMUgJWmfra9Yx1A/videos
UCG10CJ-y-08b0DPQ1YQ345Q,Lucas T. Jahn,practical_lifestyle,1,1,14290,14290,https://www.youtube.com/channel/UCG10CJ-y-08b0DPQ1YQ345Q/videos
UCf6QOV4N3QCfH-MM3_AJIpg,Grand Manors,everyday_history,1,1,14082,14082,https://www.youtube.com/channel/UCf6QOV4N3QCfH-MM3_AJIpg/videos
UCiryWuQqK0n8W7hdxldt8_w,Rail Universe,everyday_history,1,1,13953,13953,https://www.youtube.com/channel/UCiryWuQqK0n8W7hdxldt8_w/videos
UC3Rr9YlTfQJcp_-Qf2uGGQQ,Past Uncovered,history_reconstruction,2,2,13805,9661,https://www.youtube.com/channel/UC3Rr9YlTfQJcp_-Qf2uGGQQ/videos
UCNDM0eq9WmBDr5UwMQFeFew,World View - Documentary,everyday_history,1,1,13549,13549,https://www.youtube.com/channel/UCNDM0eq9WmBDr5UwMQFeFew/videos
UCPohbSYq4IXhv0yxiy-sT4g,Yadnya Investment Academy,economic_explainers,1,1,13432,13432,https://www.youtube.com/channel/UCPohbSYq4IXhv0yxiy-sT4g/videos
UC7pznbOOtRkyWmlKrreKg9A,Tech in a Teacup,technology_ai,1,1,13386,13386,https://www.youtube.com/channel/UC7pznbOOtRkyWmlKrreKg9A/videos
UC7VV9lxZ7wKraO1mwNZPajQ,Global Discovery Documentary,work_career_education,5,5,12532,8940,https://www.youtube.com/channel/UC7VV9lxZ7wKraO1mwNZPajQ/videos
UCiVD6u5K5nZVmVLVzadw2hw,PastWalks,history_reconstruction,1,1,12253,12253,https://www.youtube.com/channel/UCiVD6u5K5nZVmVLVzadw2hw/videos
UC6RcE6Vif-2ZDo0XvufHVSQ,Who Gets Paid,economic_explainers,1,1,11586,11586,https://www.youtube.com/channel/UC6RcE6Vif-2ZDo0XvufHVSQ/videos
UC8WwmXVEiEM7JRB1CJj_nvQ,Captain Obscure,business_economics,1,1,11544,11544,https://www.youtube.com/channel/UC8WwmXVEiEM7JRB1CJj_nvQ/videos
UCN_dHK1FaBy8oPeckH9-rmQ,Nerdy Show,consumer_systems,1,1,11407,11407,https://www.youtube.com/channel/UCN_dHK1FaBy8oPeckH9-rmQ/videos
UCbG4WtiYJMrgV2A2-Db3X3Q,Javed Khaira,technology_ai,1,1,11192,11192,https://www.youtube.com/channel/UCbG4WtiYJMrgV2A2-Db3X3Q/videos
UCEfhVY_h9pVPI0caA6RboUQ,Explanations,psychology_society,2,2,11036,5679,https://www.youtube.com/channel/UCEfhVY_h9pVPI0caA6RboUQ/videos
UCBfaT94cQMe7SbPH0-SwJ_Q,Hatchback Stories,practical_lifestyle,1,0,10848,10848,https://www.youtube.com/channel/UCBfaT94cQMe7SbPH0-SwJ_Q/videos
UCMfym-9BTQUmmfS32SZAv1A,Light Budget Stories,work_career_education,1,0,10647,10647,https://www.youtube.com/channel/UCMfym-9BTQUmmfS32SZAv1A/videos
UCEAZeUIeJs0IjQiqTCdVSIg,Yahoo Finance,culture_entertainment,1,1,10594,10594,https://www.youtube.com/channel/UCEAZeUIeJs0IjQiqTCdVSIg/videos
UCzHXTdESUrgGXit_pLVOcrA,LufSec Cyber Security,technology_ai,1,1,10562,10562,https://www.youtube.com/channel/UCzHXTdESUrgGXit_pLVOcrA/videos
UCyPqaZQ7pVFpTYE3_Qqh1Bw,World Side,everyday_history,1,1,10525,10525,https://www.youtube.com/channel/UCyPqaZQ7pVFpTYE3_Qqh1Bw/videos
UC490Mq4NW44OAo-oq7PLvfg,PW Karnataka 9th & SSLC ,science_engineering,1,1,10483,10483,https://www.youtube.com/channel/UC490Mq4NW44OAo-oq7PLvfg/videos
UC4rlAVgAK0SGk-yTfe48Qpw,BRIGHT SIDE,geography_logistics,1,1,9542,9542,https://www.youtube.com/channel/UC4rlAVgAK0SGk-yTfe48Qpw/videos
UC5Wa7x5lxB8PqOZ7H1MF6Kw,Your Explainer,geography_logistics,2,2,9528,8119,https://www.youtube.com/channel/UC5Wa7x5lxB8PqOZ7H1MF6Kw/videos
UC_gUM8rL-Lrg6O3adPW9K1g,WION,work_career_education,1,0,9452,9452,https://www.youtube.com/channel/UC_gUM8rL-Lrg6O3adPW9K1g/videos
UC8XvZVaCiTV0u4WYiug7NhA,Ancient Industry,everyday_history,2,2,9326,6884,https://www.youtube.com/channel/UC8XvZVaCiTV0u4WYiug7NhA/videos
UCLrrzccqsqby97ZLlJhE98g,WISE JOE,psychology_society,1,1,9128,9128,https://www.youtube.com/channel/UCLrrzccqsqby97ZLlJhE98g/videos
UCfFrsS14viloVm1dKqHSoxQ,Japan Guide,everyday_history,1,1,8978,8978,https://www.youtube.com/channel/UCfFrsS14viloVm1dKqHSoxQ/videos
UCtgzOmdSA1HXu01PZg3Kkwg,Witness,geography_logistics,1,1,8848,8848,https://www.youtube.com/channel/UCtgzOmdSA1HXu01PZg3Kkwg/videos
UCDps2bHI7iDEWuI_voOnObQ,WasherBoy12,everyday_history,2,1,8755,4882,https://www.youtube.com/channel/UCDps2bHI7iDEWuI_voOnObQ/videos
UC801deMnSqNxIvqG-bJJEfw,DevAnna,business_economics,1,0,8746,8746,https://www.youtube.com/channel/UC801deMnSqNxIvqG-bJJEfw/videos
UCOusPwyNlxmtqQduGOM2FnA,Explaining Economics Like You're Five,business_economics,1,1,8676,8676,https://www.youtube.com/channel/UCOusPwyNlxmtqQduGOM2FnA/videos
UC2wEhBIL5qThrHzXbcnnuOA,Money Instructor,consumer_systems,1,1,8584,8584,https://www.youtube.com/channel/UC2wEhBIL5qThrHzXbcnnuOA/videos
UCFN6r1FAzIoza_XHKmvIz2Q,Medieval Sisters,everyday_history,3,3,8555,1060,https://www.youtube.com/channel/UCFN6r1FAzIoza_XHKmvIz2Q/videos
UCmcqnjaMl1CohjCKQfhp68Q,Curio Explains ,science_engineering,1,1,8485,8485,https://www.youtube.com/channel/UCmcqnjaMl1CohjCKQfhp68Q/videos
UC3m8f9Wxe48W5x2L2c64dVw,GEDEON DOC,technology_ai,1,1,8105,8105,https://www.youtube.com/channel/UC3m8f9Wxe48W5x2L2c64dVw/videos
UClYXEXWf0fzFcHryYrqBGPA,Casually Doomed,science_engineering,1,1,8035,8035,https://www.youtube.com/channel/UClYXEXWf0fzFcHryYrqBGPA/videos
UCsJ_ndX9MKprtGcD0glG_pg,Mediatime Network,psychology_society,1,1,7959,7959,https://www.youtube.com/channel/UCsJ_ndX9MKprtGcD0glG_pg/videos
UCrKliDxqxsrocdyevQ_tVWg,Victorian Era Stories,everyday_history,1,1,7911,7911,https://www.youtube.com/channel/UCrKliDxqxsrocdyevQ_tVWg/videos
UCchl91rVxlYfTlhikfzn2Cw,Echoes of History Eternal,history_reconstruction,1,1,7654,7654,https://www.youtube.com/channel/UCchl91rVxlYfTlhikfzn2Cw/videos
UCeaJ37P2B1QUGgsI0RyFugw,Thomas Relives History,everyday_history,1,1,7606,7606,https://www.youtube.com/channel/UCeaJ37P2B1QUGgsI0RyFugw/videos
UCaoz4kRJ8C4MR5wmK4qMi1Q,IF TV,speculative_scifi,1,1,7422,7422,https://www.youtube.com/channel/UCaoz4kRJ8C4MR5wmK4qMi1Q/videos
UC40oGzVlyivsS5rbCYRWmVQ,Kishan Rai Sharma,psychology_society,1,1,7297,7297,https://www.youtube.com/channel/UC40oGzVlyivsS5rbCYRWmVQ/videos
UCh38x3hzHHEw4c8xpkhTZyA,Symoné B. Tech,technology_ai,1,0,7146,7146,https://www.youtube.com/channel/UCh38x3hzHHEw4c8xpkhTZyA/videos
UCptc7b3jk_PtbpLLeZojRZA,Harnoor Singh,work_career_education,1,1,7068,7068,https://www.youtube.com/channel/UCptc7b3jk_PtbpLLeZojRZA/videos
UCzb8OJuZuCgvwmzTLKJ8mlw,Quiet History Vault,everyday_history,3,3,7028,2915,https://www.youtube.com/channel/UCzb8OJuZuCgvwmzTLKJ8mlw/videos
UCvOaNIya6EPc6yieQymjPHQ,Dream City,everyday_history,1,1,6948,6948,https://www.youtube.com/channel/UCvOaNIya6EPc6yieQymjPHQ/videos
UCexls3bdo5ZVsspaVG6_Izg,Wildlife Professor,wildlife_documentaries,1,1,6814,6814,https://www.youtube.com/channel/UCexls3bdo5ZVsspaVG6_Izg/videos
UC67694aBNvF3VqIW9GnBorg,Sciesmic,science_engineering,1,1,6768,6768,https://www.youtube.com/channel/UC67694aBNvF3VqIW9GnBorg/videos
UCptumInBgDJ9PTKFTyQpvuQ,Forgotten Servant Kitchens,everyday_history,1,1,6371,6371,https://www.youtube.com/channel/UCptumInBgDJ9PTKFTyQpvuQ/videos
UC1U3EGWYzlCJ_EnMYNADmrA,PRIME24,speculative_scifi,1,0,6048,6048,https://www.youtube.com/channel/UC1U3EGWYzlCJ_EnMYNADmrA/videos
UC3nw6TwaLBJ-MXeTlBsFazw,Scams,crime_scams_mystery|internet_mysteries,2,2,5980,5980,https://www.youtube.com/channel/UC3nw6TwaLBJ-MXeTlBsFazw/videos
UCJ4h5kzhsD3P56Wnr38vf9g,Forgotten Brand America,culture_entertainment,1,1,5764,5764,https://www.youtube.com/channel/UCJ4h5kzhsD3P56Wnr38vf9g/videos
UCVqICsy4VSEJrdOVgWxf0qw,Clever Crack,business_economics,1,1,5723,5723,https://www.youtube.com/channel/UCVqICsy4VSEJrdOVgWxf0qw/videos
UC-IBQSNy1a9h1wwZM5PLkXA,Tomisin Atobatele,psychology_society,1,1,5700,5700,https://www.youtube.com/channel/UC-IBQSNy1a9h1wwZM5PLkXA/videos
UCdpDOLDodENOwfA0b4fLwsw,Spoke Media ,economic_explainers,1,1,5599,5599,https://www.youtube.com/channel/UCdpDOLDodENOwfA0b4fLwsw/videos
UCNLAz6FbsbNvk8QUp4dqZ-g,Finance It Simple,practical_lifestyle,1,0,5200,5200,https://www.youtube.com/channel/UCNLAz6FbsbNvk8QUp4dqZ-g/videos
UCjdxK5A1qQh8NAV0eTkRoFQ,Excedify ,practical_lifestyle,2,1,5150,4475,https://www.youtube.com/channel/UCjdxK5A1qQh8NAV0eTkRoFQ/videos
UCbE9KHOcScAuFJUdV7zSDMw,Fossil Legacy,history_reconstruction,1,1,4969,4969,https://www.youtube.com/channel/UCbE9KHOcScAuFJUdV7zSDMw/videos
UCVitdltnfZt4ZoN0zrZdVdg,Earth Craft,science_engineering,1,1,4826,4826,https://www.youtube.com/channel/UCVitdltnfZt4ZoN0zrZdVdg/videos
UCyGOloOIJWt8NlE4tnejQeA,MedCircle,psychology_society,1,1,4784,4784,https://www.youtube.com/channel/UCyGOloOIJWt8NlE4tnejQeA/videos
UCLub1hnvOZXCylRNIQJ1N9Q,DuceGT,geography_logistics,1,1,4637,4637,https://www.youtube.com/channel/UCLub1hnvOZXCylRNIQJ1N9Q/videos
UC9xb9HDUOMS9P2LYxp1NSkw,Market Mayhem,culture_entertainment,1,1,4599,4599,https://www.youtube.com/channel/UC9xb9HDUOMS9P2LYxp1NSkw/videos
UCef1-8eOpJgud7szVPlZQAQ,CNN-News18,consumer_systems,1,1,4590,4590,https://www.youtube.com/channel/UCef1-8eOpJgud7szVPlZQAQ/videos
UCBgYh_ONhtkwRojvYKrDoBg,M2B Reality,science_engineering,1,1,4580,4580,https://www.youtube.com/channel/UCBgYh_ONhtkwRojvYKrDoBg/videos
UCztiPbiQ9moCr8a7YgOwwIg,Ballistic Rider,practical_lifestyle,1,1,4565,4565,https://www.youtube.com/channel/UCztiPbiQ9moCr8a7YgOwwIg/videos
UCsaIQHXEMymxrg4tMUkwJ1g,Sahari,science_engineering,1,1,4542,4542,https://www.youtube.com/channel/UCsaIQHXEMymxrg4tMUkwJ1g/videos
UCJawyJQfPe7bAJV-sbK2Hug,CzieReacts ,internet_mysteries,1,1,4530,4530,https://www.youtube.com/channel/UCJawyJQfPe7bAJV-sbK2Hug/videos
UCnRivgjmMqZNCQiMzQ32JPA,Vexy+,geography_logistics,1,1,4423,4423,https://www.youtube.com/channel/UCnRivgjmMqZNCQiMzQ32JPA/videos
UCd3U99yraB-urMU_-UqD5DQ,Nicomotor,geography_logistics,1,1,4275,4275,https://www.youtube.com/channel/UCd3U99yraB-urMU_-UqD5DQ/videos
UC2-cQAW7H-eBkfFVOAi-wZA,Hard Lives in History,everyday_history,2,2,4231,2384,https://www.youtube.com/channel/UC2-cQAW7H-eBkfFVOAi-wZA/videos
UCKWieOUV7aJFvn6iCsRCA9A,Dr. Charlie’s History Lab,history_reconstruction,1,1,4217,4217,https://www.youtube.com/channel/UCKWieOUV7aJFvn6iCsRCA9A/videos
UCJx_EjxDb0155qnUNCB9DlQ,Association for Supply Chain Management,geography_logistics,1,0,4170,4170,https://www.youtube.com/channel/UCJx_EjxDb0155qnUNCB9DlQ/videos
UCX87zQ7ISN-3hJ3zGFKOrIA,Betty’s British Kitchen,everyday_history,1,1,4108,4108,https://www.youtube.com/channel/UCX87zQ7ISN-3hJ3zGFKOrIA/videos
UCCNcHj6vkay2PQuEN8cia_Q,History Before Sleep,everyday_history,1,1,4078,4078,https://www.youtube.com/channel/UCCNcHj6vkay2PQuEN8cia_Q/videos
UCvKQJAY8-FXC2g0TycIea9w,Gentle History for Deep Sleep,everyday_history,2,2,4033,2540,https://www.youtube.com/channel/UCvKQJAY8-FXC2g0TycIea9w/videos
UCQp4gxK53z4EjIf2qSupzvQ,Sabranip,geography_logistics,1,1,4016,4016,https://www.youtube.com/channel/UCQp4gxK53z4EjIf2qSupzvQ/videos
UCR6yf6QdQLbPudipS9E8XqQ,Business Decision with Mike Vorkunov,culture_entertainment,1,1,4002,4002,https://www.youtube.com/channel/UCR6yf6QdQLbPudipS9E8XqQ/videos
UChYyRkoqnTUY7sGDaRsruTg,The American Gazetteer-Relaxing History For Sleep,everyday_history,1,1,3900,3900,https://www.youtube.com/channel/UChYyRkoqnTUY7sGDaRsruTg/videos
UCf33nkiGJ3C3u-Ey-5_r38A,Village Channel,everyday_history,1,1,3726,3726,https://www.youtube.com/channel/UCf33nkiGJ3C3u-Ey-5_r38A/videos
UCCXQgjB0xD09JWfExUCgN9g,How Great Is Britain,consumer_systems,1,1,3670,3670,https://www.youtube.com/channel/UCCXQgjB0xD09JWfExUCgN9g/videos
UCRP7igNnGOwpxY3LmuTalBg,Vosa,psychology_society,1,1,3623,3623,https://www.youtube.com/channel/UCRP7igNnGOwpxY3LmuTalBg/videos
UClyHdj_YkedLOJ6bGI7AU0g,The Snoozetorian,everyday_history,1,1,3569,3569,https://www.youtube.com/channel/UClyHdj_YkedLOJ6bGI7AU0g/videos
UCrpndb7tGvjDQz3n9aT_O5w,Breakdownz - The Story Behind Everything,everyday_history,1,0,3558,3558,https://www.youtube.com/channel/UCrpndb7tGvjDQz3n9aT_O5w/videos
UCTQhjqcgS3FIoLEJasZrLRQ,Great American Nostalgia,everyday_history,1,1,3406,3406,https://www.youtube.com/channel/UCTQhjqcgS3FIoLEJasZrLRQ/videos
UCouPeqI9PDQ4kSI2lOEOLpg,Our World,nature_animals|psychology_society,2,2,3397,2581,https://www.youtube.com/channel/UCouPeqI9PDQ4kSI2lOEOLpg/videos
UCUTSsHCHHLX8K1nUM8MbcvQ,GeoMap Unveiled,geography_logistics,1,1,3295,3295,https://www.youtube.com/channel/UCUTSsHCHHLX8K1nUM8MbcvQ/videos
UCY3V5fMP6udG4XanAS1ETRQ,Whispers Of Astra ,geography_logistics,1,1,3283,3283,https://www.youtube.com/channel/UCY3V5fMP6udG4XanAS1ETRQ/videos
UCOkPUlXy3oTd2e5SngooGCw,Europe Today - The Untold,work_career_education,1,1,3263,3263,https://www.youtube.com/channel/UCOkPUlXy3oTd2e5SngooGCw/videos
UCQgD6tV8_dHbR8KakmY6m5w,TimesXP,work_career_education,2,0,3200,1723,https://www.youtube.com/channel/UCQgD6tV8_dHbR8KakmY6m5w/videos
UCHO7vbSlz7x8qIAkZWoyVow,Everyman Driver,practical_lifestyle,1,1,3144,3144,https://www.youtube.com/channel/UCHO7vbSlz7x8qIAkZWoyVow/videos
UCqdtXFhkh7FnrkUFtv1UFhQ,True Crime Breakdown,internet_mysteries,1,1,3139,3139,https://www.youtube.com/channel/UCqdtXFhkh7FnrkUFtv1UFhQ/videos
UClpqLfUsQmoEWVvrH0x2J4Q,Engineering Impossible Official,science_engineering,1,1,3096,3096,https://www.youtube.com/channel/UClpqLfUsQmoEWVvrH0x2J4Q/videos
UCAOVXGDEvCFxJJz8PC5nPUw,Anand Sankar,history_civilization,1,0,3078,3078,https://www.youtube.com/channel/UCAOVXGDEvCFxJJz8PC5nPUw/videos
UCgDSpXfGJjC4PYpvgwX6V2A,The Unfolded States,work_career_education,2,2,3063,2813,https://www.youtube.com/channel/UCgDSpXfGJjC4PYpvgwX6V2A/videos
UCoQNa4L9Lo-chmz3sPyqNbw,The Invisible World™ ,business_economics,1,0,2944,2944,https://www.youtube.com/channel/UCoQNa4L9Lo-chmz3sPyqNbw/videos
UCsvOKiFRXrG1AvfSo2RUZKQ,Progress - Science Documentaries,everyday_history|science_engineering,3,3,2891,2686,https://www.youtube.com/channel/UCsvOKiFRXrG1AvfSo2RUZKQ/videos
UCPYWIGtfvtHjyqzzvOYDmBQ,CPG Supply Chain,geography_logistics,4,0,2885,1222,https://www.youtube.com/channel/UCPYWIGtfvtHjyqzzvOYDmBQ/videos
UCspDvGXrxjZbOlRaw0Ea3sw,Jia Liao,consumer_systems,1,1,2882,2882,https://www.youtube.com/channel/UCspDvGXrxjZbOlRaw0Ea3sw/videos
UC5IlF5yzOBEEGEll6mqUc8g,Sleep Academy,practical_lifestyle,1,1,2876,2876,https://www.youtube.com/channel/UC5IlF5yzOBEEGEll6mqUc8g/videos
UCJIHOWrfHy5r5piOl550H3g,BBS Earth Explore,wildlife_documentaries,1,1,2871,2871,https://www.youtube.com/channel/UCJIHOWrfHy5r5piOl550H3g/videos
UCKXF6QPkTtfp_8Vege6vQJw,Pustak Manthan,wildlife_documentaries,1,1,2840,2840,https://www.youtube.com/channel/UCKXF6QPkTtfp_8Vege6vQJw/videos
UCEXGuOfWMJoJelKsAwIRhZQ,Top Hat,business_economics,1,1,2700,2700,https://www.youtube.com/channel/UCEXGuOfWMJoJelKsAwIRhZQ/videos
UCZbk6uh4cbxwscTJEJXzxzA,The Royal Chronicles ,everyday_history,1,1,2690,2690,https://www.youtube.com/channel/UCZbk6uh4cbxwscTJEJXzxzA/videos
UCGSE0RH4LbXndiCEf6sRPFA,MY DREAM,nature_animals,1,0,2668,2668,https://www.youtube.com/channel/UCGSE0RH4LbXndiCEf6sRPFA/videos
UC-eM1m-VYCLjIjdqkjH7d4Q,History Uncovered,everyday_history,1,1,2659,2659,https://www.youtube.com/channel/UC-eM1m-VYCLjIjdqkjH7d4Q/videos
UCoEYjQEH0DVnjJBwVMfTpXA,Ya Boi Tyler,speculative_scifi,1,0,2650,2650,https://www.youtube.com/channel/UCoEYjQEH0DVnjJBwVMfTpXA/videos
UCakwNgDUFDs_8wdH1PMZ2Vw,Daily Bite,consumer_systems,1,1,2630,2630,https://www.youtube.com/channel/UCakwNgDUFDs_8wdH1PMZ2Vw/videos
UCrFVceoXrtyyCTk4nENUTBw,Allan's Abandoned America,everyday_history,1,0,2628,2628,https://www.youtube.com/channel/UCrFVceoXrtyyCTk4nENUTBw/videos
UCjeWO9iCdY45AN2lmLG20Qw,Ancient Daily Life,history_reconstruction,1,1,2627,2627,https://www.youtube.com/channel/UCjeWO9iCdY45AN2lmLG20Qw/videos
UCJ9_ohRJrR6oV3JBPl1nANA,The Reconstructed History,everyday_history,1,1,2579,2579,https://www.youtube.com/channel/UCJ9_ohRJrR6oV3JBPl1nANA/videos
UC3DxaifN_r357SQiJma8XYQ,Ashes Of History ,history_civilization,1,1,2576,2576,https://www.youtube.com/channel/UC3DxaifN_r357SQiJma8XYQ/videos
UChOJePYqvnY3E706MqwWmig,Forgotten America With Michael,everyday_history,1,1,2471,2471,https://www.youtube.com/channel/UChOJePYqvnY3E706MqwWmig/videos
UCnLi9MtgNcpOzslyw9Q_p4g,Fact Xpress Hindi,crime_scams_mystery,1,1,2461,2461,https://www.youtube.com/channel/UCnLi9MtgNcpOzslyw9Q_p4g/videos
UCFVxzVMeSJr-NNW3KzXYtRA,Burchalations,consumer_systems|work_career_education,2,2,2451,2420,https://www.youtube.com/channel/UCFVxzVMeSJr-NNW3KzXYtRA/videos
UChXXrsbdwKuVD5N_n1iPgSg,Tech History Channel,business_economics,1,1,2419,2419,https://www.youtube.com/channel/UChXXrsbdwKuVD5N_n1iPgSg/videos
UCKxldJvvbYFJAKrmAWXjGoQ,Vanta Labs,science_engineering,1,1,2398,2398,https://www.youtube.com/channel/UCKxldJvvbYFJAKrmAWXjGoQ/videos
UCRqnYkyp0c7rRBjigGzzUHQ,Lost Timelines,speculative_scifi,1,1,2384,2384,https://www.youtube.com/channel/UCRqnYkyp0c7rRBjigGzzUHQ/videos
UCtsbFwFmQb3tnaIbn7EjdUA,Living History,history_reconstruction,4,4,2322,998,https://www.youtube.com/channel/UCtsbFwFmQb3tnaIbn7EjdUA/videos
UCc-EAkbF5I2shvgJYTQqglQ,Iron and Memory,science_engineering,1,1,2256,2256,https://www.youtube.com/channel/UCc-EAkbF5I2shvgJYTQqglQ/videos
UCPBEqHIU1d4OFj7rHDooD4g,The Money Files,economic_explainers,1,1,2242,2242,https://www.youtube.com/channel/UCPBEqHIU1d4OFj7rHDooD4g/videos
UCPPPrnT5080hPMxK1N4QSjA,V Movies,speculative_scifi,1,1,2216,2216,https://www.youtube.com/channel/UCPPPrnT5080hPMxK1N4QSjA/videos
UC5Jt_eXxSv8xahJu18oP0Kg,Electric Vehicle Talks,practical_lifestyle,1,1,2174,2174,https://www.youtube.com/channel/UC5Jt_eXxSv8xahJu18oP0Kg/videos
UCIyTvJiC7V6CZVwYRsaFRMw,Lazare_Survey,history_reconstruction,1,1,2120,2120,https://www.youtube.com/channel/UCIyTvJiC7V6CZVwYRsaFRMw/videos
UCPyXgBceri7IB8aLudXpBBg,America Nostalgia,everyday_history,1,1,2081,2081,https://www.youtube.com/channel/UCPyXgBceri7IB8aLudXpBBg/videos
UCLrFojZKAOt4swlwqBymSyg,Architecture Genie,everyday_history,1,1,2076,2076,https://www.youtube.com/channel/UCLrFojZKAOt4swlwqBymSyg/videos
UCj-KLD-dZVR2jHbpoTaKyww,Daft Driver,practical_lifestyle,1,1,2053,2053,https://www.youtube.com/channel/UCj-KLD-dZVR2jHbpoTaKyww/videos
UCkZNFqU5TTUTsz16TWAORkw,Wildlife Documentary Hub,wildlife_documentaries,1,1,2047,2047,https://www.youtube.com/channel/UCkZNFqU5TTUTsz16TWAORkw/videos
UCLjxunxqM78iOJAqR1dlhCg,DES Technologies,technology_ai,1,0,1959,1959,https://www.youtube.com/channel/UCLjxunxqM78iOJAqR1dlhCg/videos
UCxUpfiL7sHkKKyLUow2XmjQ,Mythic Psyche,psychology_society,1,1,1930,1930,https://www.youtube.com/channel/UCxUpfiL7sHkKKyLUow2XmjQ/videos
UCPQu_AnlM315lCdTGrOT2OQ,Maskyotic,crime_scams_mystery,1,1,1928,1928,https://www.youtube.com/channel/UCPQu_AnlM315lCdTGrOT2OQ/videos
UCN3R2pc_9NlSETO45R9BNcA,BlueLine Archive,crime_scams_mystery,1,1,1900,1900,https://www.youtube.com/channel/UCN3R2pc_9NlSETO45R9BNcA/videos
UC4vn8Q6TEJF9_YRqUdmBauA,Memory Trails,everyday_history,1,1,1875,1875,https://www.youtube.com/channel/UC4vn8Q6TEJF9_YRqUdmBauA/videos
UCgQLS6G8CGoG2TMT80y5HFQ,Old World Lens,everyday_history,1,1,1864,1864,https://www.youtube.com/channel/UCgQLS6G8CGoG2TMT80y5HFQ/videos
UC4pBhL5OHmIMnfs27AxmywQ,GyaanProcess,science_engineering,1,1,1861,1861,https://www.youtube.com/channel/UC4pBhL5OHmIMnfs27AxmywQ/videos
UCxUk2e3VhNKsuDw6ww-dv1Q,Perfology,practical_lifestyle,1,0,1859,1859,https://www.youtube.com/channel/UCxUk2e3VhNKsuDw6ww-dv1Q/videos
UCaZy72jcm-TaP4-4iShcKIA,laramietravel,consumer_systems,1,1,1848,1848,https://www.youtube.com/channel/UCaZy72jcm-TaP4-4iShcKIA/videos
UCh-WWORE6PKwUB9gkDZULzA,Voz de la Calle,culture_entertainment,1,1,1832,1832,https://www.youtube.com/channel/UCh-WWORE6PKwUB9gkDZULzA/videos
UCusQuS97UGUHusIPuEIuCtw,Domestic Revolutions,everyday_history,1,1,1822,1822,https://www.youtube.com/channel/UCusQuS97UGUHusIPuEIuCtw/videos
UCoXxgPhAw6b-alka6BJCt1g,Modern Life Dating,psychology_society,1,1,1804,1804,https://www.youtube.com/channel/UCoXxgPhAw6b-alka6BJCt1g/videos
UCSFQF5Eu6NDZyyHdQHXIm0Q,DISPATCH,geography_logistics,1,1,1771,1771,https://www.youtube.com/channel/UCSFQF5Eu6NDZyyHdQHXIm0Q/videos
UC548di_sF9YGH6XTwO1UB9g,American Remind,everyday_history,1,1,1740,1740,https://www.youtube.com/channel/UC548di_sF9YGH6XTwO1UB9g/videos
UCpMbCmfibd9R_6kmGhYNNNQ,False Profits ,business_economics,1,1,1661,1661,https://www.youtube.com/channel/UCpMbCmfibd9R_6kmGhYNNNQ/videos
UC-QcH8EQhHtPqAhG7l12pFw,The Crackton Files,everyday_history,1,0,1645,1645,https://www.youtube.com/channel/UC-QcH8EQhHtPqAhG7l12pFw/videos
UCQZmRPSdz04MG1e-IF46oSQ,Classic Old Western Tales,everyday_history,1,1,1629,1629,https://www.youtube.com/channel/UCQZmRPSdz04MG1e-IF46oSQ/videos
UCnLFOotM0AIgAqLcsQR11lA,Storia in Flanella,everyday_history,1,1,1627,1627,https://www.youtube.com/channel/UCnLFOotM0AIgAqLcsQR11lA/videos
UCtQ0AnnHtk-5xtfMuyUOB9Q,Geo Origins,everyday_history,1,1,1626,1626,https://www.youtube.com/channel/UCtQ0AnnHtk-5xtfMuyUOB9Q/videos
UCjShssvUnIrKjIUEuu_VmkA,The 1920s Vault,everyday_history,1,1,1625,1625,https://www.youtube.com/channel/UCjShssvUnIrKjIUEuu_VmkA/videos
UCjLugE53SVLB1fRWsI16Q7A,#ExpertiseExchange,business_economics,1,1,1591,1591,https://www.youtube.com/channel/UCjLugE53SVLB1fRWsI16Q7A/videos
UCcB64uVymo0YHIUmthy2Ubg,The Learning Studio,practical_lifestyle,1,0,1591,1591,https://www.youtube.com/channel/UCcB64uVymo0YHIUmthy2Ubg/videos
UCrrt7SXLYiCp_ZekMZZu_sA,The Bulb,work_career_education,1,1,1583,1583,https://www.youtube.com/channel/UCrrt7SXLYiCp_ZekMZZu_sA/videos
UCGQBaG37gPK2wWKCIdjAv3Q,The Financial Explorer,economic_explainers,1,1,1566,1566,https://www.youtube.com/channel/UCGQBaG37gPK2wWKCIdjAv3Q/videos
UCNjJ5xqyEu_1QwjEU0cwwWw,LivingGhosts,everyday_history,2,2,1538,1381,https://www.youtube.com/channel/UCNjJ5xqyEu_1QwjEU0cwwWw/videos
UCf-HbFX5I3PHro60zk-AnZg,Earth Docuvo,everyday_history,2,0,1527,856,https://www.youtube.com/channel/UCf-HbFX5I3PHro60zk-AnZg/videos
UC6QO0w0Gb2W_pigOtl-rBQQ,Echoes of Empire,everyday_history,1,1,1526,1526,https://www.youtube.com/channel/UC6QO0w0Gb2W_pigOtl-rBQQ/videos
UCGDQs6k_RAX5gq41FdmNtjQ,My Insurance,consumer_systems,1,1,1495,1495,https://www.youtube.com/channel/UCGDQs6k_RAX5gq41FdmNtjQ/videos
UCMuuUie8Cpdn3dDTc3YSpSg,Simple Things-WWH,everyday_history,1,1,1478,1478,https://www.youtube.com/channel/UCMuuUie8Cpdn3dDTc3YSpSg/videos
UCrlCaLt9pYCtDmmFIKOxHfw,CHANNEL INFO,internet_mysteries,1,0,1412,1412,https://www.youtube.com/channel/UCrlCaLt9pYCtDmmFIKOxHfw/videos
UCZ5wgmYxTe_lzmegs41S3vA,Tawk To Em Bwoi,work_career_education,1,1,1363,1363,https://www.youtube.com/channel/UCZ5wgmYxTe_lzmegs41S3vA/videos
UCPSF7yTxI8BiXgYmE5C52eg,The Fame Analyst,culture_entertainment,1,0,1354,1354,https://www.youtube.com/channel/UCPSF7yTxI8BiXgYmE5C52eg/videos
UC-m4rrNfL_4RLHIVaZrg3vw,Head of the Underground,everyday_history,1,1,1342,1342,https://www.youtube.com/channel/UC-m4rrNfL_4RLHIVaZrg3vw/videos
UCZWq86Fl0PgaXqPbvAMnq8g,Bite Audit,practical_lifestyle,1,0,1308,1308,https://www.youtube.com/channel/UCZWq86Fl0PgaXqPbvAMnq8g/videos
UCXg0QTMjOVtXhiRAbUg7HIA,SWL,everyday_history,1,0,1169,1169,https://www.youtube.com/channel/UCXg0QTMjOVtXhiRAbUg7HIA/videos
UCJvLs_Awo714snqVhRhIa7Q,Failure to Launch Podcast,speculative_scifi,1,1,1111,1111,https://www.youtube.com/channel/UCJvLs_Awo714snqVhRhIa7Q/videos
UCYXYA4wnUN79uwxUe0NAW9Q,Jagran Josh,work_career_education,1,0,1104,1104,https://www.youtube.com/channel/UCYXYA4wnUN79uwxUe0NAW9Q/videos
UCV0wAPQVKYyMlRafSZWqnPw,Marvellous Education Computer Institute,technology_ai,1,0,1103,1103,https://www.youtube.com/channel/UCV0wAPQVKYyMlRafSZWqnPw/videos
UCitpi8i7A9LECQQ1BNF6RMg,Ripple Frame Documentaries,technology_ai,1,0,1089,1089,https://www.youtube.com/channel/UCitpi8i7A9LECQQ1BNF6RMg/videos
UCyWExuPqgEV-C6F7w20h7LA,Dailylearn Official,geography_logistics,1,1,1086,1086,https://www.youtube.com/channel/UCyWExuPqgEV-C6F7w20h7LA/videos
UCd074reA1HKvUhDITD1RZJQ,Alexs Brooks,consumer_systems,2,2,1049,653,https://www.youtube.com/channel/UCd074reA1HKvUhDITD1RZJQ/videos
UCT6nZ4zm71f4jladVfoNq2w,Tell Me Something,history_reconstruction,1,1,1049,1049,https://www.youtube.com/channel/UCT6nZ4zm71f4jladVfoNq2w/videos
UCeZBbtRKoP0jnEY1oQrrsNQ,Epic History Archive,history_reconstruction,2,2,1045,720,https://www.youtube.com/channel/UCeZBbtRKoP0jnEY1oQrrsNQ/videos
UC3ASzBqVyj5Orq-3j66jsGA,Everyday Echoezzzz,consumer_systems,1,0,1044,1044,https://www.youtube.com/channel/UC3ASzBqVyj5Orq-3j66jsGA/videos
UC5zRULrQbaRZhXSY-PT_ftg,RizingBharat,technology_ai,1,1,1041,1041,https://www.youtube.com/channel/UC5zRULrQbaRZhXSY-PT_ftg/videos
UCtV-QAc7yGKU4xsg3TNyvAA,Meltdown Diaries,technology_ai,1,1,1035,1035,https://www.youtube.com/channel/UCtV-QAc7yGKU4xsg3TNyvAA/videos
UCSXFaThRuBGbqOaZsTxZnTQ,How to Game Life,psychology_society,1,1,1022,1022,https://www.youtube.com/channel/UCSXFaThRuBGbqOaZsTxZnTQ/videos
UCRXXl7xsxWFb4U84Jp_vgaw,Money Decode,consumer_systems|work_career_education,2,2,1011,512,https://www.youtube.com/channel/UCRXXl7xsxWFb4U84Jp_vgaw/videos
UClaomlHyLdmfYPw0-xgb2-w,To-History,everyday_history,1,1,995,995,https://www.youtube.com/channel/UClaomlHyLdmfYPw0-xgb2-w/videos
UCWKE-K2c7Doy_DVsdwB8cJQ,National Geographic Hindi Documentary,geography_logistics,1,1,994,994,https://www.youtube.com/channel/UCWKE-K2c7Doy_DVsdwB8cJQ/videos
UCk6fsBrbVaUzUKNnPaBDtpQ,Prabhavati Rajhans ,geography_logistics,1,0,991,991,https://www.youtube.com/channel/UCk6fsBrbVaUzUKNnPaBDtpQ/videos
UCmSm0NgUP2LqU5KcBcnHzxw,One Engineer,practical_lifestyle,1,1,956,956,https://www.youtube.com/channel/UCmSm0NgUP2LqU5KcBcnHzxw/videos
UCgsLw8ZPaCUCw_KHwAKi5oQ,V1 and Rotate By Sumiran,geography_logistics,1,1,915,915,https://www.youtube.com/channel/UCgsLw8ZPaCUCw_KHwAKi5oQ/videos
UCiA8oqaqPyfXt74jitl0lPA,World Without Anything,everyday_history,1,1,913,913,https://www.youtube.com/channel/UCiA8oqaqPyfXt74jitl0lPA/videos
UCa3UQNnYZeXMG-hWUkDPgjg,Captured in History ,history_reconstruction,1,1,910,910,https://www.youtube.com/channel/UCa3UQNnYZeXMG-hWUkDPgjg/videos
UC6gcEHHpXgpOabJLyztd1Zw,LoveGrip,psychology_society,1,0,890,890,https://www.youtube.com/channel/UC6gcEHHpXgpOabJLyztd1Zw/videos
UCgb5qntXNrGsaV95wqG7xNQ,MR.OWNERS,geography_logistics,1,1,886,886,https://www.youtube.com/channel/UCgb5qntXNrGsaV95wqG7xNQ/videos
UCQ56lStPjYYg5VLCYW2IvAA,Cozy Sleep Tales,everyday_history,1,1,861,861,https://www.youtube.com/channel/UCQ56lStPjYYg5VLCYW2IvAA/videos
UC44e8Yap94ZbGCfDXNc-aXg,WeDocus - The World in Documentaries,psychology_society,1,1,855,855,https://www.youtube.com/channel/UC44e8Yap94ZbGCfDXNc-aXg/videos
UC5vqQMD58jmrjDsa4x0ZzHA,Tanveer 360 World,everyday_history|nature_animals,2,2,844,844,https://www.youtube.com/channel/UC5vqQMD58jmrjDsa4x0ZzHA/videos
UC4_71Fpwff5QjGP0LaX_04A,American Ironworks,everyday_history,1,1,835,835,https://www.youtube.com/channel/UC4_71Fpwff5QjGP0LaX_04A/videos
UC-3WQDrCqfIThFkR2vwkkJA,Rohit raj motivation,culture_entertainment,1,1,823,823,https://www.youtube.com/channel/UC-3WQDrCqfIThFkR2vwkkJA/videos
UC4zo9Qgn-lNloW1TSzRuqTQ,It Gets Weirder,history_reconstruction,1,1,794,794,https://www.youtube.com/channel/UC4zo9Qgn-lNloW1TSzRuqTQ/videos
UC4FhNlqqdLDDtHwx2xFO6kw,History Create,history_reconstruction,1,0,786,786,https://www.youtube.com/channel/UC4FhNlqqdLDDtHwx2xFO6kw/videos
UC8DlCROk5ENquUiGL986u1Q,History & Disasters,everyday_history,1,1,763,763,https://www.youtube.com/channel/UC8DlCROk5ENquUiGL986u1Q/videos
UCv6onzQruKJeJo-sVTbRIoA,Erased Evidence,everyday_history,1,1,759,759,https://www.youtube.com/channel/UCv6onzQruKJeJo-sVTbRIoA/videos
UC53shPbuHP88x5auRW4RmoQ,Scorpio Realm,consumer_systems,1,0,758,758,https://www.youtube.com/channel/UC53shPbuHP88x5auRW4RmoQ/videos
UC0ZhxGw1r1n63tWmYQ0bzZA,GLOBIS Insights,culture_entertainment,1,1,744,744,https://www.youtube.com/channel/UC0ZhxGw1r1n63tWmYQ0bzZA/videos
UC5amYbyhJiUoIaHur66sMsg,NYC Nostalgia,everyday_history,1,1,737,737,https://www.youtube.com/channel/UC5amYbyhJiUoIaHur66sMsg/videos
UCIjnKrLr8z3YIE7u4HnY2Lg,"Partha Nandi, MD",consumer_systems,1,0,734,734,https://www.youtube.com/channel/UCIjnKrLr8z3YIE7u4HnY2Lg/videos
UCg7KzWpg_wBblwJzDvi17cg,Factify Hub,psychology_society,1,1,706,706,https://www.youtube.com/channel/UCg7KzWpg_wBblwJzDvi17cg/videos
UC7iWkZfs0bcCDtP1XJYM3xQ,Secrets of Great Places,everyday_history,1,1,701,701,https://www.youtube.com/channel/UC7iWkZfs0bcCDtP1XJYM3xQ/videos
UCVaqdaJ35lQCz9pzpCefxUw,Crew Insider,psychology_society,1,1,699,699,https://www.youtube.com/channel/UCVaqdaJ35lQCz9pzpCefxUw/videos
UCXxbGWsAWHJ-2uLiHlj2UdA,Rajkosh Files,consumer_systems,1,1,687,687,https://www.youtube.com/channel/UCXxbGWsAWHJ-2uLiHlj2UdA/videos
UCe50ibE3yQqiltqllDOn3jQ,SLICE Science,science_engineering,1,1,674,674,https://www.youtube.com/channel/UCe50ibE3yQqiltqllDOn3jQ/videos
UCJm3RgyVqUEE0DfJZdKalNQ,Auto Explained,practical_lifestyle,1,1,674,674,https://www.youtube.com/channel/UCJm3RgyVqUEE0DfJZdKalNQ/videos
UC6gelCTNI5BGcmVTj4LyqbQ,Time at Rest,psychology_society,1,1,672,672,https://www.youtube.com/channel/UC6gelCTNI5BGcmVTj4LyqbQ/videos
UCL_ZgWi3WnPdsQpS9zNRmxA,Object 550,everyday_history,1,1,659,659,https://www.youtube.com/channel/UCL_ZgWi3WnPdsQpS9zNRmxA/videos
UCtTVj6nYQ_09fmP_ELkoQuA,Show_Mi,psychology_society,1,0,658,658,https://www.youtube.com/channel/UCtTVj6nYQ_09fmP_ELkoQuA/videos
UCIcdvRHWeuBRuCyTgPu44zQ,Ominous History,history_civilization,1,1,657,657,https://www.youtube.com/channel/UCIcdvRHWeuBRuCyTgPu44zQ/videos
UCJ28K0EZzaYVtdvuMAkGs8g,Jit Doco ,crime_scams_mystery,1,1,654,654,https://www.youtube.com/channel/UCJ28K0EZzaYVtdvuMAkGs8g/videos
UC3IKTmW6IjbrFe2W7lOXxFw,CBC News Quebec,everyday_history,1,0,650,650,https://www.youtube.com/channel/UC3IKTmW6IjbrFe2W7lOXxFw/videos
UC_Goeghm6xJJRkGHsOU9_Wg,Market Explained,economic_explainers,1,1,645,645,https://www.youtube.com/channel/UC_Goeghm6xJJRkGHsOU9_Wg/videos
UCzrgw4L5rInXA6ES6wRzPhw,Internet Infrastructure Explained,technology_ai,16,0,644,30,https://www.youtube.com/channel/UCzrgw4L5rInXA6ES6wRzPhw/videos
UC6n_HeL8xgWIQsKsWs4KO4w,TRACKS - Travel Documentaries,everyday_history,1,1,641,641,https://www.youtube.com/channel/UC6n_HeL8xgWIQsKsWs4KO4w/videos
UCSp6hA6Qf--pvQTzF341XZQ,Unseen Planet TV,geography_logistics,1,1,632,632,https://www.youtube.com/channel/UCSp6hA6Qf--pvQTzF341XZQ/videos
UCHPQey6K4ZKQHuy_cSYbDuA,The Thought Table,psychology_society,1,1,617,617,https://www.youtube.com/channel/UCHPQey6K4ZKQHuy_cSYbDuA/videos
UCUxa4lwiDCGRp66dDi8udnw,Payloads,technology_ai,1,0,614,614,https://www.youtube.com/channel/UCUxa4lwiDCGRp66dDi8udnw/videos
UC6gaTCLT2Fmb0YX1JuogKeA,Tracy Ann  Doss ,internet_mysteries,1,1,605,605,https://www.youtube.com/channel/UC6gaTCLT2Fmb0YX1JuogKeA/videos
UCKt_2z1qX_HrlmeVhFaIu5Q,Reborn History,everyday_history,1,1,572,572,https://www.youtube.com/channel/UCKt_2z1qX_HrlmeVhFaIu5Q/videos
UC6p0D1n_i06r8WTJX2KpV-g,Everyday Index,science_engineering,1,1,567,567,https://www.youtube.com/channel/UC6p0D1n_i06r8WTJX2KpV-g/videos
UCiPMPrrc1CvqKVPwzDx8e7w,James MacLarnon,everyday_history,1,0,563,563,https://www.youtube.com/channel/UCiPMPrrc1CvqKVPwzDx8e7w/videos
UC0lOwpDqGBvuoT4nM-MvP6g,Brand Misfire,business_economics,1,1,547,547,https://www.youtube.com/channel/UC0lOwpDqGBvuoT4nM-MvP6g/videos
UC28oFCCrZcbo1FcI2_r2KRA,Militaria Collectors Network,everyday_history,1,1,544,544,https://www.youtube.com/channel/UC28oFCCrZcbo1FcI2_r2KRA/videos
UCAh4N3-g1Z0AZk4uYfyMqUw,Vicky Logic,history_reconstruction,1,1,535,535,https://www.youtube.com/channel/UCAh4N3-g1Z0AZk4uYfyMqUw/videos
UCozU0lRnQ5FtCcSFZuVn-2g,Inside 19th-Century America,everyday_history,1,1,535,535,https://www.youtube.com/channel/UCozU0lRnQ5FtCcSFZuVn-2g/videos
UCfJTB3ErX-6pMoba10Sf4Dg,The Night Cipher,crime_scams_mystery,1,1,534,534,https://www.youtube.com/channel/UCfJTB3ErX-6pMoba10Sf4Dg/videos
UC8GgyVvvdwQtLOMRcBLnlVA,Adda247 APSC,geography_logistics,1,1,530,530,https://www.youtube.com/channel/UC8GgyVvvdwQtLOMRcBLnlVA/videos
UCZSgDGZ9fvHBjk6QusZsXFQ,DeshNomics,internet_mysteries,1,1,528,528,https://www.youtube.com/channel/UCZSgDGZ9fvHBjk6QusZsXFQ/videos
UCIRNP2wMm8xng5QeYIh0b3Q,Britains Underbelly,crime_scams_mystery,1,1,524,524,https://www.youtube.com/channel/UCIRNP2wMm8xng5QeYIh0b3Q/videos
UCPHfR-ca-k1eZYvDiC9DKZQ,Global Core Insight Documentary,work_career_education,1,1,517,517,https://www.youtube.com/channel/UCPHfR-ca-k1eZYvDiC9DKZQ/videos
UCIw1A72AbrFPbie2wIsBF-Q,Hidden Chapels,history_reconstruction,1,1,512,512,https://www.youtube.com/channel/UCIw1A72AbrFPbie2wIsBF-Q/videos
UCebuCXSYYi-V16AfikkJpWg,Explained Simply,business_economics,1,0,509,509,https://www.youtube.com/channel/UCebuCXSYYi-V16AfikkJpWg/videos
UCfgxWVP79cWG3qCGyy31Xqg,MDNEWS,internet_mysteries,1,1,505,505,https://www.youtube.com/channel/UCfgxWVP79cWG3qCGyy31Xqg/videos
UCZ9twbiUaQgJTyMPhFvcc1A,Nature Wonders,nature_animals,1,1,497,497,https://www.youtube.com/channel/UCZ9twbiUaQgJTyMPhFvcc1A/videos
UCJY8z_KpYvujOEFXaujE3hw,Prime Uncover,everyday_history,1,1,497,497,https://www.youtube.com/channel/UCJY8z_KpYvujOEFXaujE3hw/videos
UCA0eplMabU-4_Dftky6E5QA,Stash - Free Documentaries,science_engineering,1,1,479,479,https://www.youtube.com/channel/UCA0eplMabU-4_Dftky6E5QA/videos
UCB7OAz7qS8vVGJBU3Kr-Zqg,Everyday Psychology,psychology_society,1,1,477,477,https://www.youtube.com/channel/UCB7OAz7qS8vVGJBU3Kr-Zqg/videos
UCrxcJNtPzM1ObnA3tMcMqKQ,Yestertainment,everyday_history,1,1,477,477,https://www.youtube.com/channel/UCrxcJNtPzM1ObnA3tMcMqKQ/videos
UCRvfbZaSZ0ts7sYRn6RU2Vw,AMARULACM,consumer_systems,1,0,475,475,https://www.youtube.com/channel/UCRvfbZaSZ0ts7sYRn6RU2Vw/videos
UCR7SYG7MwXh-ZSR3G4GOkfg,Orange You Smart Learning,science_engineering,1,1,473,473,https://www.youtube.com/channel/UCR7SYG7MwXh-ZSR3G4GOkfg/videos
UC4Jvc5QAXyluhjvG-u6y7Kg,Old Line Archives,business_economics,1,1,471,471,https://www.youtube.com/channel/UC4Jvc5QAXyluhjvG-u6y7Kg/videos
UCfW4cplyrnjbrJT0l0L7tOg,BROWSING NEWS,culture_entertainment,1,0,471,471,https://www.youtube.com/channel/UCfW4cplyrnjbrJT0l0L7tOg/videos
UCT8B6iomFt7jCvKUPROL4aQ,Discover The World,economic_explainers,1,1,463,463,https://www.youtube.com/channel/UCT8B6iomFt7jCvKUPROL4aQ/videos
UCOlIQ0e0-8Wdc8fDtGCnEOw,Legendary Locomotives,everyday_history,1,1,462,462,https://www.youtube.com/channel/UCOlIQ0e0-8Wdc8fDtGCnEOw/videos
UC2TitrpeXIEUqgKYPp935FA,Life in the Wild West,everyday_history,1,1,462,462,https://www.youtube.com/channel/UC2TitrpeXIEUqgKYPp935FA/videos
UCB-FvXHwN6FDcv3zbMXeCFw,Filty Past 1.0,everyday_history,1,1,462,462,https://www.youtube.com/channel/UCB-FvXHwN6FDcv3zbMXeCFw/videos
UCk8ngbwEx3zF0i046P8TITw,The Industry Breakdown,culture_entertainment,1,1,459,459,https://www.youtube.com/channel/UCk8ngbwEx3zF0i046P8TITw/videos
UCM3GImFPCeI28mJwQoWChWQ,Giants Explainer,nature_animals,1,1,459,459,https://www.youtube.com/channel/UCM3GImFPCeI28mJwQoWChWQ/videos
UChRuLUdYIV3bSdUjZoc1QvA,The Unseen Front,everyday_history,1,1,450,450,https://www.youtube.com/channel/UChRuLUdYIV3bSdUjZoc1QvA/videos
UCx7fON_-IhVhA8pugmC9tqw,CaseCadenza,science_engineering,1,0,444,444,https://www.youtube.com/channel/UCx7fON_-IhVhA8pugmC9tqw/videos
UCOYlOWMM4RO-kKQr-0N9m4w,Golden Hour America,everyday_history,1,1,440,440,https://www.youtube.com/channel/UCOYlOWMM4RO-kKQr-0N9m4w/videos
UCFVOB2qjF7BDWR85hyBxpvA,History in 1000s,history_reconstruction,1,1,436,436,https://www.youtube.com/channel/UCFVOB2qjF7BDWR85hyBxpvA/videos
UCbCGOQEi1795E73Jw_8E-Ow,The Medieval Worker,everyday_history,1,1,436,436,https://www.youtube.com/channel/UCbCGOQEi1795E73Jw_8E-Ow/videos
UC926CKBvQdno5vqAav7DKlg,DirectorPsycho,speculative_scifi,1,0,432,432,https://www.youtube.com/channel/UC926CKBvQdno5vqAav7DKlg/videos
UC2HgWjXT9OjQfnB-r2_tE6w,Night Historian,everyday_history,2,2,431,234,https://www.youtube.com/channel/UC2HgWjXT9OjQfnB-r2_tE6w/videos
UCO1Rr4vNh5jlfhE4xhF-Bag,Medieval Path,everyday_history,1,1,430,430,https://www.youtube.com/channel/UCO1Rr4vNh5jlfhE4xhF-Bag/videos
UCS5mdxbRYPUpY-gQr84Y71Q,The Victim Files,consumer_systems,1,1,426,426,https://www.youtube.com/channel/UCS5mdxbRYPUpY-gQr84Y71Q/videos
UCIf6t3gpKr_D46xuWlj9UAQ,Knowledge at Wharton,work_career_education,1,1,426,426,https://www.youtube.com/channel/UCIf6t3gpKr_D46xuWlj9UAQ/videos
UC8xJed7ACI1qnYxEfY0nlyg,Axis Narrative,history_reconstruction,1,1,422,422,https://www.youtube.com/channel/UC8xJed7ACI1qnYxEfY0nlyg/videos
UC_q093hHZNJx944dLmlrc2g,An Svi,culture_entertainment,1,0,411,411,https://www.youtube.com/channel/UC_q093hHZNJx944dLmlrc2g/videos
UC8Ej-h0PXxOUGIIT5d8Yf7Q,Sleepy Story,everyday_history,1,1,400,400,https://www.youtube.com/channel/UC8Ej-h0PXxOUGIIT5d8Yf7Q/videos
UCyGAiCB8bR-pUUKJ5ynrOcw,Michigan Moments ,everyday_history,1,0,397,397,https://www.youtube.com/channel/UCyGAiCB8bR-pUUKJ5ynrOcw/videos
UCutBN6-IOK6bCaOdZbiHzfg,Farmers Archives with Nate,everyday_history,1,1,391,391,https://www.youtube.com/channel/UCutBN6-IOK6bCaOdZbiHzfg/videos
UCQKvA05cY-Vu5RHCchtiHmw,TechRound,psychology_society,1,0,391,391,https://www.youtube.com/channel/UCQKvA05cY-Vu5RHCchtiHmw/videos
UC4bNwFv68WuD8rxdAM11gJg,Studycoach,work_career_education,1,0,389,389,https://www.youtube.com/channel/UC4bNwFv68WuD8rxdAM11gJg/videos
UC0LqjpMjXZJ67IV06t4mSVA,Francisco Ferreira,culture_entertainment,1,1,387,387,https://www.youtube.com/channel/UC0LqjpMjXZJ67IV06t4mSVA/videos
UCxjvL_grGtH0Y6_SmSvtDBw,Mega Projects Explained,science_engineering,1,1,384,384,https://www.youtube.com/channel/UCxjvL_grGtH0Y6_SmSvtDBw/videos
UCpp3MGSLrylnl0qL9SPMTuA,Historical Docs,everyday_history,1,1,383,383,https://www.youtube.com/channel/UCpp3MGSLrylnl0qL9SPMTuA/videos
UC9zlF8DsfxN1WV0sbEYl_XA,Uncovered World,everyday_history,1,1,372,372,https://www.youtube.com/channel/UC9zlF8DsfxN1WV0sbEYl_XA/videos
UCkBmzI7ReQx3fqQlRxev-oA,History Daily Life,everyday_history|history_reconstruction,2,2,371,371,https://www.youtube.com/channel/UCkBmzI7ReQx3fqQlRxev-oA/videos
UCb7Or7omJvNjtRPBwzVFORg,The Doodle Guy,science_engineering,1,1,371,371,https://www.youtube.com/channel/UCb7Or7omJvNjtRPBwzVFORg/videos
UCCut2T_eW99mbj80QRcq9_g,Mufaddal Rasheed | Mechademic  ,practical_lifestyle,1,1,371,371,https://www.youtube.com/channel/UCCut2T_eW99mbj80QRcq9_g/videos
UCoroWh7mQZ2MGTQH3VgY2JQ,The Washer Doctor,everyday_history,1,1,368,368,https://www.youtube.com/channel/UCoroWh7mQZ2MGTQH3VgY2JQ/videos
UC-J0JdkUxPVKrXjYPcSgbXw,EpiCred,consumer_systems,1,0,365,365,https://www.youtube.com/channel/UC-J0JdkUxPVKrXjYPcSgbXw/videos
UCZLAy00GHtsQ28MQosW0mZw,Beyond Impact,everyday_history,1,1,358,358,https://www.youtube.com/channel/UCZLAy00GHtsQ28MQosW0mZw/videos
UCI1U-9Q24wiDJHW9eZJpd5A,Tom’s Time Machine,everyday_history,1,1,357,357,https://www.youtube.com/channel/UCI1U-9Q24wiDJHW9eZJpd5A/videos
UCDFrGW1vNgsYkFKk4R3XJIA,HISTORY USA 007,history_civilization,1,1,353,353,https://www.youtube.com/channel/UCDFrGW1vNgsYkFKk4R3XJIA/videos
UC7Bvqw_TFJUdDYgrwp0sk0Q,SIN and SCANDAL,business_economics,1,0,350,350,https://www.youtube.com/channel/UC7Bvqw_TFJUdDYgrwp0sk0Q/videos
UCRV7APnXN3ZG9Fd9HRTHBtw,Bano Gyani,science_engineering,1,0,350,350,https://www.youtube.com/channel/UCRV7APnXN3ZG9Fd9HRTHBtw/videos
UCVprEfvzTENV3M5k3CXZZyA,Chicha study,business_economics,1,0,346,346,https://www.youtube.com/channel/UCVprEfvzTENV3M5k3CXZZyA/videos
UCBGf12W_t5K9wDGThRpOqzA,Machiavelli Mind,everyday_history,1,1,341,341,https://www.youtube.com/channel/UCBGf12W_t5K9wDGThRpOqzA/videos
UC9W7GzEecOzSb3OQolb4qGQ,A9N Films,history_reconstruction,1,1,334,334,https://www.youtube.com/channel/UC9W7GzEecOzSb3OQolb4qGQ/videos
UCrq2QNtVOu7eirYDfsdbsaQ,The Founder Files,geography_logistics,1,1,332,332,https://www.youtube.com/channel/UCrq2QNtVOu7eirYDfsdbsaQ/videos
UC_mWku4c3w5XL5Gr9sEgfIg,Kitaab Qareeny,history_civilization,1,1,329,329,https://www.youtube.com/channel/UC_mWku4c3w5XL5Gr9sEgfIg/videos
UCfN8gCAMWXfvAy17iJBqjRQ,Mega Works,science_engineering,1,1,326,326,https://www.youtube.com/channel/UCfN8gCAMWXfvAy17iJBqjRQ/videos
UCgFpaYvq-1pWoO91uUhfdvw,Wildworld Chronicles,science_engineering,1,1,326,326,https://www.youtube.com/channel/UCgFpaYvq-1pWoO91uUhfdvw/videos
UCjVdnZlSsBrjIXR4v9GT4BA,Boring Sleep History,everyday_history,2,2,323,251,https://www.youtube.com/channel/UCjVdnZlSsBrjIXR4v9GT4BA/videos
UCkuD5mzoob1metU6YC3lYeQ, Infraverse ,science_engineering,1,0,323,323,https://www.youtube.com/channel/UCkuD5mzoob1metU6YC3lYeQ/videos
UC0QpJCYZ73Cb2cWX7H4EM4g,H2 Knowledge {Himanshu Patel},geography_logistics,1,1,319,319,https://www.youtube.com/channel/UC0QpJCYZ73Cb2cWX7H4EM4g/videos
UC-wgldSMwV0Go3sioIurfew,Hilltop History,everyday_history,1,1,319,319,https://www.youtube.com/channel/UC-wgldSMwV0Go3sioIurfew/videos
UCpun7ZnrbwRnXOBIQPJStXQ,PRAMOD CYBER LAB,technology_ai,1,1,312,312,https://www.youtube.com/channel/UCpun7ZnrbwRnXOBIQPJStXQ/videos
UCM80kkmc_cjz-e0V0ndZrjQ,Finance Bro,business_economics,1,0,311,311,https://www.youtube.com/channel/UCM80kkmc_cjz-e0V0ndZrjQ/videos
UCzirOgADPOz0eapgwBcX9Gw,Unsolved Mysteries - Full Episodes,crime_scams_mystery,1,0,310,310,https://www.youtube.com/channel/UCzirOgADPOz0eapgwBcX9Gw/videos
UCMM4St0xyjHijZ-Jnp6yfXw,Vanishing Assets,consumer_systems,1,1,308,308,https://www.youtube.com/channel/UCMM4St0xyjHijZ-Jnp6yfXw/videos
UCWnkxYjzP8tswxwx6ZaYoFQ,Science Tech TV,everyday_history,1,1,303,303,https://www.youtube.com/channel/UCWnkxYjzP8tswxwx6ZaYoFQ/videos
UC25Q_PfOZ_GHdH1fYjpHRGg,suppliersplatform,geography_logistics,1,0,303,303,https://www.youtube.com/channel/UC25Q_PfOZ_GHdH1fYjpHRGg/videos
UCW0q4x1YSeIX9kXxpOkHX2Q,TRUE FORM FACTORY,practical_lifestyle,1,1,302,302,https://www.youtube.com/channel/UCW0q4x1YSeIX9kXxpOkHX2Q/videos
UCzRpp90zLWm4r9qjR_jSd0g,PsycAcademy,psychology_society,1,0,301,301,https://www.youtube.com/channel/UCzRpp90zLWm4r9qjR_jSd0g/videos
UCWWB3THDkUkkyHCj4y6uNpg,Expedition Explorers,consumer_systems,1,1,295,295,https://www.youtube.com/channel/UCWWB3THDkUkkyHCj4y6uNpg/videos
UCgBAu_Pl_a280XKb7Arn0dg,UntoldSports,culture_entertainment,1,1,294,294,https://www.youtube.com/channel/UCgBAu_Pl_a280XKb7Arn0dg/videos
UCpIN4ViF6FhfmDUgDAW9i-Q,River Reichel,science_engineering,1,1,293,293,https://www.youtube.com/channel/UCpIN4ViF6FhfmDUgDAW9i-Q/videos
UCICLzl5LC8DIGS1vNQqwlGA,Flashback USA,everyday_history,1,1,292,292,https://www.youtube.com/channel/UCICLzl5LC8DIGS1vNQqwlGA/videos
UCnGDnx7X2P9nhQft8LZJShA,Hidden Amish Life Hacks,everyday_history,1,1,288,288,https://www.youtube.com/channel/UCnGDnx7X2P9nhQft8LZJShA/videos
UCvWyksdTj1-wWMpkSBjQ1Vw,Plot Pulse,speculative_scifi,1,1,284,284,https://www.youtube.com/channel/UCvWyksdTj1-wWMpkSBjQ1Vw/videos
UC4K03O5ONM5R6_fxRuAS_jQ,AmeriRise,everyday_history,1,0,283,283,https://www.youtube.com/channel/UC4K03O5ONM5R6_fxRuAS_jQ/videos
UCnEfRAzbA-LQI_jH4kbTYvQ,Modern Money Files,business_economics,1,1,282,282,https://www.youtube.com/channel/UCnEfRAzbA-LQI_jH4kbTYvQ/videos
UCXxsQbfhjaLsyOfEgEZGBhA,Epic Archives,history_civilization,1,1,282,282,https://www.youtube.com/channel/UCXxsQbfhjaLsyOfEgEZGBhA/videos
UC0A7miUGbm8GKGGkkzbYVKQ,The Crime Files Now,business_economics,1,1,280,280,https://www.youtube.com/channel/UC0A7miUGbm8GKGGkkzbYVKQ/videos
UCZWSNDuaPTznZ9sdQ94oC3A,The HR Insider: Real Legal Cases,work_career_education,1,1,277,277,https://www.youtube.com/channel/UCZWSNDuaPTznZ9sdQ94oC3A/videos
UCHT1mnWjwvBkcsU1ObGCSfQ,Steven Roberts Productions,everyday_history,2,1,271,155,https://www.youtube.com/channel/UCHT1mnWjwvBkcsU1ObGCSfQ/videos
UCcvfxgy1naPLrz_odlNbF1g,The Attention Economy wt Hussain and Khayyam,psychology_society,1,1,270,270,https://www.youtube.com/channel/UCcvfxgy1naPLrz_odlNbF1g/videos
UCyAziLBwBdL-0YznhULc8Hg,After the Sirens,everyday_history,1,1,270,270,https://www.youtube.com/channel/UCyAziLBwBdL-0YznhULc8Hg/videos
UCxRdM8fTOaGG7N2ZtOU3q4Q,Iman_Studios,everyday_history,1,0,269,269,https://www.youtube.com/channel/UCxRdM8fTOaGG7N2ZtOU3q4Q/videos
UCxDF8jnjLDoE2Kkv3gvyUlA,SOUTHERN ECONOMIST,consumer_systems,2,2,268,165,https://www.youtube.com/channel/UCxDF8jnjLDoE2Kkv3gvyUlA/videos
UCET41hSp5hm7ZpU0TCJBPxg,Forgotten Power,everyday_history,1,1,262,262,https://www.youtube.com/channel/UCET41hSp5hm7ZpU0TCJBPxg/videos
UCWUDwaWVnt6zUZnxbkXDlrg,FR Reports,practical_lifestyle,1,0,262,262,https://www.youtube.com/channel/UCWUDwaWVnt6zUZnxbkXDlrg/videos
UCufKueyz0cy82oNjZ612znQ,Americana Rewind,everyday_history,1,0,257,257,https://www.youtube.com/channel/UCufKueyz0cy82oNjZ612znQ/videos
UCeUcOdMszYevQeWYfAaxWqQ,Fame Theory,culture_entertainment,1,1,256,256,https://www.youtube.com/channel/UCeUcOdMszYevQeWYfAaxWqQ/videos
UCqydr4WcfsJ8n3_ep_8I2qg,Rishi Chouhan Official ,culture_entertainment,1,1,255,255,https://www.youtube.com/channel/UCqydr4WcfsJ8n3_ep_8I2qg/videos
UCeCoSyg5pVOVEk-63wysSJA,Inside America,geography_logistics,1,0,254,254,https://www.youtube.com/channel/UCeCoSyg5pVOVEk-63wysSJA/videos
UCPqHUU8qqa6uJcDSMgkTlEA,Modern Primitive,practical_lifestyle,1,0,254,254,https://www.youtube.com/channel/UCPqHUU8qqa6uJcDSMgkTlEA/videos
UCRU_JDeLiryn49KiOsTLkaw,Dessin Solutions Pvt. Ltd.,science_engineering,1,1,248,248,https://www.youtube.com/channel/UCRU_JDeLiryn49KiOsTLkaw/videos
UCUhkDCc2wd5u9S2XyS8ElOw,The Deep Dive: Mindful Reads Hub,psychology_society,1,1,248,248,https://www.youtube.com/channel/UCUhkDCc2wd5u9S2XyS8ElOw/videos
UCI30AWnM2w2lW_udZCqAUCQ,CodeCrime,technology_ai,1,1,244,244,https://www.youtube.com/channel/UCI30AWnM2w2lW_udZCqAUCQ/videos
UCddnDg1oMNFDRUMd1DjnMrA,Predator World,nature_animals,1,1,244,244,https://www.youtube.com/channel/UCddnDg1oMNFDRUMd1DjnMrA/videos
UCmGb6fyb1s8L5s3M7OAuzQg,YoreTold,everyday_history,1,1,239,239,https://www.youtube.com/channel/UCmGb6fyb1s8L5s3M7OAuzQg/videos
UC0x-FvghZKnLXUHW05xjiWw,Anunnaki Dreams,everyday_history,1,1,238,238,https://www.youtube.com/channel/UC0x-FvghZKnLXUHW05xjiWw/videos
UC0kKKoI0C-ptGfe6DsWAWPw,𝐅𝐨𝐫𝐠𝐨𝐭𝐭𝐞𝐧 𝐅𝐨𝐨𝐝𝐰𝐚𝐲𝐬 ,everyday_history,1,1,238,238,https://www.youtube.com/channel/UC0kKKoI0C-ptGfe6DsWAWPw/videos
UC1jjnOdLIhKP6n6h2b-LWOw,Anything and Everything Explained,everyday_history,1,1,237,237,https://www.youtube.com/channel/UC1jjnOdLIhKP6n6h2b-LWOw/videos
UCOtSr4zBpzuo9IHpp8wSYmQ,Origin Of Things,everyday_history,2,2,234,215,https://www.youtube.com/channel/UCOtSr4zBpzuo9IHpp8wSYmQ/videos
UC2eEBqAYFJekZ5b26xXNcdQ,Fact Theory,business_economics,1,0,234,234,https://www.youtube.com/channel/UC2eEBqAYFJekZ5b26xXNcdQ/videos
UC2D10EvTRuadI4ewTOyFvwQ,The ProfitValue ,geography_logistics,1,1,229,229,https://www.youtube.com/channel/UC2D10EvTRuadI4ewTOyFvwQ/videos
UCcS9p8AWp0wbY2aLQxvRN4w,Moneyxplain,consumer_systems,1,0,229,229,https://www.youtube.com/channel/UCcS9p8AWp0wbY2aLQxvRN4w/videos
UCgmJJ4M5zPGiadi5mz7Ay2w,Rewind Historian,everyday_history,1,1,223,223,https://www.youtube.com/channel/UCgmJJ4M5zPGiadi5mz7Ay2w/videos
UCE9KnP_36R05om9EnvmP4jA,Warline Stories,everyday_history,2,0,222,118,https://www.youtube.com/channel/UCE9KnP_36R05om9EnvmP4jA/videos
UChljUQP1L543pp2ZoYI_KQA,Geo Politics with Sanskar,geography_logistics,1,1,221,221,https://www.youtube.com/channel/UChljUQP1L543pp2ZoYI_KQA/videos
UCrn9xT3t9p9LSqVLbTn6kAQ,Mr.7x History,everyday_history,1,1,221,221,https://www.youtube.com/channel/UCrn9xT3t9p9LSqVLbTn6kAQ/videos
UCkDlRxnd0orSbegsIac62PA,Nola Tour Guy,everyday_history,1,0,221,221,https://www.youtube.com/channel/UCkDlRxnd0orSbegsIac62PA/videos
UCsCrcqAOc-jItlacAjxI1sQ,Dynasty's Fall,everyday_history,1,1,215,215,https://www.youtube.com/channel/UCsCrcqAOc-jItlacAjxI1sQ/videos
UC55kRORBdx-pmilpgKk_9Qw,Frame By Frame,culture_entertainment,1,0,214,214,https://www.youtube.com/channel/UC55kRORBdx-pmilpgKk_9Qw/videos
UCGA4uHSw5ZFLOHIdgzpVFug,Mind Matter,practical_lifestyle,1,0,212,212,https://www.youtube.com/channel/UCGA4uHSw5ZFLOHIdgzpVFug/videos
UCWjQawpCUYis6MWUUs8WAcQ,The History of Things,everyday_history,1,0,210,210,https://www.youtube.com/channel/UCWjQawpCUYis6MWUUs8WAcQ/videos
UCP9np-UlRHt_OfQFrsfa6qQ,Quantara Explains,science_engineering,1,1,207,207,https://www.youtube.com/channel/UCP9np-UlRHt_OfQFrsfa6qQ/videos
UCU5xI_MUnlWEC2MFrWKSYGA,History with Marcus,everyday_history,1,1,207,207,https://www.youtube.com/channel/UCU5xI_MUnlWEC2MFrWKSYGA/videos
UCOT6O01meK6zYs6MifqREUw,Restoration Corner,everyday_history,1,1,205,205,https://www.youtube.com/channel/UCOT6O01meK6zYs6MifqREUw/videos
UCoox638UBHJhcEv4J-gADyQ,Back Home in America,everyday_history,1,1,205,205,https://www.youtube.com/channel/UCoox638UBHJhcEv4J-gADyQ/videos
UCqxqR5P7aECSS0_gWRoFpHw,Intelvestor,business_economics,1,1,201,201,https://www.youtube.com/channel/UCqxqR5P7aECSS0_gWRoFpHw/videos
UCPaZQnzfjqXmDKOkrEIHPHQ,Andrew Explains Money ,business_economics,1,1,201,201,https://www.youtube.com/channel/UCPaZQnzfjqXmDKOkrEIHPHQ/videos
UCigPQTk_xiCgvAjatZN03Tw,Mr. Louis | Today in History,everyday_history,1,0,201,201,https://www.youtube.com/channel/UCigPQTk_xiCgvAjatZN03Tw/videos
UCJ416DZ18eUxUWPqVvkP5rg,The Parts That Made Us,everyday_history,1,1,197,197,https://www.youtube.com/channel/UCJ416DZ18eUxUWPqVvkP5rg/videos
UCwnF7Y-r25Q_SONIO-LBeHg,Primal Data,nature_animals,2,0,196,98,https://www.youtube.com/channel/UCwnF7Y-r25Q_SONIO-LBeHg/videos
UCHGC92w4akO_7G1Au_KyTKA,Country Disasters,everyday_history,1,0,196,196,https://www.youtube.com/channel/UCHGC92w4akO_7G1Au_KyTKA/videos
UCT7K-TJXFsFvULXJ8GOY8EQ,The Info Architect,geography_logistics,1,0,195,195,https://www.youtube.com/channel/UCT7K-TJXFsFvULXJ8GOY8EQ/videos
UCOshdvY8PLxe1i2HHZ1I72w,History For Lunatics by Daniel,everyday_history,1,1,192,192,https://www.youtube.com/channel/UCOshdvY8PLxe1i2HHZ1I72w/videos
UCRlWsFpNRQPUpN7QUGWct7Q,Explain Money,consumer_systems,1,0,192,192,https://www.youtube.com/channel/UCRlWsFpNRQPUpN7QUGWct7Q/videos
UCQ1EzlJ_WZICyCo0r0bCtyw,5 Minute Geography,geography_logistics,1,0,192,192,https://www.youtube.com/channel/UCQ1EzlJ_WZICyCo0r0bCtyw/videos
UCdYl0WWHJRPWF4HpspHnhkQ,Forgotten Foods TV,everyday_history,1,0,192,192,https://www.youtube.com/channel/UCdYl0WWHJRPWF4HpspHnhkQ/videos
UCZeDHmCteaN2l24ud4qcpeg,THE BRAND'S HUB,everyday_history,1,0,191,191,https://www.youtube.com/channel/UCZeDHmCteaN2l24ud4qcpeg/videos
UCIFASD8fCiNHLLBHhRrStAg,Titan Culture News,everyday_history,1,0,191,191,https://www.youtube.com/channel/UCIFASD8fCiNHLLBHhRrStAg/videos
UCu9qq78dKcC5Q8tJ_7WnrsA,CYBERSECURITY FORUM,technology_ai,2,0,189,107,https://www.youtube.com/channel/UCu9qq78dKcC5Q8tJ_7WnrsA/videos
UCO3OK1IxkDER-KoWBNOEvyw,NightlyNuke,practical_lifestyle,1,1,187,187,https://www.youtube.com/channel/UCO3OK1IxkDER-KoWBNOEvyw/videos
UCZhkAK507kfO2YhLJkXYQIw,DiveX,business_economics,1,0,187,187,https://www.youtube.com/channel/UCZhkAK507kfO2YhLJkXYQIw/videos
UCQkjwE2UgbpBr5C3PfzN4Fg,Sleepy Time History,everyday_history,1,1,186,186,https://www.youtube.com/channel/UCQkjwE2UgbpBr5C3PfzN4Fg/videos
UC2ZlUMl3oRE1nA7jRHqg93Q,United Kingdom 🇬🇧 7,everyday_history,2,1,186,103,https://www.youtube.com/channel/UC2ZlUMl3oRE1nA7jRHqg93Q/videos
UC8r3c5Hfpv5TAy8lrg1h74w,Klarity with K,practical_lifestyle,1,1,183,183,https://www.youtube.com/channel/UC8r3c5Hfpv5TAy8lrg1h74w/videos
UC1-mqKYpE7r_M5IhiDeg4NA,The Empowered Immigrants ,everyday_history,1,0,183,183,https://www.youtube.com/channel/UC1-mqKYpE7r_M5IhiDeg4NA/videos
UCTO8DI5YPcfE1gWee3XuSEQ,Plumbing & Stuff In Oregon,everyday_history,1,0,183,183,https://www.youtube.com/channel/UCTO8DI5YPcfE1gWee3XuSEQ/videos
UC-o-yDbbL6rJLLwaGVLBJKQ,Black Tape Files,internet_mysteries,1,1,181,181,https://www.youtube.com/channel/UC-o-yDbbL6rJLLwaGVLBJKQ/videos
UCldZMqvajWUXViIcMg-ATTQ,History Told ,everyday_history,1,1,181,181,https://www.youtube.com/channel/UCldZMqvajWUXViIcMg-ATTQ/videos
UCcnv9lZd59H8Q-i2qf542yA,Antiquity Studios,everyday_history,1,1,180,180,https://www.youtube.com/channel/UCcnv9lZd59H8Q-i2qf542yA/videos
UCd3KOHCSZRuTN3OR_gvkw4w,ParsedSimply,technology_ai,1,1,179,179,https://www.youtube.com/channel/UCd3KOHCSZRuTN3OR_gvkw4w/videos
UCacOsW3NVcYxEyICcc6Lj9Q,SAEINDIA,practical_lifestyle,1,1,178,178,https://www.youtube.com/channel/UCacOsW3NVcYxEyICcc6Lj9Q/videos
UCpMBAIod3nHqwjWZ7SgJkLA,Cutie Orbit,everyday_history,1,1,177,177,https://www.youtube.com/channel/UCpMBAIod3nHqwjWZ7SgJkLA/videos
UCPhTmPqXjEdn0L6Ttuikm8w,KD CAD Design ,practical_lifestyle,1,0,177,177,https://www.youtube.com/channel/UCPhTmPqXjEdn0L6Ttuikm8w/videos
UClk1399isACmkiswDijHC6g,Podcast Summaries,psychology_society,1,1,176,176,https://www.youtube.com/channel/UClk1399isACmkiswDijHC6g/videos
UCT4xCxAsrfoRYuLyCRm1zig,StickVerse,psychology_society,1,1,172,172,https://www.youtube.com/channel/UCT4xCxAsrfoRYuLyCRm1zig/videos
UCKZegIu9fyNu67M47SK_nsQ,Khushi & Sarthak,business_economics,1,0,172,172,https://www.youtube.com/channel/UCKZegIu9fyNu67M47SK_nsQ/videos
UCe-3ZYBfL5i6NDwWjyMz5JA,Wildlife Hub,nature_animals,2,0,171,97,https://www.youtube.com/channel/UCe-3ZYBfL5i6NDwWjyMz5JA/videos
UC9nALrUE6b3J_6wUghZPLBw,SSA Post,consumer_systems,1,1,169,169,https://www.youtube.com/channel/UC9nALrUE6b3J_6wUghZPLBw/videos
UCaxt3zr9k4a38oMcp9Ro--A,TheCrudeArchivist,culture_entertainment,1,1,169,169,https://www.youtube.com/channel/UCaxt3zr9k4a38oMcp9Ro--A/videos
UCuqDkekm2qLQorNK2eyJ7OQ,Dreamartchef,practical_lifestyle,1,1,168,168,https://www.youtube.com/channel/UCuqDkekm2qLQorNK2eyJ7OQ/videos
UC_Stk67cQosNhBRFQjbG9Dg,Moonlit Sleep Stories ,everyday_history,1,1,166,166,https://www.youtube.com/channel/UC_Stk67cQosNhBRFQjbG9Dg/videos
UCvifIGuRB5e_qWIOo12rAGQ,On Earth ,business_economics,1,0,165,165,https://www.youtube.com/channel/UCvifIGuRB5e_qWIOo12rAGQ/videos
UCDELmhgzphc9J2S3aN-kW_A,Why its History?,everyday_history,1,1,163,163,https://www.youtube.com/channel/UCDELmhgzphc9J2S3aN-kW_A/videos
UCSRlboDAVEM2A58cLNjdNaA,The Bharat Lens ,psychology_society,1,0,160,160,https://www.youtube.com/channel/UCSRlboDAVEM2A58cLNjdNaA/videos
UCS1WjiBqw4QQyk06GpRthIg,Gilded Age Elite,everyday_history,1,1,159,159,https://www.youtube.com/channel/UCS1WjiBqw4QQyk06GpRthIg/videos
UCQf99fio1kKEKIKPN2Qg-tA,The Capital Battlefield,geography_logistics,1,0,157,157,https://www.youtube.com/channel/UCQf99fio1kKEKIKPN2Qg-tA/videos
UCn3ivnL9H3Qs6ev_-4uzHYw,Media Literacy For Everyone,psychology_society,1,0,157,157,https://www.youtube.com/channel/UCn3ivnL9H3Qs6ev_-4uzHYw/videos
UC-uKCD90qLsMW59dDKr0r-Q,BizWorld Explorer,consumer_systems,1,1,156,156,https://www.youtube.com/channel/UC-uKCD90qLsMW59dDKr0r-Q/videos
UCrjEjFj0uIdelVE6dk1ch0A,MASTER OF DOCUMENTARIES ,technology_ai,1,1,156,156,https://www.youtube.com/channel/UCrjEjFj0uIdelVE6dk1ch0A/videos
UCt_TLG48rh53qH_iciqelWQ,The Insider Lab,business_economics,1,0,156,156,https://www.youtube.com/channel/UCt_TLG48rh53qH_iciqelWQ/videos
UCt9GIxKoOpKfmSLwdzS3yxw,Unsettled,internet_mysteries,1,1,155,155,https://www.youtube.com/channel/UCt9GIxKoOpKfmSLwdzS3yxw/videos
UCcvJR74u9YKYA7wuwmsd2qg,Darker Origins,everyday_history,1,1,155,155,https://www.youtube.com/channel/UCcvJR74u9YKYA7wuwmsd2qg/videos
UCP2W4Yt5tzMhnt9ewbxT0MQ,Beneath Australia,everyday_history,1,1,155,155,https://www.youtube.com/channel/UCP2W4Yt5tzMhnt9ewbxT0MQ/videos
UCuxL0MKWA1ZCvhrRSG2zzHA,Velvet History,everyday_history,1,1,154,154,https://www.youtube.com/channel/UCuxL0MKWA1ZCvhrRSG2zzHA/videos
UCe_q4THHQp25sCkM1wbf5tA,Beyond Horror Explained,geography_logistics,1,0,154,154,https://www.youtube.com/channel/UCe_q4THHQp25sCkM1wbf5tA/videos
UCrfFLxqsZjWKM-jR2sVVjHw,Capitol Fin.,business_economics,1,1,153,153,https://www.youtube.com/channel/UCrfFLxqsZjWKM-jR2sVVjHw/videos
UCx0atOaaG2CB4ML9MK0gddQ,Money History Explained,work_career_education,1,1,153,153,https://www.youtube.com/channel/UCx0atOaaG2CB4ML9MK0gddQ/videos
UClJa3_PriFmeHjG1AtDGNPA,Nature's Wildlife,wildlife_documentaries,1,1,153,153,https://www.youtube.com/channel/UClJa3_PriFmeHjG1AtDGNPA/videos
UCKsRhWUJYDbCsNng1yEoGig,Huntieport,everyday_history,1,1,153,153,https://www.youtube.com/channel/UCKsRhWUJYDbCsNng1yEoGig/videos
UCkl_bjtocV9ln1CL8WrP3cg,Memories Reanimated,everyday_history,2,2,152,145,https://www.youtube.com/channel/UCkl_bjtocV9ln1CL8WrP3cg/videos
UCTgy1u5S7Ady1D5IKDlTC1g,Story Zawlbuk,culture_entertainment,1,1,152,152,https://www.youtube.com/channel/UCTgy1u5S7Ady1D5IKDlTC1g/videos
UClZtlpqJkZvVfubY3i7ZD2A,World History Explained,everyday_history,1,0,152,152,https://www.youtube.com/channel/UClZtlpqJkZvVfubY3i7ZD2A/videos
UC0HDr31i5od9UA78w2tC0ag,German Naval History ,everyday_history,1,1,150,150,https://www.youtube.com/channel/UC0HDr31i5od9UA78w2tC0ag/videos
UCkUu1ufD_7MlSj9BhrqZLcw,Jay's Gameverse,culture_entertainment,1,1,149,149,https://www.youtube.com/channel/UCkUu1ufD_7MlSj9BhrqZLcw/videos
UCzSO-5T8AAI-sTa-p4goWOA,WW2 Victors,everyday_history,1,1,149,149,https://www.youtube.com/channel/UCzSO-5T8AAI-sTa-p4goWOA/videos
UC0deK-PkWZyxn6LtiMGzNeA,Factory Uncovered,consumer_systems,1,0,149,149,https://www.youtube.com/channel/UC0deK-PkWZyxn6LtiMGzNeA/videos
UCwsSO9D97YxbBXfO4bkGzyw,AI Tech Mani,technology_ai,1,1,146,146,https://www.youtube.com/channel/UCwsSO9D97YxbBXfO4bkGzyw/videos
UCQsAMwnWdyflLdyFpH-rgJg,Ember exposed ,culture_entertainment,1,1,145,145,https://www.youtube.com/channel/UCQsAMwnWdyflLdyFpH-rgJg/videos
UCy-9Gu5JmkV9kd7fBiZa_Yg,Nautiq,everyday_history,1,1,145,145,https://www.youtube.com/channel/UCy-9Gu5JmkV9kd7fBiZa_Yg/videos
UCT9jGwEo7mWFMZlk2DHojAw,Advanced 3D Films ,science_engineering,1,0,145,145,https://www.youtube.com/channel/UCT9jGwEo7mWFMZlk2DHojAw/videos
UCyvqURfwOFdnB0d_6Md1rEQ,indywaves606,speculative_scifi,1,1,143,143,https://www.youtube.com/channel/UCyvqURfwOFdnB0d_6Md1rEQ/videos
UCizSZ1qexLdR46dDVV91myA,War-Tested Survival,everyday_history,1,1,142,142,https://www.youtube.com/channel/UCizSZ1qexLdR46dDVV91myA/videos
UC59GLek3oHiBbIqxqd-mpcA,Benn,culture_entertainment,1,1,141,141,https://www.youtube.com/channel/UC59GLek3oHiBbIqxqd-mpcA/videos
UC2bjIW-DT0tszA-IEvXX3KA, English Mindcast,history_reconstruction,1,1,141,141,https://www.youtube.com/channel/UC2bjIW-DT0tszA-IEvXX3KA/videos
UCFgWWjqYuwSJQnGfXUxvOHw,Forgotten Ways,everyday_history,1,1,141,141,https://www.youtube.com/channel/UCFgWWjqYuwSJQnGfXUxvOHw/videos
UCVVXDVee0JZ2dlPYtpdTZVg,FilmRise Television,crime_scams_mystery,1,0,139,139,https://www.youtube.com/channel/UCVVXDVee0JZ2dlPYtpdTZVg/videos
UCq10vQco-vPcEsmbTKoGpWg,Civic Science Media Lab,everyday_history,1,0,139,139,https://www.youtube.com/channel/UCq10vQco-vPcEsmbTKoGpWg/videos
UCZv4VzfrS61JXqzlxrrKQyQ,Vivid History AI,history_reconstruction,1,1,137,137,https://www.youtube.com/channel/UCZv4VzfrS61JXqzlxrrKQyQ/videos
UCfeE5ja4vkzNZvi4GCnrozw,Dark Money Crimes,business_economics,1,1,136,136,https://www.youtube.com/channel/UCfeE5ja4vkzNZvi4GCnrozw/videos
UCkDe6ALYCR8XFCqUpEIwuHw,VSR STUDY ,geography_logistics,1,0,135,135,https://www.youtube.com/channel/UCkDe6ALYCR8XFCqUpEIwuHw/videos
UC_WcABng3RZHsEvN4ywCUSA,Sports Stories TV,culture_entertainment,1,1,134,134,https://www.youtube.com/channel/UC_WcABng3RZHsEvN4ywCUSA/videos
UC76_aeVhsBzS9gSW6xDo_cA,America Through European Eyes,work_career_education,1,0,134,134,https://www.youtube.com/channel/UC76_aeVhsBzS9gSW6xDo_cA/videos
UCXaAOtgJ93wkwdAAs8Ic4rA,Vaultic Media,geography_logistics,1,1,133,133,https://www.youtube.com/channel/UCXaAOtgJ93wkwdAAs8Ic4rA/videos
UC9HMn4M1aIo0S2nwL5q2gKw, The Untold Secret,everyday_history,1,1,132,132,https://www.youtube.com/channel/UC9HMn4M1aIo0S2nwL5q2gKw/videos
UCRKKd8xcpl_XYGyTdXoykRg,Simply Explained Hub,business_economics,1,0,130,130,https://www.youtube.com/channel/UCRKKd8xcpl_XYGyTdXoykRg/videos
UCc-931hHB6vvtB_-7cbNs7Q,What If Politics,economic_explainers,1,1,129,129,https://www.youtube.com/channel/UCc-931hHB6vvtB_-7cbNs7Q/videos
UCiutd153hgs1iou36E0RfGA,Before Us Docs,everyday_history,1,1,128,128,https://www.youtube.com/channel/UCiutd153hgs1iou36E0RfGA/videos
UC-Z6OrylD4KqNCK6zgHEk5w,Corporate Decode,business_economics,1,0,128,128,https://www.youtube.com/channel/UC-Z6OrylD4KqNCK6zgHEk5w/videos
UCKSss08hc0gskxEhfyyazqw,Explained Quietly Videos,psychology_society,1,0,128,128,https://www.youtube.com/channel/UCKSss08hc0gskxEhfyyazqw/videos
UCmzrC8FDilLAg3GfEh-mppg,Street Perspective Hub,consumer_systems,1,1,126,126,https://www.youtube.com/channel/UCmzrC8FDilLAg3GfEh-mppg/videos
UCyoM0lAMvf0qfNSMdqA9zYw,Nikki Tea,psychology_society,1,1,126,126,https://www.youtube.com/channel/UCyoM0lAMvf0qfNSMdqA9zYw/videos
UCfz2uBBMSa1JqPT_Z0NL94g,Mr Billionaire,business_economics,1,0,126,126,https://www.youtube.com/channel/UCfz2uBBMSa1JqPT_Z0NL94g/videos
UCuG3DM-rUFkJ5hXk_TIe5SA,Unknown Dollar,economic_explainers,1,1,124,124,https://www.youtube.com/channel/UCuG3DM-rUFkJ5hXk_TIe5SA/videos
UCRo4q6H3LhnpBCPeGMRBTmA,InformatX Tv,science_engineering,1,0,123,123,https://www.youtube.com/channel/UCRo4q6H3LhnpBCPeGMRBTmA/videos
UCr-ghFVXJQ8s1J4OgVFR5DA,CapitalVex,work_career_education,1,1,122,122,https://www.youtube.com/channel/UCr-ghFVXJQ8s1J4OgVFR5DA/videos
UCy73syXVgeCo4WLu8GktqQg,Time Morphix,everyday_history,1,0,122,122,https://www.youtube.com/channel/UCy73syXVgeCo4WLu8GktqQg/videos
UCGNsw-kKeaQ0m2F3pagcNlg,Behind The America,everyday_history,1,0,122,122,https://www.youtube.com/channel/UCGNsw-kKeaQ0m2F3pagcNlg/videos
UCDcos6ay1nqzS2BOlPuoyPQ,Prompted History,history_reconstruction,1,1,120,120,https://www.youtube.com/channel/UCDcos6ay1nqzS2BOlPuoyPQ/videos
UC6qMCdn2kWjP3hBV-Ei6aJg,SimplyHistory,history_civilization,1,1,119,119,https://www.youtube.com/channel/UC6qMCdn2kWjP3hBV-Ei6aJg/videos
UCBFR3dJDteyhAwSf5bXUsIQ,History Reconstructed,everyday_history,1,1,119,119,https://www.youtube.com/channel/UCBFR3dJDteyhAwSf5bXUsIQ/videos
UCEx4SuiSEiqcUyE2mQxkxYA,StickMan Decoder,economic_explainers,1,0,119,119,https://www.youtube.com/channel/UCEx4SuiSEiqcUyE2mQxkxYA/videos
UC4doYamGH7Pu9gxrvO81NMg,Drift Shield,consumer_systems,1,1,118,118,https://www.youtube.com/channel/UC4doYamGH7Pu9gxrvO81NMg/videos
UCFx5UTIEnSfqASLU82KwkTA,AIxHuman,history_civilization,1,1,118,118,https://www.youtube.com/channel/UCFx5UTIEnSfqASLU82KwkTA/videos
UCpnimHI-ds_81amuEfP7shQ,Inner Phoria,psychology_society,1,1,118,118,https://www.youtube.com/channel/UCpnimHI-ds_81amuEfP7shQ/videos
UCfd3Khc7JEL9LZQVBeJLAvQ,Audit Shield,practical_lifestyle,1,1,117,117,https://www.youtube.com/channel/UCfd3Khc7JEL9LZQVBeJLAvQ/videos
UCoi-xXZjb8lK9mWV2Q8zd2Q,luka.,everyday_history,1,1,117,117,https://www.youtube.com/channel/UCoi-xXZjb8lK9mWV2Q8zd2Q/videos
UC_a9bqWLULRKI81wAcGLQ1g,History’s Hidden Tricks,everyday_history,1,0,117,117,https://www.youtube.com/channel/UC_a9bqWLULRKI81wAcGLQ1g/videos
UCYiKhBDh_4dVIdxXI8on2Rw,The Long Watch,everyday_history,1,1,116,116,https://www.youtube.com/channel/UCYiKhBDh_4dVIdxXI8on2Rw/videos
UC3ukQpmidqI7l08lwcxKxtQ,History by Marcus,everyday_history,1,0,116,116,https://www.youtube.com/channel/UC3ukQpmidqI7l08lwcxKxtQ/videos
UCHFqXNyq-VkrtlQZ3PkD0Rw,Kingston Radio Rewind,everyday_history,1,0,116,116,https://www.youtube.com/channel/UCHFqXNyq-VkrtlQZ3PkD0Rw/videos
UC05mqg3RBMZ95o-RdJ0TlrA,Exploit Docs,technology_ai,1,1,115,115,https://www.youtube.com/channel/UC05mqg3RBMZ95o-RdJ0TlrA/videos
UCIWwvLhyTmxwZ6lexGihiTw,Noor Hasan,business_economics,1,0,115,115,https://www.youtube.com/channel/UCIWwvLhyTmxwZ6lexGihiTw/videos
UCKSZewUyvagUQdN3U9sTw9g,PCMBE Facts,technology_ai,1,0,115,115,https://www.youtube.com/channel/UCKSZewUyvagUQdN3U9sTw9g/videos
UCkuqtNsWaXobV6IYburNt6A,Shadow Archives,everyday_history,1,1,113,113,https://www.youtube.com/channel/UCkuqtNsWaXobV6IYburNt6A/videos
UCMaTsb1_dPreV585l6qdy3w,Food Untold,consumer_systems,1,0,112,112,https://www.youtube.com/channel/UCMaTsb1_dPreV585l6qdy3w/videos
UC0MNCcyhuiWgVt8I7gHirHA,Ancient Worlds Reconstructed,everyday_history,1,0,112,112,https://www.youtube.com/channel/UC0MNCcyhuiWgVt8I7gHirHA/videos
UCzyNDH8YT1AHzXA0oMSWFmw,Personal Finance USA,work_career_education,1,0,111,111,https://www.youtube.com/channel/UCzyNDH8YT1AHzXA0oMSWFmw/videos
UCB4lqmlqa1TxNYJySfqS8VQ,MotorPulse,practical_lifestyle,1,1,108,108,https://www.youtube.com/channel/UCB4lqmlqa1TxNYJySfqS8VQ/videos
UCrEtFZnNb4Gob7a23dQlKzw,Dear Human 101 ,psychology_society,1,0,107,107,https://www.youtube.com/channel/UCrEtFZnNb4Gob7a23dQlKzw/videos
UCdFXuHxqg7swE4077Q9VckQ,ROOT LORE,everyday_history,1,1,105,105,https://www.youtube.com/channel/UCdFXuHxqg7swE4077Q9VckQ/videos
UCtsJ0vFc1ys3yQTmiYMTpdg,It's Evolution Babe,everyday_history,1,0,105,105,https://www.youtube.com/channel/UCtsJ0vFc1ys3yQTmiYMTpdg/videos
UCe_1KxSkUXnjxBJrxxDF4Rg,Microlearning Daily,business_economics,1,1,104,104,https://www.youtube.com/channel/UCe_1KxSkUXnjxBJrxxDF4Rg/videos
UC5Mnapj7Q7Pm_fgN2nwsGBg,Warp Pipe David,culture_entertainment,1,1,104,104,https://www.youtube.com/channel/UC5Mnapj7Q7Pm_fgN2nwsGBg/videos
UCyiG5cVUxfOKjGgMRDsblfw,SV Documentaries,science_engineering,1,0,104,104,https://www.youtube.com/channel/UCyiG5cVUxfOKjGgMRDsblfw/videos
UC9_U5kPLsPJSP1MUfDz6O6A,OFFICIAL CRIMINOLOGY,economic_explainers,1,1,102,102,https://www.youtube.com/channel/UC9_U5kPLsPJSP1MUfDz6O6A/videos
UCcSevlrMU-9hD2IShlS6fTQ,Lusaka Water Supply and Sanitation Company Limited,science_engineering,1,1,101,101,https://www.youtube.com/channel/UCcSevlrMU-9hD2IShlS6fTQ/videos
UCZPKmH7wvvSM_Fa7iBW_hLw,Wealth Chronology ,culture_entertainment,1,1,100,100,https://www.youtube.com/channel/UCZPKmH7wvvSM_Fa7iBW_hLw/videos
UCnZ0Yu6LeikZdr4vERDYwPA,Cloud School Pro,work_career_education,1,0,100,100,https://www.youtube.com/channel/UCnZ0Yu6LeikZdr4vERDYwPA/videos
UCnqHwPFHtcOyD797oXBhV8A,InmateX,everyday_history,1,1,99,99,https://www.youtube.com/channel/UCnqHwPFHtcOyD797oXBhV8A/videos
UCx0KR9Tza6XKGoUcbzTTkkg,The Uneducated Economist,practical_lifestyle,1,0,99,99,https://www.youtube.com/channel/UCx0KR9Tza6XKGoUcbzTTkkg/videos
UCisUsVFntoH7tg_nsabcATg,Finaxis,business_economics,1,0,98,98,https://www.youtube.com/channel/UCisUsVFntoH7tg_nsabcATg/videos
UCXMEfLqvkc9Kgaxre4w4ixw,Survival History,everyday_history,1,1,97,97,https://www.youtube.com/channel/UCXMEfLqvkc9Kgaxre4w4ixw/videos
UC26eZa25HKTy9uYHXf6wRlA,Century Block,everyday_history,1,1,97,97,https://www.youtube.com/channel/UC26eZa25HKTy9uYHXf6wRlA/videos
UCnzKeZxoLTopeKZCt7CEUUg,Magic Marks,practical_lifestyle,1,0,97,97,https://www.youtube.com/channel/UCnzKeZxoLTopeKZCt7CEUUg/videos
UCq3jrsxfgSjgIbj8w1NtxMA,Forgotten America Archives,everyday_history,1,0,97,97,https://www.youtube.com/channel/UCq3jrsxfgSjgIbj8w1NtxMA/videos
UCkxL9JlOkHDQPE1_XTbO7Gw,Anmol Sharma,economic_explainers,1,1,96,96,https://www.youtube.com/channel/UCkxL9JlOkHDQPE1_XTbO7Gw/videos
UCH8sp-9lmES3OyYq2G7KK8A,ProcessMatrix,geography_logistics,1,1,95,95,https://www.youtube.com/channel/UCH8sp-9lmES3OyYq2G7KK8A/videos
UCDN6oY6lRidHo0w7gS3ghRg,Retro Americana Life,everyday_history,1,1,95,95,https://www.youtube.com/channel/UCDN6oY6lRidHo0w7gS3ghRg/videos
UCFlPbQvT02HqXGQ7Ds-86UA,Mascot Psychology,psychology_society,1,0,95,95,https://www.youtube.com/channel/UCFlPbQvT02HqXGQ7Ds-86UA/videos
UCFVUStJ4azXbWMhFO4yTELg,KUTV 2 News Salt Lake City,everyday_history,1,0,95,95,https://www.youtube.com/channel/UCFVUStJ4azXbWMhFO4yTELg/videos
UCGR393Cj39otKRtnKc46ZKQ,mern,everyday_history,1,1,94,94,https://www.youtube.com/channel/UCGR393Cj39otKRtnKc46ZKQ/videos
UC94DSCAVv_h66L1lko9lFIQ,The Hidden Timeline,everyday_history,1,0,94,94,https://www.youtube.com/channel/UC94DSCAVv_h66L1lko9lFIQ/videos
UCWXi25L48lPT4-24VbOmtog,Chapter Zero,work_career_education,1,1,93,93,https://www.youtube.com/channel/UCWXi25L48lPT4-24VbOmtog/videos
UCZvYQTSQJ7bKOGHT7xNScsw,EV Explained,practical_lifestyle,1,0,93,93,https://www.youtube.com/channel/UCZvYQTSQJ7bKOGHT7xNScsw/videos
UCJFH9w3bRSVJx_VhWK34h5A,AInigma,speculative_scifi,1,0,93,93,https://www.youtube.com/channel/UCJFH9w3bRSVJx_VhWK34h5A/videos
UCPpr1qjkauskGysScav_gwQ,Travelyzer,geography_logistics,1,1,92,92,https://www.youtube.com/channel/UCPpr1qjkauskGysScav_gwQ/videos
UCK8DP8ThAk58do91yif1FuA,Timelines Reborn,history_reconstruction,1,1,92,92,https://www.youtube.com/channel/UCK8DP8ThAk58do91yif1FuA/videos
UCjtmOaobVJnwUXPoKSXGV2g,Mt Softwares,business_economics,1,0,92,92,https://www.youtube.com/channel/UCjtmOaobVJnwUXPoKSXGV2g/videos
UCMDAw3qt44VXUVJbcpOvYHg,MIK Documentary Films,science_engineering,1,1,91,91,https://www.youtube.com/channel/UCMDAw3qt44VXUVJbcpOvYHg/videos
UCQ66iRFRg9ZcxbR2gqIKjAg,Main Street Money Lab,culture_entertainment,1,1,91,91,https://www.youtube.com/channel/UCQ66iRFRg9ZcxbR2gqIKjAg/videos
UCbX5m0goJUR2aWhPmCm7W0Q,Eagle Eye History,everyday_history,1,1,91,91,https://www.youtube.com/channel/UCbX5m0goJUR2aWhPmCm7W0Q/videos
UC-7_v2yAzEEb2A0H_qbUQNw,The UNPC Tour,everyday_history,1,1,91,91,https://www.youtube.com/channel/UC-7_v2yAzEEb2A0H_qbUQNw/videos
UCuq1aVVpN2pOlkY6XSarEpQ,Wealth Chronicles,geography_logistics,1,1,90,90,https://www.youtube.com/channel/UCuq1aVVpN2pOlkY6XSarEpQ/videos
UC85B_uHhuOTAAn450N2A9cw,Matthew Gospel Report,work_career_education,1,1,90,90,https://www.youtube.com/channel/UC85B_uHhuOTAAn450N2A9cw/videos
UCakQA85kQmJKdIJJvpxSUlA,Forgotten Origins,everyday_history,1,1,90,90,https://www.youtube.com/channel/UCakQA85kQmJKdIJJvpxSUlA/videos
UCc0u5ziZC7EDOdqccu1uWEA,Optimum History,everyday_history,1,1,89,89,https://www.youtube.com/channel/UCc0u5ziZC7EDOdqccu1uWEA/videos
UCDtPIAw6c1GImVbUTPsKDDg,A Day in the Past,everyday_history,1,1,89,89,https://www.youtube.com/channel/UCDtPIAw6c1GImVbUTPsKDDg/videos
UCudmvt5n-PtrMy9OdMfL5FA,WildScope,nature_animals,1,0,89,89,https://www.youtube.com/channel/UCudmvt5n-PtrMy9OdMfL5FA/videos
UCsLR7ddhUnEPBOHgFXHiSyg,GLOBIS Unlimited,consumer_systems,1,0,88,88,https://www.youtube.com/channel/UCsLR7ddhUnEPBOHgFXHiSyg/videos
UC7DGPYcg5G5oQkE4IlEz0LA,Homo Unfinished,nature_animals,1,0,88,88,https://www.youtube.com/channel/UC7DGPYcg5G5oQkE4IlEz0LA/videos
UCdavdudxmfGu7yzGgxDqWgA,The Balance Thesis,consumer_systems,1,1,86,86,https://www.youtube.com/channel/UCdavdudxmfGu7yzGgxDqWgA/videos
UCKLrvu3Wil8zHeclvVYLDGA,Mr Memory Lane,everyday_history,1,1,86,86,https://www.youtube.com/channel/UCKLrvu3Wil8zHeclvVYLDGA/videos
UCoYBLWxv-eSqzFQbROA3psg,Details of the Story,everyday_history,1,1,86,86,https://www.youtube.com/channel/UCoYBLWxv-eSqzFQbROA3psg/videos
UCQwzobFcaponDq3ONI2ob2g,THE HISTORICAL MEMORY RECOVERY CHANNEL,everyday_history,1,1,86,86,https://www.youtube.com/channel/UCQwzobFcaponDq3ONI2ob2g/videos
UC7RTqVegCL9xvGt6TnD-4NQ,Crayon Growth,business_economics,1,0,86,86,https://www.youtube.com/channel/UC7RTqVegCL9xvGt6TnD-4NQ/videos
UCjJBJ70FoOxnImJ7YjAQ2Gw,BuildSphere USA,geography_logistics,1,0,86,86,https://www.youtube.com/channel/UCjJBJ70FoOxnImJ7YjAQ2Gw/videos
UCQCTeggSsbqmT4UV_u2-BWQ,The Organized Entrepreneur,business_economics,1,1,85,85,https://www.youtube.com/channel/UCQCTeggSsbqmT4UV_u2-BWQ/videos
UCSmL_np11wD_CofzMcIpGSg,Vlogs Youtube india,technology_ai,1,0,85,85,https://www.youtube.com/channel/UCSmL_np11wD_CofzMcIpGSg/videos
UC_ggxFiKnsSO4wVwvoGJo0A,Ancient secrets. History tales,history_reconstruction,1,0,85,85,https://www.youtube.com/channel/UC_ggxFiKnsSO4wVwvoGJo0A/videos
UCUh5m4D_bSOqw7cJF8EQ8Dw,Finance Simply Explained,consumer_systems,1,1,84,84,https://www.youtube.com/channel/UCUh5m4D_bSOqw7cJF8EQ8Dw/videos
UCDbVr_3i2gjfTcIL0bkxoEg,Steve Invests,consumer_systems,1,1,84,84,https://www.youtube.com/channel/UCDbVr_3i2gjfTcIL0bkxoEg/videos
UCGGgQ2BUGK9p4agiAxWQFYA,Dick Pust,everyday_history,1,1,84,84,https://www.youtube.com/channel/UCGGgQ2BUGK9p4agiAxWQFYA/videos
UCdH5Z2rYjWj2iHt_yRxfNAA,Udit Singh,practical_lifestyle,1,1,83,83,https://www.youtube.com/channel/UCdH5Z2rYjWj2iHt_yRxfNAA/videos
UCx2LFOp-fFZHmJcPMKjY_zg,The Pooches,geography_logistics,1,0,82,82,https://www.youtube.com/channel/UCx2LFOp-fFZHmJcPMKjY_zg/videos
UCvoiXGD8UhXXKzbI-tYo_Ig,We Are Iowa Local 5 News,practical_lifestyle,1,0,82,82,https://www.youtube.com/channel/UCvoiXGD8UhXXKzbI-tYo_Ig/videos
UCuGCz6k5XGQocjJ1Z5-bzGQ,Not Obvious History,everyday_history,1,1,81,81,https://www.youtube.com/channel/UCuGCz6k5XGQocjJ1Z5-bzGQ/videos
UCRK8tN1uxSTamK30Okq2_kA,The War Movie Channel,everyday_history,1,1,81,81,https://www.youtube.com/channel/UCRK8tN1uxSTamK30Okq2_kA/videos
UCwRVxGHNVj4OUWgfFFNCuJQ,Edible History,everyday_history,1,1,81,81,https://www.youtube.com/channel/UCwRVxGHNVj4OUWgfFFNCuJQ/videos
UC0mATVwgyJdQRNEvdCNhLQw,The Fellow Investor,economic_explainers,1,0,81,81,https://www.youtube.com/channel/UC0mATVwgyJdQRNEvdCNhLQw/videos
UCZG3UwmNLfvSabtnQ8VgTwA,HypeTrace,everyday_history,2,0,81,70,https://www.youtube.com/channel/UCZG3UwmNLfvSabtnQ8VgTwA/videos
UC11cH44EHc2IeuR82jiapiQ,Read The Boardroom,psychology_society,1,1,80,80,https://www.youtube.com/channel/UC11cH44EHc2IeuR82jiapiQ/videos
UChcIFm-pcSFwOoSkETO_swg,History for the Sleepy,everyday_history,1,1,80,80,https://www.youtube.com/channel/UChcIFm-pcSFwOoSkETO_swg/videos
UCdG_1HbwG_KTyTgYCVTDUZA,forgotten suppers,everyday_history,1,1,80,80,https://www.youtube.com/channel/UCdG_1HbwG_KTyTgYCVTDUZA/videos
UCxOAGPg2IF4B_B2rljaYIbQ,Dinakaran S,geography_logistics,1,1,79,79,https://www.youtube.com/channel/UCxOAGPg2IF4B_B2rljaYIbQ/videos
UCJLSWVnaLqRu4t6dDOkRTUg,INSPACED ,speculative_scifi,1,1,79,79,https://www.youtube.com/channel/UCJLSWVnaLqRu4t6dDOkRTUg/videos
UCDSYSCtiYxueBXviqhAQciA,Forgotten Ways Of America,everyday_history,1,1,79,79,https://www.youtube.com/channel/UCDSYSCtiYxueBXviqhAQciA/videos
UCxNMA_fcQgTHa4KrCOkc_0Q,Plates of the Planet,practical_lifestyle,1,0,79,79,https://www.youtube.com/channel/UCxNMA_fcQgTHa4KrCOkc_0Q/videos
UCNx09VmxhXfyMwDqqg9U2mw,99 Years Ago,everyday_history,1,0,79,79,https://www.youtube.com/channel/UCNx09VmxhXfyMwDqqg9U2mw/videos
UCP9KnAGAkgHT9JLSRm6bBog,NeuroSoul Lab,psychology_society,1,1,77,77,https://www.youtube.com/channel/UCP9KnAGAkgHT9JLSRm6bBog/videos
UCaICbBYWxlQEOYLCX-8Cj3A,Trend Vault,psychology_society,1,1,77,77,https://www.youtube.com/channel/UCaICbBYWxlQEOYLCX-8Cj3A/videos
UCDs71KUBJMonIUjuoeTkNvg,Viral Entertainment Info Network,culture_entertainment,1,1,77,77,https://www.youtube.com/channel/UCDs71KUBJMonIUjuoeTkNvg/videos
UCNZnxBieA6YtOkGt1Wg0_Fg,When Time Stood Still,everyday_history,1,1,77,77,https://www.youtube.com/channel/UCNZnxBieA6YtOkGt1Wg0_Fg/videos
UCYEk8v-E1hejBwffGLI0Mbw,Political Drain,consumer_systems,1,0,77,77,https://www.youtube.com/channel/UCYEk8v-E1hejBwffGLI0Mbw/videos
UCd1ut7NmrdJanTr_5rzMtow,Everything Has A History,everyday_history,1,1,75,75,https://www.youtube.com/channel/UCd1ut7NmrdJanTr_5rzMtow/videos
UCLE1HNE4WO2MTWHr_UGcV3A,That Time Traveler Guy ,everyday_history,1,0,75,75,https://www.youtube.com/channel/UCLE1HNE4WO2MTWHr_UGcV3A/videos
UCAIiP_Ux6gw3oPAGuiMW7Yw,Robotics Production Line,practical_lifestyle,2,2,74,68,https://www.youtube.com/channel/UCAIiP_Ux6gw3oPAGuiMW7Yw/videos
UCKQRKgXjPRX6EdfqP0pWRxA,The Sleepy Pantry,everyday_history,1,1,74,74,https://www.youtube.com/channel/UCKQRKgXjPRX6EdfqP0pWRxA/videos
UCk1aL6kyRu8FArnrz-pyZpw,Apex Engineering,science_engineering,1,0,74,74,https://www.youtube.com/channel/UCk1aL6kyRu8FArnrz-pyZpw/videos
UCI_b2p8lPjHdL7XRiWR2Ctw,Decoding Everyday,everyday_history,1,0,74,74,https://www.youtube.com/channel/UCI_b2p8lPjHdL7XRiWR2Ctw/videos
UClNwpkUeBVWdMSy8lZEOG_Q,Punto Ciego Negocios,business_economics,1,1,73,73,https://www.youtube.com/channel/UClNwpkUeBVWdMSy8lZEOG_Q/videos
UC665EQQLBnbvD9ZBiic4ijg, rndstore.in_,technology_ai,1,1,73,73,https://www.youtube.com/channel/UC665EQQLBnbvD9ZBiic4ijg/videos
UCXFYqE6ue8a1XzSkRjkl0xA,Hidden Earth Films,everyday_history,1,0,73,73,https://www.youtube.com/channel/UCXFYqE6ue8a1XzSkRjkl0xA/videos
UCB3wM74VyhZ_jycbzzw_LIw,Living in Madrid Spain,consumer_systems,1,1,72,72,https://www.youtube.com/channel/UCB3wM74VyhZ_jycbzzw_LIw/videos
UCo-cuwAhigElY7GTd2hCqaA,Ancient Reconstructs History,history_reconstruction,1,1,72,72,https://www.youtube.com/channel/UCo-cuwAhigElY7GTd2hCqaA/videos
UCiTeD_p_R-ma1FZG6Lhfr8Q,factoryusa,practical_lifestyle,1,0,72,72,https://www.youtube.com/channel/UCiTeD_p_R-ma1FZG6Lhfr8Q/videos
UCYBnrwlC0V1azboDKD5pz1w,StickyMind,psychology_society,1,1,71,71,https://www.youtube.com/channel/UCYBnrwlC0V1azboDKD5pz1w/videos
UCYzuZ-rlS98IsVUDCV2zFcw,Beyond Time,practical_lifestyle,1,1,71,71,https://www.youtube.com/channel/UCYzuZ-rlS98IsVUDCV2zFcw/videos
UCf5OxspxgOmo9yNFKSDiQzw,The Insight Vault,science_engineering,1,0,71,71,https://www.youtube.com/channel/UCf5OxspxgOmo9yNFKSDiQzw/videos
UCAWyKDiCfr5oH-a8EeyBu-Q,Ops Evolution,consumer_systems,1,0,70,70,https://www.youtube.com/channel/UCAWyKDiCfr5oH-a8EeyBu-Q/videos
UCKg2R3zo2gfHtZFLoKfgYlg,DV THINKS,geography_logistics,1,0,70,70,https://www.youtube.com/channel/UCKg2R3zo2gfHtZFLoKfgYlg/videos
UClXtLwS04Mk5STfhAaE_kFQ,Ghar Chara,speculative_scifi,1,1,69,69,https://www.youtube.com/channel/UClXtLwS04Mk5STfhAaE_kFQ/videos
UCv4yDZHD0Mjkn7PXR2qN2xg,InfoOrbit,geography_logistics,1,0,69,69,https://www.youtube.com/channel/UCv4yDZHD0Mjkn7PXR2qN2xg/videos
UCEBMzbnnbQa9NLOR_4MlE0Q,mintpixellearning,crime_scams_mystery,1,0,69,69,https://www.youtube.com/channel/UCEBMzbnnbQa9NLOR_4MlE0Q/videos
UCJ94TcRVmQ2af9S60psqP0g,Outlay,practical_lifestyle,1,0,69,69,https://www.youtube.com/channel/UCJ94TcRVmQ2af9S60psqP0g/videos
UClPiJsU5P4Kv2nY-Ymhb6ow,The Last Wall,everyday_history,1,1,68,68,https://www.youtube.com/channel/UClPiJsU5P4Kv2nY-Ymhb6ow/videos
UCEH465lnJ-0EqiQviL2fjeQ,The Money Brief,business_economics,1,1,67,67,https://www.youtube.com/channel/UCEH465lnJ-0EqiQviL2fjeQ/videos
UCJFDMDMZMuMLJwf7_pgDvtA,OriginMind,practical_lifestyle,1,1,67,67,https://www.youtube.com/channel/UCJFDMDMZMuMLJwf7_pgDvtA/videos
UCjOoxm4cCcWyaYNDc7HOvjQ,The Price Tag,practical_lifestyle,1,1,67,67,https://www.youtube.com/channel/UCjOoxm4cCcWyaYNDc7HOvjQ/videos
UCefvcLJCSOPLhRos7kyOlhQ,THE FACT FACTORY,consumer_systems|practical_lifestyle,3,0,67,1,https://www.youtube.com/channel/UCefvcLJCSOPLhRos7kyOlhQ/videos
UCj9PsGig-Oke5qBIBg9l02A,AI Documentary,work_career_education,1,0,66,66,https://www.youtube.com/channel/UCj9PsGig-Oke5qBIBg9l02A/videos
UCMDVi_Ax0p31k2lUaHImqLQ,That’s Why,everyday_history,1,1,64,64,https://www.youtube.com/channel/UCMDVi_Ax0p31k2lUaHImqLQ/videos
UCTe-KCu9nV5j6Gs0WtPGbVA,The Uncharted Path,everyday_history,1,1,64,64,https://www.youtube.com/channel/UCTe-KCu9nV5j6Gs0WtPGbVA/videos
UCwAJEmbRaqt61sH8TINALcg,The Profit Lab,business_economics,1,1,63,63,https://www.youtube.com/channel/UCwAJEmbRaqt61sH8TINALcg/videos
UClzRSvC99RpbB3SUx5mRWDw,Ascendia,psychology_society,1,1,63,63,https://www.youtube.com/channel/UClzRSvC99RpbB3SUx5mRWDw/videos
UCkT5-j4NCb2EULjGAJig1TA,The State Vault,everyday_history,1,1,63,63,https://www.youtube.com/channel/UCkT5-j4NCb2EULjGAJig1TA/videos
UC927jHB81UYBpfXtpXjFFMQ,Wise Theory,consumer_systems|crime_scams_mystery,2,1,62,36,https://www.youtube.com/channel/UC927jHB81UYBpfXtpXjFFMQ/videos
UC45YrPWeNHvxmuB85gj4hCA,The Roman Archive,science_engineering,1,1,62,62,https://www.youtube.com/channel/UC45YrPWeNHvxmuB85gj4hCA/videos
UCFAcRx_3CkanEagZxfuuulw,Crayon Economy,work_career_education,1,1,62,62,https://www.youtube.com/channel/UCFAcRx_3CkanEagZxfuuulw/videos
UC8-OX8i1WCTWotLsnthFRJw,Tom Explains Everything,culture_entertainment,1,1,62,62,https://www.youtube.com/channel/UC8-OX8i1WCTWotLsnthFRJw/videos
UCiOEUz7UCTSo6NUcQ86nFvA,FOX19 NOW | Cincinnati,everyday_history,1,0,62,62,https://www.youtube.com/channel/UCiOEUz7UCTSo6NUcQ86nFvA/videos
UC7Rs1GmeOqOpSeVmvdjjtJw,Second Nature,psychology_society,1,1,61,61,https://www.youtube.com/channel/UC7Rs1GmeOqOpSeVmvdjjtJw/videos
UCOk0uZEa4gzV8oWQO06sNeA,Extreme Biology,nature_animals,1,1,61,61,https://www.youtube.com/channel/UCOk0uZEa4gzV8oWQO06sNeA/videos
UC8nSbNeL4WrXc9Y7ZciRewQ,The Groundwork,everyday_history,1,1,61,61,https://www.youtube.com/channel/UC8nSbNeL4WrXc9Y7ZciRewQ/videos
UCSJCHSTOppe6wfTk0qCtGFg,The Ultimate Reality,psychology_society,1,0,61,61,https://www.youtube.com/channel/UCSJCHSTOppe6wfTk0qCtGFg/videos
UC-ZJuBxc-otgYL1YujxVmPg,ForgottenFrames,everyday_history,1,0,61,61,https://www.youtube.com/channel/UC-ZJuBxc-otgYL1YujxVmPg/videos
UCICL70HzI1a-HebS8ltNSzQ,Rights to know ,history_civilization,1,1,60,60,https://www.youtube.com/channel/UCICL70HzI1a-HebS8ltNSzQ/videos
UCBRFXkJ5ula3cDszheXzv_w,Heavy Scale Explainer,science_engineering,1,1,60,60,https://www.youtube.com/channel/UCBRFXkJ5ula3cDszheXzv_w/videos
UCdrbKpDql-waSujlKGKSv0g,Quiet Money,business_economics,1,0,60,60,https://www.youtube.com/channel/UCdrbKpDql-waSujlKGKSv0g/videos
UCk9XT6UtzHLZdoUdl73oSUg,GlobifyX,geography_logistics,1,0,60,60,https://www.youtube.com/channel/UCk9XT6UtzHLZdoUdl73oSUg/videos
UCNAHILfx2Ng2f7dhZ_RPNww,TheSecurityBros,work_career_education,1,0,60,60,https://www.youtube.com/channel/UCNAHILfx2Ng2f7dhZ_RPNww/videos
UCVTq4k4hGt4UT4xKoErDeUw,Museum of Fire,everyday_history,1,1,59,59,https://www.youtube.com/channel/UCVTq4k4hGt4UT4xKoErDeUw/videos
UCXaj2W90HqckG7fQa9s76sA,Drawn To Know,everyday_history,1,1,59,59,https://www.youtube.com/channel/UCXaj2W90HqckG7fQa9s76sA/videos
UCnaobXuJ-muqZ3iGZoel_7g,World Creatar Plus ,speculative_scifi,1,0,59,59,https://www.youtube.com/channel/UCnaobXuJ-muqZ3iGZoel_7g/videos
UC1YSqFIvoh9Z93MFgaHgFPQ,Corporate Autopsy ,business_economics,1,1,58,58,https://www.youtube.com/channel/UC1YSqFIvoh9Z93MFgaHgFPQ/videos
UCIEX8ATSRsacOkCuEw2SU_g,GigNova,consumer_systems,1,1,58,58,https://www.youtube.com/channel/UCIEX8ATSRsacOkCuEw2SU_g/videos
UCx5ff0g-srcVu_sMVkz_rDw,System Insider,consumer_systems,1,1,58,58,https://www.youtube.com/channel/UCx5ff0g-srcVu_sMVkz_rDw/videos
UCWZTFKRwOSfdcyCKG6XD3pQ,CURLY CURL,culture_entertainment,1,1,58,58,https://www.youtube.com/channel/UCWZTFKRwOSfdcyCKG6XD3pQ/videos
UCcj-u7jOEUHmMkfZyMQIPXA,Update Aviba,practical_lifestyle,1,1,58,58,https://www.youtube.com/channel/UCcj-u7jOEUHmMkfZyMQIPXA/videos
UChW82ATIB5t35aEHWyvl4Jg,Info Psychology Facts,psychology_society,1,0,58,58,https://www.youtube.com/channel/UChW82ATIB5t35aEHWyvl4Jg/videos
UChDFkycWB0VABwtJeUEq7lw,Cargill,practical_lifestyle,1,0,58,58,https://www.youtube.com/channel/UChDFkycWB0VABwtJeUEq7lw/videos
UCbmlf1VeZvIxLBYbgZ7aw1w,Finance Machnism,practical_lifestyle,1,1,57,57,https://www.youtube.com/channel/UCbmlf1VeZvIxLBYbgZ7aw1w/videos
UCPVgmc9C4dNjp9EplCCRn5A,Finance Chronicles,economic_explainers,1,1,57,57,https://www.youtube.com/channel/UCPVgmc9C4dNjp9EplCCRn5A/videos
UCD59amIOqi5PTj1RYDEMdkg,Before It Was Normal,everyday_history,1,1,57,57,https://www.youtube.com/channel/UCD59amIOqi5PTj1RYDEMdkg/videos
UCSZclF5zcR3cgGDuL0l1ROQ,Rooms of Ruin,everyday_history,1,1,57,57,https://www.youtube.com/channel/UCSZclF5zcR3cgGDuL0l1ROQ/videos
UCDn0UgUlOChPy2R4YocAZIw,Echoes of WWII,everyday_history,1,1,57,57,https://www.youtube.com/channel/UCDn0UgUlOChPy2R4YocAZIw/videos
UCHyFuvaP40uvL0RE48NbsMw,First Alert 6,everyday_history,1,0,57,57,https://www.youtube.com/channel/UCHyFuvaP40uvL0RE48NbsMw/videos
UChxl878Qk-8mydCVHxU7M7A,Paradigm Play,science_engineering,1,1,56,56,https://www.youtube.com/channel/UChxl878Qk-8mydCVHxU7M7A/videos
UCPJ_JgR-Cd6hm2yhe0DSUEA,Flavor Anatomy,practical_lifestyle,1,1,56,56,https://www.youtube.com/channel/UCPJ_JgR-Cd6hm2yhe0DSUEA/videos
UC033PC91zpezFPakOBssF7Q,Money Unlocked,practical_lifestyle,1,0,56,56,https://www.youtube.com/channel/UC033PC91zpezFPakOBssF7Q/videos
UCnWDgmoOayZDimB3X9PSTXg,Worlds Reconstructed,history_reconstruction,1,0,56,56,https://www.youtube.com/channel/UCnWDgmoOayZDimB3X9PSTXg/videos
UC9Udyat_7Hra6N_f5BvPrmA,"Small Things, Big Reasons",everyday_history,1,0,56,56,https://www.youtube.com/channel/UC9Udyat_7Hra6N_f5BvPrmA/videos
UCkFdAFpgGdlaueNzbotM_sA,Easy Finance: Explained,business_economics,1,0,55,55,https://www.youtube.com/channel/UCkFdAFpgGdlaueNzbotM_sA/videos
UC-9R0UIZgv79e9VDIozuRKg,Thinking In Loops,psychology_society,1,0,55,55,https://www.youtube.com/channel/UC-9R0UIZgv79e9VDIozuRKg/videos
UCZNvK8OSbiyEkzJAg4a2yGA,Guilty & Free,crime_scams_mystery,2,2,54,42,https://www.youtube.com/channel/UCZNvK8OSbiyEkzJAg4a2yGA/videos
UCPyZDLZzUxy4cnTB0G2Wt4A,Quick Verse,speculative_scifi,1,1,54,54,https://www.youtube.com/channel/UCPyZDLZzUxy4cnTB0G2Wt4A/videos
UChMh6V4XIiyWxeR3eJKgSPw,NateOnTwoAcres,everyday_history,1,1,54,54,https://www.youtube.com/channel/UChMh6V4XIiyWxeR3eJKgSPw/videos
UCQvC3CPKdhhfbNO3YglH7Gg,Locomotive Canada,everyday_history,1,1,54,54,https://www.youtube.com/channel/UCQvC3CPKdhhfbNO3YglH7Gg/videos
UCPqx-oBGdSyw6wEtCUsJlQQ,Calm Story Nights,everyday_history,1,1,53,53,https://www.youtube.com/channel/UCPqx-oBGdSyw6wEtCUsJlQQ/videos
UC30nPmltwQ9nDbzME7Nom8A,Pain Into Power,everyday_history,1,1,53,53,https://www.youtube.com/channel/UC30nPmltwQ9nDbzME7Nom8A/videos
UCCIjlePOUqMSQICsyGiNj0g,Echoes of History,everyday_history,1,1,53,53,https://www.youtube.com/channel/UCCIjlePOUqMSQICsyGiNj0g/videos
UCf7V0TjouAlbM8cGyUuoSRw,The Quiet Farm,work_career_education,1,0,53,53,https://www.youtube.com/channel/UCf7V0TjouAlbM8cGyUuoSRw/videos
UC3o4RMWgTL8WLruU-XkRQaA,Pet CheatSheet,psychology_society,1,1,51,51,https://www.youtube.com/channel/UC3o4RMWgTL8WLruU-XkRQaA/videos
UCHOocsUOZDp4xgDQrBLJ3xA,American Sources ,economic_explainers,1,0,51,51,https://www.youtube.com/channel/UCHOocsUOZDp4xgDQrBLJ3xA/videos
UCNAg3GmGMXwXfw7KTcoWevQ,Riaz Hussain Hushiarpuri,everyday_history,1,0,51,51,https://www.youtube.com/channel/UCNAg3GmGMXwXfw7KTcoWevQ/videos
UCkyJJqhjfQJJe-ntwvjPc-g,Latent Capital,geography_logistics,1,1,50,50,https://www.youtube.com/channel/UCkyJJqhjfQJJe-ntwvjPc-g/videos
UCTcg9jYAPP0a7KAXQ-aK2hw,FinanceGlobe,consumer_systems,1,0,50,50,https://www.youtube.com/channel/UCTcg9jYAPP0a7KAXQ-aK2hw/videos
UCaDjr463_TaQ1CYdj2BywEA,Psychology Unsealed,psychology_society,1,0,50,50,https://www.youtube.com/channel/UCaDjr463_TaQ1CYdj2BywEA/videos
UCWOzB977dUjQcwzSWXkLIaA,Knowledge Stairs,work_career_education,2,0,50,36,https://www.youtube.com/channel/UCWOzB977dUjQcwzSWXkLIaA/videos
UCsrtIdSSKjZeZ3Z4VZJo67A,Boldcraft Studio,everyday_history,1,0,50,50,https://www.youtube.com/channel/UCsrtIdSSKjZeZ3Z4VZJo67A/videos
UCyngjl5KMXKAsdS8UXa9Uzw,Stunning Evolution,everyday_history,1,1,49,49,https://www.youtube.com/channel/UCyngjl5KMXKAsdS8UXa9Uzw/videos
UCINTw9TVo6D1NrKwHWMNaoA,body decode,psychology_society,1,0,49,49,https://www.youtube.com/channel/UCINTw9TVo6D1NrKwHWMNaoA/videos
UCYgx9nc8cshq6ksJ6i8gbRw,Book Wisdom Studio,business_economics,1,1,48,48,https://www.youtube.com/channel/UCYgx9nc8cshq6ksJ6i8gbRw/videos
UCEiMyNBdoRtpdYWdTe-fFZg,Fin Explained,culture_entertainment,1,1,48,48,https://www.youtube.com/channel/UCEiMyNBdoRtpdYWdTe-fFZg/videos
UC9wZ6pdXlEIAN7PJYhJrgcg,Alpha Presence Media,history_reconstruction,1,1,48,48,https://www.youtube.com/channel/UC9wZ6pdXlEIAN7PJYhJrgcg/videos
UCJD7hwtWGjJECpGZk2L9sJA,ZappyToonskid ,speculative_scifi,2,0,48,28,https://www.youtube.com/channel/UCJD7hwtWGjJECpGZk2L9sJA/videos
UCL_322q4bcHnLu8O-Ne9MfA,Evans Nl Tv,geography_logistics,1,1,47,47,https://www.youtube.com/channel/UCL_322q4bcHnLu8O-Ne9MfA/videos
UC5a5hk-MAKxlJCZ_4l2WCAQ,NextGen Food Journey,practical_lifestyle,1,1,47,47,https://www.youtube.com/channel/UC5a5hk-MAKxlJCZ_4l2WCAQ/videos
UCo8ZMZKVcMFSnkDnU-E9-oA,Dictorine of History,everyday_history,1,1,47,47,https://www.youtube.com/channel/UCo8ZMZKVcMFSnkDnU-E9-oA/videos
UCbtZBu4Zzt83w_1CoqaLmyw,Sir motin,everyday_history,2,1,47,40,https://www.youtube.com/channel/UCbtZBu4Zzt83w_1CoqaLmyw/videos
UCqhoA7MQgt0lY14JwV_gktg,Mind Lens,work_career_education,1,0,47,47,https://www.youtube.com/channel/UCqhoA7MQgt0lY14JwV_gktg/videos
UCRg8RnEMScfClC3tRfekv8w,America's Weird Jobs,everyday_history,1,0,47,47,https://www.youtube.com/channel/UCRg8RnEMScfClC3tRfekv8w/videos
UCGiHG6h-MejgNr5oxgks-qw,Plainly Drawn,consumer_systems,1,1,46,46,https://www.youtube.com/channel/UCGiHG6h-MejgNr5oxgks-qw/videos
UCGrhQ_0SdvT3SpNI8oI_vVA,Tima Invests,culture_entertainment,1,1,46,46,https://www.youtube.com/channel/UCGrhQ_0SdvT3SpNI8oI_vVA/videos
UCIg6MSRJiW79jZNqTBeASfw,Old table Stories,everyday_history,1,1,46,46,https://www.youtube.com/channel/UCIg6MSRJiW79jZNqTBeASfw/videos
UCbdk8vQhHjCKEwEWrZGLdQg,WW2 REMINDER,everyday_history,1,1,46,46,https://www.youtube.com/channel/UCbdk8vQhHjCKEwEWrZGLdQg/videos
UCREhCyZBGpWGhbv7HYRKTjQ,SD Auto Transformation,technology_ai,1,0,46,46,https://www.youtube.com/channel/UCREhCyZBGpWGhbv7HYRKTjQ/videos
UCQPPIJMe4BM5lmwHB693JqQ,Mohsin Baba,culture_entertainment,1,0,46,46,https://www.youtube.com/channel/UCQPPIJMe4BM5lmwHB693JqQ/videos
UCmXNE2IuawBKZmczP3vy6SA,Deeply,everyday_history,1,0,46,46,https://www.youtube.com/channel/UCmXNE2IuawBKZmczP3vy6SA/videos
UCONAuggywKUn8Tq86EeheDA,Vault Theory,business_economics,1,1,45,45,https://www.youtube.com/channel/UCONAuggywKUn8Tq86EeheDA/videos
UCvsTYawQGyRAJoBI6-iwdVQ,Process Hub HQ,science_engineering,1,1,45,45,https://www.youtube.com/channel/UCvsTYawQGyRAJoBI6-iwdVQ/videos
UCl_HuR8mrj0QWvC4lnVdlgQ,How Cities Work,geography_logistics,1,1,45,45,https://www.youtube.com/channel/UCl_HuR8mrj0QWvC4lnVdlgQ/videos
UCBdtGSEw6CAZye8vgeAsM1A,AED ID,science_engineering,1,0,45,45,https://www.youtube.com/channel/UCBdtGSEw6CAZye8vgeAsM1A/videos
UC9mHQonyVDZmqRi_tKTrdHw,ReverseMind,psychology_society,1,0,45,45,https://www.youtube.com/channel/UC9mHQonyVDZmqRi_tKTrdHw/videos
UCTGbcE7b1Pglql32wdQvXog,WTF HISTORY103,everyday_history,1,0,45,45,https://www.youtube.com/channel/UCTGbcE7b1Pglql32wdQvXog/videos
UCKyl9i5YUm9CEGApLGfILAg,Elite Economic Forum,work_career_education,1,1,44,44,https://www.youtube.com/channel/UCKyl9i5YUm9CEGApLGfILAg/videos
UC4C9_qg0OXOQXdfTBPuG2lQ,PAST MIDNIGHT,everyday_history,1,1,44,44,https://www.youtube.com/channel/UC4C9_qg0OXOQXdfTBPuG2lQ/videos
UCfac88lmiGNHmitJ1T4or_A,One Weird Thought,psychology_society,1,0,44,44,https://www.youtube.com/channel/UCfac88lmiGNHmitJ1T4or_A/videos
UCU_aTn2PIv-9Lz5RnVfsYZg,How the System Works,work_career_education,1,0,44,44,https://www.youtube.com/channel/UCU_aTn2PIv-9Lz5RnVfsYZg/videos
UCWY7cM40TRPFLdohSsuhhRw,Manufacturing zone ,practical_lifestyle,1,0,44,44,https://www.youtube.com/channel/UCWY7cM40TRPFLdohSsuhhRw/videos
UC7aN6ro9JazKqaCWIBaG_gw,BizNex Studio,business_economics,1,1,43,43,https://www.youtube.com/channel/UC7aN6ro9JazKqaCWIBaG_gw/videos
UC-zmDkiXnItQfRK_m8P1I9A,Hashomics,geography_logistics,1,1,43,43,https://www.youtube.com/channel/UC-zmDkiXnItQfRK_m8P1I9A/videos
UCTLU_5of8LkvBRdfl6-Sv6Q,Damtry ,work_career_education,1,1,43,43,https://www.youtube.com/channel/UCTLU_5of8LkvBRdfl6-Sv6Q/videos
UCpX94XdtsJKSXuGlL_P7F_w,The Altered Timeline ,speculative_scifi,1,1,43,43,https://www.youtube.com/channel/UCpX94XdtsJKSXuGlL_P7F_w/videos
UCydBS0BgdjRcssrr--FcHaA,Revived History,everyday_history,1,1,43,43,https://www.youtube.com/channel/UCydBS0BgdjRcssrr--FcHaA/videos
UCcvBSh6lZUZEbz4gmudKkYg,WW2 MissingDocs,everyday_history,1,1,43,43,https://www.youtube.com/channel/UCcvBSh6lZUZEbz4gmudKkYg/videos
UC-acrodjmEwcooH4nTSsPhQ,TimelineRebuilder,everyday_history,2,1,43,39,https://www.youtube.com/channel/UC-acrodjmEwcooH4nTSsPhQ/videos
UCavrUpmebmzTRCkbzr3oODg,Stick People Explain,business_economics,1,0,43,43,https://www.youtube.com/channel/UCavrUpmebmzTRCkbzr3oODg/videos
UCaC2VkwGt5Ks41UOVUyLm0g,Viral News Talk | Munendra Tiwari,technology_ai,1,0,43,43,https://www.youtube.com/channel/UCaC2VkwGt5Ks41UOVUyLm0g/videos
UCd7sWegAv5RWxOx3eD23xqw,The Quiet Historian,everyday_history,1,1,42,42,https://www.youtube.com/channel/UCd7sWegAv5RWxOx3eD23xqw/videos
UCxQjOtDC7ZrBKrWr5josyiA,Financial Crimes USA,consumer_systems,1,0,42,42,https://www.youtube.com/channel/UCxQjOtDC7ZrBKrWr5josyiA/videos
UCXvi01chy2SF6IQruNFo_oA,ShadowFrame History,crime_scams_mystery,1,0,42,42,https://www.youtube.com/channel/UCXvi01chy2SF6IQruNFo_oA/videos
UCne5Ofw0Guf2PxhaFw9itIg,The Daily Dose news ,everyday_history,1,0,42,42,https://www.youtube.com/channel/UCne5Ofw0Guf2PxhaFw9itIg/videos
UCsVvSaJW9op6omNBWVuhTiA,New York City Uncovered,everyday_history,1,0,41,41,https://www.youtube.com/channel/UCsVvSaJW9op6omNBWVuhTiA/videos
UCDBCWrAZ6c1h7CVEtn5hzTw,Hidden Systems,geography_logistics,2,2,40,24,https://www.youtube.com/channel/UCDBCWrAZ6c1h7CVEtn5hzTw/videos
UCS89Byb2r-4ig8bUqpaceLw,HIST ,economic_explainers,1,1,40,40,https://www.youtube.com/channel/UCS89Byb2r-4ig8bUqpaceLw/videos
UC__1H1h9Lnt0uMk0L1Gdavg,American Disaster Files,everyday_history,1,1,40,40,https://www.youtube.com/channel/UC__1H1h9Lnt0uMk0L1Gdavg/videos
UCEm0F7h-s0xUekzERIoxPDQ,Manufacturing Mode,consumer_systems,1,0,40,40,https://www.youtube.com/channel/UCEm0F7h-s0xUekzERIoxPDQ/videos
UC4F8EZ2ZmVdOdLRUjWoOajg,Naisha's Wonder World,science_engineering,1,0,40,40,https://www.youtube.com/channel/UC4F8EZ2ZmVdOdLRUjWoOajg/videos
UCU41ayP1nLWXMLIVxKwxWIg,Manufacturing Product,practical_lifestyle,1,0,40,40,https://www.youtube.com/channel/UCU41ayP1nLWXMLIVxKwxWIg/videos
UClhhFYr3VtnJw9BRpxH-xQA,The Explained Mind,psychology_society,1,0,39,39,https://www.youtube.com/channel/UClhhFYr3VtnJw9BRpxH-xQA/videos
UCHapfO1wi6NVl3KSlKGMllQ,INSIDE THE WORKPLACE,psychology_society,1,0,39,39,https://www.youtube.com/channel/UCHapfO1wi6NVl3KSlKGMllQ/videos
UCzNmi7kiyyjGqznVlDlVtPw,Ai Documentary ,practical_lifestyle,1,0,39,39,https://www.youtube.com/channel/UCzNmi7kiyyjGqznVlDlVtPw/videos
UCIV09roO6HW4kBAcrtYIu2A,Prime Worth,business_economics,1,1,38,38,https://www.youtube.com/channel/UCIV09roO6HW4kBAcrtYIu2A/videos
UC-_kP0BE1sz9BFBlFFRV6Gg,Grow-and-Earn  ,business_economics,1,1,38,38,https://www.youtube.com/channel/UC-_kP0BE1sz9BFBlFFRV6Gg/videos
UCIhWqmQl-Q-Hez5VBflW-Ww,Beneath the Echo,geography_logistics,1,1,38,38,https://www.youtube.com/channel/UCIhWqmQl-Q-Hez5VBflW-Ww/videos
UCCEXXigO16N1Fex7CRBzwhg,Fortune Atlas,practical_lifestyle,1,1,38,38,https://www.youtube.com/channel/UCCEXXigO16N1Fex7CRBzwhg/videos
UCG6lIzMlY7fqOftXEbsDzUg,"Ordinary Lives, Extraordinary Times",everyday_history,1,1,38,38,https://www.youtube.com/channel/UCG6lIzMlY7fqOftXEbsDzUg/videos
UCiW5F4pc0Nw0h9KN7anc48g,History US,everyday_history,1,1,38,38,https://www.youtube.com/channel/UCiW5F4pc0Nw0h9KN7anc48g/videos
UCR0vGMxiy3oV2_omq8G4sOw,Capital Growth Lab,consumer_systems,1,0,38,38,https://www.youtube.com/channel/UCR0vGMxiy3oV2_omq8G4sOw/videos
UC_flqFKiBECNEGyj9P57N_w,History revealed,everyday_history,1,0,38,38,https://www.youtube.com/channel/UC_flqFKiBECNEGyj9P57N_w/videos
UCHQSPAmH7wqBUa3eRREc9VQ,Titan Theory,business_economics,1,1,37,37,https://www.youtube.com/channel/UCHQSPAmH7wqBUa3eRREc9VQ/videos
UCRvBKtRsM7wYARE3LxNsgcw, Psychology Unpacked,psychology_society,1,1,37,37,https://www.youtube.com/channel/UCRvBKtRsM7wYARE3LxNsgcw/videos
UC5UaJxBfzjdlV0A8da93mOA,The Forgotten Life,everyday_history,1,1,37,37,https://www.youtube.com/channel/UC5UaJxBfzjdlV0A8da93mOA/videos
UCNJpLMcaEfoXJeqVnFAPAJA,Think Dot Map,psychology_society,1,0,37,37,https://www.youtube.com/channel/UCNJpLMcaEfoXJeqVnFAPAJA/videos
UCxC17u-L3Rx2L9TyJv6mmDA,BIOLOGY GURUKUL,nature_animals,1,1,36,36,https://www.youtube.com/channel/UCxC17u-L3Rx2L9TyJv6mmDA/videos
UCRn3ADlfUL06R5bLOcpjd5Q,History Revealed,science_engineering,1,0,36,36,https://www.youtube.com/channel/UCRn3ADlfUL06R5bLOcpjd5Q/videos
UCDpgcxC6ZHsHXseKrosadxg,The Invisible Ledger,culture_entertainment,1,0,36,36,https://www.youtube.com/channel/UCDpgcxC6ZHsHXseKrosadxg/videos
UCX6Y9hNdazfm-kJK-1QQ53A,Fotyra Studio,speculative_scifi,1,0,36,36,https://www.youtube.com/channel/UCX6Y9hNdazfm-kJK-1QQ53A/videos
UCanNUvfdjDPGXsAMgjAo4pA,American Decoded,consumer_systems|work_career_education,2,1,35,26,https://www.youtube.com/channel/UCanNUvfdjDPGXsAMgjAo4pA/videos
UC24HyAWXxGDILc64o2spmXA,True Relics,everyday_history,1,1,35,35,https://www.youtube.com/channel/UC24HyAWXxGDILc64o2spmXA/videos
UCM18C8cqfq5lo3eJveBbBhQ,Boring History for sleep,everyday_history,1,1,35,35,https://www.youtube.com/channel/UCM18C8cqfq5lo3eJveBbBhQ/videos
UCoT2AXbn4cfl7zX1G4HP4XA,Bedtime Historian,everyday_history,1,1,35,35,https://www.youtube.com/channel/UCoT2AXbn4cfl7zX1G4HP4XA/videos
UChgho3XtawPndU7DOW6bkSg,USA Fact Hub ,consumer_systems|work_career_education,4,0,35,7,https://www.youtube.com/channel/UChgho3XtawPndU7DOW6bkSg/videos
UC3vWJngu6ViFs35YbF6yz5g,EclecticBlendHub,speculative_scifi,1,0,35,35,https://www.youtube.com/channel/UC3vWJngu6ViFs35YbF6yz5g/videos
UCzSPHr2KYq2K-B98BoD6IHQ,Talkative Objects,everyday_history,1,0,35,35,https://www.youtube.com/channel/UCzSPHr2KYq2K-B98BoD6IHQ/videos
UC-vsuhgTuByGm3O512QR7_A,America Revisited,everyday_history,1,0,35,35,https://www.youtube.com/channel/UC-vsuhgTuByGm3O512QR7_A/videos
UCwSqjLS3TD-T35TuXfWQOhw,Finance Frontier,geography_logistics,1,1,34,34,https://www.youtube.com/channel/UCwSqjLS3TD-T35TuXfWQOhw/videos
UCAjM2orxafAp-phU94QKK8A,Financial Cycles,economic_explainers,1,1,34,34,https://www.youtube.com/channel/UCAjM2orxafAp-phU94QKK8A/videos
UCDlo-biUsttRR4vafjq_pRw,Health Evolution TV,everyday_history,1,1,34,34,https://www.youtube.com/channel/UCDlo-biUsttRR4vafjq_pRw/videos
UCqSKBti1bve9Wl3cDlAZV1Q,The Way It Was,everyday_history,1,0,34,34,https://www.youtube.com/channel/UCqSKBti1bve9Wl3cDlAZV1Q/videos
UCKQdb--KJM1ooGC6yOlVH9g,Core Explained,history_civilization,1,1,33,33,https://www.youtube.com/channel/UCKQdb--KJM1ooGC6yOlVH9g/videos
UCEekHyV5mP1gsV42Eumpg3A,TITAN ENGINEERING,science_engineering,1,1,33,33,https://www.youtube.com/channel/UCEekHyV5mP1gsV42Eumpg3A/videos
UCCN2TLqOVX8gsdkYCVCkjEA,Common Relics,everyday_history,1,1,33,33,https://www.youtube.com/channel/UCCN2TLqOVX8gsdkYCVCkjEA/videos
UC9NgPzQqEabSdrNBulGv2Cw,AS beyond,psychology_society,1,0,33,33,https://www.youtube.com/channel/UC9NgPzQqEabSdrNBulGv2Cw/videos
UCF1wFw8JTB5Hxyn6bSkJ9yg,Econexa,business_economics,1,1,32,32,https://www.youtube.com/channel/UCF1wFw8JTB5Hxyn6bSkJ9yg/videos
UCovdPx9RJ49qDd53fXHxVUQ,Financial Empire,economic_explainers,1,1,32,32,https://www.youtube.com/channel/UCovdPx9RJ49qDd53fXHxVUQ/videos
UCNe0LHYmjfXc6q-e9BoJLlg,Boring Nights,everyday_history,1,1,32,32,https://www.youtube.com/channel/UCNe0LHYmjfXc6q-e9BoJLlg/videos
UCd-KyIrUx1hgTZ8wT_bUOJg,Mahika Past,everyday_history,1,1,32,32,https://www.youtube.com/channel/UCd-KyIrUx1hgTZ8wT_bUOJg/videos
UCOOSv-D_pj_GM5nNXQlkWHg,Life Pulse Official Pk,consumer_systems,1,0,32,32,https://www.youtube.com/channel/UCOOSv-D_pj_GM5nNXQlkWHg/videos
UC-b5DlNesGfULKFbbSXRPMg,AMERICA EXPLAINED,geography_logistics,1,0,32,32,https://www.youtube.com/channel/UC-b5DlNesGfULKFbbSXRPMg/videos
UCvcMqYtaIolYJyDSeMo_Utg,Call Me Different,psychology_society,1,0,32,32,https://www.youtube.com/channel/UCvcMqYtaIolYJyDSeMo_Utg/videos
UCjIXBkP8-Es1U2eNl5jELZQ,"Bitter Truth, with Nathan",consumer_systems,1,1,31,31,https://www.youtube.com/channel/UCjIXBkP8-Es1U2eNl5jELZQ/videos
UCRcQ0FZnPYY5-Pt-Udj3vVA,PsyFin Lab,psychology_society,1,1,31,31,https://www.youtube.com/channel/UCRcQ0FZnPYY5-Pt-Udj3vVA/videos
UCsx_8HR0I_fsI72RId9di8w,Zee Invests,work_career_education,1,1,31,31,https://www.youtube.com/channel/UCsx_8HR0I_fsI72RId9di8w/videos
UC1ch_d3xYDEwIjcR3PtdyfQ,Law Recalled,practical_lifestyle,1,1,31,31,https://www.youtube.com/channel/UC1ch_d3xYDEwIjcR3PtdyfQ/videos
UC2XUfRYUc18OlUM4aTqJYGQ,The Explained World,practical_lifestyle,1,1,31,31,https://www.youtube.com/channel/UC2XUfRYUc18OlUM4aTqJYGQ/videos
UC01VmqHkbyhleA1dITkAAMw,The Forgotten Records,everyday_history,1,1,31,31,https://www.youtube.com/channel/UC01VmqHkbyhleA1dITkAAMw/videos
UChTCCcc6FZwMDItD1zlWYMA,Pics of Past,everyday_history,1,1,31,31,https://www.youtube.com/channel/UChTCCcc6FZwMDItD1zlWYMA/videos
UC5kq4H1doNCbGcTzRiYeonQ,Truthline Documentaries,technology_ai,1,0,31,31,https://www.youtube.com/channel/UC5kq4H1doNCbGcTzRiYeonQ/videos
UCFLfoo_RXsv_At2vwUXJBPA,Build Logic,science_engineering,1,0,31,31,https://www.youtube.com/channel/UCFLfoo_RXsv_At2vwUXJBPA/videos
UCBB8-IPjnSv1TjvLrcf041w,market booster club,psychology_society,1,0,31,31,https://www.youtube.com/channel/UCBB8-IPjnSv1TjvLrcf041w/videos
UCNAkXKbNqU8-GUJF1mbimCA,CaseCandle,crime_scams_mystery,1,0,31,31,https://www.youtube.com/channel/UCNAkXKbNqU8-GUJF1mbimCA/videos
UCosbd1rudRsnScln_5E_jKg,StarverseGo,culture_entertainment,1,0,31,31,https://www.youtube.com/channel/UCosbd1rudRsnScln_5E_jKg/videos
UC0ogc8mRCouuW_mG_cXODOw,The Next Billion Studio,culture_entertainment,1,0,31,31,https://www.youtube.com/channel/UC0ogc8mRCouuW_mG_cXODOw/videos
UCHKnfyiUusFigfu5exdvWUg,Croc Capital,business_economics,1,1,30,30,https://www.youtube.com/channel/UCHKnfyiUusFigfu5exdvWUg/videos
UCh6NPu1gilFmtHGf9UQw0dw,Creepy Cryptic,business_economics,1,0,30,30,https://www.youtube.com/channel/UCh6NPu1gilFmtHGf9UQw0dw/videos
UCPk9O_In4oudSB3xXkTKkdA,Build Beyond Borders,science_engineering,1,0,30,30,https://www.youtube.com/channel/UCPk9O_In4oudSB3xXkTKkdA/videos
UCuAVH-bKfJ3kz377hcXxHFg,DocuSignals,science_engineering,1,0,30,30,https://www.youtube.com/channel/UCuAVH-bKfJ3kz377hcXxHFg/videos
UCcRzlAFKq-LIOMhRExxvGfw,Dust of Empires	,everyday_history,1,0,30,30,https://www.youtube.com/channel/UCcRzlAFKq-LIOMhRExxvGfw/videos
UC1W5XfMkhmgMoJfSHHd6rbQ,Let’s Wander Smart,consumer_systems,1,1,29,29,https://www.youtube.com/channel/UC1W5XfMkhmgMoJfSHHd6rbQ/videos
UCj-xbkNXSeh17sKbBipAKuQ,Fairy Tales for Adults ,psychology_society,1,1,29,29,https://www.youtube.com/channel/UCj-xbkNXSeh17sKbBipAKuQ/videos
UCH5AEX0FECouNU9N76_z6Ow,Culture Journey,culture_entertainment,1,1,29,29,https://www.youtube.com/channel/UCH5AEX0FECouNU9N76_z6Ow/videos
UCg8S52Gsaq_Ys3SJyKI90RA,Glory Rails,everyday_history,1,1,29,29,https://www.youtube.com/channel/UCg8S52Gsaq_Ys3SJyKI90RA/videos
UCwRXilcXUAXoTi9uS2ierwg,The Sociology Workshop,culture_entertainment,1,0,29,29,https://www.youtube.com/channel/UCwRXilcXUAXoTi9uS2ierwg/videos
UCHA39N_guFSwhjBzM7uGhjw,System Atlas,geography_logistics,1,1,28,28,https://www.youtube.com/channel/UCHA39N_guFSwhjBzM7uGhjw/videos
UCkuYhDC40Ve-uEx1FMjpMfg,World Matrix,science_engineering,1,0,28,28,https://www.youtube.com/channel/UCkuYhDC40Ve-uEx1FMjpMfg/videos
UCkyOfu3ogDlpU3bxkvZ8uOA,Kids Toon Stories ,economic_explainers,1,0,28,28,https://www.youtube.com/channel/UCkyOfu3ogDlpU3bxkvZ8uOA/videos
UC8JR6rgQXSsocTOHKejqh5Q,English Together,culture_entertainment,1,1,27,27,https://www.youtube.com/channel/UC8JR6rgQXSsocTOHKejqh5Q/videos
UCEw1DLJsiRNDcC9E5v3CEMA,Haider Invests,practical_lifestyle,1,1,27,27,https://www.youtube.com/channel/UCEw1DLJsiRNDcC9E5v3CEMA/videos
UCZtMlc5KUvt44kSdjLaxtEQ,Sabbir Mallick ,work_career_education,1,0,27,27,https://www.youtube.com/channel/UCZtMlc5KUvt44kSdjLaxtEQ/videos
UCfZXOT5h9BEe5TVvtIQbA3Q,TRUE JUSTICE,crime_scams_mystery,1,0,27,27,https://www.youtube.com/channel/UCfZXOT5h9BEe5TVvtIQbA3Q/videos
UCpnfk2In4FankiHRSSNFJpw,The Car Mentor,practical_lifestyle,1,0,27,27,https://www.youtube.com/channel/UCpnfk2In4FankiHRSSNFJpw/videos
UC0NTolPaaLKR693A-JZMPFA,Forgotten Frames,history_reconstruction,1,0,27,27,https://www.youtube.com/channel/UC0NTolPaaLKR693A-JZMPFA/videos
UCY6AEi16zlJGqeCtxh37I0w,Finance With Financer,economic_explainers,1,0,27,27,https://www.youtube.com/channel/UCY6AEi16zlJGqeCtxh37I0w/videos
UCaxUVlb7sr4abtrHy8PzZDQ,Phantom Cosmos,speculative_scifi,1,0,27,27,https://www.youtube.com/channel/UCaxUVlb7sr4abtrHy8PzZDQ/videos
UClpjtFUieGEUtRI8QPViFfA,Simulated by AI,speculative_scifi,1,0,27,27,https://www.youtube.com/channel/UClpjtFUieGEUtRI8QPViFfA/videos
UCiPgn8qw264OEW37NoD_PvA,Forgotten American Bites,everyday_history,1,0,27,27,https://www.youtube.com/channel/UCiPgn8qw264OEW37NoD_PvA/videos
UCUDQHJMDNXlPXs6vYDg4ExQ,World Compact 500.K,everyday_history,1,0,27,27,https://www.youtube.com/channel/UCUDQHJMDNXlPXs6vYDg4ExQ/videos
UCDGPOl-CRCdO9QRWOEBp3nA,Factora documentaries ,practical_lifestyle|psychology_society|science_engineering,3,2,26,15,https://www.youtube.com/channel/UCDGPOl-CRCdO9QRWOEBp3nA/videos
UCyk0EQ8Jt8eQfcF-1hEPNXQ,intresketch,science_engineering,1,1,26,26,https://www.youtube.com/channel/UCyk0EQ8Jt8eQfcF-1hEPNXQ/videos
UCP7UQXXS6i24PAupWbvgmNg,Should I Go,science_engineering,1,1,26,26,https://www.youtube.com/channel/UCP7UQXXS6i24PAupWbvgmNg/videos
UCHijblKs_XhH14lSz8lTyVg,Fiko,psychology_society,1,1,26,26,https://www.youtube.com/channel/UCHijblKs_XhH14lSz8lTyVg/videos
UC5mM5IDZsXNWriqUlOKvkcQ,BizVault,culture_entertainment,1,1,26,26,https://www.youtube.com/channel/UC5mM5IDZsXNWriqUlOKvkcQ/videos
UCvG1gfAJhgPLAI6Ri2o6MZw,Nomi Docs,economic_explainers,1,1,26,26,https://www.youtube.com/channel/UCvG1gfAJhgPLAI6Ri2o6MZw/videos
UCry7j0ARLXfbRiOw_gpIwBQ,SentientDust,speculative_scifi,1,1,26,26,https://www.youtube.com/channel/UCry7j0ARLXfbRiOw_gpIwBQ/videos
UCyG6-53G5INrSLbxccd-wig,This Was America,everyday_history,1,1,26,26,https://www.youtube.com/channel/UCyG6-53G5INrSLbxccd-wig/videos
UCpB4sbt0TWqBzIbPlSnbzMQ,Sleepless Historian,everyday_history,1,1,26,26,https://www.youtube.com/channel/UCpB4sbt0TWqBzIbPlSnbzMQ/videos
UCBZcLA9ockanmRuLh6YBPMA,Finance Explained,business_economics,2,0,26,22,https://www.youtube.com/channel/UCBZcLA9ockanmRuLh6YBPMA/videos
UC5a6QO6voKqL5TCjJkQRzdw,Wealth IQ,business_economics,1,0,26,26,https://www.youtube.com/channel/UC5a6QO6voKqL5TCjJkQRzdw/videos
UCCL7WaRED_gC1FiAuYIOBRQ,Archive X,technology_ai,1,0,26,26,https://www.youtube.com/channel/UCCL7WaRED_gC1FiAuYIOBRQ/videos
UCQUi356U73ksM3wLJmGfRiQ,Explainium,science_engineering,1,0,26,26,https://www.youtube.com/channel/UCQUi356U73ksM3wLJmGfRiQ/videos
UClSk7N-ED-BzDakdw5mzdZA,Academic_Investor,economic_explainers,1,0,26,26,https://www.youtube.com/channel/UClSk7N-ED-BzDakdw5mzdZA/videos
UCilAD1Uv72FRPZvVJaCHhqQ,The USA Rewind,everyday_history,1,0,26,26,https://www.youtube.com/channel/UCilAD1Uv72FRPZvVJaCHhqQ/videos
UCyMv0FptLRP-UiP3iUTs7_Q,TitanFlow Industry,practical_lifestyle,1,1,25,25,https://www.youtube.com/channel/UCyMv0FptLRP-UiP3iUTs7_Q/videos
UCuFa43lQA2dNyB2TDxGJfzg,HistoPlexx,speculative_scifi,1,1,25,25,https://www.youtube.com/channel/UCuFa43lQA2dNyB2TDxGJfzg/videos
UCCcXWmvgJha3j8CqnjLYeFw,The Unsleeping Eye,everyday_history,1,1,25,25,https://www.youtube.com/channel/UCCcXWmvgJha3j8CqnjLYeFw/videos
UCYp9BuLEs-rqBTPNHIDcvJw,The Old Coffer,everyday_history,1,1,25,25,https://www.youtube.com/channel/UCYp9BuLEs-rqBTPNHIDcvJw/videos
UCT0vJfP997-YSYNMcsON59A,History They Never Taught You,business_economics,1,0,25,25,https://www.youtube.com/channel/UCT0vJfP997-YSYNMcsON59A/videos
UCaevV1Qamdqc9RQ9DvL75uw,eimt,technology_ai,1,0,25,25,https://www.youtube.com/channel/UCaevV1Qamdqc9RQ9DvL75uw/videos
UCOHw6J6_O1iUdZZLAscSQlw,Source Code: Daily,geography_logistics,1,0,25,25,https://www.youtube.com/channel/UCOHw6J6_O1iUdZZLAscSQlw/videos
UCuZFhaBOQ_OMJUC5Sxnq6PA,Red Ink History,business_economics,1,1,24,24,https://www.youtube.com/channel/UCuZFhaBOQ_OMJUC5Sxnq6PA/videos
UCgGPfnM_fwhXKasO3JA5cOQ,Before It Was Normal,everyday_history,1,1,24,24,https://www.youtube.com/channel/UCgGPfnM_fwhXKasO3JA5cOQ/videos
UCL--EMC85ATyveWj4xgeg7w,Past in motion,everyday_history,1,1,24,24,https://www.youtube.com/channel/UCL--EMC85ATyveWj4xgeg7w/videos
UCvpGP--LDulovYXg6a7LtfQ,Dollar Archives,everyday_history,1,1,24,24,https://www.youtube.com/channel/UCvpGP--LDulovYXg6a7LtfQ/videos
UCHmgHZDkLIt6_ktxnWP4IpQ,Fundscop ,business_economics,1,0,24,24,https://www.youtube.com/channel/UCHmgHZDkLIt6_ktxnWP4IpQ/videos
UCARCndnbN2qCm8ig3rmTewg,Mindset Asset,psychology_society,1,0,24,24,https://www.youtube.com/channel/UCARCndnbN2qCm8ig3rmTewg/videos
UCeeKySEVO004NPB6I3nsiJQ,Weird World Vibes For Sleep and Knowledge,everyday_history,1,0,24,24,https://www.youtube.com/channel/UCeeKySEVO004NPB6I3nsiJQ/videos
UC1uUN-MW0tIz93CTKub34Ig,Money Through History,business_economics,1,1,23,23,https://www.youtube.com/channel/UC1uUN-MW0tIz93CTKub34Ig/videos
UCLjja80BX7KIfDkT06hlAmg,Anjani Sharma,technology_ai,1,1,23,23,https://www.youtube.com/channel/UCLjja80BX7KIfDkT06hlAmg/videos
UCh_FWFxrxnQ7X1pyYlhY28Q,Society of Civil Engineers,science_engineering,1,1,23,23,https://www.youtube.com/channel/UCh_FWFxrxnQ7X1pyYlhY28Q/videos
UCXHFE0jexjbQn_r0zlP1fkQ,Simply Explained,psychology_society,1,1,23,23,https://www.youtube.com/channel/UCXHFE0jexjbQn_r0zlP1fkQ/videos
UChT2iimggBMfY1IdiDQQnAw,professor easy,everyday_history,1,1,23,23,https://www.youtube.com/channel/UChT2iimggBMfY1IdiDQQnAw/videos
UCafLG18Fu-8h6_K9DuyTISw,Real Facts World,geography_logistics,1,0,23,23,https://www.youtube.com/channel/UCafLG18Fu-8h6_K9DuyTISw/videos
UCX-m7uCGbm97agN_KW7xFUA,Facts Lane,work_career_education,1,0,23,23,https://www.youtube.com/channel/UCX-m7uCGbm97agN_KW7xFUA/videos
UC0mK4OIqEubzH-3EqOeMPgQ,Chief Founder Explainer,nature_animals,1,0,23,23,https://www.youtube.com/channel/UC0mK4OIqEubzH-3EqOeMPgQ/videos
UCOOZnVnvqAru8mqaE6uyBqA,The Dumb Money Fix,practical_lifestyle,1,0,23,23,https://www.youtube.com/channel/UCOOZnVnvqAru8mqaE6uyBqA/videos
UCaACicjBmh76WpCo68nGa0w,Origin of Things,everyday_history,1,0,23,23,https://www.youtube.com/channel/UCaACicjBmh76WpCo68nGa0w/videos
UCTkeNpdkKSC1et5KU-GYEmg,Health Huddle,consumer_systems,1,1,22,22,https://www.youtube.com/channel/UCTkeNpdkKSC1et5KU-GYEmg/videos
UCPjVERSdREr-MqpVOSZzW2w,Logical Economy,consumer_systems,1,1,22,22,https://www.youtube.com/channel/UCPjVERSdREr-MqpVOSZzW2w/videos
UCAKDGewG9SVljn3e8QS6brQ,Atlas of History,history_civilization,1,1,22,22,https://www.youtube.com/channel/UCAKDGewG9SVljn3e8QS6brQ/videos
UCO5fTthDls29805YMO3qULQ,Tartaria Archives,science_engineering,1,1,22,22,https://www.youtube.com/channel/UCO5fTthDls29805YMO3qULQ/videos
UClyK3REUbcbHpF-nTJ6nMNw,The Cost of Being American,practical_lifestyle,1,1,22,22,https://www.youtube.com/channel/UClyK3REUbcbHpF-nTJ6nMNw/videos
UCneV-H4A9shJHXPNIRH9f2A,Bizarre History Files,everyday_history,1,1,22,22,https://www.youtube.com/channel/UCneV-H4A9shJHXPNIRH9f2A/videos
UCftK59zt9qUQBpfQhnNt88Q,حمزة يحكي,everyday_history,1,1,22,22,https://www.youtube.com/channel/UCftK59zt9qUQBpfQhnNt88Q/videos
UCMkzriwmZ_exaWThkryCRGQ,WWII Undercover,everyday_history,1,1,22,22,https://www.youtube.com/channel/UCMkzriwmZ_exaWThkryCRGQ/videos
UCs09PpiMIq4om7L5iB-hO5g,Drift Off & Discover,everyday_history,1,1,22,22,https://www.youtube.com/channel/UCs09PpiMIq4om7L5iB-hO5g/videos
UC5v5gqaKGlyGJRgS-q6r61Q,Oddly Historical,everyday_history,1,0,22,22,https://www.youtube.com/channel/UC5v5gqaKGlyGJRgS-q6r61Q/videos
UCoF4KlRo5VD25Te1AmDbjyA,Objectivv,everyday_history,1,0,22,22,https://www.youtube.com/channel/UCoF4KlRo5VD25Te1AmDbjyA/videos
UCSH4QzeUX1334x8cpDoTAQQ,MindAndBehavior,psychology_society,2,2,21,11,https://www.youtube.com/channel/UCSH4QzeUX1334x8cpDoTAQQ/videos
UC1cfy6LhHARqEPLEk7xwToA,Financial Crime Cases,business_economics,1,1,21,21,https://www.youtube.com/channel/UC1cfy6LhHARqEPLEk7xwToA/videos
UCfd32hfs5HR-G6UC3dgxmgA,Who Actually Pays?,consumer_systems,1,1,21,21,https://www.youtube.com/channel/UCfd32hfs5HR-G6UC3dgxmgA/videos
UCOVYfzUOAtFDmu7ZfTTd2mg,Sienna Drive,work_career_education,1,1,21,21,https://www.youtube.com/channel/UCOVYfzUOAtFDmu7ZfTTd2mg/videos
UCYLzn-Gmc2Y2CU_vMwj_YFw,The Strategy Breakdown,business_economics,1,0,21,21,https://www.youtube.com/channel/UCYLzn-Gmc2Y2CU_vMwj_YFw/videos
UCGDDQDllt2TFVbJVodBnQ1A,Final Boss Finance ,consumer_systems,1,0,21,21,https://www.youtube.com/channel/UCGDDQDllt2TFVbJVodBnQ1A/videos
UChK-y17zjt3a7Wo2Zz2h6rg,AI Knowledge Studio,technology_ai,1,0,21,21,https://www.youtube.com/channel/UChK-y17zjt3a7Wo2Zz2h6rg/videos
UChRqEa9KTQ71MjfYABOaaXA,PsychLayers,psychology_society,1,0,21,21,https://www.youtube.com/channel/UChRqEa9KTQ71MjfYABOaaXA/videos
UCNx0y4yzxasB6N95Vh_PdJQ,Fame Chronicles,culture_entertainment,1,0,21,21,https://www.youtube.com/channel/UCNx0y4yzxasB6N95Vh_PdJQ/videos
UC-sbk_aXZJya2kJW1uGr_RQ,The Epic Tale,culture_entertainment,1,0,21,21,https://www.youtube.com/channel/UC-sbk_aXZJya2kJW1uGr_RQ/videos
UCH8KmdML2mygT4d_A3SWOHg,"Forgotten Flavors
",everyday_history,1,0,21,21,https://www.youtube.com/channel/UCH8KmdML2mygT4d_A3SWOHg/videos
UCm0AOGVL_5TJyaJXVdhwsRw,DarkFiles786,technology_ai,1,1,20,20,https://www.youtube.com/channel/UCm0AOGVL_5TJyaJXVdhwsRw/videos
UCjD8SFvlM_RPeGqAd7vAf6A,Insight Archive,psychology_society,1,1,20,20,https://www.youtube.com/channel/UCjD8SFvlM_RPeGqAd7vAf6A/videos
UCtVPrxIeDrE5SQGUdl7SL7g,Guttu,internet_mysteries,1,1,20,20,https://www.youtube.com/channel/UCtVPrxIeDrE5SQGUdl7SL7g/videos
UCOgGk4vNEyoVI-q8k1gg-8A,GeoQuest,everyday_history,1,1,20,20,https://www.youtube.com/channel/UCOgGk4vNEyoVI-q8k1gg-8A/videos
UCLXQvsHMGvHqyzTLwXXdIvQ,Wake Point,everyday_history,1,1,20,20,https://www.youtube.com/channel/UCLXQvsHMGvHqyzTLwXXdIvQ/videos
UCgupQ2pM9Egh0soAkmW5kMA,The Ancient Lens,everyday_history,1,1,20,20,https://www.youtube.com/channel/UCgupQ2pM9Egh0soAkmW5kMA/videos
UCJdRx_2utCAdq8p0DFVMJHw,Insurance Simplified USA,consumer_systems,1,0,20,20,https://www.youtube.com/channel/UCJdRx_2utCAdq8p0DFVMJHw/videos
UC6__2aaS0fL41K9afSDKmmA,Tech spark ,technology_ai,1,0,20,20,https://www.youtube.com/channel/UC6__2aaS0fL41K9afSDKmmA/videos
UCOqCdmjfOkxu-Fw5lru6mXw,Diplomatrix Today ,science_engineering,1,0,20,20,https://www.youtube.com/channel/UCOqCdmjfOkxu-Fw5lru6mXw/videos
UCPDB2J3s7trdvjbhg-HrV4g,News and Views,geography_logistics,1,0,20,20,https://www.youtube.com/channel/UCPDB2J3s7trdvjbhg-HrV4g/videos
UCDKDd-c_9L-Y55w2VXPRtoQ,Simple Learning,work_career_education,1,0,20,20,https://www.youtube.com/channel/UCDKDd-c_9L-Y55w2VXPRtoQ/videos
UC57BueXueAK6LAc7F5Fah6A,Tern-tv,economic_explainers,1,0,20,20,https://www.youtube.com/channel/UC57BueXueAK6LAc7F5Fah6A/videos
UCHaHJk9rsiIbA9htdWKCeSQ,American Retro Rewind,everyday_history,1,0,20,20,https://www.youtube.com/channel/UCHaHJk9rsiIbA9htdWKCeSQ/videos
UCWCn12bz1H9SZM1NF13mLdg,Forgotten Texas,everyday_history,1,0,20,20,https://www.youtube.com/channel/UCWCn12bz1H9SZM1NF13mLdg/videos
UCadOwkOWuZhgbgC13lMeHCg,Sir.Capital,business_economics,1,1,19,19,https://www.youtube.com/channel/UCadOwkOWuZhgbgC13lMeHCg/videos
UCNEyrgow0dCiYrHY7R9UqnA,Gulf Jobs Platform,work_career_education,1,1,19,19,https://www.youtube.com/channel/UCNEyrgow0dCiYrHY7R9UqnA/videos
UCKUO52wpzFQn2LjybBS-PGQ,Retroscope,speculative_scifi,1,1,19,19,https://www.youtube.com/channel/UCKUO52wpzFQn2LjybBS-PGQ/videos
UCDhWlSRDcoIKPm_kUaO20qw,Warline Archives,everyday_history,1,1,19,19,https://www.youtube.com/channel/UCDhWlSRDcoIKPm_kUaO20qw/videos
UCld9SkH8-y6HrAVZuSFhYvA,Before Modern Life,everyday_history,1,1,19,19,https://www.youtube.com/channel/UCld9SkH8-y6HrAVZuSFhYvA/videos
UCn9c3UyZ_49XVULOr8fBDCA,Timeline Secrets - Discover Time’s Secrets,everyday_history,1,1,19,19,https://www.youtube.com/channel/UCn9c3UyZ_49XVULOr8fBDCA/videos
UCOzB3yCuddj5hThkacEVfhg,Strategy Reloaded,business_economics,1,0,19,19,https://www.youtube.com/channel/UCOzB3yCuddj5hThkacEVfhg/videos
UCgl9ru7gNIFa-LY-rmfsnUw,FUTURE OF AI,science_engineering,2,0,19,17,https://www.youtube.com/channel/UCgl9ru7gNIFa-LY-rmfsnUw/videos
UC9QDl_Es8gMkmBIg0CkgKSQ,Memory Tree,science_engineering,1,0,19,19,https://www.youtube.com/channel/UC9QDl_Es8gMkmBIg0CkgKSQ/videos
UCAcoQ9DDWn1E2i0FSXTl9kQ,USA Factory Documentry,practical_lifestyle,1,0,19,19,https://www.youtube.com/channel/UCAcoQ9DDWn1E2i0FSXTl9kQ/videos
UCMmrv7VzsNQj1rSui9GiE9A,Bhojpuri TuneNest,everyday_history,1,0,19,19,https://www.youtube.com/channel/UCMmrv7VzsNQj1rSui9GiE9A/videos
UClbM804-Zy3G9bPDGjKBZiw,Empire Theory,business_economics,1,1,18,18,https://www.youtube.com/channel/UClbM804-Zy3G9bPDGjKBZiw/videos
UC4n9Ci94apUG-4ypCsHVjKw,Hidden Truth Files,internet_mysteries,1,1,18,18,https://www.youtube.com/channel/UC4n9Ci94apUG-4ypCsHVjKw/videos
UCQydtsKD8nudZLXq757uAcg,INFORYX,history_civilization,1,0,18,18,https://www.youtube.com/channel/UCQydtsKD8nudZLXq757uAcg/videos
UCn4nslEJry_RwLAsoafIjww,Phantom Files,science_engineering,1,0,18,18,https://www.youtube.com/channel/UCn4nslEJry_RwLAsoafIjww/videos
UCGEGttFgpQ5QvpKRyc6Faig,Just Unfolding ,geography_logistics,1,0,18,18,https://www.youtube.com/channel/UCGEGttFgpQ5QvpKRyc6Faig/videos
UCKN4XS-jQhSPVacgDZ6v5zw,Curiositytoknow,geography_logistics,1,0,18,18,https://www.youtube.com/channel/UCKN4XS-jQhSPVacgDZ6v5zw/videos
UCcyfE_XRrklBb51jUCss2EQ,Har docs ,crime_scams_mystery,1,0,18,18,https://www.youtube.com/channel/UCcyfE_XRrklBb51jUCss2EQ/videos
UCa_M8f3mLrEMyKNnGIpPzAg,Denovoro,practical_lifestyle,1,0,18,18,https://www.youtube.com/channel/UCa_M8f3mLrEMyKNnGIpPzAg/videos
UCnsTOiUCkVUsR9ph-eeaQeg,Curio Chatter,everyday_history,1,0,18,18,https://www.youtube.com/channel/UCnsTOiUCkVUsR9ph-eeaQeg/videos
UCS70zZaaSfLc_xpJybVxbfQ,Story Behind The Things,everyday_history,1,0,18,18,https://www.youtube.com/channel/UCS70zZaaSfLc_xpJybVxbfQ/videos
UChpZ635-BF1VKP4_tON5Wow,SocialFD,everyday_history,2,0,18,12,https://www.youtube.com/channel/UChpZ635-BF1VKP4_tON5Wow/videos
UCuJELBzwnr99uQdnTiCIgXA,HQExplainz,history_civilization,1,1,17,17,https://www.youtube.com/channel/UCuJELBzwnr99uQdnTiCIgXA/videos
UCL4tJMzVF6KzWJSvOgc3B-w,World in Focus ,history_civilization,1,1,17,17,https://www.youtube.com/channel/UCL4tJMzVF6KzWJSvOgc3B-w/videos
UCcwiWO7V8pPMnMQt8lJTEmQ,Mind Ascend    ,psychology_society,1,1,17,17,https://www.youtube.com/channel/UCcwiWO7V8pPMnMQt8lJTEmQ/videos
UCvOv2ngQ_mBSl5zrTAp2nhw,Ordinary Ages,everyday_history,1,1,17,17,https://www.youtube.com/channel/UCvOv2ngQ_mBSl5zrTAp2nhw/videos
UC8RsHT945Bl1Xq7LNj0nvcQ,WHUC News 7 Hinds Community College Utica Campus,everyday_history,1,1,17,17,https://www.youtube.com/channel/UC8RsHT945Bl1Xq7LNj0nvcQ/videos
UCfOTca7I14XhfDKaZEMfIfg,Know Basic,business_economics,1,0,17,17,https://www.youtube.com/channel/UCfOTca7I14XhfDKaZEMfIfg/videos
UCnddBwh4EjKmGGVjPUAw05A,Innovatrix,technology_ai,1,0,17,17,https://www.youtube.com/channel/UCnddBwh4EjKmGGVjPUAw05A/videos
UCDucRDB8_mJxA_0eUyH2D7w,Hidden America Files,work_career_education,1,0,17,17,https://www.youtube.com/channel/UCDucRDB8_mJxA_0eUyH2D7w/videos
UCT7w3xGw696TKNg877nar4A,Journalism Explained,culture_entertainment,1,0,17,17,https://www.youtube.com/channel/UCT7w3xGw696TKNg877nar4A/videos
UCEQZMoz7hI3Qv4E7c4CIIRQ,Before Times,everyday_history,1,0,17,17,https://www.youtube.com/channel/UCEQZMoz7hI3Qv4E7c4CIIRQ/videos
UCvSMRYCoilIVM0RVY-e4X1A,behind the why,everyday_history,1,0,17,17,https://www.youtube.com/channel/UCvSMRYCoilIVM0RVY-e4X1A/videos
UCVu-hbqUsvuQQA2EUpOlGOw,The Living Past,everyday_history,1,0,17,17,https://www.youtube.com/channel/UCVu-hbqUsvuQQA2EUpOlGOw/videos
UCEIU_GayWOrYRC3IobR_-UA,HistoMark,everyday_history,1,0,17,17,https://www.youtube.com/channel/UCEIU_GayWOrYRC3IobR_-UA/videos
UCdXcMSmyW6AZQosydCiSOzw,Profit Dynamics,business_economics,1,1,16,16,https://www.youtube.com/channel/UCdXcMSmyW6AZQosydCiSOzw/videos
UChDuOy5j5yyG1WXL1aNBAzA,Legacy Logic,consumer_systems,1,1,16,16,https://www.youtube.com/channel/UChDuOy5j5yyG1WXL1aNBAzA/videos
UCYB3ysv2J9gmqrtu6IPA5FQ,Your Offday BFF,practical_lifestyle,1,1,16,16,https://www.youtube.com/channel/UCYB3ysv2J9gmqrtu6IPA5FQ/videos
UCYQuAhkJgU1I4tQzvxxu1aw,Erased Century,everyday_history,1,1,16,16,https://www.youtube.com/channel/UCYQuAhkJgU1I4tQzvxxu1aw/videos
UCWW_saM7RQmXZm_bbmJD4QQ,Origin Found,everyday_history,1,1,16,16,https://www.youtube.com/channel/UCWW_saM7RQmXZm_bbmJD4QQ/videos
UCMOYmKGg1fJtV_JOc0HCi7g,The Missing Piece,technology_ai,1,0,16,16,https://www.youtube.com/channel/UCMOYmKGg1fJtV_JOc0HCi7g/videos
UCee6LunJea33_RxKeYA-C5w,MindShift Facts,psychology_society,1,0,16,16,https://www.youtube.com/channel/UCee6LunJea33_RxKeYA-C5w/videos
UCNpu4DZim-GKTKsxTliLydg,Science In Short,nature_animals,1,0,16,16,https://www.youtube.com/channel/UCNpu4DZim-GKTKsxTliLydg/videos
UCBA9NrHEVZnjySvTTbXsxjw,Secret Era,everyday_history,1,0,16,16,https://www.youtube.com/channel/UCBA9NrHEVZnjySvTTbXsxjw/videos
UCqZYZKKTHx4fbtTW5oUZrNA,LedgerLore,business_economics,1,1,15,15,https://www.youtube.com/channel/UCqZYZKKTHx4fbtTW5oUZrNA/videos
UCH_NPepxAgaIdOU8XvXxIbQ,Future Frame,work_career_education,1,1,15,15,https://www.youtube.com/channel/UCH_NPepxAgaIdOU8XvXxIbQ/videos
UClfQHs8djNwNqQqaYA1K24Q,The Food Odyssey,practical_lifestyle,1,1,15,15,https://www.youtube.com/channel/UClfQHs8djNwNqQqaYA1K24Q/videos
UCaPL0GxJHaOvIP-YmZzXjnQ,Poor Woman's Almanac,everyday_history,1,1,15,15,https://www.youtube.com/channel/UCaPL0GxJHaOvIP-YmZzXjnQ/videos
UCrRKHZfN1Z6iwD7Hdhp2Hig,American Retold,everyday_history,1,1,15,15,https://www.youtube.com/channel/UCrRKHZfN1Z6iwD7Hdhp2Hig/videos
UCP_8_DScsTDT0ujGHUXzvfA,Shadow Archive Docu,everyday_history,1,1,15,15,https://www.youtube.com/channel/UCP_8_DScsTDT0ujGHUXzvfA/videos
UCDlRdULhDO8eQj1sK9TFLIg,Forgotten Battle Files,everyday_history,1,1,15,15,https://www.youtube.com/channel/UCDlRdULhDO8eQj1sK9TFLIg/videos
UCDxgoNKEIUaIlsX5oMPfczw,The Dreamorian,everyday_history,1,1,15,15,https://www.youtube.com/channel/UCDxgoNKEIUaIlsX5oMPfczw/videos
UCoLTAyAmaxYCIybGYfGOI5Q,Finvora Finance,business_economics,1,0,15,15,https://www.youtube.com/channel/UCoLTAyAmaxYCIybGYfGOI5Q/videos
UCJjXizyi6SdtCa_3u1t7WRw,ZenasChronicles,consumer_systems,1,0,15,15,https://www.youtube.com/channel/UCJjXizyi6SdtCa_3u1t7WRw/videos
UC80XJAY06N9JevwIVGLb8EQ,NEXORA GLOBAL ,consumer_systems,1,0,15,15,https://www.youtube.com/channel/UC80XJAY06N9JevwIVGLb8EQ/videos
UCRzI87byCv-CL-UA18r8zKw,Before Modern Things,everyday_history,1,0,15,15,https://www.youtube.com/channel/UCRzI87byCv-CL-UA18r8zKw/videos
UCmUnr9efQPGV0zg37YvL2-w,Prime History Facts,everyday_history,1,0,15,15,https://www.youtube.com/channel/UCmUnr9efQPGV0zg37YvL2-w/videos
UCAbCSX0mopY422U4jIwW6dw,Origins Of Inventions,everyday_history,1,0,15,15,https://www.youtube.com/channel/UCAbCSX0mopY422U4jIwW6dw/videos
UCH_m8c0Bu42WrNLKKHJ-IhA,US Banking Explained,consumer_systems,1,1,14,14,https://www.youtube.com/channel/UCH_m8c0Bu42WrNLKKHJ-IhA/videos
UCpOOqWieRCxg8LkkESdPEZA,Warbound History,history_civilization,1,1,14,14,https://www.youtube.com/channel/UCpOOqWieRCxg8LkkESdPEZA/videos
UCQl3Y9s7aArW1_NR8bAbCqw,Wealth Explainer,geography_logistics,1,1,14,14,https://www.youtube.com/channel/UCQl3Y9s7aArW1_NR8bAbCqw/videos
UC6PgfGYHKx9yDHhjjyq8Lng,Dramatic Tales of War,everyday_history,1,1,14,14,https://www.youtube.com/channel/UC6PgfGYHKx9yDHhjjyq8Lng/videos
UC8JafBwzRAV6EXHltCHvKlg,LullingLore,everyday_history,1,1,14,14,https://www.youtube.com/channel/UC8JafBwzRAV6EXHltCHvKlg/videos
UCVqhrg-Zos7ldG1iOXHwfHw,The Last Known Frame,everyday_history,1,1,14,14,https://www.youtube.com/channel/UCVqhrg-Zos7ldG1iOXHwfHw/videos
UCyWPBPyKjk3HxJ8HOUbAUzg,THE SPOKEN WAR,everyday_history,1,1,14,14,https://www.youtube.com/channel/UCyWPBPyKjk3HxJ8HOUbAUzg/videos
UCnsuI902-kZXjTviUgvLcaA,Curiosity Kosha,business_economics,1,0,14,14,https://www.youtube.com/channel/UCnsuI902-kZXjTviUgvLcaA/videos
UCuyoH4vetvrwe0hlC6_6RSw,MBA HUB,business_economics,1,0,14,14,https://www.youtube.com/channel/UCuyoH4vetvrwe0hlC6_6RSw/videos
UCAJPe1pz1WVgnlwLfFZzWRA,Money Understood,business_economics,1,0,14,14,https://www.youtube.com/channel/UCAJPe1pz1WVgnlwLfFZzWRA/videos
UCIE-5aR7ai4N2I1YdfzX9cQ,US Now,consumer_systems,1,0,14,14,https://www.youtube.com/channel/UCIE-5aR7ai4N2I1YdfzX9cQ/videos
UCvH0oIoJ7YL06_JQQmM1DnA,Curio Sphere,geography_logistics,1,0,14,14,https://www.youtube.com/channel/UCvH0oIoJ7YL06_JQQmM1DnA/videos
UCvf6qJBZ1RMyDKIyXFbT3pg,America Explained,work_career_education,1,0,14,14,https://www.youtube.com/channel/UCvf6qJBZ1RMyDKIyXFbT3pg/videos
UChy4tLwBAFWhKebIspD9VkQ,Project beta,everyday_history,1,0,14,14,https://www.youtube.com/channel/UChy4tLwBAFWhKebIspD9VkQ/videos
UCnL7bUJu-M9tDNQoqmb0A4g,Kyler Speaks,consumer_systems,1,1,13,13,https://www.youtube.com/channel/UCnL7bUJu-M9tDNQoqmb0A4g/videos
UCWKYQmYvV4MZaXtIXNya6KQ,THINKORA,culture_entertainment,1,1,13,13,https://www.youtube.com/channel/UCWKYQmYvV4MZaXtIXNya6KQ/videos
UCJ2sF2hd6F-Wjm_8mPn0Npw,Oracium,practical_lifestyle,1,1,13,13,https://www.youtube.com/channel/UCJ2sF2hd6F-Wjm_8mPn0Npw/videos
UCSOI_XVqIqwbQW-SnWpPjGA,Empire of Money,economic_explainers,1,1,13,13,https://www.youtube.com/channel/UCSOI_XVqIqwbQW-SnWpPjGA/videos
UC1xTNoJLLbFvjE-OAFvv9wA,Boss Facts,speculative_scifi,1,1,13,13,https://www.youtube.com/channel/UC1xTNoJLLbFvjE-OAFvv9wA/videos
UC41eB5qVNyp6G5k2es3NmKQ,Within,everyday_history,1,1,13,13,https://www.youtube.com/channel/UC41eB5qVNyp6G5k2es3NmKQ/videos
UC6_ZKnznsR8LsjTunoEQMqA,story telling,everyday_history,1,1,13,13,https://www.youtube.com/channel/UC6_ZKnznsR8LsjTunoEQMqA/videos
UCnRwQlrdOxGjhQAnZyLoNZQ,The Finance decoder,consumer_systems,1,0,13,13,https://www.youtube.com/channel/UCnRwQlrdOxGjhQAnZyLoNZQ/videos
UCRnX5hLgKcbvDU83VqYUCnQ,Deep Dive Docs,consumer_systems,1,0,13,13,https://www.youtube.com/channel/UCRnX5hLgKcbvDU83VqYUCnQ/videos
UCWpj0-UxRmfVa-vO0anjAmA,Hidden Civilizations Official,geography_logistics,1,0,13,13,https://www.youtube.com/channel/UCWpj0-UxRmfVa-vO0anjAmA/videos
UC2ZSmVyZh1Wvn1jawz83GYw,DollarCipher,work_career_education,1,0,13,13,https://www.youtube.com/channel/UC2ZSmVyZh1Wvn1jawz83GYw/videos
UCona9IjxXsyCLNeCXVhc57A,Book and Author Club,culture_entertainment,1,0,13,13,https://www.youtube.com/channel/UCona9IjxXsyCLNeCXVhc57A/videos
UCCbqjK13t3mDB_SlNMaSlow,How Things Break,practical_lifestyle,1,0,13,13,https://www.youtube.com/channel/UCCbqjK13t3mDB_SlNMaSlow/videos
UCLhRkUwarcknK16v1AjRqIg,History SSM,history_reconstruction,1,0,13,13,https://www.youtube.com/channel/UCLhRkUwarcknK16v1AjRqIg/videos
UCAnkPIhSd7qSMtt6rxFDAiQ,Indo dark thriller ,economic_explainers,1,0,13,13,https://www.youtube.com/channel/UCAnkPIhSd7qSMtt6rxFDAiQ/videos
UC7RPPEBLPszXFfZ6dnX0p-w,Echoed Time,everyday_history,1,0,13,13,https://www.youtube.com/channel/UC7RPPEBLPszXFfZ6dnX0p-w/videos
UC66dpZzw5BRtJXXnPM3wnTg,History On Fire,everyday_history,1,0,13,13,https://www.youtube.com/channel/UC66dpZzw5BRtJXXnPM3wnTg/videos
UC6eHDv6pisxIH8a1yiwGCQQ,Simplexplain,consumer_systems,1,1,12,12,https://www.youtube.com/channel/UC6eHDv6pisxIH8a1yiwGCQQ/videos
UC7tCKBHkKBnqnlr_p-VIxmg,BREACH Docs,technology_ai,1,1,12,12,https://www.youtube.com/channel/UC7tCKBHkKBnqnlr_p-VIxmg/videos
UCoKEqBNVfe-vay2k70HgDag,Disaster Decoded Channel,science_engineering,1,1,12,12,https://www.youtube.com/channel/UCoKEqBNVfe-vay2k70HgDag/videos
UCkKIRKwbBOgl-chLpHUZoqg,Hidden Current,psychology_society,1,1,12,12,https://www.youtube.com/channel/UCkKIRKwbBOgl-chLpHUZoqg/videos
UCV6MdNLldd3EXshDZ8wwXDQ,Subtle Psychology,psychology_society,1,1,12,12,https://www.youtube.com/channel/UCV6MdNLldd3EXshDZ8wwXDQ/videos
UC2WHdjBbYDoFQ5F4W3MMrlg,Sophia Explains Money,work_career_education,1,1,12,12,https://www.youtube.com/channel/UC2WHdjBbYDoFQ5F4W3MMrlg/videos
UCiCRV4mluiGUmmMzZwLvZnQ,Kay Is Dead,internet_mysteries,1,1,12,12,https://www.youtube.com/channel/UCiCRV4mluiGUmmMzZwLvZnQ/videos
UC5JRHcIr1dD3WwKThc1eQcQ,The Buried Empire,everyday_history,1,1,12,12,https://www.youtube.com/channel/UC5JRHcIr1dD3WwKThc1eQcQ/videos
UCjIrTy-mok2HEiDybQEtfyQ,Business Concepts Explained,business_economics,1,0,12,12,https://www.youtube.com/channel/UCjIrTy-mok2HEiDybQEtfyQ/videos
UCNT_rNHHui7Cr7CmN_1AwaQ,MovoTech BD,technology_ai,1,0,12,12,https://www.youtube.com/channel/UCNT_rNHHui7Cr7CmN_1AwaQ/videos
UCYb-53OItUtBGnuEfNTonPA,Spring Scientific | Systems Explained,geography_logistics,1,0,12,12,https://www.youtube.com/channel/UCYb-53OItUtBGnuEfNTonPA/videos
UCWG0PAuqCTDB6q8TyvfHwCA,Neuro Desire,psychology_society,1,0,12,12,https://www.youtube.com/channel/UCWG0PAuqCTDB6q8TyvfHwCA/videos
UCw7BQHzrYwfK_Sm-BaBhVzA,Nilen Patel,work_career_education,1,0,12,12,https://www.youtube.com/channel/UCw7BQHzrYwfK_Sm-BaBhVzA/videos
UCy9ip3K_wfgryu7QevTXUpQ,Animal Kingdom,nature_animals,1,0,12,12,https://www.youtube.com/channel/UCy9ip3K_wfgryu7QevTXUpQ/videos
UCt6r53buZP0iwQ5EbX7Ml4A,The Story Bite,practical_lifestyle,1,0,12,12,https://www.youtube.com/channel/UCt6r53buZP0iwQ5EbX7Ml4A/videos
UCza1Rh3ogZAnPrZx9yzl-rg,DocuGOAT,business_economics|culture_entertainment,2,2,11,8,https://www.youtube.com/channel/UCza1Rh3ogZAnPrZx9yzl-rg/videos
UCEZxsToZSmjJNCXnmB0FXVA,CashFlow Theory,business_economics,1,1,11,11,https://www.youtube.com/channel/UCEZxsToZSmjJNCXnmB0FXVA/videos
UC8ijSVAt6u4RQvtydQEHcMg,Relax Due Explained,consumer_systems,1,1,11,11,https://www.youtube.com/channel/UC8ijSVAt6u4RQvtydQEHcMg/videos
UCL1Hk8BsvRZ-_aKOWeJ3hbg,Fortune Files,consumer_systems,1,1,11,11,https://www.youtube.com/channel/UCL1Hk8BsvRZ-_aKOWeJ3hbg/videos
UCLu4dGKkJx5_mMoWapQ6zLw,Human Nature,psychology_society,1,1,11,11,https://www.youtube.com/channel/UCLu4dGKkJx5_mMoWapQ6zLw/videos
UCSSZLh9bYouxBdeProBTy1g,𝐓𝐫𝐮𝐭𝐡𝐍𝐞𝐱𝐮𝐬,work_career_education,1,1,11,11,https://www.youtube.com/channel/UCSSZLh9bYouxBdeProBTy1g/videos
UCq3p7oAf9WLXWhHkJrgeRnA,The Money Finance ,work_career_education,1,1,11,11,https://www.youtube.com/channel/UCq3p7oAf9WLXWhHkJrgeRnA/videos
UCkpE0zC2FBrbTJRzmmRL3Gw,FactPaced,crime_scams_mystery,1,1,11,11,https://www.youtube.com/channel/UCkpE0zC2FBrbTJRzmmRL3Gw/videos
UCin6tOHX82Pdf_A53ZGO8Aw,Moneymentery,culture_entertainment,1,1,11,11,https://www.youtube.com/channel/UCin6tOHX82Pdf_A53ZGO8Aw/videos
UCyg8AxZV6xoZruOp9lpHq-Q,Tejav Academy,practical_lifestyle,1,1,11,11,https://www.youtube.com/channel/UCyg8AxZV6xoZruOp9lpHq-Q/videos
UC3kxh5lnWk0ARuVbEB9hmtw,GRT Business 4.o,practical_lifestyle,1,1,11,11,https://www.youtube.com/channel/UC3kxh5lnWk0ARuVbEB9hmtw/videos
UC5RsRt6QEnaweYZ8duMzHfg,Fig Untold,everyday_history,1,1,11,11,https://www.youtube.com/channel/UC5RsRt6QEnaweYZ8duMzHfg/videos
UC71Lj-NZEeRUtFcoShOpd3w,ME FINANCE,consumer_systems,1,0,11,11,https://www.youtube.com/channel/UC71Lj-NZEeRUtFcoShOpd3w/videos
UCmsr7Jf44mLzq_W47piQ-jQ,GoEarthmate,science_engineering,1,0,11,11,https://www.youtube.com/channel/UCmsr7Jf44mLzq_W47piQ-jQ/videos
UChW8pYdag5MQF9jwaxtMRaQ,Hidden Empires,geography_logistics,1,0,11,11,https://www.youtube.com/channel/UChW8pYdag5MQF9jwaxtMRaQ/videos
UCq8T0ImmPVWO2-8h3RB5QMg,Trend Unwrapper,culture_entertainment,1,0,11,11,https://www.youtube.com/channel/UCq8T0ImmPVWO2-8h3RB5QMg/videos
UC4VmT14Kv7pfwEYWZUwIgUA,SYMA,practical_lifestyle,1,0,11,11,https://www.youtube.com/channel/UC4VmT14Kv7pfwEYWZUwIgUA/videos
UCQArOGTvTCInZVGZ9lcRIAA,Thinkdom,economic_explainers,1,0,11,11,https://www.youtube.com/channel/UCQArOGTvTCInZVGZ9lcRIAA/videos
UCadOCSIcrDHBEZMw0XrS0ag,Wealth Dynamics,business_economics,1,1,10,10,https://www.youtube.com/channel/UCadOCSIcrDHBEZMw0XrS0ag/videos
UCLQ_w0962Zl8Mgtf7YfV5jw,Hidden Cosmos,science_engineering,1,1,10,10,https://www.youtube.com/channel/UCLQ_w0962Zl8Mgtf7YfV5jw/videos
UCZRmYVhV2gvIcuaChnUApeA,Veil,crime_scams_mystery,1,1,10,10,https://www.youtube.com/channel/UCZRmYVhV2gvIcuaChnUApeA/videos
UCL96IiKVx-_F5oapcLD-VuQ,Cashvera Finance,culture_entertainment,1,1,10,10,https://www.youtube.com/channel/UCL96IiKVx-_F5oapcLD-VuQ/videos
UCVzQS6dUmQwGD67Wkj0_8gA,Sleepy Historian ,everyday_history,1,1,10,10,https://www.youtube.com/channel/UCVzQS6dUmQwGD67Wkj0_8gA/videos
UCRRRqR9ep9NZvccuMVZXvlw,Hidden Foundations,everyday_history,1,1,10,10,https://www.youtube.com/channel/UCRRRqR9ep9NZvccuMVZXvlw/videos
UCc8AK9IMblv8_HBw07vgPRA,The Art of History ,everyday_history,1,1,10,10,https://www.youtube.com/channel/UCc8AK9IMblv8_HBw07vgPRA/videos
UCT1Rz3FRpxnLDVNkU_0PyHg,ThinkCast English,everyday_history,1,1,10,10,https://www.youtube.com/channel/UCT1Rz3FRpxnLDVNkU_0PyHg/videos
UCg46Dc60UM4Xb39prqHJzkw,Global Money Lab,business_economics,1,0,10,10,https://www.youtube.com/channel/UCg46Dc60UM4Xb39prqHJzkw/videos
UCOfCwg0s6wDVasLYyHY6S1g,THE INDIANN BUZZ ,business_economics,1,0,10,10,https://www.youtube.com/channel/UCOfCwg0s6wDVasLYyHY6S1g/videos
UCcScVwfUuPXSyO-Cph27B-Q,Uncovered USA Stories,technology_ai,1,0,10,10,https://www.youtube.com/channel/UCcScVwfUuPXSyO-Cph27B-Q/videos
UCMdJjUmstrYYT7mxo3BfKAQ,Visionary Path,science_engineering,1,0,10,10,https://www.youtube.com/channel/UCMdJjUmstrYYT7mxo3BfKAQ/videos
UCBFjmS19Rh1qm_bHwr2UNkg,Car Cost Explained,practical_lifestyle,1,0,10,10,https://www.youtube.com/channel/UCBFjmS19Rh1qm_bHwr2UNkg/videos
UClkHXPw4kKyZDxgCn7EWqLA,Scott Smith The Financial Freedom Plan,practical_lifestyle,1,0,10,10,https://www.youtube.com/channel/UClkHXPw4kKyZDxgCn7EWqLA/videos
UC5WakaBekWXtMaqzRaSCkWw,Life Systems Explained,practical_lifestyle,1,0,10,10,https://www.youtube.com/channel/UC5WakaBekWXtMaqzRaSCkWw/videos
UC1Q9fgDYwmgrDC9vzJ1CxyQ,Dark Omniverse,everyday_history,1,0,10,10,https://www.youtube.com/channel/UC1Q9fgDYwmgrDC9vzJ1CxyQ/videos
UCdZoPWP4P94fScODyWcC7eA,Capital Intelligence,technology_ai,1,1,9,9,https://www.youtube.com/channel/UCdZoPWP4P94fScODyWcC7eA/videos
UCiwOXINlCR_XsfFe0a880jQ,The Lore Keeper,history_civilization,1,1,9,9,https://www.youtube.com/channel/UCiwOXINlCR_XsfFe0a880jQ/videos
UCDrEEzZhQ6QSf1cxnoHjHSw,The City Blueprint,science_engineering,1,1,9,9,https://www.youtube.com/channel/UCDrEEzZhQ6QSf1cxnoHjHSw/videos
UCjQ8orIePqDDJf4SCQHhF7Q,Beyond Reason - Sports True Crime ,culture_entertainment,1,1,9,9,https://www.youtube.com/channel/UCjQ8orIePqDDJf4SCQHhF7Q/videos
UCC4aXIlvb4DDT-fztZM-wxw,JungleloreX,nature_animals,1,1,9,9,https://www.youtube.com/channel/UCC4aXIlvb4DDT-fztZM-wxw/videos
UCnykQelFBsDKg63yk2Ugf8Q,NEUROPSYCHO,everyday_history,1,1,9,9,https://www.youtube.com/channel/UCnykQelFBsDKg63yk2Ugf8Q/videos
UCsS1z-qH0qNaRD-xEO0cQAA,Grandma's Table Stories,everyday_history,1,1,9,9,https://www.youtube.com/channel/UCsS1z-qH0qNaRD-xEO0cQAA/videos
UCtupDwSaY98jS40TWEiXt8g,HISTORY FOR YOU,everyday_history,1,1,9,9,https://www.youtube.com/channel/UCtupDwSaY98jS40TWEiXt8g/videos
UCxJqnH9MIQIemXNsYOHgzcQ,America In The Past,everyday_history,1,1,9,9,https://www.youtube.com/channel/UCxJqnH9MIQIemXNsYOHgzcQ/videos
UC3VvVGPmTxjCVkQvtScU0eQ,Incognito Future Lab,consumer_systems,1,0,9,9,https://www.youtube.com/channel/UC3VvVGPmTxjCVkQvtScU0eQ/videos
UCWfsBdXQxBMOwVXt0Uf9T9g,AmericaDailyExplained,consumer_systems,1,0,9,9,https://www.youtube.com/channel/UCWfsBdXQxBMOwVXt0Uf9T9g/videos
UCRfKkcDlQGB7J4ftFq1hZbg,Noventra9X,technology_ai,1,0,9,9,https://www.youtube.com/channel/UCRfKkcDlQGB7J4ftFq1hZbg/videos
UCtPvNJxg_3Y4N0CipxmAu3w,History Insights,history_civilization,1,0,9,9,https://www.youtube.com/channel/UCtPvNJxg_3Y4N0CipxmAu3w/videos
UC_OvJrY4Z3niwS5s7QFAEXQ,MapNova,geography_logistics,1,0,9,9,https://www.youtube.com/channel/UC_OvJrY4Z3niwS5s7QFAEXQ/videos
UCoWYbKwlQq1iZLACfrE5OZw,Republic of Economy,economic_explainers,1,0,9,9,https://www.youtube.com/channel/UCoWYbKwlQq1iZLACfrE5OZw/videos
UC2VOrDdsqMEc33kvK3u4JXA,ERASED,everyday_history,1,0,9,9,https://www.youtube.com/channel/UC2VOrDdsqMEc33kvK3u4JXA/videos
UCKd3-5IsV0CEdRB-H1C4XTQ,ChronoMyst AI,everyday_history,1,0,9,9,https://www.youtube.com/channel/UCKd3-5IsV0CEdRB-H1C4XTQ/videos
UCFXmcMXx6tv4cQTo3FE5tPA,5imply_Financed,business_economics,1,1,8,8,https://www.youtube.com/channel/UCFXmcMXx6tv4cQTo3FE5tPA/videos
UCYD7afgEdPAJsp9Iw7XutKw,Enigma Explained,science_engineering,1,1,8,8,https://www.youtube.com/channel/UCYD7afgEdPAJsp9Iw7XutKw/videos
UCbGIRW1X9jHyctEcOfV8iZw,Learn Real Business,geography_logistics,1,1,8,8,https://www.youtube.com/channel/UCbGIRW1X9jHyctEcOfV8iZw/videos
UCggT8FSQNFYQm1NG9nUZhsw,Owlementary History,geography_logistics,1,1,8,8,https://www.youtube.com/channel/UCggT8FSQNFYQm1NG9nUZhsw/videos
UCjtT5HoAtmWve9KwW0fhw3g,The Real Business Model,work_career_education,1,1,8,8,https://www.youtube.com/channel/UCjtT5HoAtmWve9KwW0fhw3g/videos
UCDvRBuInAG5WrnTq1NohA_g,Banq Official,culture_entertainment,1,1,8,8,https://www.youtube.com/channel/UCDvRBuInAG5WrnTq1NohA_g/videos
UCqWDbvpsjRVumInDgi_M00g,SleepLore History,everyday_history,1,1,8,8,https://www.youtube.com/channel/UCqWDbvpsjRVumInDgi_M00g/videos
UClCxslHHWrzSFTH7d6NT97Q,The Sage's Animated Archives,everyday_history,1,1,8,8,https://www.youtube.com/channel/UClCxslHHWrzSFTH7d6NT97Q/videos
UCXXWSbA9u1Y0M1Gr6PPXakg,Aakhri Dhun Official,everyday_history,1,1,8,8,https://www.youtube.com/channel/UCXXWSbA9u1Y0M1Gr6PPXakg/videos
UCVjrpa6EGAAfVhgJjyjV40Q,Stick Man Enjoy,business_economics,1,0,8,8,https://www.youtube.com/channel/UCVjrpa6EGAAfVhgJjyjV40Q/videos
UC_1zGYb_26gVmK9Qbcq6AUw,Sketchy Markets,business_economics,1,0,8,8,https://www.youtube.com/channel/UC_1zGYb_26gVmK9Qbcq6AUw/videos
UC3ME_DDUmpIYhJDbsUI4Ydw,Kitchen Logic Lab,consumer_systems,1,0,8,8,https://www.youtube.com/channel/UC3ME_DDUmpIYhJDbsUI4Ydw/videos
UCH9mutaEheSImDfVUrku_bA,Monetrax,consumer_systems,1,0,8,8,https://www.youtube.com/channel/UCH9mutaEheSImDfVUrku_bA/videos
UCAz-VsBdqOerpGxcbi-3wUA,USA HISTORY,history_civilization,1,0,8,8,https://www.youtube.com/channel/UCAz-VsBdqOerpGxcbi-3wUA/videos
UCn4LuOZGdC4rI8gxW3pgVXA,The Prime Variable,geography_logistics,1,0,8,8,https://www.youtube.com/channel/UCn4LuOZGdC4rI8gxW3pgVXA/videos
UCKUSKoWc-jcPzjNPE4dAwdA,Fossil Logic,everyday_history,1,0,8,8,https://www.youtube.com/channel/UCKUSKoWc-jcPzjNPE4dAwdA/videos
UC3K_TvFgRb5LbfRazWcnlxA,Unknown Behind Known Things,everyday_history,1,0,8,8,https://www.youtube.com/channel/UC3K_TvFgRb5LbfRazWcnlxA/videos
UCCUf0QzGTP1WBBIwjoNksug,Common Things - Surprising History,everyday_history,1,0,8,8,https://www.youtube.com/channel/UCCUf0QzGTP1WBBIwjoNksug/videos
UCyu-qrB8I7BBxgKwoBu-UOA,State Across,consumer_systems,1,1,7,7,https://www.youtube.com/channel/UCyu-qrB8I7BBxgKwoBu-UOA/videos
UCib0gO71ECpyqz35nqSwTGQ,Hidden Leverage POV,consumer_systems,1,1,7,7,https://www.youtube.com/channel/UCib0gO71ECpyqz35nqSwTGQ/videos
UCP52qrBtsU6aon4BQ7cGG1w,The Interesting Files,technology_ai,1,1,7,7,https://www.youtube.com/channel/UCP52qrBtsU6aon4BQ7cGG1w/videos
UCsJTovsEyLJmYBpRPAHgFZw,Rick Untrapped,work_career_education,1,1,7,7,https://www.youtube.com/channel/UCsJTovsEyLJmYBpRPAHgFZw/videos
UCkZwss8mQiYXTgVYmxvQ3Dw,Global Top Updates 24,work_career_education,1,1,7,7,https://www.youtube.com/channel/UCkZwss8mQiYXTgVYmxvQ3Dw/videos
UCYRp8xrHnVKWUeU39pjQ2RQ,CyberPaws & Ducktron,culture_entertainment,1,1,7,7,https://www.youtube.com/channel/UCYRp8xrHnVKWUeU39pjQ2RQ/videos
UCjpTIMrNxoFGOhtAPNepKpg,Technology Whisper,culture_entertainment,1,1,7,7,https://www.youtube.com/channel/UCjpTIMrNxoFGOhtAPNepKpg/videos
UC1HTFxzj0aYwptvHinhT1Dw,Nature Instinct,nature_animals,1,1,7,7,https://www.youtube.com/channel/UC1HTFxzj0aYwptvHinhT1Dw/videos
UCKxKUL_AdprtngGEblcs71g,Investigative Metabolism,practical_lifestyle,1,1,7,7,https://www.youtube.com/channel/UCKxKUL_AdprtngGEblcs71g/videos
UCtHs1FrxXh5Ob87gRWIzYew,B.P History,history_reconstruction,1,1,7,7,https://www.youtube.com/channel/UCtHs1FrxXh5Ob87gRWIzYew/videos
UCrcM0KnyQTDeYw1NvNBe_PA,Hidden Space,speculative_scifi,1,1,7,7,https://www.youtube.com/channel/UCrcM0KnyQTDeYw1NvNBe_PA/videos
UC01jNwhTBwOlOE4k-tgk1BA,History chapter,everyday_history,1,1,7,7,https://www.youtube.com/channel/UC01jNwhTBwOlOE4k-tgk1BA/videos
UCAWPmAldwbiJ5dVM3SUCbHg,Forgotten Homestead,everyday_history,1,1,7,7,https://www.youtube.com/channel/UCAWPmAldwbiJ5dVM3SUCbHg/videos
UCHgiXaaobC72oFv95pjpfvA,CodeX1980,everyday_history,1,1,7,7,https://www.youtube.com/channel/UCHgiXaaobC72oFv95pjpfvA/videos
UCN0SJsWSx3yPVQ8cwUehb-g,Wartime History,everyday_history,1,1,7,7,https://www.youtube.com/channel/UCN0SJsWSx3yPVQ8cwUehb-g/videos
UCRSKfJC891ZCWrUi1263k2w,Best Group of Companies,business_economics,1,0,7,7,https://www.youtube.com/channel/UCRSKfJC891ZCWrUi1263k2w/videos
UCIDzvwWkD578Jl6xiumRGpg,Plainly Explained,business_economics,1,0,7,7,https://www.youtube.com/channel/UCIDzvwWkD578Jl6xiumRGpg/videos
UC7YBox5_8yJd2LYCdzv4s6w,PureLogic ,consumer_systems,1,0,7,7,https://www.youtube.com/channel/UC7YBox5_8yJd2LYCdzv4s6w/videos
UCqy3JmGvI2Gsuz53ieWdcZg,New Health Insurance,consumer_systems,1,0,7,7,https://www.youtube.com/channel/UCqy3JmGvI2Gsuz53ieWdcZg/videos
UC8WBW5u5NdUIwtCqk4c-05g,Unknown History,history_civilization,1,0,7,7,https://www.youtube.com/channel/UC8WBW5u5NdUIwtCqk4c-05g/videos
UCRwunvqCJR2HsuEU21gyn6A,DAILY AWAKENING,history_civilization,1,0,7,7,https://www.youtube.com/channel/UCRwunvqCJR2HsuEU21gyn6A/videos
UCgCxMEkywgOcR8KQ8Qh9MmA,USA Explained,culture_entertainment,1,0,7,7,https://www.youtube.com/channel/UCgCxMEkywgOcR8KQ8Qh9MmA/videos
UC2BaHgSkhJuxyKiBgXKittQ,Naveen's Kutty Story,culture_entertainment,1,0,7,7,https://www.youtube.com/channel/UC2BaHgSkhJuxyKiBgXKittQ/videos
UCraPgLzbs78c-cIj7jR70Xw,WORxK Global News |  Career and Workforce News,culture_entertainment,1,0,7,7,https://www.youtube.com/channel/UCraPgLzbs78c-cIj7jR70Xw/videos
UC_E6nXUxkiSwaaKm8Qxvk7g,The Finance Bulletin,practical_lifestyle,1,0,7,7,https://www.youtube.com/channel/UC_E6nXUxkiSwaaKm8Qxvk7g/videos
UCyCxdyAZUj9pM4Jm8cenpCA,Back In Time Pov,everyday_history,1,0,7,7,https://www.youtube.com/channel/UCyCxdyAZUj9pM4Jm8cenpCA/videos
UCGed1I8xxV6bZchFSskYykg,Grandpa Tells Stories,science_engineering,1,1,6,6,https://www.youtube.com/channel/UCGed1I8xxV6bZchFSskYykg/videos
UCrGbniMdId08sj8p3kbxboQ,DontForget,work_career_education,1,1,6,6,https://www.youtube.com/channel/UCrGbniMdId08sj8p3kbxboQ/videos
UCWUGAHIfsl5EG9lwCuVAEiw,TIM TRADER • Daily market & macroeconomic analysis,work_career_education,1,1,6,6,https://www.youtube.com/channel/UCWUGAHIfsl5EG9lwCuVAEiw/videos
UCcu4mRuLVue_EdEQoh8hyoQ,Sergeant Rugrat,practical_lifestyle,1,1,6,6,https://www.youtube.com/channel/UCcu4mRuLVue_EdEQoh8hyoQ/videos
UCiW6rzqNlmwARc--5f-bBtQ,mohammad mw,everyday_history,1,1,6,6,https://www.youtube.com/channel/UCiW6rzqNlmwARc--5f-bBtQ/videos
UC9x7C6RWR8jgnoTxzNkFC5w,Sleeping History Fact,everyday_history,1,1,6,6,https://www.youtube.com/channel/UC9x7C6RWR8jgnoTxzNkFC5w/videos
UCkNaeCUE1y0w0ePjqdeTStw,DesignThatWorks,everyday_history,1,1,6,6,https://www.youtube.com/channel/UCkNaeCUE1y0w0ePjqdeTStw/videos
UCeG8InbxK9tGE3RTZT3HW_w,Pratiik Docs,business_economics|culture_entertainment,2,0,6,3,https://www.youtube.com/channel/UCeG8InbxK9tGE3RTZT3HW_w/videos
UCJX2RNYcIx3zutvZ-_lL2Ow,GeoEcoZoom,consumer_systems,1,0,6,6,https://www.youtube.com/channel/UCJX2RNYcIx3zutvZ-_lL2Ow/videos
UCocCg13tN24MsI18gQwxvVg,BillionHexUSA,history_civilization,1,0,6,6,https://www.youtube.com/channel/UCocCg13tN24MsI18gQwxvVg/videos
UCJqFUl92QfVa1ybaimMSLFQ,Identify,geography_logistics,1,0,6,6,https://www.youtube.com/channel/UCJqFUl92QfVa1ybaimMSLFQ/videos
UCQ3Vi3cLuV3pnXzRG7se6lw,WORK BRAIN,psychology_society,1,0,6,6,https://www.youtube.com/channel/UCQ3Vi3cLuV3pnXzRG7se6lw/videos
UC9vz0ljsVUh0o124bt3mP_A,Curious Minds 101,nature_animals,1,0,6,6,https://www.youtube.com/channel/UC9vz0ljsVUh0o124bt3mP_A/videos
UC5P6vrS7hVpCxWXYV0k_7YA,EduRev Class 1 to Class 5,practical_lifestyle,2,0,6,5,https://www.youtube.com/channel/UC5P6vrS7hVpCxWXYV0k_7YA/videos
UCgkwtXUmNepVb-WKiUNbrww,FactoryVision353,practical_lifestyle,1,0,6,6,https://www.youtube.com/channel/UCgkwtXUmNepVb-WKiUNbrww/videos
UCXbVJ6BKd8wnnmA_YdC_XVQ,Simply Explained,practical_lifestyle,1,0,6,6,https://www.youtube.com/channel/UCXbVJ6BKd8wnnmA_YdC_XVQ/videos
UC7icSz2BtQGdAzzNE9bSm9w,Trulyx,internet_mysteries,1,0,6,6,https://www.youtube.com/channel/UC7icSz2BtQGdAzzNE9bSm9w/videos
UCmCq3hgDccfzBUO7bX76uCQ,Mythos Minder,everyday_history,1,0,6,6,https://www.youtube.com/channel/UCmCq3hgDccfzBUO7bX76uCQ/videos
UCcPHOTgJx_8RhAoG0JEZerg,Moment Atlas,everyday_history,1,0,6,6,https://www.youtube.com/channel/UCcPHOTgJx_8RhAoG0JEZerg/videos
UCLJg4eEYgFhor3z3EJiyBVA,Placecloud,everyday_history,1,0,6,6,https://www.youtube.com/channel/UCLJg4eEYgFhor3z3EJiyBVA/videos
UC7dT9N6keQFddY5n1jy0O8g,Painter,everyday_history,1,0,6,6,https://www.youtube.com/channel/UC7dT9N6keQFddY5n1jy0O8g/videos
UCnwhiRvHmKHlQISgQB3X3FQ,Psyche and Wisdom,psychology_society,1,1,5,5,https://www.youtube.com/channel/UCnwhiRvHmKHlQISgQB3X3FQ/videos
UCtEeuW0RC5bD5T3ttOMQQ3A,The Office Couch,psychology_society,1,1,5,5,https://www.youtube.com/channel/UCtEeuW0RC5bD5T3ttOMQQ3A/videos
UCyX0WIxrBr9K9ADV3w7XyTQ,The Mental Framework,practical_lifestyle,1,1,5,5,https://www.youtube.com/channel/UCyX0WIxrBr9K9ADV3w7XyTQ/videos
UCX7wzaaNnAe7jGMmd0fIlTA,American Food Vault,everyday_history,1,1,5,5,https://www.youtube.com/channel/UCX7wzaaNnAe7jGMmd0fIlTA/videos
UCOdnuW1nr8rfnPJPrxql-DQ,Trade Relic,everyday_history,1,1,5,5,https://www.youtube.com/channel/UCOdnuW1nr8rfnPJPrxql-DQ/videos
UC_ncM564PN_496YHXxuXUfw,Hepcat Flashback,everyday_history,1,1,5,5,https://www.youtube.com/channel/UC_ncM564PN_496YHXxuXUfw/videos
UCDH_KVG3KaLQiczXYL7WXJg,FactShift,everyday_history,1,1,5,5,https://www.youtube.com/channel/UCDH_KVG3KaLQiczXYL7WXJg/videos
UC50e3g8bWKcrXnBbseXcFQw,CURIOUS MINDSET ,business_economics,1,0,5,5,https://www.youtube.com/channel/UC50e3g8bWKcrXnBbseXcFQw/videos
UCQa5D7gfYMliUlgED7_AFhQ,Explained in Minutes,business_economics,1,0,5,5,https://www.youtube.com/channel/UCQa5D7gfYMliUlgED7_AFhQ/videos
UCQ9hnxzWM0xmC-xdyUVMN0w,Alora Mortgage,consumer_systems,1,0,5,5,https://www.youtube.com/channel/UCQ9hnxzWM0xmC-xdyUVMN0w/videos
UCAJcnvIG1GXdbOXAau1WtMg,FlavorExplained,consumer_systems,1,0,5,5,https://www.youtube.com/channel/UCAJcnvIG1GXdbOXAau1WtMg/videos
UCH08WyHpmCNfFMOBR-xLSHA,Hafeez Abbasi,consumer_systems,1,0,5,5,https://www.youtube.com/channel/UCH08WyHpmCNfFMOBR-xLSHA/videos
UCFA35qXGOCsm9lSC58GIAFw,History Uncovered Here,history_civilization,2,0,5,2,https://www.youtube.com/channel/UCFA35qXGOCsm9lSC58GIAFw/videos
UCMRrA5Ip6RVPwec0omt5xpg,The Unveiled Archives,science_engineering,1,0,5,5,https://www.youtube.com/channel/UCMRrA5Ip6RVPwec0omt5xpg/videos
UCmToCV9HrLYsyNzmXFMx-FQ,Strange Lines,geography_logistics,1,0,5,5,https://www.youtube.com/channel/UCmToCV9HrLYsyNzmXFMx-FQ/videos
UC1udGLOvXb5HhP4DLL9e_Zw,Elite Fortune Media,work_career_education,1,0,5,5,https://www.youtube.com/channel/UC1udGLOvXb5HhP4DLL9e_Zw/videos
UCEWcEzPZpN6JbembrGbFI3w,Big Questions,work_career_education,1,0,5,5,https://www.youtube.com/channel/UCEWcEzPZpN6JbembrGbFI3w/videos
UC0l3MGfsrs1yaFJg2T8jr9g,What's Cooking on Internet?,culture_entertainment,1,0,5,5,https://www.youtube.com/channel/UC0l3MGfsrs1yaFJg2T8jr9g/videos
UC4UdstqNEDZbZKn3t35jF-A,NK Unfolds,culture_entertainment,1,0,5,5,https://www.youtube.com/channel/UC4UdstqNEDZbZKn3t35jF-A/videos
UCrO0yOOzsbRYDYWVcjC7vYQ,Arcavora ,nature_animals,1,0,5,5,https://www.youtube.com/channel/UCrO0yOOzsbRYDYWVcjC7vYQ/videos
UCeyy3ItM2I89onolE7d8bzg,Pulse Production,practical_lifestyle,1,0,5,5,https://www.youtube.com/channel/UCeyy3ItM2I89onolE7d8bzg/videos
UCjWhfRhH9isFu1NzgLbNS2w,Sivaganesh,practical_lifestyle,1,0,5,5,https://www.youtube.com/channel/UCjWhfRhH9isFu1NzgLbNS2w/videos
UC4LgptVpeR8qxYI9DN6RXmQ,KADYVEX STUDIOS,speculative_scifi,1,0,5,5,https://www.youtube.com/channel/UC4LgptVpeR8qxYI9DN6RXmQ/videos
UC4NWzBUUW5W1yDwRZPKyQrQ,VEXER,speculative_scifi,1,0,5,5,https://www.youtube.com/channel/UC4NWzBUUW5W1yDwRZPKyQrQ/videos
UCV9hX7TcfGDwagCM36WE-jA,Nexora,everyday_history,1,0,5,5,https://www.youtube.com/channel/UCV9hX7TcfGDwagCM36WE-jA/videos
UCdSIqNd1BYSSTz1EYZCzNTQ,Before AD,everyday_history,1,0,5,5,https://www.youtube.com/channel/UCdSIqNd1BYSSTz1EYZCzNTQ/videos
UCbCRQJ5yTuuisl6HC3FUzUQ,QE History,everyday_history,1,0,5,5,https://www.youtube.com/channel/UCbCRQJ5yTuuisl6HC3FUzUQ/videos
UC1VcMsuZPZhriH5IYwPL7mg,Teen Credit Starter,everyday_history,1,0,5,5,https://www.youtube.com/channel/UC1VcMsuZPZhriH5IYwPL7mg/videos
UCQl4zAL7MOffocuM7nv89aA,USGrant365 Foundry,everyday_history,1,0,5,5,https://www.youtube.com/channel/UCQl4zAL7MOffocuM7nv89aA/videos
UC49vPE6blEO_khH_1sHdzFA,Listen & Learn Books,business_economics,1,1,4,4,https://www.youtube.com/channel/UC49vPE6blEO_khH_1sHdzFA/videos
UCHIIIwGFuiUAHIIXTwhCRxg,@moneychronicles,business_economics,1,1,4,4,https://www.youtube.com/channel/UCHIIIwGFuiUAHIIXTwhCRxg/videos
UCJhoDXPRSwr4WJ06Ncs8xEA,Everyday Systems,science_engineering,1,1,4,4,https://www.youtube.com/channel/UCJhoDXPRSwr4WJ06Ncs8xEA/videos
UCuuB7fv-W67-yRnjh88TDjw,City Narratives,geography_logistics,1,1,4,4,https://www.youtube.com/channel/UCuuB7fv-W67-yRnjh88TDjw/videos
UCU7R6J6tILCbCk3bvZllFpA,XYZMYSTERY,geography_logistics,1,1,4,4,https://www.youtube.com/channel/UCU7R6J6tILCbCk3bvZllFpA/videos
UCTNfxfGX1nZAeiRLvh-uXaw,Wawa stories,psychology_society,1,1,4,4,https://www.youtube.com/channel/UCTNfxfGX1nZAeiRLvh-uXaw/videos
UCx1ry-pMvmdsGhq-cXfVOkA,One Way,work_career_education,1,1,4,4,https://www.youtube.com/channel/UCx1ry-pMvmdsGhq-cXfVOkA/videos
UCzWsO-AHICHqM4rR8ebrhng,Quite Wealthy,work_career_education,1,1,4,4,https://www.youtube.com/channel/UCzWsO-AHICHqM4rR8ebrhng/videos
UCR7cuJMomKsqGKg_yaN0uxA,Mr. Finance Velue ,culture_entertainment,1,1,4,4,https://www.youtube.com/channel/UCR7cuJMomKsqGKg_yaN0uxA/videos
UCy3dOI5zPEgU77nD487k7Sg,moneyworks,practical_lifestyle,1,1,4,4,https://www.youtube.com/channel/UCy3dOI5zPEgU77nD487k7Sg/videos
UCdBN5sRHQ0hnsr5UFmWrMbg,Capital Compass,practical_lifestyle,1,1,4,4,https://www.youtube.com/channel/UCdBN5sRHQ0hnsr5UFmWrMbg/videos
UCybIIP3xb-ccNbCq7cfW28Q,Restoring the Past,history_reconstruction,1,1,4,4,https://www.youtube.com/channel/UCybIIP3xb-ccNbCq7cfW28Q/videos
UC8Gmj5vwTG6sLW9qqemp8Tw,Chroniq History,everyday_history,1,1,4,4,https://www.youtube.com/channel/UC8Gmj5vwTG6sLW9qqemp8Tw/videos
UC_xmGxwTnRxsHPv6N_ToPDw,WW2Archives,everyday_history,1,1,4,4,https://www.youtube.com/channel/UC_xmGxwTnRxsHPv6N_ToPDw/videos
UClomVmpeq3u2y9Y3SM87UYw,explained money USA,consumer_systems,1,0,4,4,https://www.youtube.com/channel/UClomVmpeq3u2y9Y3SM87UYw/videos
UC5t8NOm_xrZsNTf6F3yDddw,Halandzovskyi News ,consumer_systems,1,0,4,4,https://www.youtube.com/channel/UC5t8NOm_xrZsNTf6F3yDddw/videos
UCNFxaYk2d9RPmocwWgCYHTg,SketchyExplainer,history_civilization,1,0,4,4,https://www.youtube.com/channel/UCNFxaYk2d9RPmocwWgCYHTg/videos
UCYyy2bsEO-ryAN02Iz7melw,Beyond Space Report,science_engineering,1,0,4,4,https://www.youtube.com/channel/UCYyy2bsEO-ryAN02Iz7melw/videos
UCUUTDuZgS8AQJYSsgtUcOaQ,Tulsi Roy,geography_logistics,1,0,4,4,https://www.youtube.com/channel/UCUUTDuZgS8AQJYSsgtUcOaQ/videos
UCahUFcwBiZ3hi5RhPeDotmw,Psychology Explained,psychology_society,1,0,4,4,https://www.youtube.com/channel/UCahUFcwBiZ3hi5RhPeDotmw/videos
UCH56wphIJVDl0b9htjESOrw,Inside The Work,psychology_society,1,0,4,4,https://www.youtube.com/channel/UCH56wphIJVDl0b9htjESOrw/videos
UCVy91Dgt1nqTMrvvP_iOXVA,Education Explain Channel ,culture_entertainment,1,0,4,4,https://www.youtube.com/channel/UCVy91Dgt1nqTMrvvP_iOXVA/videos
UCQYModvcieiCQTooQ2GKtug,HISTORIA NAVIGATOR,everyday_history,1,0,4,4,https://www.youtube.com/channel/UCQYModvcieiCQTooQ2GKtug/videos
UC2XDjAmmMS5pxsjRssjPl-A,Sleepy Stories,everyday_history,1,0,4,4,https://www.youtube.com/channel/UC2XDjAmmMS5pxsjRssjPl-A/videos
UCRjgFeZLeAyylt3qfZdFzHw,马大三,everyday_history,2,2,3,2,https://www.youtube.com/channel/UCRjgFeZLeAyylt3qfZdFzHw/videos
UCS2g61So0pF55y_oVYz3jJg,Mindset Actually,business_economics,1,1,3,3,https://www.youtube.com/channel/UCS2g61So0pF55y_oVYz3jJg/videos
UC-YDgzC0SF9gf-wsTyQJpIA,The Dark Bureau,technology_ai,1,1,3,3,https://www.youtube.com/channel/UC-YDgzC0SF9gf-wsTyQJpIA/videos
UC_zkwiUc5S73Ahaj75xZC0Q,Nova Theory,science_engineering,1,1,3,3,https://www.youtube.com/channel/UC_zkwiUc5S73Ahaj75xZC0Q/videos
UCfPkOatF_4Vsc4F7fFIgKOg,Greylight Report,geography_logistics,1,1,3,3,https://www.youtube.com/channel/UCfPkOatF_4Vsc4F7fFIgKOg/videos
UCsQbNBN5M9X-zQcxEXk3wPg,STEM Fun Labss,culture_entertainment,1,1,3,3,https://www.youtube.com/channel/UCsQbNBN5M9X-zQcxEXk3wPg/videos
UCco3ap1hdI6Onr1eaFMyvkw,Ansh Invests,practical_lifestyle,1,1,3,3,https://www.youtube.com/channel/UCco3ap1hdI6Onr1eaFMyvkw/videos
UCG26EY6_FdsHMb2WnCDV7aw,homecookbible,everyday_history,1,1,3,3,https://www.youtube.com/channel/UCG26EY6_FdsHMb2WnCDV7aw/videos
UCN20mN0lyVrlsGagsmx6clw,techarchive,everyday_history,1,1,3,3,https://www.youtube.com/channel/UCN20mN0lyVrlsGagsmx6clw/videos
UCVUDPdj69x2W5nhUKd0ZUIw,The Amerisnooze,everyday_history,1,1,3,3,https://www.youtube.com/channel/UCVUDPdj69x2W5nhUKd0ZUIw/videos
UCkJ2VrDEfsl0R5LRlrJD-Eg,Sleepy History Tales,everyday_history,1,1,3,3,https://www.youtube.com/channel/UCkJ2VrDEfsl0R5LRlrJD-Eg/videos
UCDm2FaAHFogoR-8jp_XMRPg,Empire Explained Tv,business_economics,1,0,3,3,https://www.youtube.com/channel/UCDm2FaAHFogoR-8jp_XMRPg/videos
UC6i36UX1-ORqRzdKKhGfaJw,The silent Dialogue,consumer_systems,1,0,3,3,https://www.youtube.com/channel/UC6i36UX1-ORqRzdKKhGfaJw/videos
UC3uHnKi5HbWpMKcCY8RX69g,LifeDecoded,psychology_society,1,0,3,3,https://www.youtube.com/channel/UC3uHnKi5HbWpMKcCY8RX69g/videos
UCZvZmRkPf6BJFfItBgIpoZw,justin herbert bruner,work_career_education,1,0,3,3,https://www.youtube.com/channel/UCZvZmRkPf6BJFfItBgIpoZw/videos
UCwoQ5YftikusN6b5i6FZ0ig,NexaDocs,work_career_education,1,0,3,3,https://www.youtube.com/channel/UCwoQ5YftikusN6b5i6FZ0ig/videos
UCMjvcSlR0Rgo6H6381YTwDg,Costly Choices,practical_lifestyle,1,0,3,3,https://www.youtube.com/channel/UCMjvcSlR0Rgo6H6381YTwDg/videos
UCJWRThkg5MnwAeDjUljsqtw,Ram Prasanna,practical_lifestyle,1,0,3,3,https://www.youtube.com/channel/UCJWRThkg5MnwAeDjUljsqtw/videos
UCP_E9zeJC6_2_VVQaiZPuEQ,old history,economic_explainers,1,0,3,3,https://www.youtube.com/channel/UCP_E9zeJC6_2_VVQaiZPuEQ/videos
UCzPz0M5ynSSxMg996rFi3uw,Simply Painted,everyday_history,1,0,3,3,https://www.youtube.com/channel/UCzPz0M5ynSSxMg996rFi3uw/videos
UCS_Qr-D1HTo12BefhO6YNVA,stickman01,everyday_history,1,0,3,3,https://www.youtube.com/channel/UCS_Qr-D1HTo12BefhO6YNVA/videos
UCY1g9Mu42HQsUg025JFN1vw,Wonder Factory,everyday_history,1,0,3,3,https://www.youtube.com/channel/UCY1g9Mu42HQsUg025JFN1vw/videos
UC_fLaqn4P3ICQwUhX11q2Sg,F1 documentaries,business_economics|consumer_systems,2,1,2,1,https://www.youtube.com/channel/UC_fLaqn4P3ICQwUhX11q2Sg/videos
UCanq7-GOCHviSV6QSGKp2tw,EXPLAINER,consumer_systems,1,1,2,2,https://www.youtube.com/channel/UCanq7-GOCHviSV6QSGKp2tw/videos
UCVTTa3DfTP9wsBaZCeKwAqg,Fiscal Underneath,consumer_systems,1,1,2,2,https://www.youtube.com/channel/UCVTTa3DfTP9wsBaZCeKwAqg/videos
UC87FqMNmb0UeN1q4nz1cSSA,german one,science_engineering,1,1,2,2,https://www.youtube.com/channel/UC87FqMNmb0UeN1q4nz1cSSA/videos
UCTsoZzDuo4sy7UhAojwIPSA,Hermosa Explained,geography_logistics,1,1,2,2,https://www.youtube.com/channel/UCTsoZzDuo4sy7UhAojwIPSA/videos
UCQE43faWPkmpQ8jCf19Rd2Q,THE FINANCIAL MIND,culture_entertainment,1,1,2,2,https://www.youtube.com/channel/UCQE43faWPkmpQ8jCf19Rd2Q/videos
UCLLH_SgkLe1AFfOvAv5eESA,The Mortgage Note U.S.,practical_lifestyle,1,1,2,2,https://www.youtube.com/channel/UCLLH_SgkLe1AFfOvAv5eESA/videos
UCIGC7zw4WzQxdveUxkuxSWw,Craft Makers,practical_lifestyle,1,1,2,2,https://www.youtube.com/channel/UCIGC7zw4WzQxdveUxkuxSWw/videos
UC88CCChNxIL0XO5VuHGvFVA,BlackSpace,speculative_scifi,1,1,2,2,https://www.youtube.com/channel/UC88CCChNxIL0XO5VuHGvFVA/videos
UCcUke2TaGDO1j7ZXOAtrkEw,Sleepy History with Arthur Bennett,everyday_history,1,1,2,2,https://www.youtube.com/channel/UCcUke2TaGDO1j7ZXOAtrkEw/videos
UCSEa1me9GHItbYsIR9CNwRA,Era Week,everyday_history,1,1,2,2,https://www.youtube.com/channel/UCSEa1me9GHItbYsIR9CNwRA/videos
UCGhSzbNFrVav5Iw9R7P4rcQ,Soul of America ,everyday_history,1,1,2,2,https://www.youtube.com/channel/UCGhSzbNFrVav5Iw9R7P4rcQ/videos
UC_iDnLv7mbR3re4PCWh4ddA,AI Finance Hub,business_economics,1,0,2,2,https://www.youtube.com/channel/UC_iDnLv7mbR3re4PCWh4ddA/videos
UCVZ-rtg7jVXyNCnVKxTiqvw,Brokonomics,business_economics,1,0,2,2,https://www.youtube.com/channel/UCVZ-rtg7jVXyNCnVKxTiqvw/videos
UC5a4lSpRGag_0-1b00HNwtg,Global Pulse News,business_economics,1,0,2,2,https://www.youtube.com/channel/UC5a4lSpRGag_0-1b00HNwtg/videos
UCGVdPrHGQ9SRTyBxPhSiz4A,What & Why,consumer_systems,1,0,2,2,https://www.youtube.com/channel/UCGVdPrHGQ9SRTyBxPhSiz4A/videos
UCYIWc8RCf_SNOaSo73oJ6gQ,Skyline,technology_ai,1,0,2,2,https://www.youtube.com/channel/UCYIWc8RCf_SNOaSo73oJ6gQ/videos
UChSoSKM3IkpEUh4E2VQpFPA,Places Explain,science_engineering,1,0,2,2,https://www.youtube.com/channel/UChSoSKM3IkpEUh4E2VQpFPA/videos
UCvWMONmADbyL1kp0zsEfn1A,MindTrace,psychology_society,1,0,2,2,https://www.youtube.com/channel/UCvWMONmADbyL1kp0zsEfn1A/videos
UCs60VZYssExWSc-auqwiKHQ,Psych Simplified,psychology_society,1,0,2,2,https://www.youtube.com/channel/UCs60VZYssExWSc-auqwiKHQ/videos
UCur04iEKwcfhA6Iw-oM56EA,Bear Markets & Bad Decisions,work_career_education,1,0,2,2,https://www.youtube.com/channel/UCur04iEKwcfhA6Iw-oM56EA/videos
UCSMKCEenYCFTGd3O2w5qgGQ,Claw & Frame.2,crime_scams_mystery,1,0,2,2,https://www.youtube.com/channel/UCSMKCEenYCFTGd3O2w5qgGQ/videos
UCeCjgncnUFleHUSkDbK8wOw,Staryxa1,nature_animals|wildlife_documentaries,2,0,2,2,https://www.youtube.com/channel/UCeCjgncnUFleHUSkDbK8wOw/videos
UCOvMS0Y4lDQF9AWQvazSXRw,What If Archives,speculative_scifi,1,0,2,2,https://www.youtube.com/channel/UCOvMS0Y4lDQF9AWQvazSXRw/videos
UCARVeVKyGy0FvyjF_kcHBwg,AncientEcho Animations,everyday_history,1,0,2,2,https://www.youtube.com/channel/UCARVeVKyGy0FvyjF_kcHBwg/videos
UCUHpASagbxfK9V2YvWrDAuw,Tails United,everyday_history,1,0,2,2,https://www.youtube.com/channel/UCUHpASagbxfK9V2YvWrDAuw/videos
UCgWAYtCLW6ntu7ZMXtFtguA,Curious Finance,business_economics,1,1,1,1,https://www.youtube.com/channel/UCgWAYtCLW6ntu7ZMXtFtguA/videos
UCpg1XPr_XA1YtU28Lw3QG9Q,ProfitLab,business_economics,1,1,1,1,https://www.youtube.com/channel/UCpg1XPr_XA1YtU28Lw3QG9Q/videos
UCb_o40B3ugE9FARhe1gmwgA,Usp ,consumer_systems,1,1,1,1,https://www.youtube.com/channel/UCb_o40B3ugE9FARhe1gmwgA/videos
UCPxlTlZXOrV1ndyPjsm_Dsw,History Channel Vlog,technology_ai,1,1,1,1,https://www.youtube.com/channel/UCPxlTlZXOrV1ndyPjsm_Dsw/videos
UCQhr5dgEolBrHlLF5PT1jrA,The Workplace Code,psychology_society,1,1,1,1,https://www.youtube.com/channel/UCQhr5dgEolBrHlLF5PT1jrA/videos
UC2lb1O6Et2XCIfPdxvWEb1Q,WealthLevels,work_career_education,1,1,1,1,https://www.youtube.com/channel/UC2lb1O6Et2XCIfPdxvWEb1Q/videos
UC3BTP2FmssM9YAt2QIe6u4A,The Unseen Earth,wildlife_documentaries,1,1,1,1,https://www.youtube.com/channel/UC3BTP2FmssM9YAt2QIe6u4A/videos
UCcUUh-HCuh00bPBcQ007bTQ,olden,everyday_history,1,1,1,1,https://www.youtube.com/channel/UCcUUh-HCuh00bPBcQ007bTQ/videos
UCdszwf0OgVUYXakHAKtOL0A,Obsidian Power,everyday_history,1,1,1,1,https://www.youtube.com/channel/UCdszwf0OgVUYXakHAKtOL0A/videos
UCs8xFID9HDQti6n3PspGxHg,NorthStar StoryNarrative,everyday_history,1,1,1,1,https://www.youtube.com/channel/UCs8xFID9HDQti6n3PspGxHg/videos
UCjnJQ_EhA2ZrdwRUxlJHT0A,United Lutheran Seminary,everyday_history,1,1,1,1,https://www.youtube.com/channel/UCjnJQ_EhA2ZrdwRUxlJHT0A/videos
UC7WPOpYdPRypc0AzTuWbneQ,Things You Don't Know,everyday_history,1,1,1,1,https://www.youtube.com/channel/UC7WPOpYdPRypc0AzTuWbneQ/videos
UCwXf2AVvvybvA5wu7l1tY2A,Dr Berg Wellness,consumer_systems,1,0,1,1,https://www.youtube.com/channel/UCwXf2AVvvybvA5wu7l1tY2A/videos
UC9SXNVKTNxv0iDBLDTCTJ8A,Lynne Clausen,consumer_systems,1,0,1,1,https://www.youtube.com/channel/UC9SXNVKTNxv0iDBLDTCTJ8A/videos
UC2xVG2yBxKFhhtISKHL-iVw,Unveiled Sagas,science_engineering,1,0,1,1,https://www.youtube.com/channel/UC2xVG2yBxKFhhtISKHL-iVw/videos
UC4N1-4WrzZBRW3Z4KvT2ZWQ,Forbidden Explainer,geography_logistics,1,0,1,1,https://www.youtube.com/channel/UC4N1-4WrzZBRW3Z4KvT2ZWQ/videos
UCst8Tyikccpz2ProCRZZENw,2am Psychology ,psychology_society,1,0,1,1,https://www.youtube.com/channel/UCst8Tyikccpz2ProCRZZENw/videos
UCTa8MJdp9-y0CwPbEQEHaDw,Zain Within,psychology_society,1,0,1,1,https://www.youtube.com/channel/UCTa8MJdp9-y0CwPbEQEHaDw/videos
UCMasba3EkJNuGHVFGki8NsA,Badly Drawn Economics,work_career_education,1,0,1,1,https://www.youtube.com/channel/UCMasba3EkJNuGHVFGki8NsA/videos
UCJ2S5yLBvQZm-qlhaYXdsIw,Stardust Chronicles,culture_entertainment,1,0,1,1,https://www.youtube.com/channel/UCJ2S5yLBvQZm-qlhaYXdsIw/videos
UCQRpEYZiwFSwBopD1tUzLsg,Daily business ⭐️,culture_entertainment,1,0,1,1,https://www.youtube.com/channel/UCQRpEYZiwFSwBopD1tUzLsg/videos
UCYUq4IsuaR4iou3cSQZ5fjw,First National Bank of America,practical_lifestyle,1,0,1,1,https://www.youtube.com/channel/UCYUq4IsuaR4iou3cSQZ5fjw/videos
UCDyoY-34lpgHOq2Ip2RqZpQ,CashSyntro,practical_lifestyle,1,0,1,1,https://www.youtube.com/channel/UCDyoY-34lpgHOq2Ip2RqZpQ/videos
UCJVNebNYMnzV3-LDT45LO4w,Ai.Explanation ,economic_explainers,1,0,1,1,https://www.youtube.com/channel/UCJVNebNYMnzV3-LDT45LO4w/videos
UC-YA0gIwZRGhXlDBv5V62vQ,Tiny Medieval Life ,everyday_history,1,0,1,1,https://www.youtube.com/channel/UC-YA0gIwZRGhXlDBv5V62vQ/videos
UCXM9TVR3H496OpUm5DeNIew,Made Before You ,everyday_history,1,0,1,1,https://www.youtube.com/channel/UCXM9TVR3H496OpUm5DeNIew/videos
UC6lH-eO0a9NTzv3huYV3h1Q,Built By Bots,everyday_history,1,0,1,1,https://www.youtube.com/channel/UC6lH-eO0a9NTzv3huYV3h1Q/videos
UC4o43XDywiobc15lxdGdnzw,Can You Guess Why,everyday_history,1,0,1,1,https://www.youtube.com/channel/UC4o43XDywiobc15lxdGdnzw/videos
UC32nHVHxafFsP3ezHvjPfiw,Golden Chapter Audiobooks,business_economics,1,1,0,0,https://www.youtube.com/channel/UC32nHVHxafFsP3ezHvjPfiw/videos
UCBu6TihF_uHCNcl-IsBiX0g,BOOK WISDOM,business_economics,1,1,0,0,https://www.youtube.com/channel/UCBu6TihF_uHCNcl-IsBiX0g/videos
UC-Mw1yKIAVUMilcnx_yDnig,The Explainer,business_economics,1,1,0,0,https://www.youtube.com/channel/UC-Mw1yKIAVUMilcnx_yDnig/videos
UCLR5LDxkkbejp0AABt42ddg,Financial Files by prof,business_economics,1,1,0,0,https://www.youtube.com/channel/UCLR5LDxkkbejp0AABt42ddg/videos
UC9Cg3sLGoDo93-cRTBs1uXA,Evil cam,consumer_systems,1,1,0,0,https://www.youtube.com/channel/UC9Cg3sLGoDo93-cRTBs1uXA/videos
UChEGtO81I-pQ4Cl03u3J4eg,y-MinMystery,science_engineering,1,1,0,0,https://www.youtube.com/channel/UChEGtO81I-pQ4Cl03u3J4eg/videos
UCJCHJxB-MYfZq6W3vY91jaA,Sach Ye Hai,crime_scams_mystery,1,1,0,0,https://www.youtube.com/channel/UCJCHJxB-MYfZq6W3vY91jaA/videos
UCwz69X1XOrRM7rXlazW_6sQ,Orven,practical_lifestyle,1,1,0,0,https://www.youtube.com/channel/UCwz69X1XOrRM7rXlazW_6sQ/videos
UCaK9BzruGzeyF7owNHFAAPQ,Voltage Cathedral — EDM Nights,practical_lifestyle,1,1,0,0,https://www.youtube.com/channel/UCaK9BzruGzeyF7owNHFAAPQ/videos
UCxufTGOB7gRfDbia5nKKvCQ,The Fine Print,everyday_history,1,1,0,0,https://www.youtube.com/channel/UCxufTGOB7gRfDbia5nKKvCQ/videos
UCzHCSa91r-zd3vO4_7XQgkA,Retro Stories,everyday_history,1,1,0,0,https://www.youtube.com/channel/UCzHCSa91r-zd3vO4_7XQgkA/videos
UCSW07XC6CkoGZrt9jhVJeZg,The History Lantern,everyday_history,1,1,0,0,https://www.youtube.com/channel/UCSW07XC6CkoGZrt9jhVJeZg/videos
UCzxTHgMG8nnkNobBSBGHu5Q,The Quiet Historian,everyday_history,1,1,0,0,https://www.youtube.com/channel/UCzxTHgMG8nnkNobBSBGHu5Q/videos
UCyCYLcWz5fDQ66JOoxpfg3w,Sleeping Rules,everyday_history,1,1,0,0,https://www.youtube.com/channel/UCyCYLcWz5fDQ66JOoxpfg3w/videos
UCJ0bmaez5thbZnzZfqqqDCg,Capital Pulse Investing,business_economics,1,0,0,0,https://www.youtube.com/channel/UCJ0bmaez5thbZnzZfqqqDCg/videos
UCLklIZbfAVcHcTWBWGC5cXw,DailyFeedToSuccess,business_economics,1,0,0,0,https://www.youtube.com/channel/UCLklIZbfAVcHcTWBWGC5cXw/videos
UCCGYGBCIBaOniWfFjYm1lJg,Royal Money,consumer_systems,1,0,0,0,https://www.youtube.com/channel/UCCGYGBCIBaOniWfFjYm1lJg/videos
UCJbdDexGCtZVXea6O_iJ1eA,FinX US,consumer_systems,1,0,0,0,https://www.youtube.com/channel/UCJbdDexGCtZVXea6O_iJ1eA/videos
UCGvbSAVX9cvzQi203HfmJaw,GreatFlorida Insurance – Christopher Riano Agency,consumer_systems,1,0,0,0,https://www.youtube.com/channel/UCGvbSAVX9cvzQi203HfmJaw/videos
UCxyBDgGnbUONWOy48pRLsAQ,Mr profit Anatomy ,consumer_systems,1,0,0,0,https://www.youtube.com/channel/UCxyBDgGnbUONWOy48pRLsAQ/videos
UCcUGSEU88bKiwzNkJqxsmQg,Stixora,science_engineering,1,0,0,0,https://www.youtube.com/channel/UCcUGSEU88bKiwzNkJqxsmQg/videos
UC4n_T-Dl3db5jDff8h9DZyQ,ChoronoMind,science_engineering,1,0,0,0,https://www.youtube.com/channel/UC4n_T-Dl3db5jDff8h9DZyQ/videos
UC0hNJ8Hc_70Q0mQO_89W7HA,AlphaLens ,geography_logistics,1,0,0,0,https://www.youtube.com/channel/UC0hNJ8Hc_70Q0mQO_89W7HA/videos
UCqutsB26901jMltJExHcqyQ,The Explained,psychology_society,1,0,0,0,https://www.youtube.com/channel/UCqutsB26901jMltJExHcqyQ/videos
UCfxSejt8OLbBKI_Ci4HqYZQ,Factory Doc,practical_lifestyle,1,0,0,0,https://www.youtube.com/channel/UCfxSejt8OLbBKI_Ci4HqYZQ/videos
UCLZnTktRv9uLPTi-vIuqdYA,Universe Unsealed,speculative_scifi,1,0,0,0,https://www.youtube.com/channel/UCLZnTktRv9uLPTi-vIuqdYA/videos
UCTlv_l0q25BtYMhnm3bX5bQ,Virelix,speculative_scifi,1,0,0,0,https://www.youtube.com/channel/UCTlv_l0q25BtYMhnm3bX5bQ/videos
UCpinUC9NTINA0og0PmnugHQ,WhatıfWhatOfficial,speculative_scifi,1,0,0,0,https://www.youtube.com/channel/UCpinUC9NTINA0og0PmnugHQ/videos
UCuGlMwR-EMvSXRq_rV0Cugw,BelajarDenganAI,speculative_scifi,1,0,0,0,https://www.youtube.com/channel/UCuGlMwR-EMvSXRq_rV0Cugw/videos
UCFN1AIQ-s4c0CaTbip4A2lA,Before The First,everyday_history,1,0,0,0,https://www.youtube.com/channel/UCFN1AIQ-s4c0CaTbip4A2lA/videos
UCZNTc_sVeB0W2GM76HZIItg, ChronoVista USA,everyday_history,1,0,0,0,https://www.youtube.com/channel/UCZNTc_sVeB0W2GM76HZIItg/videos
UCqJW5uNjTrEnqDX7e-TpFXw,The 17th Void !,everyday_history,1,0,0,0,https://www.youtube.com/channel/UCqJW5uNjTrEnqDX7e-TpFXw/videos
