channel_id,channel_name,joined_date,subscribers,query_groups,position_latest,query_group,query,video_id,title,views,published_text,age_days,duration_seconds,url
UCEn5V6xJZxLfOm94fvo2wUw,Animated Archives HQ,2026-07-25,379,crime_scams_mystery,1,crime_scams_mystery,channel_latest,hkPimeKncQQ,World First Train Heist in History  2D Animation,28,2 hours ago,0,1784,https://www.youtube.com/watch?v=hkPimeKncQQ
UCEn5V6xJZxLfOm94fvo2wUw,Animated Archives HQ,2026-07-25,379,crime_scams_mystery,2,crime_scams_mystery,channel_latest,Ew69Tr-_E-g,Million $ in 4 days London Heist - True Documentry,1000,3 days ago,3,1094,https://www.youtube.com/watch?v=Ew69Tr-_E-g
UCEn5V6xJZxLfOm94fvo2wUw,Animated Archives HQ,2026-07-25,379,crime_scams_mystery,3,crime_scams_mystery,channel_latest,Wyt1Jmo4LiI,The $9.2 Billion Banking Fraud - Financial Scam / True Crime Documentary,52000,5 days ago,5,953,https://www.youtube.com/watch?v=Wyt1Jmo4LiI
UCEn5V6xJZxLfOm94fvo2wUw,Animated Archives HQ,2026-07-25,379,crime_scams_mystery,4,crime_scams_mystery,channel_latest,TvULvpOK6FU,WHY AMERICA ATTACK ON SUPREME LEADER,70,7 days ago,7,1352,https://www.youtube.com/watch?v=TvULvpOK6FU
UCEn5V6xJZxLfOm94fvo2wUw,Animated Archives HQ,2026-07-25,379,crime_scams_mystery,5,crime_scams_mystery,channel_latest,z2w4Ojoi198,Trapped in the Gold Heist Mystery - 2D Animation - The Brink’s-Mat Robbery - World Biggest Robbery,2000,10 days ago,10,849,https://www.youtube.com/watch?v=z2w4Ojoi198
UCEn5V6xJZxLfOm94fvo2wUw,Animated Archives HQ,2026-07-25,379,crime_scams_mystery,6,crime_scams_mystery,channel_latest,1gGSlXlaGdQ,What Happened in lighthouse | The 1900 Lighthouse Mystery | 2D Animation | Hindi Explain |,368,13 days ago,13,1110,https://www.youtube.com/watch?v=1gGSlXlaGdQ
UCEn5V6xJZxLfOm94fvo2wUw,Animated Archives HQ,2026-07-25,379,crime_scams_mystery,7,crime_scams_mystery,channel_latest,hEhrMBYIWb8,The CIA's Billion-Dollar Submarine Heist | CIA Mission | True documentary | Project Azorian | #cia,109,2 weeks ago,14,1234,https://www.youtube.com/watch?v=hEhrMBYIWb8
UCEn5V6xJZxLfOm94fvo2wUw,Animated Archives HQ,2026-07-25,379,crime_scams_mystery,8,crime_scams_mystery,channel_latest,0FmGqQlPVkM,Bharat Ka Sabse Rahasyamayi Serial Killer | Raja Kolander | Real Story | 2D ANIMATION |,479,2 weeks ago,14,866,https://www.youtube.com/watch?v=0FmGqQlPVkM
UCEn5V6xJZxLfOm94fvo2wUw,Animated Archives HQ,2026-07-25,379,crime_scams_mystery,9,crime_scams_mystery,channel_latest,pqWLAEmU3-E,"₹28,000 करोड़ का सबसे बड़ा बैंक घोटाला | ABG Shipyard Scam | 2D Animation Documentary",482,3 weeks ago,21,1189,https://www.youtube.com/watch?v=pqWLAEmU3-E
UCEn5V6xJZxLfOm94fvo2wUw,Animated Archives HQ,2026-07-25,379,crime_scams_mystery,10,crime_scams_mystery,channel_latest,WEE7XlpkC-U,Nanda Devi Ka Woh Raaz Jo 60 Saal Tak Chhupa Raha | 2d Animation Documentary | #unsolvedmystery,111,3 weeks ago,21,1015,https://www.youtube.com/watch?v=WEE7XlpkC-U
UCEn5V6xJZxLfOm94fvo2wUw,Animated Archives HQ,2026-07-25,379,crime_scams_mystery,11,crime_scams_mystery,channel_latest,Y7U653OdyYQ,Sirf Ek Galti. Aur 50 Crore Ka Gold Recover Ho Gaya | Real Crime Story | Hindi Urdu 2D Documentary |,598,4 weeks ago,28,727,https://www.youtube.com/watch?v=Y7U653OdyYQ
UC6AwWrRKNrwt83CMJqeTUzw,Mr. Finance,2026-06-28,65400,culture_entertainment,1,culture_entertainment,channel_latest,zY3ZWQpCSY8,The Economics of Owning a Lamborghini,550,3 hours ago,0,1528,https://www.youtube.com/watch?v=zY3ZWQpCSY8
UC6AwWrRKNrwt83CMJqeTUzw,Mr. Finance,2026-06-28,65400,culture_entertainment,2,culture_entertainment,channel_latest,KmQ7koHwuqY,The Economics of Owning a Ski Resort,602,11 hours ago,0,1450,https://www.youtube.com/watch?v=KmQ7koHwuqY
UC6AwWrRKNrwt83CMJqeTUzw,Mr. Finance,2026-06-28,65400,culture_entertainment,3,culture_entertainment,channel_latest,Nq0FwNlv8_c,The Economics of Owning an Accounting Firm,939,14 hours ago,0,1186,https://www.youtube.com/watch?v=Nq0FwNlv8_c
UC6AwWrRKNrwt83CMJqeTUzw,Mr. Finance,2026-06-28,65400,culture_entertainment,4,culture_entertainment,channel_latest,ev2HYq2HdnA,The Economics of Owning a Laundromat,1800,1 day ago,1,1472,https://www.youtube.com/watch?v=ev2HYq2HdnA
UC6AwWrRKNrwt83CMJqeTUzw,Mr. Finance,2026-06-28,65400,culture_entertainment,5,culture_entertainment,channel_latest,l0sy1sZX8Ig,The Economics of Owning a Cement Plant,2000,1 day ago,1,1378,https://www.youtube.com/watch?v=l0sy1sZX8Ig
UC6AwWrRKNrwt83CMJqeTUzw,Mr. Finance,2026-06-28,65400,culture_entertainment,6,culture_entertainment,channel_latest,-sogmfhdJcM,The Economics of Owning a Shooting Range,2900,3 days ago,3,1525,https://www.youtube.com/watch?v=-sogmfhdJcM
UC6AwWrRKNrwt83CMJqeTUzw,Mr. Finance,2026-06-28,65400,culture_entertainment,7,culture_entertainment,channel_latest,KjEMeBten3k,The Economics of Owning a Firearms Store,2500,3 days ago,3,1383,https://www.youtube.com/watch?v=KjEMeBten3k
UC6AwWrRKNrwt83CMJqeTUzw,Mr. Finance,2026-06-28,65400,culture_entertainment,8,culture_entertainment,channel_latest,aZ60Pd1fw2k,The Economics of Owning a Private Prison,3800,4 days ago,4,1575,https://www.youtube.com/watch?v=aZ60Pd1fw2k
UC6AwWrRKNrwt83CMJqeTUzw,Mr. Finance,2026-06-28,65400,culture_entertainment,9,culture_entertainment,channel_latest,KJr3CKAgu78,The Economics of Owning a Grocery Store,3500,4 days ago,4,1474,https://www.youtube.com/watch?v=KJr3CKAgu78
UC6AwWrRKNrwt83CMJqeTUzw,Mr. Finance,2026-06-28,65400,culture_entertainment,10,culture_entertainment,channel_latest,_B0cASirKyE,The Economics of Owning a Dry Cleaning Business,3200,6 days ago,6,1454,https://www.youtube.com/watch?v=_B0cASirKyE
UC6AwWrRKNrwt83CMJqeTUzw,Mr. Finance,2026-06-28,65400,culture_entertainment,11,culture_entertainment,channel_latest,00MQZk_UBdk,The Economics of Owning RV Parks,2100,6 days ago,6,1378,https://www.youtube.com/watch?v=00MQZk_UBdk
UC6AwWrRKNrwt83CMJqeTUzw,Mr. Finance,2026-06-28,65400,culture_entertainment,12,culture_entertainment,channel_latest,2reQHHkQV-g,The Economics of Owning a Hair Saloon,4300,9 days ago,9,1524,https://www.youtube.com/watch?v=2reQHHkQV-g
UC6AwWrRKNrwt83CMJqeTUzw,Mr. Finance,2026-06-28,65400,culture_entertainment,13,culture_entertainment,channel_latest,lAiTx8muoAw,The Economics of Owning a Fish Boat,3000,10 days ago,10,1332,https://www.youtube.com/watch?v=lAiTx8muoAw
UC6AwWrRKNrwt83CMJqeTUzw,Mr. Finance,2026-06-28,65400,culture_entertainment,14,culture_entertainment,channel_latest,nMQZGcVQsRA,The Economics of Onwing a Beauty Saloon,2600,11 days ago,11,1477,https://www.youtube.com/watch?v=nMQZGcVQsRA
UC6AwWrRKNrwt83CMJqeTUzw,Mr. Finance,2026-06-28,65400,culture_entertainment,15,culture_entertainment,channel_latest,wDbackJX2hI,The Economics of Owning a Data Center,16000,12 days ago,12,1480,https://www.youtube.com/watch?v=wDbackJX2hI
UC6AwWrRKNrwt83CMJqeTUzw,Mr. Finance,2026-06-28,65400,culture_entertainment,16,culture_entertainment,channel_latest,LQpOwnBXZBc,The Economics of Owning A Pet Store,2900,2 weeks ago,14,1316,https://www.youtube.com/watch?v=LQpOwnBXZBc
UC6AwWrRKNrwt83CMJqeTUzw,Mr. Finance,2026-06-28,65400,culture_entertainment,17,culture_entertainment,channel_latest,No62XpvFHhw,The Economics of Owning a Truck Dealership,4000,2 weeks ago,14,1389,https://www.youtube.com/watch?v=No62XpvFHhw
UC6AwWrRKNrwt83CMJqeTUzw,Mr. Finance,2026-06-28,65400,culture_entertainment,18,culture_entertainment,channel_latest,ks5syUerOcs,The Economics of Owning a Poultry Farm,16000,2 weeks ago,14,1487,https://www.youtube.com/watch?v=ks5syUerOcs
UC6AwWrRKNrwt83CMJqeTUzw,Mr. Finance,2026-06-28,65400,culture_entertainment,19,culture_entertainment,channel_latest,fCCKtxRxoWE,The Economics of Owning a Hardware Store,6200,2 weeks ago,14,1485,https://www.youtube.com/watch?v=fCCKtxRxoWE
UC6AwWrRKNrwt83CMJqeTUzw,Mr. Finance,2026-06-28,65400,culture_entertainment,20,culture_entertainment,channel_latest,IsAvIsYIeEk,The Economics of Owning a Dairy Farm,9100,2 weeks ago,14,1446,https://www.youtube.com/watch?v=IsAvIsYIeEk
UC6AwWrRKNrwt83CMJqeTUzw,Mr. Finance,2026-06-28,65400,culture_entertainment,21,culture_entertainment,channel_latest,TU-f2yGozc0,The Economics of Owning a Pawn Shop,5500,2 weeks ago,14,1363,https://www.youtube.com/watch?v=TU-f2yGozc0
UC6AwWrRKNrwt83CMJqeTUzw,Mr. Finance,2026-06-28,65400,culture_entertainment,22,culture_entertainment,channel_latest,KgEHbIQr2TQ,The Economics of Owning a Thrift Store,6800,2 weeks ago,14,1327,https://www.youtube.com/watch?v=KgEHbIQr2TQ
UC6AwWrRKNrwt83CMJqeTUzw,Mr. Finance,2026-06-28,65400,culture_entertainment,23,culture_entertainment,channel_latest,REJsg24xZOY,The Economics of Owning a Water Park,7600,3 weeks ago,21,1473,https://www.youtube.com/watch?v=REJsg24xZOY
UC6AwWrRKNrwt83CMJqeTUzw,Mr. Finance,2026-06-28,65400,culture_entertainment,24,culture_entertainment,channel_latest,mfUc_j-l7zE,The Economics of Owning an Amusement Park,15000,3 weeks ago,21,1455,https://www.youtube.com/watch?v=mfUc_j-l7zE
UC6AwWrRKNrwt83CMJqeTUzw,Mr. Finance,2026-06-28,65400,culture_entertainment,25,culture_entertainment,channel_latest,tbQyyAsZZDk,The Economics of Owning a Bowling Alley,20000,3 weeks ago,21,1508,https://www.youtube.com/watch?v=tbQyyAsZZDk
UC6AwWrRKNrwt83CMJqeTUzw,Mr. Finance,2026-06-28,65400,culture_entertainment,26,culture_entertainment,channel_latest,i6Lfl-PKFZU,The Economics of Owning a Combat Sports Company,3400,3 weeks ago,21,1430,https://www.youtube.com/watch?v=i6Lfl-PKFZU
UC6AwWrRKNrwt83CMJqeTUzw,Mr. Finance,2026-06-28,65400,culture_entertainment,27,culture_entertainment,channel_latest,_3865VL_V1M,The Economics of Owning a Nightclub,5900,3 weeks ago,21,1393,https://www.youtube.com/watch?v=_3865VL_V1M
UC6AwWrRKNrwt83CMJqeTUzw,Mr. Finance,2026-06-28,65400,culture_entertainment,28,culture_entertainment,channel_latest,aMRg9-0zJF0,The Economics of Owning a Food Truck,29000,3 weeks ago,21,1492,https://www.youtube.com/watch?v=aMRg9-0zJF0
UC6AwWrRKNrwt83CMJqeTUzw,Mr. Finance,2026-06-28,65400,culture_entertainment,29,culture_entertainment,channel_latest,HOMfgLxZGZw,The Economics of Owning a Aircraft Management Company,5800,3 weeks ago,21,1486,https://www.youtube.com/watch?v=HOMfgLxZGZw
UC6AwWrRKNrwt83CMJqeTUzw,Mr. Finance,2026-06-28,65400,culture_entertainment,30,culture_entertainment,channel_latest,qBsa5ZD5DJ8,The Economics of Owning a Private Security Company,7100,3 weeks ago,21,1141,https://www.youtube.com/watch?v=qBsa5ZD5DJ8
UCKhpM-cu2Cod-GyG6KngNYg,Logical Money,2026-06-27,17000,practical_lifestyle,1,practical_lifestyle,channel_latest,8HtIy3z8Qn0,5 Rules That Guarantee WEALTH – No Matter Where You Start,2200,6 days ago,6,859,https://www.youtube.com/watch?v=8HtIy3z8Qn0
UCKhpM-cu2Cod-GyG6KngNYg,Logical Money,2026-06-27,17000,practical_lifestyle,2,practical_lifestyle,channel_latest,GnRjrspnOAk,The 3 Times When You Should Sell a Stock : Warren Buffett,2400,2 weeks ago,14,705,https://www.youtube.com/watch?v=GnRjrspnOAk
UCKhpM-cu2Cod-GyG6KngNYg,Logical Money,2026-06-27,17000,practical_lifestyle,3,practical_lifestyle,channel_latest,a1pv8GeSYBA,The Transition from Saving to Investing — Step by Step,5500,2 weeks ago,14,853,https://www.youtube.com/watch?v=a1pv8GeSYBA
UCKhpM-cu2Cod-GyG6KngNYg,Logical Money,2026-06-27,17000,practical_lifestyle,4,practical_lifestyle,channel_latest,Ja93O_vg784,"If You Don't Understand Credit, You Don't Understand Money",3000,3 weeks ago,21,611,https://www.youtube.com/watch?v=Ja93O_vg784
UCKhpM-cu2Cod-GyG6KngNYg,Logical Money,2026-06-27,17000,practical_lifestyle,5,practical_lifestyle,channel_latest,nkT_K8l1rEw,Renting Vs Buying a Home - The Real Math,945000,4 weeks ago,28,1061,https://www.youtube.com/watch?v=nkT_K8l1rEw
UCKhpM-cu2Cod-GyG6KngNYg,Logical Money,2026-06-27,17000,practical_lifestyle,6,practical_lifestyle,channel_latest,c0-vcgaLj4I,The World's Unluckiest Investor | Logical Money,1800,1 month ago,30,526,https://www.youtube.com/watch?v=c0-vcgaLj4I
UCKhpM-cu2Cod-GyG6KngNYg,Logical Money,2026-06-27,17000,practical_lifestyle,7,practical_lifestyle,channel_latest,qM_Ex6rlHLI,If the World is Falling Apart... Why are Stocks at Record Highs?,1200,1 month ago,30,662,https://www.youtube.com/watch?v=qM_Ex6rlHLI
UCKhpM-cu2Cod-GyG6KngNYg,Logical Money,2026-06-27,17000,practical_lifestyle,8,practical_lifestyle,channel_latest,bbP8Mr_MThk,Real Estate vs Stocks - Which Makes More Money? (The Real Math),145000,1 month ago,30,947,https://www.youtube.com/watch?v=bbP8Mr_MThk
UCKhpM-cu2Cod-GyG6KngNYg,Logical Money,2026-06-27,17000,practical_lifestyle,9,practical_lifestyle,channel_latest,_Dq547MaWek,Why Banks Love Minimum Credit Card Payments,1300,1 month ago,30,580,https://www.youtube.com/watch?v=_Dq547MaWek
UCKhpM-cu2Cod-GyG6KngNYg,Logical Money,2026-06-27,17000,practical_lifestyle,10,practical_lifestyle,channel_latest,XcOzSvzU-w4,Why Millennials Think About Money So Differently,7200,1 month ago,30,553,https://www.youtube.com/watch?v=XcOzSvzU-w4
UCRxTw7KfR1afSuRHDzkyHNA,pepecore.,2026-05-24,6850,history_civilization,1,history_civilization,channel_latest,nkb6uQz7Fcw,The Ultimate Cults & Sects Iceberg,3100,3 days ago,3,1949,https://www.youtube.com/watch?v=nkb6uQz7Fcw
UCRxTw7KfR1afSuRHDzkyHNA,pepecore.,2026-05-24,6850,history_civilization,2,history_civilization,channel_latest,Lb4nNCsjRy0,The Darkest Malware & Virus Iceberg,34000,10 days ago,10,2129,https://www.youtube.com/watch?v=Lb4nNCsjRy0
UCRxTw7KfR1afSuRHDzkyHNA,pepecore.,2026-05-24,6850,history_civilization,3,history_civilization,channel_latest,vVN68HKoXB8,The HORRORS North Korea Hides,5100,2 weeks ago,14,2002,https://www.youtube.com/watch?v=vVN68HKoXB8
UCRxTw7KfR1afSuRHDzkyHNA,pepecore.,2026-05-24,6850,history_civilization,4,history_civilization,channel_latest,jwdYtpv1Dmc,The Deep Ocean Horrors Iceberg...,8500,3 weeks ago,21,2876,https://www.youtube.com/watch?v=jwdYtpv1Dmc
UCRxTw7KfR1afSuRHDzkyHNA,pepecore.,2026-05-24,6850,history_civilization,5,history_civilization,channel_latest,o5vvnkTgZaY,The Most TERRIFYING Places on Earth Iceberg,9900,1 month ago,30,1888,https://www.youtube.com/watch?v=o5vvnkTgZaY
UCRxTw7KfR1afSuRHDzkyHNA,pepecore.,2026-05-24,6850,history_civilization,6,history_civilization,channel_latest,o1FVntQnDXg,The TERRIFYING Mental Illness Iceberg,2000,1 month ago,30,2767,https://www.youtube.com/watch?v=o1FVntQnDXg
UCRxTw7KfR1afSuRHDzkyHNA,pepecore.,2026-05-24,6850,history_civilization,7,history_civilization,channel_latest,WTfyPy6twJo,HAUNTING Facial Composites Iceberg,4700,1 month ago,30,1729,https://www.youtube.com/watch?v=WTfyPy6twJo
UCRxTw7KfR1afSuRHDzkyHNA,pepecore.,2026-05-24,6850,history_civilization,8,history_civilization,channel_latest,ANkoCufOWG0,DISTURBING THINGS Found on the Internet,6900,1 month ago,30,2096,https://www.youtube.com/watch?v=ANkoCufOWG0
UCRxTw7KfR1afSuRHDzkyHNA,pepecore.,2026-05-24,6850,history_civilization,9,history_civilization,channel_latest,yvw4B9PvPBw,The UNSETTLING Jeffrey Epstein Iceberg,16000,1 month ago,30,2341,https://www.youtube.com/watch?v=yvw4B9PvPBw
UCRxTw7KfR1afSuRHDzkyHNA,pepecore.,2026-05-24,6850,history_civilization,10,history_civilization,channel_latest,W23Bc1_lL1w,The UNSETTLING Images Iceberg,67000,2 months ago,60,1862,https://www.youtube.com/watch?v=W23Bc1_lL1w
UCRxTw7KfR1afSuRHDzkyHNA,pepecore.,2026-05-24,6850,history_civilization,11,history_civilization,channel_latest,L4wDZpcW9qg,The Most DISTURBING Archaeological Finds,127000,2 months ago,60,2427,https://www.youtube.com/watch?v=L4wDZpcW9qg
UCRxTw7KfR1afSuRHDzkyHNA,pepecore.,2026-05-24,6850,history_civilization,12,history_civilization,channel_latest,Eo4-NFrRSSA,The TERRIFYING Signs Iceberg,271000,2 months ago,60,2118,https://www.youtube.com/watch?v=Eo4-NFrRSSA
UCdi-rTleLSNBYEVOWuAic5w,Paint Maniac,2026-05-23,28600,internet_mysteries,1,internet_mysteries,channel_latest,3UdROsHV5k0,Horrors of the Russian Internet Explained,63000,3 days ago,3,483,https://www.youtube.com/watch?v=3UdROsHV5k0
UCdi-rTleLSNBYEVOWuAic5w,Paint Maniac,2026-05-23,28600,internet_mysteries,2,internet_mysteries,channel_latest,etagIbzdMdM,Every ████ Epstein Mystery Explained,319000,11 days ago,11,481,https://www.youtube.com/watch?v=etagIbzdMdM
UCdi-rTleLSNBYEVOWuAic5w,Paint Maniac,2026-05-23,28600,internet_mysteries,3,internet_mysteries,channel_latest,hLeyDSBtfMc,The Disturbing Audio Recordings Explained,396000,2 weeks ago,14,546,https://www.youtube.com/watch?v=hLeyDSBtfMc
UCdi-rTleLSNBYEVOWuAic5w,Paint Maniac,2026-05-23,28600,internet_mysteries,4,internet_mysteries,channel_latest,ccV0Bj3KSXA,The Disgusting Kids Media Explained,225000,1 month ago,30,567,https://www.youtube.com/watch?v=ccV0Bj3KSXA
UCdi-rTleLSNBYEVOWuAic5w,Paint Maniac,2026-05-23,28600,internet_mysteries,5,internet_mysteries,channel_latest,JfXflyiBg8w,Things You Should Never Search Explained,179000,1 month ago,30,497,https://www.youtube.com/watch?v=JfXflyiBg8w
UCdi-rTleLSNBYEVOWuAic5w,Paint Maniac,2026-05-23,28600,internet_mysteries,6,internet_mysteries,channel_latest,DkjFOqW66X8,The Horrors of the Japanese Internet Explained,107000,1 month ago,30,482,https://www.youtube.com/watch?v=DkjFOqW66X8
UCdi-rTleLSNBYEVOWuAic5w,Paint Maniac,2026-05-23,28600,internet_mysteries,7,internet_mysteries,channel_latest,e4mv_lZgD5Q,The Brutal Lost Media Explained,122000,1 month ago,30,488,https://www.youtube.com/watch?v=e4mv_lZgD5Q
UCdi-rTleLSNBYEVOWuAic5w,Paint Maniac,2026-05-23,28600,internet_mysteries,8,internet_mysteries,channel_latest,Ul0VzxFckP8,Every Image with a Disturbing Backstory Explained,184000,2 months ago,60,516,https://www.youtube.com/watch?v=Ul0VzxFckP8
UCdi-rTleLSNBYEVOWuAic5w,Paint Maniac,2026-05-23,28600,internet_mysteries,9,internet_mysteries,channel_latest,HAVXIbcQGLk,The Infamous Internet Videos Explained,354000,2 months ago,60,525,https://www.youtube.com/watch?v=HAVXIbcQGLk
UCdi-rTleLSNBYEVOWuAic5w,Paint Maniac,2026-05-23,28600,internet_mysteries,10,internet_mysteries,channel_latest,5mZZQIOeq_A,Every Dark Web Mystery Explained,532000,2 months ago,60,491,https://www.youtube.com/watch?v=5mZZQIOeq_A
UCdi-rTleLSNBYEVOWuAic5w,Paint Maniac,2026-05-23,28600,internet_mysteries,11,internet_mysteries,channel_latest,xQdvkqGB1_4,Videos That Traumatized Gen Z Explained,116000,2 months ago,60,488,https://www.youtube.com/watch?v=xQdvkqGB1_4
UCkoKI2T_WmQNVWQFCbjFGJQ,History Reconstruction,2026-05-19,29600,history_reconstruction,1,history_reconstruction,channel_latest,VuaJatXs0wg,What It Was Like Living Inside Prince Siddhartha's Palace in Kapilavastu in 530 BC,1100,1 day ago,1,1161,https://www.youtube.com/watch?v=VuaJatXs0wg
UCkoKI2T_WmQNVWQFCbjFGJQ,History Reconstruction,2026-05-19,29600,history_reconstruction,2,history_reconstruction,channel_latest,lPluilbndAw,"Category 5: The Most Intense Hurricane to Ever Hit American Homes | Florida Keys, 1935",550,2 days ago,2,1073,https://www.youtube.com/watch?v=lPluilbndAw
UCkoKI2T_WmQNVWQFCbjFGJQ,History Reconstruction,2026-05-19,29600,history_reconstruction,3,history_reconstruction,channel_latest,Wr8zFfXZlWg,This Is How People Lived Inside a House in Babylon in 575 BC | AI Reconstruction,2600,3 days ago,3,1049,https://www.youtube.com/watch?v=Wr8zFfXZlWg
UCkoKI2T_WmQNVWQFCbjFGJQ,History Reconstruction,2026-05-19,29600,history_reconstruction,4,history_reconstruction,channel_latest,E2VcP18K8Ng,What It Was Like Living Inside Plato's Academy in Athens in 380 BC | AI Reconstruction,1500,4 days ago,4,1073,https://www.youtube.com/watch?v=E2VcP18K8Ng
UCkoKI2T_WmQNVWQFCbjFGJQ,History Reconstruction,2026-05-19,29600,history_reconstruction,5,history_reconstruction,channel_latest,ngjm1VBQk40,What It Was Like Living Inside King Alfred the Great's Court in Winchester in 880 AD,2800,5 days ago,5,1132,https://www.youtube.com/watch?v=ngjm1VBQk40
UCkoKI2T_WmQNVWQFCbjFGJQ,History Reconstruction,2026-05-19,29600,history_reconstruction,6,history_reconstruction,channel_latest,TLoamHYj6iQ,Why Did Predators Ignore Ancient Africans Sleeping With No House in 800 B.C.?,419,6 days ago,6,1033,https://www.youtube.com/watch?v=TLoamHYj6iQ
UCkoKI2T_WmQNVWQFCbjFGJQ,History Reconstruction,2026-05-19,29600,history_reconstruction,7,history_reconstruction,channel_latest,-XSm5u-vecM,What It Was Like Living as Helen of Troy in the Royal Palace in 1200 BC | AI Reconstruction,1600,6 days ago,6,1057,https://www.youtube.com/watch?v=-XSm5u-vecM
UCkoKI2T_WmQNVWQFCbjFGJQ,History Reconstruction,2026-05-19,29600,history_reconstruction,8,history_reconstruction,channel_latest,6OKXO00XGYA,What It Was Like Living as Isaac Newton in England in 1666 | AI Reconstruction,31000,7 days ago,7,1089,https://www.youtube.com/watch?v=6OKXO00XGYA
UCkoKI2T_WmQNVWQFCbjFGJQ,History Reconstruction,2026-05-19,29600,history_reconstruction,9,history_reconstruction,channel_latest,kqj-7ql4qbc,This Is How People Lived Inside a House in Constantinople in 565 AD | AI Reconstruction,5800,9 days ago,9,1105,https://www.youtube.com/watch?v=kqj-7ql4qbc
UCkoKI2T_WmQNVWQFCbjFGJQ,History Reconstruction,2026-05-19,29600,history_reconstruction,10,history_reconstruction,channel_latest,rlbBYLR8-OE,THE TRAGEDY OF ALASKA 1964: The Most Powerful Earthquake to Ever Hit North American Homes,503,9 days ago,9,1105,https://www.youtube.com/watch?v=rlbBYLR8-OE
UCkoKI2T_WmQNVWQFCbjFGJQ,History Reconstruction,2026-05-19,29600,history_reconstruction,11,history_reconstruction,channel_latest,BV6bEdBMGDg,This Is How People Lived Inside a House in London During the Black Death in 1348 | AI Reconstruction,7100,10 days ago,10,1105,https://www.youtube.com/watch?v=BV6bEdBMGDg
UCkoKI2T_WmQNVWQFCbjFGJQ,History Reconstruction,2026-05-19,29600,history_reconstruction,12,history_reconstruction,channel_latest,4AqlnSHmkP4,The Disturbing Ways Nomads Survived Winter in 1000 A.D.,433,11 days ago,11,1153,https://www.youtube.com/watch?v=4AqlnSHmkP4
UCkoKI2T_WmQNVWQFCbjFGJQ,History Reconstruction,2026-05-19,29600,history_reconstruction,13,history_reconstruction,channel_latest,SjdupIMM7KM,"This Is How People Lived Inside a House in Petra, Jordan in 100 AD | AI Reconstruction",6500,13 days ago,13,1089,https://www.youtube.com/watch?v=SjdupIMM7KM
UCkoKI2T_WmQNVWQFCbjFGJQ,History Reconstruction,2026-05-19,29600,history_reconstruction,14,history_reconstruction,channel_latest,1s-8QfKBrGw,How Did Ancient Africans Survive Predators in 1000 B.C.? | AI Reconstruction,548,2 weeks ago,14,1081,https://www.youtube.com/watch?v=1s-8QfKBrGw
UCkoKI2T_WmQNVWQFCbjFGJQ,History Reconstruction,2026-05-19,29600,history_reconstruction,15,history_reconstruction,channel_latest,6yDRdKzMcrQ,"This Is How People Lived Inside a House in Athens, Greece in 430 BC | AI Reconstruction",7900,2 weeks ago,14,945,https://www.youtube.com/watch?v=6yDRdKzMcrQ
UCkoKI2T_WmQNVWQFCbjFGJQ,History Reconstruction,2026-05-19,29600,history_reconstruction,16,history_reconstruction,channel_latest,gWUeuMhC_a0,"What It Was Like Living as Achilles in Ancient Greece 3,200 Years Ago | AI Reconstruction",1000,2 weeks ago,14,1065,https://www.youtube.com/watch?v=gWUeuMhC_a0
UCkoKI2T_WmQNVWQFCbjFGJQ,History Reconstruction,2026-05-19,29600,history_reconstruction,17,history_reconstruction,channel_latest,x6z9UddLk-I,How Did Siberians Survive Endless Snow in 1500 A.D.?,692,2 weeks ago,14,1105,https://www.youtube.com/watch?v=x6z9UddLk-I
UCkoKI2T_WmQNVWQFCbjFGJQ,History Reconstruction,2026-05-19,29600,history_reconstruction,18,history_reconstruction,channel_latest,nwmpZPjKEAY,How Did Ancient Egyptian Women Handle Their Periods in 1550 B.C.?,3300,2 weeks ago,14,1041,https://www.youtube.com/watch?v=nwmpZPjKEAY
UCkoKI2T_WmQNVWQFCbjFGJQ,History Reconstruction,2026-05-19,29600,history_reconstruction,19,history_reconstruction,channel_latest,5LSmgkJZMGw,Why Were Animals Scared of Ancient Egyptians in 1300 B.C.? | AI Reconstruction,356,2 weeks ago,14,1065,https://www.youtube.com/watch?v=5LSmgkJZMGw
UCkoKI2T_WmQNVWQFCbjFGJQ,History Reconstruction,2026-05-19,29600,history_reconstruction,20,history_reconstruction,channel_latest,_mHzRgncwqw,What Did Vikings Do When It Snowed All Month in 900 A.D.?,738,3 weeks ago,21,1049,https://www.youtube.com/watch?v=_mHzRgncwqw
UCkoKI2T_WmQNVWQFCbjFGJQ,History Reconstruction,2026-05-19,29600,history_reconstruction,21,history_reconstruction,channel_latest,DmK32mP8TNk,How Did the Ancient Egyptians Travel the World in 1500 B.C.? AI Reconstruction,865,3 weeks ago,21,1081,https://www.youtube.com/watch?v=DmK32mP8TNk
UCkoKI2T_WmQNVWQFCbjFGJQ,History Reconstruction,2026-05-19,29600,history_reconstruction,22,history_reconstruction,channel_latest,xTpg5Ic8sJ4,What It Was Like Living Inside Leonardo da Vinci's House in Florence in 1500 | AI Reconstruction,7400,3 weeks ago,21,1041,https://www.youtube.com/watch?v=xTpg5Ic8sJ4
UCkoKI2T_WmQNVWQFCbjFGJQ,History Reconstruction,2026-05-19,29600,history_reconstruction,23,history_reconstruction,channel_latest,N_B1y_e-oMQ,What Did Medieval Peasants Do When It Rained All Week in 1300 A.D.?,1900,3 weeks ago,21,1081,https://www.youtube.com/watch?v=N_B1y_e-oMQ
UCkoKI2T_WmQNVWQFCbjFGJQ,History Reconstruction,2026-05-19,29600,history_reconstruction,24,history_reconstruction,channel_latest,4eQ8NvRaOGU,This Is How People Lived Inside Igloo in the Extreme Cold of Greenland in 1300 | AI Reconstruction,2000,3 weeks ago,21,1049,https://www.youtube.com/watch?v=4eQ8NvRaOGU
UCkoKI2T_WmQNVWQFCbjFGJQ,History Reconstruction,2026-05-19,29600,history_reconstruction,25,history_reconstruction,channel_latest,v0O_i90UTo0,This Is How People Lived Inside the Great Library of Alexandria in 200 BC | AI Reconstruction,941,3 weeks ago,21,1121,https://www.youtube.com/watch?v=v0O_i90UTo0
UCkoKI2T_WmQNVWQFCbjFGJQ,History Reconstruction,2026-05-19,29600,history_reconstruction,26,history_reconstruction,channel_latest,JerckJA6csk,This Is How People Lived Inside a Trench on the Western Front in 1917 | AI Reconstruction,1000,3 weeks ago,21,1049,https://www.youtube.com/watch?v=JerckJA6csk
UCkoKI2T_WmQNVWQFCbjFGJQ,History Reconstruction,2026-05-19,29600,history_reconstruction,27,history_reconstruction,channel_latest,dBWPEEtc6TM,This Is How People Lived Inside a Pony Express Station in 1860 | AI Reconstruction,6600,4 weeks ago,28,1097,https://www.youtube.com/watch?v=dBWPEEtc6TM
UCkoKI2T_WmQNVWQFCbjFGJQ,History Reconstruction,2026-05-19,29600,history_reconstruction,28,history_reconstruction,channel_latest,BWLdrZqdLe0,This Is How People Lived Inside a Gladiator School in Ancient Rome in 70 AD | AI Reconstruction,1200,4 weeks ago,28,1081,https://www.youtube.com/watch?v=BWLdrZqdLe0
UCkoKI2T_WmQNVWQFCbjFGJQ,History Reconstruction,2026-05-19,29600,history_reconstruction,29,history_reconstruction,channel_latest,DR-gK87NKQE,This Is How People Lived Inside Salem During the Witch Trials in 1692 | AI Reconstruction,34000,4 weeks ago,28,1113,https://www.youtube.com/watch?v=DR-gK87NKQE
UCkoKI2T_WmQNVWQFCbjFGJQ,History Reconstruction,2026-05-19,29600,history_reconstruction,30,history_reconstruction,channel_latest,0lacTVA0wIo,What It Was Like Living Inside Marie Antoinette's Versailles in 1789 | AI Reconstruction,35000,1 month ago,30,1057,https://www.youtube.com/watch?v=0lacTVA0wIo
UCOx0bIbw8m1-VNG3duys98A,Julian News Report,2026-05-15,29200,everyday_history,1,everyday_history,channel_latest,60alW4srCxI,Trump Found 50 Votes To Pass The SAVE Act - But One Republican Is Blocking It All,3000,1 day ago,1,630,https://www.youtube.com/watch?v=60alW4srCxI
UCOx0bIbw8m1-VNG3duys98A,Julian News Report,2026-05-15,29200,everyday_history,2,everyday_history,channel_latest,aI0nrX04iTo,Mamdani STUNNED As Builders Suddenly STOPPED Building Apartments - In The Middle Of A Housing Crisis,53000,2 days ago,2,614,https://www.youtube.com/watch?v=aI0nrX04iTo
UCOx0bIbw8m1-VNG3duys98A,Julian News Report,2026-05-15,29200,everyday_history,3,everyday_history,channel_latest,JNaJ2ho16Lc,Mamdani ERUPTS As Morgan Stanley Quietly Moves $1.3 BILLION From New York To Texas,8000,2 days ago,2,668,https://www.youtube.com/watch?v=JNaJ2ho16Lc
UCOx0bIbw8m1-VNG3duys98A,Julian News Report,2026-05-15,29200,everyday_history,4,everyday_history,channel_latest,Iel4f0bBoYM,"Mamdani ERUPTS As Goldman Sachs Announces A New WALL STREET In Texas - 5,000 Jobs GONE",75000,4 days ago,4,653,https://www.youtube.com/watch?v=Iel4f0bBoYM
UCOx0bIbw8m1-VNG3duys98A,Julian News Report,2026-05-15,29200,everyday_history,5,everyday_history,channel_latest,spNKW-jKnYs,Mayor Mamdani LOSES IT As NYC's Grocery Owners UNITE Against Him! 50 Groups Declared WAR,9300,5 days ago,5,653,https://www.youtube.com/watch?v=spNKW-jKnYs
UCOx0bIbw8m1-VNG3duys98A,Julian News Report,2026-05-15,29200,everyday_history,6,everyday_history,channel_latest,SZ8pVjoJTak,Billionaire Finance CEO Responds To Mamdani - Then MOVES $900 BILLION To Austin,26000,6 days ago,6,662,https://www.youtube.com/watch?v=SZ8pVjoJTak
UCOx0bIbw8m1-VNG3duys98A,Julian News Report,2026-05-15,29200,everyday_history,7,everyday_history,channel_latest,KVxMEiBa9Hc,Mamdani PANICS As New York's Rich Get EXPOSED Hiding Their Homes In Trusts,27000,6 days ago,6,663,https://www.youtube.com/watch?v=KVxMEiBa9Hc
UCOx0bIbw8m1-VNG3duys98A,Julian News Report,2026-05-15,29200,everyday_history,8,everyday_history,channel_latest,R3EX_eIWQ7Q,Mamdani PANICS As 3 Of Wall Streets Biggest Banks OFFICIALLY Flee NYC For Florida,14000,8 days ago,8,696,https://www.youtube.com/watch?v=R3EX_eIWQ7Q
UCOx0bIbw8m1-VNG3duys98A,Julian News Report,2026-05-15,29200,everyday_history,9,everyday_history,channel_latest,SIp08V3otBk,Governor Of California STUNNED As Americas Most Iconic Auto Chain OFFICIALLY EXITS Every CA Store,60000,8 days ago,8,665,https://www.youtube.com/watch?v=SIp08V3otBk
UCOx0bIbw8m1-VNG3duys98A,Julian News Report,2026-05-15,29200,everyday_history,10,everyday_history,channel_latest,stXi6gxuip4,Seattle's Socialist Mayor BEGS Starbucks To Stay After Closing 5 Stores...,17000,10 days ago,10,633,https://www.youtube.com/watch?v=stXi6gxuip4
UCOx0bIbw8m1-VNG3duys98A,Julian News Report,2026-05-15,29200,everyday_history,11,everyday_history,channel_latest,s4Jh6_4yCR4,Trump Just KILLED His Own SAVE Act — The Midnight Deal That Made Him Fold,3300,10 days ago,10,760,https://www.youtube.com/watch?v=s4Jh6_4yCR4
UCOx0bIbw8m1-VNG3duys98A,Julian News Report,2026-05-15,29200,everyday_history,12,everyday_history,channel_latest,7cL2_LjI-w8,Newsom GOES NUTS As 6 Billionaires FLEE California Taking $27 Billion In Tax Revenue,6600,11 days ago,11,693,https://www.youtube.com/watch?v=7cL2_LjI-w8
UCOx0bIbw8m1-VNG3duys98A,Julian News Report,2026-05-15,29200,everyday_history,13,everyday_history,channel_latest,jv4Re4JLrA0,Socialist Seattle Mayor PANICS As Seattle's RICHEST Person LEAVES To Florida!,21000,12 days ago,12,615,https://www.youtube.com/watch?v=jv4Re4JLrA0
UCOx0bIbw8m1-VNG3duys98A,Julian News Report,2026-05-15,29200,everyday_history,14,everyday_history,channel_latest,eRZ59L65KrI,New York IN SHOCK As The Texas Stock Exchange Wins Approval To CHALLENGE The NYSE,105000,13 days ago,13,777,https://www.youtube.com/watch?v=eRZ59L65KrI
UCOx0bIbw8m1-VNG3duys98A,Julian News Report,2026-05-15,29200,everyday_history,15,everyday_history,channel_latest,RUorRzKe13w,Mamdani SHOCKED As NYC's BIGGEST Hedge Fund DOUBLES DOWN On Miami,4600,13 days ago,13,761,https://www.youtube.com/watch?v=RUorRzKe13w
UCOx0bIbw8m1-VNG3duys98A,Julian News Report,2026-05-15,29200,everyday_history,16,everyday_history,channel_latest,7JWmRt8DzPo,Seattle's Socialist Mayor CRIES As Seattle's Most Iconic Company Officially LEAVES Seattle After 30!,146000,2 weeks ago,14,615,https://www.youtube.com/watch?v=7JWmRt8DzPo
UCOx0bIbw8m1-VNG3duys98A,Julian News Report,2026-05-15,29200,everyday_history,17,everyday_history,channel_latest,oF20x6Qom6E,Illinois's Governor PANICS As America's Most Iconic Company LEAVES After 176 Years,27000,2 weeks ago,14,669,https://www.youtube.com/watch?v=oF20x6Qom6E
UCOx0bIbw8m1-VNG3duys98A,Julian News Report,2026-05-15,29200,everyday_history,18,everyday_history,channel_latest,XepXtLo65ls,Seattle's Socialist Mayor BEGS Starbucks To Stay After 5 More Stores Shut Down,44000,2 weeks ago,14,625,https://www.youtube.com/watch?v=XepXtLo65ls
UCOx0bIbw8m1-VNG3duys98A,Julian News Report,2026-05-15,29200,everyday_history,19,everyday_history,channel_latest,Fi50VWrJ-mk,Crooked Chicago Mayor MELTS DOWN As Even The Bears Vote To ABANDON Chicago For Indiana,36000,2 weeks ago,14,648,https://www.youtube.com/watch?v=Fi50VWrJ-mk
UCOx0bIbw8m1-VNG3duys98A,Julian News Report,2026-05-15,29200,everyday_history,20,everyday_history,channel_latest,jVlsGY_SbDo,"Seattle's Socialist Mayor TOLD Millionaires ""BYE"" — Now She Lost $500 MILLION...",8900,2 weeks ago,14,650,https://www.youtube.com/watch?v=jVlsGY_SbDo
UCOx0bIbw8m1-VNG3duys98A,Julian News Report,2026-05-15,29200,everyday_history,21,everyday_history,channel_latest,uVr8DMWWzwg,Newsom STUNNED As A 116-Year-Old Grocery Icon OFFICIALLY Shuts Down Across California,27000,2 weeks ago,14,639,https://www.youtube.com/watch?v=uVr8DMWWzwg
UCOx0bIbw8m1-VNG3duys98A,Julian News Report,2026-05-15,29200,everyday_history,22,everyday_history,channel_latest,_vVh35d0G5U,Socialist Seattle Mayor PANICS As The City's LARGEST Grocery Store Shuts For Good,104000,3 weeks ago,21,565,https://www.youtube.com/watch?v=_vVh35d0G5U
UCOx0bIbw8m1-VNG3duys98A,Julian News Report,2026-05-15,29200,everyday_history,23,everyday_history,channel_latest,BOVS0LleK7c,Mamdani FREAKS OUT After New York's RICHEST Man Just Left,121000,3 weeks ago,21,606,https://www.youtube.com/watch?v=BOVS0LleK7c
UCOx0bIbw8m1-VNG3duys98A,Julian News Report,2026-05-15,29200,everyday_history,24,everyday_history,channel_latest,msUT4vVbSWw,Governor Hochul TOLD The Rich To Jump On A Bus To Florida - Now She's BEGGING Them Back,24000,3 weeks ago,21,527,https://www.youtube.com/watch?v=msUT4vVbSWw
UCOx0bIbw8m1-VNG3duys98A,Julian News Report,2026-05-15,29200,everyday_history,25,everyday_history,channel_latest,BJhIxNNfAt0,"New Yorkers FURIOUS As Mamdani's Tax BACKFIRES - 5,000 Businesses Officially FLEE To Florida",6200,3 weeks ago,21,602,https://www.youtube.com/watch?v=BJhIxNNfAt0
UCOx0bIbw8m1-VNG3duys98A,Julian News Report,2026-05-15,29200,everyday_history,26,everyday_history,channel_latest,J9ACnC9unsc,Maryland Governor PANICS As The World's OLDEST Gun Maker OFFICIALLY Abandons Maryland For Good!,6800,3 weeks ago,21,919,https://www.youtube.com/watch?v=J9ACnC9unsc
UCOx0bIbw8m1-VNG3duys98A,Julian News Report,2026-05-15,29200,everyday_history,27,everyday_history,channel_latest,LOpeoMkH4Lo,Ken Griffin MOCKS Governor Hochul After She Backs Mamdani's Tax On The Rich,22000,3 weeks ago,21,654,https://www.youtube.com/watch?v=LOpeoMkH4Lo
UCOx0bIbw8m1-VNG3duys98A,Julian News Report,2026-05-15,29200,everyday_history,28,everyday_history,channel_latest,guhH7N82FH4,Governor Of New Jersey PANICS As Samsung OFFICIALLY Moves Its US Headquarters To Texas!,10000,3 weeks ago,21,819,https://www.youtube.com/watch?v=guhH7N82FH4
UCOx0bIbw8m1-VNG3duys98A,Julian News Report,2026-05-15,29200,everyday_history,29,everyday_history,channel_latest,smtdQPKDO-U,Billionaire Peter Thiel FIRES BACK At Newsom And Moves His Empire To Miami Over The 5% Tax,113000,4 weeks ago,28,592,https://www.youtube.com/watch?v=smtdQPKDO-U
UCOx0bIbw8m1-VNG3duys98A,Julian News Report,2026-05-15,29200,everyday_history,30,everyday_history,channel_latest,MoOeDzQLn4o,Mamdani FURIOUS As Billionaire John Catsimatidis THREATENS To Shut Every NYC Store,331000,4 weeks ago,28,666,https://www.youtube.com/watch?v=MoOeDzQLn4o
UClVmPVF1AxBkx-hcA371RoQ,Wrongly Assumed,2026-05-11,2940,history_civilization,1,history_civilization,channel_latest,22Wo9ZFUN94,Easter Island Was Reanalyzed by AI — And the Statues Were Hiding Something Disturbing,202000,4 days ago,4,844,https://www.youtube.com/watch?v=22Wo9ZFUN94
UClVmPVF1AxBkx-hcA371RoQ,Wrongly Assumed,2026-05-11,2940,history_civilization,2,history_civilization,channel_latest,W5E5t7kesFQ,We Were Completely WRONG About What's Inside Ancient Tombs,326,8 days ago,8,800,https://www.youtube.com/watch?v=W5E5t7kesFQ
UClVmPVF1AxBkx-hcA371RoQ,Wrongly Assumed,2026-05-11,2940,history_civilization,3,history_civilization,channel_latest,PcPGQIETn8g,The Bermuda Triangle Was Reanalyzed by AI — And the Findings Shocked Everyone,28000,13 days ago,13,815,https://www.youtube.com/watch?v=PcPGQIETn8g
UClVmPVF1AxBkx-hcA371RoQ,Wrongly Assumed,2026-05-11,2940,history_civilization,4,history_civilization,channel_latest,mPItxv_rYh4,Why the Biggest Spiders Can't Kill You (But the Tiny Ones Can),933,2 weeks ago,14,532,https://www.youtube.com/watch?v=mPItxv_rYh4
UClVmPVF1AxBkx-hcA371RoQ,Wrongly Assumed,2026-05-11,2940,history_civilization,5,history_civilization,channel_latest,AQpola6Lx0w,The Pyramids Were Reanalyzed by AI - And the Findings Shocked Everyone,535000,3 weeks ago,21,741,https://www.youtube.com/watch?v=AQpola6Lx0w
UClVmPVF1AxBkx-hcA371RoQ,Wrongly Assumed,2026-05-11,2940,history_civilization,6,history_civilization,channel_latest,AQwd88E2GlM,We Were Completely WRONG About What's Inside Glaciers,719,3 weeks ago,21,762,https://www.youtube.com/watch?v=AQwd88E2GlM
UClVmPVF1AxBkx-hcA371RoQ,Wrongly Assumed,2026-05-11,2940,history_civilization,7,history_civilization,channel_latest,uRPyX3IVzok,We Were Completely WRONG About What's At The Bottom of The Ocean,4800,1 month ago,30,803,https://www.youtube.com/watch?v=uRPyX3IVzok
UClVmPVF1AxBkx-hcA371RoQ,Wrongly Assumed,2026-05-11,2940,history_civilization,8,history_civilization,channel_latest,mXEEVyFCixc,The Titanic Wreck Was Re-analyzed by AI - What It Found Changes Everything,240000,1 month ago,30,592,https://www.youtube.com/watch?v=mXEEVyFCixc
UClVmPVF1AxBkx-hcA371RoQ,Wrongly Assumed,2026-05-11,2940,history_civilization,9,history_civilization,channel_latest,MH6VMa4u22o,Nothing About Blue Eyes People Is NORMAL... Here's Why,256,1 month ago,30,582,https://www.youtube.com/watch?v=MH6VMa4u22o
UClVmPVF1AxBkx-hcA371RoQ,Wrongly Assumed,2026-05-11,2940,history_civilization,10,history_civilization,channel_latest,0eKqfYo_USw,Nothing About Left Handed People is NORMAL... Here's Why,137,1 month ago,30,598,https://www.youtube.com/watch?v=0eKqfYo_USw
UClVmPVF1AxBkx-hcA371RoQ,Wrongly Assumed,2026-05-11,2940,history_civilization,11,history_civilization,channel_latest,8X43lFP9bR0,Nothing About Introverts is Normal... Here's Why,190,2 months ago,60,684,https://www.youtube.com/watch?v=8X43lFP9bR0
UClVmPVF1AxBkx-hcA371RoQ,Wrongly Assumed,2026-05-11,2940,history_civilization,12,history_civilization,channel_latest,Q1LyjnMZqjs,Nothing About Redheads is Normal... Here's Why,721,2 months ago,60,478,https://www.youtube.com/watch?v=Q1LyjnMZqjs
UC-WT_x7Tpo-C1_XNJFik4ag,Dead Signal,2026-05-08,177000,everyday_history,1,everyday_history,channel_latest,-P9NFURBWYk,The Photograph That Wasn't Taken,1700,15 hours ago,0,74,https://www.youtube.com/watch?v=-P9NFURBWYk
UC-WT_x7Tpo-C1_XNJFik4ag,Dead Signal,2026-05-08,177000,everyday_history,2,everyday_history,channel_latest,n04kZBxbT8k,The Man Who Threatened To Burn Their House Down Ruled It An Accident,277,17 hours ago,0,1853,https://www.youtube.com/watch?v=n04kZBxbT8k
UC-WT_x7Tpo-C1_XNJFik4ag,Dead Signal,2026-05-08,177000,everyday_history,3,everyday_history,channel_latest,YRejZAqzoaw,The Society House Reunion,2900,1 day ago,1,630,https://www.youtube.com/watch?v=YRejZAqzoaw
UC-WT_x7Tpo-C1_XNJFik4ag,Dead Signal,2026-05-08,177000,everyday_history,4,everyday_history,channel_latest,DdlS_sjryAk,Some Of The Skeletons Are From Greece  Scientists Still Can't Explain Why,4400,2 days ago,2,1847,https://www.youtube.com/watch?v=DdlS_sjryAk
UC-WT_x7Tpo-C1_XNJFik4ag,Dead Signal,2026-05-08,177000,everyday_history,5,everyday_history,channel_latest,vhjxwZHJXLo,The Student Center Recording,2400,2 days ago,2,637,https://www.youtube.com/watch?v=vhjxwZHJXLo
UC-WT_x7Tpo-C1_XNJFik4ag,Dead Signal,2026-05-08,177000,everyday_history,6,everyday_history,channel_latest,qN3WIzq36kQ,The Orientation Film,642,3 days ago,3,642,https://www.youtube.com/watch?v=qN3WIzq36kQ
UC-WT_x7Tpo-C1_XNJFik4ag,Dead Signal,2026-05-08,177000,everyday_history,7,everyday_history,channel_latest,UaJXQMXYmx4,Hồ Thủy Tiên: The Abandoned Water Park,4000,4 days ago,4,1822,https://www.youtube.com/watch?v=UaJXQMXYmx4
UC-WT_x7Tpo-C1_XNJFik4ag,Dead Signal,2026-05-08,177000,everyday_history,8,everyday_history,channel_latest,FnVRkVljBzA,The Roommate Assignment,553,4 days ago,4,748,https://www.youtube.com/watch?v=FnVRkVljBzA
UC-WT_x7Tpo-C1_XNJFik4ag,Dead Signal,2026-05-08,177000,everyday_history,9,everyday_history,channel_latest,rJXfe8yELEg,The Freshman Who Checked In First,12000,5 days ago,5,632,https://www.youtube.com/watch?v=rJXfe8yELEg
UC-WT_x7Tpo-C1_XNJFik4ag,Dead Signal,2026-05-08,177000,everyday_history,10,everyday_history,channel_latest,_4T8z4V2hnI,The Passenger in Seat 18C,12000,6 days ago,6,713,https://www.youtube.com/watch?v=_4T8z4V2hnI
UC-WT_x7Tpo-C1_XNJFik4ag,Dead Signal,2026-05-08,177000,everyday_history,11,everyday_history,channel_latest,IVSXxmNBGRc,The Face In The Camera Roll,13000,7 days ago,7,739,https://www.youtube.com/watch?v=IVSXxmNBGRc
UC-WT_x7Tpo-C1_XNJFik4ag,Dead Signal,2026-05-08,177000,everyday_history,12,everyday_history,channel_latest,IoOlgJxfJfw,115 People Vanished  One Word Was Carved Into A Post  No One Knows Why,1200,7 days ago,7,1775,https://www.youtube.com/watch?v=IoOlgJxfJfw
UC-WT_x7Tpo-C1_XNJFik4ag,Dead Signal,2026-05-08,177000,everyday_history,13,everyday_history,channel_latest,-lOd8xcNaWc,The Last Bonfire Before Boston,16000,8 days ago,8,703,https://www.youtube.com/watch?v=-lOd8xcNaWc
UC-WT_x7Tpo-C1_XNJFik4ag,Dead Signal,2026-05-08,177000,everyday_history,14,everyday_history,channel_latest,nTFVbAnUKLo,Netflix Aired It  A Journal Published It  Both Were Wrong,18000,9 days ago,9,1962,https://www.youtube.com/watch?v=nTFVbAnUKLo
UC-WT_x7Tpo-C1_XNJFik4ag,Dead Signal,2026-05-08,177000,everyday_history,15,everyday_history,channel_latest,qeMgyk5CfCA,The Letter Waiting At Home,17000,9 days ago,9,722,https://www.youtube.com/watch?v=qeMgyk5CfCA
UC-WT_x7Tpo-C1_XNJFik4ag,Dead Signal,2026-05-08,177000,everyday_history,16,everyday_history,channel_latest,AyLvPxPI0uU,Island of the Dolls/La Isla de las Muñecas,59000,10 days ago,10,1780,https://www.youtube.com/watch?v=AyLvPxPI0uU
UC-WT_x7Tpo-C1_XNJFik4ag,Dead Signal,2026-05-08,177000,everyday_history,17,everyday_history,channel_latest,sGn7LjY6zMo,The Missing Hours Of Move In Week,19000,10 days ago,10,435,https://www.youtube.com/watch?v=sGn7LjY6zMo
UC-WT_x7Tpo-C1_XNJFik4ag,Dead Signal,2026-05-08,177000,everyday_history,18,everyday_history,channel_latest,xRWA5kA6zCg,The Society House On Hawthorne Lane,20000,11 days ago,11,704,https://www.youtube.com/watch?v=xRWA5kA6zCg
UC-WT_x7Tpo-C1_XNJFik4ag,Dead Signal,2026-05-08,177000,everyday_history,19,everyday_history,channel_latest,1BKHL8fC66c,The Freshman Who Was Already There,22000,12 days ago,12,653,https://www.youtube.com/watch?v=1BKHL8fC66c
UC-WT_x7Tpo-C1_XNJFik4ag,Dead Signal,2026-05-08,177000,everyday_history,20,everyday_history,channel_latest,iDNWFm1G3ts,The Dormitory That Never Filled,24000,13 days ago,13,609,https://www.youtube.com/watch?v=iDNWFm1G3ts
UC-WT_x7Tpo-C1_XNJFik4ag,Dead Signal,2026-05-08,177000,everyday_history,21,everyday_history,channel_latest,Jcf9uioJlO4,The Blackwood Invitation List,691,2 weeks ago,14,650,https://www.youtube.com/watch?v=Jcf9uioJlO4
UC-WT_x7Tpo-C1_XNJFik4ag,Dead Signal,2026-05-08,177000,everyday_history,22,everyday_history,channel_latest,ibxaFm7P--A,The Freshman Selection Weekend,24000,2 weeks ago,14,813,https://www.youtube.com/watch?v=ibxaFm7P--A
UC-WT_x7Tpo-C1_XNJFik4ag,Dead Signal,2026-05-08,177000,everyday_history,23,everyday_history,channel_latest,bxj1xPYAaQ4,Hinteraifeck Murders,2300,2 weeks ago,14,1792,https://www.youtube.com/watch?v=bxj1xPYAaQ4
UC-WT_x7Tpo-C1_XNJFik4ag,Dead Signal,2026-05-08,177000,everyday_history,24,everyday_history,channel_latest,68Fje4q8J1M,The Emergency Frequency They Couldn’t Explain,26000,2 weeks ago,14,791,https://www.youtube.com/watch?v=68Fje4q8J1M
UC-WT_x7Tpo-C1_XNJFik4ag,Dead Signal,2026-05-08,177000,everyday_history,25,everyday_history,channel_latest,EVl-lF2satw,The Last Ferry to Shelter Island,26000,2 weeks ago,14,803,https://www.youtube.com/watch?v=EVl-lF2satw
UC-WT_x7Tpo-C1_XNJFik4ag,Dead Signal,2026-05-08,177000,everyday_history,26,everyday_history,channel_latest,d8oHVkASSP4,Ford Built A City In The Amazon. Not One Drop Of Rubber Reached A Car.,12000,2 weeks ago,14,1815,https://www.youtube.com/watch?v=d8oHVkASSP4
UC-WT_x7Tpo-C1_XNJFik4ag,Dead Signal,2026-05-08,177000,everyday_history,27,everyday_history,channel_latest,rnBmlkeS7gY,The Last Weekend At Montauk House,14000,2 weeks ago,14,824,https://www.youtube.com/watch?v=rnBmlkeS7gY
UC-WT_x7Tpo-C1_XNJFik4ag,Dead Signal,2026-05-08,177000,everyday_history,28,everyday_history,channel_latest,Wvea0AQ0TGI,The Forgotten Platform That Never Closed,18000,2 weeks ago,14,686,https://www.youtube.com/watch?v=Wvea0AQ0TGI
UC-WT_x7Tpo-C1_XNJFik4ag,Dead Signal,2026-05-08,177000,everyday_history,29,everyday_history,channel_latest,tcVDFhrvcrY,Built To End Hunger. Abandoned For 40 Years By The Very Thing It Studied.,33000,2 weeks ago,14,1005,https://www.youtube.com/watch?v=tcVDFhrvcrY
UC-WT_x7Tpo-C1_XNJFik4ag,Dead Signal,2026-05-08,177000,everyday_history,30,everyday_history,channel_latest,OJ4NlY-Ide0,The Beach That Buried New York’s Secrets,287,2 weeks ago,14,639,https://www.youtube.com/watch?v=OJ4NlY-Ide0
UCjIjoDsnz_ygrp2UhiBDZEw,Oldies Radio Station,2026-05-03,3720,internet_mysteries,1,internet_mysteries,channel_latest,do_TgaoLOU0,48 Mystery Full Season NEW 👮🚔Season 2026 ~ S36.E6 👮🚔 Best American Documentary True Crime Full HD,646,3 days ago,3,9138,https://www.youtube.com/watch?v=do_TgaoLOU0
UCjIjoDsnz_ygrp2UhiBDZEw,Oldies Radio Station,2026-05-03,3720,internet_mysteries,2,internet_mysteries,channel_latest,N28W56LXCHk,48 Mystery Full Season NEW 👮🚔Season 2026 ~ S36.E5 👮🚔 Best American Documentary True Crime Full HD,1100,5 days ago,5,9101,https://www.youtube.com/watch?v=N28W56LXCHk
UCjIjoDsnz_ygrp2UhiBDZEw,Oldies Radio Station,2026-05-03,3720,internet_mysteries,3,internet_mysteries,channel_latest,uIyeSmuj3wk,48 Mystery Full Season NEW 👮🚔Season 2026 ~ S36.E4 👮🚔 Best American Documentary True Crime Full HD,932,7 days ago,7,9242,https://www.youtube.com/watch?v=uIyeSmuj3wk
UCjIjoDsnz_ygrp2UhiBDZEw,Oldies Radio Station,2026-05-03,3720,internet_mysteries,4,internet_mysteries,channel_latest,nclMYvISLJ0,48 Mystery Full Season NEW 👮🚔Season 2026 ~ S36.E3 👮🚔 Best American Documentary True Crime Full HD,9200,8 days ago,8,8957,https://www.youtube.com/watch?v=nclMYvISLJ0
UCjIjoDsnz_ygrp2UhiBDZEw,Oldies Radio Station,2026-05-03,3720,internet_mysteries,5,internet_mysteries,channel_latest,IrwWEfGiHdo,48 Mystery Full Season NEW 👮🚔Season 2026 ~ S36.E1 👮🚔 Best American Documentary True Crime Full HD,3200,9 days ago,9,9101,https://www.youtube.com/watch?v=IrwWEfGiHdo
UCjIjoDsnz_ygrp2UhiBDZEw,Oldies Radio Station,2026-05-03,3720,internet_mysteries,6,internet_mysteries,channel_latest,vJ36NrJBVeo,48 Mystery Full Season NEW 👮🚔Season 2026 ~ S41.E14 👮🚔 Best American Documentary True Crime Full HD,14000,11 days ago,11,7470,https://www.youtube.com/watch?v=vJ36NrJBVeo
UCjIjoDsnz_ygrp2UhiBDZEw,Oldies Radio Station,2026-05-03,3720,internet_mysteries,7,internet_mysteries,channel_latest,HTrZytkMtjA,48 Mystery Full Season NEW 👮🚔Season 2026 ~ S41.E15 👮🚔 Best American Documentary True Crime Full HD,7800,12 days ago,12,10126,https://www.youtube.com/watch?v=HTrZytkMtjA
UCjIjoDsnz_ygrp2UhiBDZEw,Oldies Radio Station,2026-05-03,3720,internet_mysteries,8,internet_mysteries,channel_latest,JSgHboMbACI,48 Mystery Full Season NEW 👮🚔Season 2026 ~ S41.E10 👮🚔 Best American Documentary True Crime Full HD,31000,2 weeks ago,14,7460,https://www.youtube.com/watch?v=JSgHboMbACI
UCjIjoDsnz_ygrp2UhiBDZEw,Oldies Radio Station,2026-05-03,3720,internet_mysteries,9,internet_mysteries,channel_latest,5ZzZXYQDV4Y,48 Mystery Full Season NEW 👮🚔Season 2026 ~ S41.E9 👮🚔 Best American Documentary True Crime Full HD,1900,2 weeks ago,14,7455,https://www.youtube.com/watch?v=5ZzZXYQDV4Y
UCjIjoDsnz_ygrp2UhiBDZEw,Oldies Radio Station,2026-05-03,3720,internet_mysteries,10,internet_mysteries,channel_latest,SEQ1dCdFedk,48 Mystery Full Season NEW 👮🚔Season 2026 ~ S41.E8 👮🚔 Best American Documentary True Crime Full HD,146000,2 weeks ago,14,4792,https://www.youtube.com/watch?v=SEQ1dCdFedk
UCjIjoDsnz_ygrp2UhiBDZEw,Oldies Radio Station,2026-05-03,3720,internet_mysteries,11,internet_mysteries,channel_latest,CkbWFRgHtAg,48 Mystery Full Season NEW 👮🚔Season 2026 ~ S41.E7 👮🚔 Best American Documentary True Crime Full HD,9600,2 weeks ago,14,4901,https://www.youtube.com/watch?v=CkbWFRgHtAg
UCjIjoDsnz_ygrp2UhiBDZEw,Oldies Radio Station,2026-05-03,3720,internet_mysteries,12,internet_mysteries,channel_latest,GNkrR4c6FbY,48 Mystery Full Season NEW 👮🚔Season 2026 ~ S41.E6 👮🚔 Best American Documentary True Crime Full HD,66000,2 weeks ago,14,7164,https://www.youtube.com/watch?v=GNkrR4c6FbY
UCjIjoDsnz_ygrp2UhiBDZEw,Oldies Radio Station,2026-05-03,3720,internet_mysteries,13,internet_mysteries,channel_latest,WWe2HqH6SdY,48 Mystery Full Season NEW 👮🚔Season 2026 ~ S41.E5 👮🚔 Best American Documentary True Crime Full HD,7200,2 weeks ago,14,7419,https://www.youtube.com/watch?v=WWe2HqH6SdY
UCjIjoDsnz_ygrp2UhiBDZEw,Oldies Radio Station,2026-05-03,3720,internet_mysteries,14,internet_mysteries,channel_latest,lZGseZrLX40,48 Mystery Full Season NEW 👮🚔Season 2026 ~ S41.E4 👮🚔 Best American Documentary True Crime Full HD,18000,2 weeks ago,14,7228,https://www.youtube.com/watch?v=lZGseZrLX40
UCjIjoDsnz_ygrp2UhiBDZEw,Oldies Radio Station,2026-05-03,3720,internet_mysteries,15,internet_mysteries,channel_latest,mNVPInmLDSU,48 Mystery Full Season NEW 👮🚔Season 2026 ~ S41.E3 👮🚔 Best American Documentary True Crime Full HD,54000,3 weeks ago,21,7562,https://www.youtube.com/watch?v=mNVPInmLDSU
UCjIjoDsnz_ygrp2UhiBDZEw,Oldies Radio Station,2026-05-03,3720,internet_mysteries,16,internet_mysteries,channel_latest,mmbsVwh7eXQ,48 Mystery Full Season NEW 👮🚔Season 2026 ~ S38.E15 👮🚔 Best American Documentary True Crime Full HD,80000,3 weeks ago,21,7638,https://www.youtube.com/watch?v=mmbsVwh7eXQ
UCjIjoDsnz_ygrp2UhiBDZEw,Oldies Radio Station,2026-05-03,3720,internet_mysteries,17,internet_mysteries,channel_latest,fzkNqW_0O-g,48 Mystery Full Season NEW 👮🚔Season 2026 ~ S41.E1 👮🚔 Best American Documentary True Crime Full HD,16000,3 weeks ago,21,7482,https://www.youtube.com/watch?v=fzkNqW_0O-g
UCjIjoDsnz_ygrp2UhiBDZEw,Oldies Radio Station,2026-05-03,3720,internet_mysteries,18,internet_mysteries,channel_latest,JlskFz9nVlE,48 Mystery Full Season NEW 👮🚔Season 2026 ~ S38.E16 👮🚔 Best American Documentary True Crime Full HD,38000,3 weeks ago,21,7489,https://www.youtube.com/watch?v=JlskFz9nVlE
UCjIjoDsnz_ygrp2UhiBDZEw,Oldies Radio Station,2026-05-03,3720,internet_mysteries,19,internet_mysteries,channel_latest,VKwqzwfcXoE,48 Mystery Full Season NEW 👮🚔Season 2026 ~ S41.E2 👮🚔 Best American Documentary True Crime Full HD,13000,3 weeks ago,21,7450,https://www.youtube.com/watch?v=VKwqzwfcXoE
UCjIjoDsnz_ygrp2UhiBDZEw,Oldies Radio Station,2026-05-03,3720,internet_mysteries,20,internet_mysteries,channel_latest,VINz90OZz0I,48 Mystery Full Season NEW 👮🚔Season 2026 ~ S38.E12 👮🚔 Best American Documentary True Crime Full HD,21000,3 weeks ago,21,5092,https://www.youtube.com/watch?v=VINz90OZz0I
UCjIjoDsnz_ygrp2UhiBDZEw,Oldies Radio Station,2026-05-03,3720,internet_mysteries,21,internet_mysteries,channel_latest,7vJIO2c6iME,48 Mystery Full Season NEW 👮🚔Season 2026 ~ S38.E11 👮🚔 Best American Documentary True Crime Full HD,234000,3 weeks ago,21,6530,https://www.youtube.com/watch?v=7vJIO2c6iME
UCjIjoDsnz_ygrp2UhiBDZEw,Oldies Radio Station,2026-05-03,3720,internet_mysteries,22,internet_mysteries,channel_latest,jDouPDbnjz8,48 Mystery Full Season NEW 👮🚔Season 2026 ~ S38.E10 👮🚔 Best American Documentary True Crime Full HD,81000,3 weeks ago,21,7432,https://www.youtube.com/watch?v=jDouPDbnjz8
UCjIjoDsnz_ygrp2UhiBDZEw,Oldies Radio Station,2026-05-03,3720,internet_mysteries,23,internet_mysteries,channel_latest,RbJh0FmKTBU,48 Mystery Full Season NEW 👮🚔Season 2026 ~ S38.E9 👮🚔 Best American Documentary True Crime Full HD,65000,3 weeks ago,21,7477,https://www.youtube.com/watch?v=RbJh0FmKTBU
UCjIjoDsnz_ygrp2UhiBDZEw,Oldies Radio Station,2026-05-03,3720,internet_mysteries,24,internet_mysteries,channel_latest,mPNeSPtcVKc,48 Mystery Full Season NEW 👮🚔Season 2026 ~ S38.E8 👮🚔 Best American Documentary True Crime Full HD,37000,3 weeks ago,21,7584,https://www.youtube.com/watch?v=mPNeSPtcVKc
UCjIjoDsnz_ygrp2UhiBDZEw,Oldies Radio Station,2026-05-03,3720,internet_mysteries,25,internet_mysteries,channel_latest,2iAE9egQKlY,48 Mystery Full Season NEW 👮🚔Season 2026 ~ S38.E7 👮🚔 Best American Documentary True Crime Full HD,17000,3 weeks ago,21,7707,https://www.youtube.com/watch?v=2iAE9egQKlY
UCjIjoDsnz_ygrp2UhiBDZEw,Oldies Radio Station,2026-05-03,3720,internet_mysteries,26,internet_mysteries,channel_latest,V_K3TNB3qdU,48 Mystery Full Season NEW 👮🚔Season 2026 ~ S38.E6 👮🚔 Best American Documentary True Crime Full HD,18000,3 weeks ago,21,7541,https://www.youtube.com/watch?v=V_K3TNB3qdU
UCjIjoDsnz_ygrp2UhiBDZEw,Oldies Radio Station,2026-05-03,3720,internet_mysteries,27,internet_mysteries,channel_latest,oyGCLcew3Js,48 Mystery Full Season NEW 👮🚔Season 2026 ~ S38.E5 👮🚔 Best American Documentary True Crime Full HD,70000,3 weeks ago,21,7281,https://www.youtube.com/watch?v=oyGCLcew3Js
UCjIjoDsnz_ygrp2UhiBDZEw,Oldies Radio Station,2026-05-03,3720,internet_mysteries,28,internet_mysteries,channel_latest,utmap-qAA-4,48 Mystery Full Season NEW 👮🚔Season 2026 ~ S38.E3 👮🚔 Best American Documentary True Crime Full HD,168000,3 weeks ago,21,7473,https://www.youtube.com/watch?v=utmap-qAA-4
UCjIjoDsnz_ygrp2UhiBDZEw,Oldies Radio Station,2026-05-03,3720,internet_mysteries,29,internet_mysteries,channel_latest,GY7U9shr7CI,48 Mystery Full Season NEW 👮🚔Season 2026 ~ S38.E4 👮🚔 Best American Documentary True Crime Full HD,64000,4 weeks ago,28,7663,https://www.youtube.com/watch?v=GY7U9shr7CI
UCjIjoDsnz_ygrp2UhiBDZEw,Oldies Radio Station,2026-05-03,3720,internet_mysteries,30,internet_mysteries,channel_latest,tKg6JFfRxjQ,48 Mystery Full Season NEW 👮🚔Season 2026 ~ S38.E1 👮🚔 Best American Documentary True Crime Full HD,81000,4 weeks ago,28,7766,https://www.youtube.com/watch?v=tKg6JFfRxjQ
UCytiKJcsuKFARvAeUABvRBA,HinExp,2026-04-19,45300,technology_ai,1,technology_ai,channel_latest,vzQuy_P5QX4,How DMart Is Dying | The Problem Nobody Saw Coming | | Business Case Study,12000,11 hours ago,0,900,https://www.youtube.com/watch?v=vzQuy_P5QX4
UCytiKJcsuKFARvAeUABvRBA,HinExp,2026-04-19,45300,technology_ai,2,technology_ai,channel_latest,ZvQ1LriIqKI,How Entire Indian Government Money System Works in 15 Mins,11000,3 days ago,3,936,https://www.youtube.com/watch?v=ZvQ1LriIqKI
UCytiKJcsuKFARvAeUABvRBA,HinExp,2026-04-19,45300,technology_ai,3,technology_ai,channel_latest,pzvgWdp4TIE,Why Did Chandra REALLY Quit Tata? Tata's ₹23 Lakh Crore War,4300,6 days ago,6,798,https://www.youtube.com/watch?v=pzvgWdp4TIE
UCytiKJcsuKFARvAeUABvRBA,HinExp,2026-04-19,45300,technology_ai,4,technology_ai,channel_latest,WOJSHEr8anE,INDIA'S IT MACHINE IS COLLAPSING | Industry Grows But Jobs Vanishing,34000,8 days ago,8,1160,https://www.youtube.com/watch?v=WOJSHEr8anE
UCytiKJcsuKFARvAeUABvRBA,HinExp,2026-04-19,45300,technology_ai,5,technology_ai,channel_latest,vpIB-uJ0fUs,How Two Salaries Are Making Indian Families POORER,100000,10 days ago,10,1179,https://www.youtube.com/watch?v=vpIB-uJ0fUs
UCytiKJcsuKFARvAeUABvRBA,HinExp,2026-04-19,45300,technology_ai,6,technology_ai,channel_latest,EHTFVplYszs,How HDFC Bank Crashed | Business Case Study,21000,13 days ago,13,956,https://www.youtube.com/watch?v=EHTFVplYszs
UCytiKJcsuKFARvAeUABvRBA,HinExp,2026-04-19,45300,technology_ai,7,technology_ai,channel_latest,HOlRIO64TFQ,INDIAN Stock Market Simplified in 18 Minutes | 2D Animation,39000,2 weeks ago,14,1132,https://www.youtube.com/watch?v=HOlRIO64TFQ
UCytiKJcsuKFARvAeUABvRBA,HinExp,2026-04-19,45300,technology_ai,8,technology_ai,channel_latest,PHIwRgYCyIQ,America's AI Crash Explained | Business Case Study,11000,2 weeks ago,14,1253,https://www.youtube.com/watch?v=PHIwRgYCyIQ
UCytiKJcsuKFARvAeUABvRBA,HinExp,2026-04-19,45300,technology_ai,9,technology_ai,channel_latest,eWAHnT57Ioo,Everything About BANK LOANS in 18 Min | 2D Animation,57000,3 weeks ago,21,1084,https://www.youtube.com/watch?v=eWAHnT57Ioo
UCytiKJcsuKFARvAeUABvRBA,HinExp,2026-04-19,45300,technology_ai,10,technology_ai,channel_latest,nFabkCOe_HU,How Baba Ramdev Patanjali Fooling Everyone | Business Case Study,34000,3 weeks ago,21,1096,https://www.youtube.com/watch?v=nFabkCOe_HU
UCytiKJcsuKFARvAeUABvRBA,HinExp,2026-04-19,45300,technology_ai,11,technology_ai,channel_latest,nJivxw6RaJw,Entire INDIAN Tax System in 18 Mins,129000,3 weeks ago,21,1103,https://www.youtube.com/watch?v=nJivxw6RaJw
UCytiKJcsuKFARvAeUABvRBA,HinExp,2026-04-19,45300,technology_ai,12,technology_ai,channel_latest,hUkLjvtMAGk,Can boAt Make a Comeback? India's Biggest Brand Revival Explained | Business Case Study,3000,4 weeks ago,28,849,https://www.youtube.com/watch?v=hUkLjvtMAGk
UCytiKJcsuKFARvAeUABvRBA,HinExp,2026-04-19,45300,technology_ai,13,technology_ai,channel_latest,prIwf-Qm_Nc,8 Boring Businesses Make You a Millionaire While You Sleep,122000,1 month ago,30,1000,https://www.youtube.com/watch?v=prIwf-Qm_Nc
UCytiKJcsuKFARvAeUABvRBA,HinExp,2026-04-19,45300,technology_ai,14,technology_ai,channel_latest,4L_brXxI-3s,Entire INDIAN Education System in 24 Mins,93000,1 month ago,30,1449,https://www.youtube.com/watch?v=4L_brXxI-3s
UCytiKJcsuKFARvAeUABvRBA,HinExp,2026-04-19,45300,technology_ai,15,technology_ai,channel_latest,pHKCj2CZwnk,The AI Collapse Explained | Business Case Study,197000,1 month ago,30,1064,https://www.youtube.com/watch?v=pHKCj2CZwnk
UCytiKJcsuKFARvAeUABvRBA,HinExp,2026-04-19,45300,technology_ai,16,technology_ai,channel_latest,WSmMq8jppOw,How Anupam Mittal Shaadi.com Fooling Everyone | Business Case Study,88000,1 month ago,30,954,https://www.youtube.com/watch?v=WSmMq8jppOw
UCytiKJcsuKFARvAeUABvRBA,HinExp,2026-04-19,45300,technology_ai,17,technology_ai,channel_latest,eBZKJ9Uxjp4,Entire INDIAN Banking System in 18 Mins,355000,1 month ago,30,1085,https://www.youtube.com/watch?v=eBZKJ9Uxjp4
UCytiKJcsuKFARvAeUABvRBA,HinExp,2026-04-19,45300,technology_ai,18,technology_ai,channel_latest,BuvsAttF7NA,Who Destroyed Micromax | Business Case Study,40000,1 month ago,30,929,https://www.youtube.com/watch?v=BuvsAttF7NA
UCytiKJcsuKFARvAeUABvRBA,HinExp,2026-04-19,45300,technology_ai,19,technology_ai,channel_latest,V1kW4nc7I1c,Shark Namita Thapar Exposed | Emcure Business Case Study,92000,1 month ago,30,923,https://www.youtube.com/watch?v=V1kW4nc7I1c
UCytiKJcsuKFARvAeUABvRBA,HinExp,2026-04-19,45300,technology_ai,20,technology_ai,channel_latest,ozbu4EFoudg,How the TAVERA Died | The Real Reason Chevrolet Left India | Business Case Study,222000,1 month ago,30,953,https://www.youtube.com/watch?v=ozbu4EFoudg
UCytiKJcsuKFARvAeUABvRBA,HinExp,2026-04-19,45300,technology_ai,21,technology_ai,channel_latest,Tev_3DymaOE,How Deepinder Goyal Blinkit Fooling Everyone | Business Case Study,204000,1 month ago,30,1040,https://www.youtube.com/watch?v=Tev_3DymaOE
UCytiKJcsuKFARvAeUABvRBA,HinExp,2026-04-19,45300,technology_ai,22,technology_ai,channel_latest,WGSL7lcKg9E,How Peyush Bansal Lost People's Trust | Business Case Study,131000,1 month ago,30,927,https://www.youtube.com/watch?v=WGSL7lcKg9E
UCytiKJcsuKFARvAeUABvRBA,HinExp,2026-04-19,45300,technology_ai,23,technology_ai,channel_latest,tbFalFQcUqA,Why Does India Need Only 1 Train? | Business Case Study,4300,2 months ago,60,904,https://www.youtube.com/watch?v=tbFalFQcUqA
UCytiKJcsuKFARvAeUABvRBA,HinExp,2026-04-19,45300,technology_ai,24,technology_ai,channel_latest,MEcbgsRhHZc,Shark Tank Deal...Then the Court Shut Them Down| Bisleri vs Aquapeya,51000,2 months ago,60,664,https://www.youtube.com/watch?v=MEcbgsRhHZc
UCytiKJcsuKFARvAeUABvRBA,HinExp,2026-04-19,45300,technology_ai,25,technology_ai,channel_latest,wOav22VycdU,How Shark Vineeta's Sugar Cosmetics Crashed | Business Case Study,377000,2 months ago,60,1081,https://www.youtube.com/watch?v=wOav22VycdU
UCytiKJcsuKFARvAeUABvRBA,HinExp,2026-04-19,45300,technology_ai,26,technology_ai,channel_latest,X7txMHjTrSc,INDIAN Economy Simplified in 21 Minutes | 2D Animation,152000,2 months ago,60,1305,https://www.youtube.com/watch?v=X7txMHjTrSc
UCytiKJcsuKFARvAeUABvRBA,HinExp,2026-04-19,45300,technology_ai,27,technology_ai,channel_latest,a1djnZV17Ww,How Aman Gupta's boAt Crashed | Business Case Study,736000,2 months ago,60,793,https://www.youtube.com/watch?v=a1djnZV17Ww
UCytiKJcsuKFARvAeUABvRBA,HinExp,2026-04-19,45300,technology_ai,28,technology_ai,channel_latest,E5ayFa5Tfhk,How Vijay Mallya FOOLED the Entire System | 9000 Crore Scam | 2D Animation,6500,3 months ago,90,939,https://www.youtube.com/watch?v=E5ayFa5Tfhk
UCytiKJcsuKFARvAeUABvRBA,HinExp,2026-04-19,45300,technology_ai,29,technology_ai,channel_latest,3qiaHklflGc,How Lahori Zeera Cracked Pepsi-Coke’s Market & Won Old Indians’ Hearts | 2D Animation Documentary,23000,3 months ago,90,770,https://www.youtube.com/watch?v=3qiaHklflGc
UCytiKJcsuKFARvAeUABvRBA,HinExp,2026-04-19,45300,technology_ai,30,technology_ai,channel_latest,m07dxCtAdZM,How Powerful is PM Modi’s Z+ Security Compared to Top World Leaders? ( 2D Animation),1400,3 months ago,90,1574,https://www.youtube.com/watch?v=m07dxCtAdZM
UC42T20axeJ0I8Htezap9PiQ,Monstrous Machines,2026-04-10,2560,history_civilization,1,history_civilization,channel_latest,5sJlcC83O3Q,The BIGGEST Airplanes Ever Built Explained In 12 Minutes,7800,3 days ago,3,667,https://www.youtube.com/watch?v=5sJlcC83O3Q
UC42T20axeJ0I8Htezap9PiQ,Monstrous Machines,2026-04-10,2560,history_civilization,2,history_civilization,channel_latest,zU9MhbGxxHs,The WORST Airplane Deaths Ever Explained In 11 Minutes,324,5 days ago,5,710,https://www.youtube.com/watch?v=zU9MhbGxxHs
UC42T20axeJ0I8Htezap9PiQ,Monstrous Machines,2026-04-10,2560,history_civilization,3,history_civilization,channel_latest,6kwxKVkQqaY,The Weirdest Things Ever Found By Airport Security Explained In 9 Minutes,192,8 days ago,8,541,https://www.youtube.com/watch?v=6kwxKVkQqaY
UC42T20axeJ0I8Htezap9PiQ,Monstrous Machines,2026-04-10,2560,history_civilization,4,history_civilization,channel_latest,P9cnHdGynQk,The Most DISTURBING Airplane Disappearances Ever,7300,2 weeks ago,14,884,https://www.youtube.com/watch?v=P9cnHdGynQk
UC42T20axeJ0I8Htezap9PiQ,Monstrous Machines,2026-04-10,2560,history_civilization,5,history_civilization,channel_latest,vEi7ciMxOoA,The Most BIZARRE Aviation Hijackings Explained In 15 Minutes,8000,2 weeks ago,14,950,https://www.youtube.com/watch?v=vEi7ciMxOoA
UC42T20axeJ0I8Htezap9PiQ,Monstrous Machines,2026-04-10,2560,history_civilization,6,history_civilization,channel_latest,h_y5nIqCRTE,Every Airliner With A Fatal Design Flaw Explained,55000,3 weeks ago,21,677,https://www.youtube.com/watch?v=h_y5nIqCRTE
UC42T20axeJ0I8Htezap9PiQ,Monstrous Machines,2026-04-10,2560,history_civilization,7,history_civilization,channel_latest,b_wKsOBnk1o,9 Airlines That Went Bankrupt Overnight,5500,3 weeks ago,21,647,https://www.youtube.com/watch?v=b_wKsOBnk1o
UC42T20axeJ0I8Htezap9PiQ,Monstrous Machines,2026-04-10,2560,history_civilization,8,history_civilization,channel_latest,JLl1jdW7s9U,The DEADLIEST Aviation Disasters Explained In 13 Minutes,87000,4 weeks ago,28,778,https://www.youtube.com/watch?v=JLl1jdW7s9U
UC42T20axeJ0I8Htezap9PiQ,Monstrous Machines,2026-04-10,2560,history_civilization,9,history_civilization,channel_latest,EtUcp_Knk5c,The Worst Airlines Explained In 13 Minutes,36000,1 month ago,30,792,https://www.youtube.com/watch?v=EtUcp_Knk5c
UC42T20axeJ0I8Htezap9PiQ,Monstrous Machines,2026-04-10,2560,history_civilization,10,history_civilization,channel_latest,CRJ0xZk3qsM,The WEIRDEST Aircraft Ever Built Explained,1300,2 months ago,60,548,https://www.youtube.com/watch?v=CRJ0xZk3qsM
UC42T20axeJ0I8Htezap9PiQ,Monstrous Machines,2026-04-10,2560,history_civilization,11,history_civilization,channel_latest,nQh3-jN28pw,WEIRDEST Machines Ever Built Explained,3800,2 months ago,60,565,https://www.youtube.com/watch?v=nQh3-jN28pw
UC42T20axeJ0I8Htezap9PiQ,Monstrous Machines,2026-04-10,2560,history_civilization,12,history_civilization,channel_latest,AUxtOeQkT7Y,The BIGGEST Buses Ever Built Explained In 11 Minutes,2500,2 months ago,60,673,https://www.youtube.com/watch?v=AUxtOeQkT7Y
UC42T20axeJ0I8Htezap9PiQ,Monstrous Machines,2026-04-10,2560,history_civilization,13,history_civilization,channel_latest,PLa9n1-fDf8,The FASTEST Trains Ever Built Explained In 11 Minutes,4400,3 months ago,90,700,https://www.youtube.com/watch?v=PLa9n1-fDf8
UC42T20axeJ0I8Htezap9PiQ,Monstrous Machines,2026-04-10,2560,history_civilization,14,history_civilization,channel_latest,SnpBpA0KKDU,The LARGEST Aircraft Ever Built Explained In 12 Minutes,4200,3 months ago,90,721,https://www.youtube.com/watch?v=SnpBpA0KKDU
UC42T20axeJ0I8Htezap9PiQ,Monstrous Machines,2026-04-10,2560,history_civilization,15,history_civilization,channel_latest,WjaRTc4owcQ,The BIGGEST Construction Machines Ever Built Explained In 12 Minutes,1800,3 months ago,90,766,https://www.youtube.com/watch?v=WjaRTc4owcQ
UC42T20axeJ0I8Htezap9PiQ,Monstrous Machines,2026-04-10,2560,history_civilization,16,history_civilization,channel_latest,4qPjs458K5s,The Biggest Mining Machines Ever Built Explained In 11 Minutes,757,3 months ago,90,666,https://www.youtube.com/watch?v=4qPjs458K5s
UC42T20axeJ0I8Htezap9PiQ,Monstrous Machines,2026-04-10,2560,history_civilization,17,history_civilization,channel_latest,Y2mOQMLcOG0,The Biggest Weapons From Every Time Period Explained,14000,3 months ago,90,565,https://www.youtube.com/watch?v=Y2mOQMLcOG0
UC42T20axeJ0I8Htezap9PiQ,Monstrous Machines,2026-04-10,2560,history_civilization,18,history_civilization,channel_latest,cr5a5mC3AHY,Every Major Submarine Class Ranked and Explained In 10 Minutes,1700,3 months ago,90,585,https://www.youtube.com/watch?v=cr5a5mC3AHY
UC42T20axeJ0I8Htezap9PiQ,Monstrous Machines,2026-04-10,2560,history_civilization,19,history_civilization,channel_latest,s3whZ1Wby58,The 12 LARGEST War Aircraft Explained in 18 Minutes,9500,3 months ago,90,1046,https://www.youtube.com/watch?v=s3whZ1Wby58
UC42T20axeJ0I8Htezap9PiQ,Monstrous Machines,2026-04-10,2560,history_civilization,20,history_civilization,channel_latest,W7lsTjc7P0E,The BIGGEST Trucks Ever Built Explained In 11 Minutes,6100,3 months ago,90,649,https://www.youtube.com/watch?v=W7lsTjc7P0E
UC42T20axeJ0I8Htezap9PiQ,Monstrous Machines,2026-04-10,2560,history_civilization,21,history_civilization,channel_latest,XbSXMk4vK4k,The LARGEST Battleships Ever Built Explained In 9 Minutes,1800,3 months ago,90,541,https://www.youtube.com/watch?v=XbSXMk4vK4k
UC42T20axeJ0I8Htezap9PiQ,Monstrous Machines,2026-04-10,2560,history_civilization,22,history_civilization,channel_latest,tAQCM-oWa54,Craziest War Machines Ever Made Explained,47000,3 months ago,90,598,https://www.youtube.com/watch?v=tAQCM-oWa54
UC42T20axeJ0I8Htezap9PiQ,Monstrous Machines,2026-04-10,2560,history_civilization,23,history_civilization,channel_latest,Jb1xnLnnDoE,The BIGGEST Airplanes Ever Built,93000,3 months ago,90,601,https://www.youtube.com/watch?v=Jb1xnLnnDoE
UC42T20axeJ0I8Htezap9PiQ,Monstrous Machines,2026-04-10,2560,history_civilization,24,history_civilization,channel_latest,dq5-BrNzMUA,The BIGGEST Ships Every Built Explained In 15 Minutes,5600,4 months ago,120,869,https://www.youtube.com/watch?v=dq5-BrNzMUA
UC42T20axeJ0I8Htezap9PiQ,Monstrous Machines,2026-04-10,2560,history_civilization,25,history_civilization,channel_latest,QMYzjtoIeUI,Every MIND-BLOWING Space Machine Explained in 11 Minutes,1700,4 months ago,120,640,https://www.youtube.com/watch?v=QMYzjtoIeUI
UC42T20axeJ0I8Htezap9PiQ,Monstrous Machines,2026-04-10,2560,history_civilization,26,history_civilization,channel_latest,08A9fspDCRo,The LARGEST Military Machines Explained In 10 Minutes,6300,4 months ago,120,584,https://www.youtube.com/watch?v=08A9fspDCRo
UC42T20axeJ0I8Htezap9PiQ,Monstrous Machines,2026-04-10,2560,history_civilization,27,history_civilization,channel_latest,D5nAF20_C-0,Largest Weapons Ever Built Explained,45000,4 months ago,120,604,https://www.youtube.com/watch?v=D5nAF20_C-0
UC42T20axeJ0I8Htezap9PiQ,Monstrous Machines,2026-04-10,2560,history_civilization,28,history_civilization,channel_latest,0J39elo1k5w,The BIGGEST Ships Ever Built Explained In 10 Minutes,77000,4 months ago,120,657,https://www.youtube.com/watch?v=0J39elo1k5w
UC42T20axeJ0I8Htezap9PiQ,Monstrous Machines,2026-04-10,2560,history_civilization,29,history_civilization,channel_latest,c1NJSYkTN_M,The LARGEST Land Machines Ever Built Explained in 10 Minutes,1100,4 months ago,120,619,https://www.youtube.com/watch?v=c1NJSYkTN_M
UCuJxFxVuj4s_MmupOMmDqCQ,Weirdward Bound,2026-04-09,41800,everyday_history,1,everyday_history,channel_latest,5PDuirJXMO8,The Disgusting Reason 18th-Century Women Slept With Cages on Their Heads,1800,17 hours ago,0,1496,https://www.youtube.com/watch?v=5PDuirJXMO8
UCuJxFxVuj4s_MmupOMmDqCQ,Weirdward Bound,2026-04-09,41800,everyday_history,2,everyday_history,channel_latest,fc6bX8BnqYY,What Did People Actually Wear to Bed Before Pajamas Existed?,1500,1 day ago,1,1553,https://www.youtube.com/watch?v=fc6bX8BnqYY
UCuJxFxVuj4s_MmupOMmDqCQ,Weirdward Bound,2026-04-09,41800,everyday_history,3,everyday_history,channel_latest,vRAzMjdLJx4,The Uncomfortable History of the Menstrual Belt,854,2 days ago,2,1545,https://www.youtube.com/watch?v=vRAzMjdLJx4
UCuJxFxVuj4s_MmupOMmDqCQ,Weirdward Bound,2026-04-09,41800,everyday_history,4,everyday_history,channel_latest,ouULoO0bFxQ,The Bizarre Rise and Fall of the Men’s Codpiece (Weird History),1700,3 days ago,3,1513,https://www.youtube.com/watch?v=ouULoO0bFxQ
UCuJxFxVuj4s_MmupOMmDqCQ,Weirdward Bound,2026-04-09,41800,everyday_history,5,everyday_history,channel_latest,imYSfX1FdQc,"Before Circuit Breakers, Early Electricity Turned Homes Into Fire Traps",25000,4 days ago,4,1552,https://www.youtube.com/watch?v=imYSfX1FdQc
UCuJxFxVuj4s_MmupOMmDqCQ,Weirdward Bound,2026-04-09,41800,everyday_history,6,everyday_history,channel_latest,ZW7cmihmauY,"Why 19th-Century Women Wore Padded ""Bustles"" (bizarre history)",4100,5 days ago,5,1628,https://www.youtube.com/watch?v=ZW7cmihmauY
UCuJxFxVuj4s_MmupOMmDqCQ,Weirdward Bound,2026-04-09,41800,everyday_history,7,everyday_history,channel_latest,8rSyjmic7AA,The Bizarre Reason Sailors Drank Rum (It Wasn't for Fun),4100,7 days ago,7,1627,https://www.youtube.com/watch?v=8rSyjmic7AA
UCuJxFxVuj4s_MmupOMmDqCQ,Weirdward Bound,2026-04-09,41800,everyday_history,8,everyday_history,channel_latest,klx4iBXkkPg,"Before Clean Water, Children Drank Beer With Every Meal",1800,8 days ago,8,1521,https://www.youtube.com/watch?v=klx4iBXkkPg
UCuJxFxVuj4s_MmupOMmDqCQ,Weirdward Bound,2026-04-09,41800,everyday_history,9,everyday_history,channel_latest,pVCNvBZIBMk,The Baby Cage: When Dangling Infants Over the Street Was Good Parenting,3800,9 days ago,9,1522,https://www.youtube.com/watch?v=pVCNvBZIBMk
UCuJxFxVuj4s_MmupOMmDqCQ,Weirdward Bound,2026-04-09,41800,everyday_history,10,everyday_history,channel_latest,Rq7RyaY_D74,The Bizarre Reason Married Couples Stopped Sharing a Bed for 100 Years,3100,10 days ago,10,1559,https://www.youtube.com/watch?v=Rq7RyaY_D74
UCuJxFxVuj4s_MmupOMmDqCQ,Weirdward Bound,2026-04-09,41800,everyday_history,11,everyday_history,channel_latest,pQf3KBi4G1E,"Before Bikinis, Police Measured Women's Swimsuits — And Made Arrests",1000,11 days ago,11,1474,https://www.youtube.com/watch?v=pQf3KBi4G1E
UCuJxFxVuj4s_MmupOMmDqCQ,Weirdward Bound,2026-04-09,41800,everyday_history,12,everyday_history,channel_latest,3T_7NaN0FPs,"Before Locks, What Actually Stopped Anyone From Walking Into Your House?",3800,12 days ago,12,1571,https://www.youtube.com/watch?v=3T_7NaN0FPs
UCuJxFxVuj4s_MmupOMmDqCQ,Weirdward Bound,2026-04-09,41800,everyday_history,13,everyday_history,channel_latest,f6oCFir00-k,"Before Window Glass, You Chose Between Light and Warmth",1300,13 days ago,13,1649,https://www.youtube.com/watch?v=f6oCFir00-k
UCuJxFxVuj4s_MmupOMmDqCQ,Weirdward Bound,2026-04-09,41800,everyday_history,14,everyday_history,channel_latest,S7UZHShGF1A,"Before Freezers, Winter Was the Only Time You Could Eat a Pig",2800,2 weeks ago,14,1187,https://www.youtube.com/watch?v=S7UZHShGF1A
UCuJxFxVuj4s_MmupOMmDqCQ,Weirdward Bound,2026-04-09,41800,everyday_history,15,everyday_history,channel_latest,sPNBqN4JLrM,What Did People Take for Pain Before Aspirin Existed?,4700,2 weeks ago,14,1672,https://www.youtube.com/watch?v=sPNBqN4JLrM
UCuJxFxVuj4s_MmupOMmDqCQ,Weirdward Bound,2026-04-09,41800,everyday_history,16,everyday_history,channel_latest,C4Tou7QYSxw,"Before Electric Outlets, Your House Had One Bulb and Nothing Else",32000,2 weeks ago,14,1388,https://www.youtube.com/watch?v=C4Tou7QYSxw
UCuJxFxVuj4s_MmupOMmDqCQ,Weirdward Bound,2026-04-09,41800,everyday_history,17,everyday_history,channel_latest,tpXa7fTXGf4,The Bizarre History Why Cities Refused to Build Women's Toilets,20000,2 weeks ago,14,1531,https://www.youtube.com/watch?v=tpXa7fTXGf4
UCuJxFxVuj4s_MmupOMmDqCQ,Weirdward Bound,2026-04-09,41800,everyday_history,18,everyday_history,channel_latest,fSnaGaOx6T0,"Before Water Heaters, Half of America Stopped Bathing in Winter",8500,2 weeks ago,14,1523,https://www.youtube.com/watch?v=fSnaGaOx6T0
UCuJxFxVuj4s_MmupOMmDqCQ,Weirdward Bound,2026-04-09,41800,everyday_history,19,everyday_history,channel_latest,ACMp7usnNtM,What Did People Wear on Their Feet Before Real Socks?,10000,2 weeks ago,14,1575,https://www.youtube.com/watch?v=ACMp7usnNtM
UCuJxFxVuj4s_MmupOMmDqCQ,Weirdward Bound,2026-04-09,41800,everyday_history,20,everyday_history,channel_latest,rcTXtgY3GWM,"Before Shampoo, Clean Hair Was a Sign of Poverty | Bizarre History",4500,2 weeks ago,14,1636,https://www.youtube.com/watch?v=rcTXtgY3GWM
UCuJxFxVuj4s_MmupOMmDqCQ,Weirdward Bound,2026-04-09,41800,everyday_history,21,everyday_history,channel_latest,O5O1aqr3_Ak,The Bizarre Reason Diarrhea Was the Deadliest Disease in History,6800,3 weeks ago,21,1617,https://www.youtube.com/watch?v=O5O1aqr3_Ak
UCuJxFxVuj4s_MmupOMmDqCQ,Weirdward Bound,2026-04-09,41800,everyday_history,22,everyday_history,channel_latest,SIkZFR1W2NQ,How Did Parents Handle Crying Babies? (Shocking History),2900,3 weeks ago,21,1568,https://www.youtube.com/watch?v=SIkZFR1W2NQ
UCuJxFxVuj4s_MmupOMmDqCQ,Weirdward Bound,2026-04-09,41800,everyday_history,23,everyday_history,channel_latest,p4EoHt6snNY,What Was in Medicine Before Anyone Knew What it Was?,2200,3 weeks ago,21,1684,https://www.youtube.com/watch?v=p4EoHt6snNY
UCuJxFxVuj4s_MmupOMmDqCQ,Weirdward Bound,2026-04-09,41800,everyday_history,24,everyday_history,channel_latest,91Eh0XmGEGU,"Before Hospitals, Every Woman Prepared to Die in Childbirth",21000,3 weeks ago,21,1560,https://www.youtube.com/watch?v=91Eh0XmGEGU
UCuJxFxVuj4s_MmupOMmDqCQ,Weirdward Bound,2026-04-09,41800,everyday_history,25,everyday_history,channel_latest,GSMCwnhW-YQ,What Did Americans Do During a Heat Wave Before AC Existed?,9400,3 weeks ago,21,1535,https://www.youtube.com/watch?v=GSMCwnhW-YQ
UCuJxFxVuj4s_MmupOMmDqCQ,Weirdward Bound,2026-04-09,41800,everyday_history,26,everyday_history,channel_latest,VZyFQ9r7DoE,Humans Lost All Their Fur — So Why Did Men Keep Their Beard?,4200,3 weeks ago,21,1559,https://www.youtube.com/watch?v=VZyFQ9r7DoE
UCuJxFxVuj4s_MmupOMmDqCQ,Weirdward Bound,2026-04-09,41800,everyday_history,27,everyday_history,channel_latest,iW24mSzHiBA,"The Milk That Killed 8,000 Babies — And Why it Was Perfectly Legal",1300,3 weeks ago,21,1580,https://www.youtube.com/watch?v=iW24mSzHiBA
UCuJxFxVuj4s_MmupOMmDqCQ,Weirdward Bound,2026-04-09,41800,everyday_history,28,everyday_history,channel_latest,U2Z2eKtx198,"Before Sewers, Someone Had to Empty Your Toilet by Hand",1900,4 weeks ago,28,1503,https://www.youtube.com/watch?v=U2Z2eKtx198
UCuJxFxVuj4s_MmupOMmDqCQ,Weirdward Bound,2026-04-09,41800,everyday_history,29,everyday_history,channel_latest,hhK5kJRNFrk,Why Did American Houses Have Two Doors? | Bizarre History,23000,4 weeks ago,28,1567,https://www.youtube.com/watch?v=hhK5kJRNFrk
UCuJxFxVuj4s_MmupOMmDqCQ,Weirdward Bound,2026-04-09,41800,everyday_history,30,everyday_history,channel_latest,l-P7HSEsfk0,"Before Kitchen Stoves, Half of America Was Unlivable | Bizarre Documentary",51000,4 weeks ago,28,1539,https://www.youtube.com/watch?v=l-P7HSEsfk0
UCywCTTyUWYsLo2-87I6XgkQ,The Net Explainer,2026-04-09,6680,internet_mysteries,1,internet_mysteries,channel_latest,KWMHm9zJaS0,The Darkest Discord Servers Explained,5500,3 days ago,3,576,https://www.youtube.com/watch?v=KWMHm9zJaS0
UCywCTTyUWYsLo2-87I6XgkQ,The Net Explainer,2026-04-09,6680,internet_mysteries,2,internet_mysteries,channel_latest,ztf-4xWzgMI,The Most Unsettling TikTok Accounts Explained In 8 Minutes,22000,4 weeks ago,28,513,https://www.youtube.com/watch?v=ztf-4xWzgMI
UCywCTTyUWYsLo2-87I6XgkQ,The Net Explainer,2026-04-09,6680,internet_mysteries,3,internet_mysteries,channel_latest,WfSosEgg0Ys,Every Internet Hoax That Fooled Millions Explained,3400,1 month ago,30,494,https://www.youtube.com/watch?v=WfSosEgg0Ys
UCywCTTyUWYsLo2-87I6XgkQ,The Net Explainer,2026-04-09,6680,internet_mysteries,4,internet_mysteries,channel_latest,Pq5CXRStR8A,The Darkest Livestreams Explained,38000,1 month ago,30,483,https://www.youtube.com/watch?v=Pq5CXRStR8A
UCywCTTyUWYsLo2-87I6XgkQ,The Net Explainer,2026-04-09,6680,internet_mysteries,5,internet_mysteries,channel_latest,nqZjxXOfjt4,The Internet Traumas You Forgot Explained In 8 Minutes,5800,1 month ago,30,529,https://www.youtube.com/watch?v=nqZjxXOfjt4
UCywCTTyUWYsLo2-87I6XgkQ,The Net Explainer,2026-04-09,6680,internet_mysteries,6,internet_mysteries,channel_latest,kkj9oWd78Hs,The Most Unsettling Internet Rabbit Holes Explained (Pt. 2),17000,2 months ago,60,730,https://www.youtube.com/watch?v=kkj9oWd78Hs
UCywCTTyUWYsLo2-87I6XgkQ,The Net Explainer,2026-04-09,6680,internet_mysteries,7,internet_mysteries,channel_latest,gWbwzz_TAsU,The CREEPIEST YouTube ARGs Explained In 8 Minutes,22000,2 months ago,60,481,https://www.youtube.com/watch?v=gWbwzz_TAsU
UCywCTTyUWYsLo2-87I6XgkQ,The Net Explainer,2026-04-09,6680,internet_mysteries,8,internet_mysteries,channel_latest,nKX4v41UP1c,The Most Unsettling Internet Rabbit Holes Explained (Pt. 1),232000,2 months ago,60,527,https://www.youtube.com/watch?v=nKX4v41UP1c
UCywCTTyUWYsLo2-87I6XgkQ,The Net Explainer,2026-04-09,6680,internet_mysteries,9,internet_mysteries,channel_latest,hvYZuxPRyw0,The Most Unsettling Google Maps Discoveries Explained In 10 Minutes,5000,2 months ago,60,629,https://www.youtube.com/watch?v=hvYZuxPRyw0
UCywCTTyUWYsLo2-87I6XgkQ,The Net Explainer,2026-04-09,6680,internet_mysteries,10,internet_mysteries,channel_latest,8KV5i9FnBac,The Most Unsettling YouTube Channels Explained In 8 Minutes,231000,3 months ago,90,499,https://www.youtube.com/watch?v=8KV5i9FnBac
UCywCTTyUWYsLo2-87I6XgkQ,The Net Explainer,2026-04-09,6680,internet_mysteries,11,internet_mysteries,channel_latest,n0wRMYT-Gow,The Most Dangerous Corners of The Internet Explained In 8 Minutes,4100,3 months ago,90,489,https://www.youtube.com/watch?v=n0wRMYT-Gow
UCywCTTyUWYsLo2-87I6XgkQ,The Net Explainer,2026-04-09,6680,internet_mysteries,12,internet_mysteries,channel_latest,41K3FDVfHhQ,The Most Traumatizing Flash Games Explained In 8 Minutes,114000,4 months ago,120,521,https://www.youtube.com/watch?v=41K3FDVfHhQ
UCywCTTyUWYsLo2-87I6XgkQ,The Net Explainer,2026-04-09,6680,internet_mysteries,13,internet_mysteries,channel_latest,LwG5iglVUmw,The Weirdest Websites Explained In 8 Minutes,34000,4 months ago,120,483,https://www.youtube.com/watch?v=LwG5iglVUmw
UC7lSvMZ4xHbj_P_sUpoFxmg,History Unwalled,2026-03-21,15100,history_reconstruction,1,history_reconstruction,channel_latest,1yKKgS7Fqy0,"Life in Nineveh 650 BC | The City That Had 100,000 People",364,20 hours ago,0,1517,https://www.youtube.com/watch?v=1yKKgS7Fqy0
UC7lSvMZ4xHbj_P_sUpoFxmg,History Unwalled,2026-03-21,15100,history_reconstruction,2,history_reconstruction,channel_latest,m80o4Mawgm0,The Assyrian Empire: The King Who Hunted Lions and Ruled Through Fear,3000,3 days ago,3,1826,https://www.youtube.com/watch?v=m80o4Mawgm0
UC7lSvMZ4xHbj_P_sUpoFxmg,History Unwalled,2026-03-21,15100,history_reconstruction,3,history_reconstruction,channel_latest,-BNOPElqmTM,"How Mesopotamia's Megastructures Were Built By Hand: Sumer, Babylon, Akkad",1100,5 days ago,5,1844,https://www.youtube.com/watch?v=-BNOPElqmTM
UC7lSvMZ4xHbj_P_sUpoFxmg,History Unwalled,2026-03-21,15100,history_reconstruction,4,history_reconstruction,channel_latest,PkBk1-rXWrM,"The City That Almost Stopped Alexander the Great (Siege of Gaza, 332 BC)",2400,7 days ago,7,1711,https://www.youtube.com/watch?v=PkBk1-rXWrM
UC7lSvMZ4xHbj_P_sUpoFxmg,History Unwalled,2026-03-21,15100,history_reconstruction,5,history_reconstruction,channel_latest,61q7-z5HkHA,The Gate That Sealed Jerusalem's Fate | Siege of Jerusalem 70 AD,3300,9 days ago,9,2097,https://www.youtube.com/watch?v=61q7-z5HkHA
UC7lSvMZ4xHbj_P_sUpoFxmg,History Unwalled,2026-03-21,15100,history_reconstruction,6,history_reconstruction,channel_latest,92EZT3yk3e0,"The Queen of Sheba: Missing for 3,000 Years (Nobody Can Find Her Grave)",42000,11 days ago,11,2017,https://www.youtube.com/watch?v=92EZT3yk3e0
UC7lSvMZ4xHbj_P_sUpoFxmg,History Unwalled,2026-03-21,15100,history_reconstruction,7,history_reconstruction,channel_latest,Nok0AVMR810,The ENTIRE History of Israel: From Ancient Canaan to Rome (Documentary),3900,13 days ago,13,1599,https://www.youtube.com/watch?v=Nok0AVMR810
UC7lSvMZ4xHbj_P_sUpoFxmg,History Unwalled,2026-03-21,15100,history_reconstruction,8,history_reconstruction,channel_latest,yAxpAdC2I2A,"The Siege of Masada (73 CE): Why Rome Sent 15,000 Soldiers for 960 People",21000,2 weeks ago,14,1959,https://www.youtube.com/watch?v=yAxpAdC2I2A
UC7lSvMZ4xHbj_P_sUpoFxmg,History Unwalled,2026-03-21,15100,history_reconstruction,9,history_reconstruction,channel_latest,SpkIQp14D7c,How a Family Actually Lived in New Orleans in 1800 | AI Reconstruction,796,3 weeks ago,21,1269,https://www.youtube.com/watch?v=SpkIQp14D7c
UC7lSvMZ4xHbj_P_sUpoFxmg,History Unwalled,2026-03-21,15100,history_reconstruction,10,history_reconstruction,channel_latest,e27L-_Xn8gw,The Entire History of the American Revolution (1765-1783),781,3 weeks ago,21,1939,https://www.youtube.com/watch?v=e27L-_Xn8gw
UC7lSvMZ4xHbj_P_sUpoFxmg,History Unwalled,2026-03-21,15100,history_reconstruction,11,history_reconstruction,channel_latest,QO23HLO91tc,"The Entire History of the Crusades, From Jerusalem 1099 to Acre 1291",3200,3 weeks ago,21,1752,https://www.youtube.com/watch?v=QO23HLO91tc
UC7lSvMZ4xHbj_P_sUpoFxmg,History Unwalled,2026-03-21,15100,history_reconstruction,12,history_reconstruction,channel_latest,miUZTqKElsc,Kush: The Black Pharaohs | The Forgotten Empire That Once Ruled Egypt,18000,4 weeks ago,28,1724,https://www.youtube.com/watch?v=miUZTqKElsc
UC7lSvMZ4xHbj_P_sUpoFxmg,History Unwalled,2026-03-21,15100,history_reconstruction,13,history_reconstruction,channel_latest,lvvThS1epVU,Petra Before It Became Ruins: What The Lost City Really Looked Like,1800,1 month ago,30,1368,https://www.youtube.com/watch?v=lvvThS1epVU
UC7lSvMZ4xHbj_P_sUpoFxmg,History Unwalled,2026-03-21,15100,history_reconstruction,14,history_reconstruction,channel_latest,XyjlOfzSEpE,D-Day 1944: What Really Happened in the Final 60 Seconds (AI Reconstruction),348,1 month ago,30,1308,https://www.youtube.com/watch?v=XyjlOfzSEpE
UC7lSvMZ4xHbj_P_sUpoFxmg,History Unwalled,2026-03-21,15100,history_reconstruction,15,history_reconstruction,channel_latest,bvASwND4kqE,Inside Tutankhamun's Palace: The Real Life of Egypt's Boy King | 1330 BC AI Reconstruction,677,1 month ago,30,1236,https://www.youtube.com/watch?v=bvASwND4kqE
UC7lSvMZ4xHbj_P_sUpoFxmg,History Unwalled,2026-03-21,15100,history_reconstruction,16,history_reconstruction,channel_latest,Z6BmfmKJixI,The Entire History of Ancient Egypt: How the Pyramids Were Really Built,2700,1 month ago,30,1671,https://www.youtube.com/watch?v=Z6BmfmKJixI
UC7lSvMZ4xHbj_P_sUpoFxmg,History Unwalled,2026-03-21,15100,history_reconstruction,17,history_reconstruction,channel_latest,twEpA9LkoS0,The Entire History of Athens: The City That Stopped the Persian Empire (AI Reconstruction),1100,1 month ago,30,1877,https://www.youtube.com/watch?v=twEpA9LkoS0
UC7lSvMZ4xHbj_P_sUpoFxmg,History Unwalled,2026-03-21,15100,history_reconstruction,18,history_reconstruction,channel_latest,xQsJPeiLbt0,The Entire History of Baghdad in 24 Minutes,1900,1 month ago,30,1474,https://www.youtube.com/watch?v=xQsJPeiLbt0
UC7lSvMZ4xHbj_P_sUpoFxmg,History Unwalled,2026-03-21,15100,history_reconstruction,19,history_reconstruction,channel_latest,6ziHaoUS_XQ,Darius the Great: How a Nobody Took Persia to Its Greatest Height,1300,1 month ago,30,1565,https://www.youtube.com/watch?v=6ziHaoUS_XQ
UC7lSvMZ4xHbj_P_sUpoFxmg,History Unwalled,2026-03-21,15100,history_reconstruction,20,history_reconstruction,channel_latest,A_gCnuL7pWU,He Ruled the Entire World. Then Lost His Mind for 7 Years. | Nebuchadnezzar,2300,1 month ago,30,1693,https://www.youtube.com/watch?v=A_gCnuL7pWU
UC7lSvMZ4xHbj_P_sUpoFxmg,History Unwalled,2026-03-21,15100,history_reconstruction,21,history_reconstruction,channel_latest,-JVs4sU2IMM,Who Actually Built This? The Entire History of Alcatraz in 24 Minutes (1840–1950),1700,1 month ago,30,1443,https://www.youtube.com/watch?v=-JVs4sU2IMM
UC7lSvMZ4xHbj_P_sUpoFxmg,History Unwalled,2026-03-21,15100,history_reconstruction,22,history_reconstruction,channel_latest,LAsMRwsqbCU,"The Entire History of Samarkand in 32 Minutes, The Silk Road City That Ruled the Medieval World",788,1 month ago,30,1950,https://www.youtube.com/watch?v=LAsMRwsqbCU
UC7lSvMZ4xHbj_P_sUpoFxmg,History Unwalled,2026-03-21,15100,history_reconstruction,23,history_reconstruction,channel_latest,WQTDr8jz9Kk,What Pompeii Actually Looked Like Before Vesuvius Destroyed It | AI Reconstruction 79 AD,884,2 months ago,60,1596,https://www.youtube.com/watch?v=WQTDr8jz9Kk
UC7lSvMZ4xHbj_P_sUpoFxmg,History Unwalled,2026-03-21,15100,history_reconstruction,24,history_reconstruction,channel_latest,m-D0bIohsXA,The Untold Story of Carthage: Rome's Greatest Rival | Full Documentary,792,2 months ago,60,1542,https://www.youtube.com/watch?v=m-D0bIohsXA
UC7lSvMZ4xHbj_P_sUpoFxmg,History Unwalled,2026-03-21,15100,history_reconstruction,25,history_reconstruction,channel_latest,nwY-jHQ0xO0,"The Entire History of Cairo: 1,000 Years of Empire, Plague, and Revolution",3900,2 months ago,60,1923,https://www.youtube.com/watch?v=nwY-jHQ0xO0
UC7lSvMZ4xHbj_P_sUpoFxmg,History Unwalled,2026-03-21,15100,history_reconstruction,26,history_reconstruction,channel_latest,u9tPpDzqhHY,The Entire History of Mecca in 42 Minutes,9200,3 months ago,90,2546,https://www.youtube.com/watch?v=u9tPpDzqhHY
UC7lSvMZ4xHbj_P_sUpoFxmg,History Unwalled,2026-03-21,15100,history_reconstruction,27,history_reconstruction,channel_latest,hwBvteI0RwE,"The Entire History of Rome in 29 Minutes | 2,800 Years AI Reconstructed",5100,3 months ago,90,1763,https://www.youtube.com/watch?v=hwBvteI0RwE
UC7lSvMZ4xHbj_P_sUpoFxmg,History Unwalled,2026-03-21,15100,history_reconstruction,28,history_reconstruction,channel_latest,-dDh1nL4P7Q,"The Entire History of Nineveh: The Largest City on Earth, Erased From History",331000,3 months ago,90,1845,https://www.youtube.com/watch?v=-dDh1nL4P7Q
UC7lSvMZ4xHbj_P_sUpoFxmg,History Unwalled,2026-03-21,15100,history_reconstruction,29,history_reconstruction,channel_latest,upygWhAnjJQ,Cyrus the Great: How Persia Conquered the World's Greatest City Without a Battle,586000,3 months ago,90,1801,https://www.youtube.com/watch?v=upygWhAnjJQ
UC7lSvMZ4xHbj_P_sUpoFxmg,History Unwalled,2026-03-21,15100,history_reconstruction,30,history_reconstruction,channel_latest,WzzBa27-aLA,"The Entire History of Jerusalem - Brought Back to Life with AI (5,000 Years)",212000,3 months ago,90,1790,https://www.youtube.com/watch?v=WzzBa27-aLA
UCqUbOMOi-G__aTSOQmNCXpw,Hidden Compass,2026-03-16,16400,geography_logistics,1,geography_logistics,channel_latest,Bf8mJVixKPo,Living in YEMEN: They Built Another World Inside the Most Dangerous Country on Earth |4K Documentary,385,1 day ago,1,8492,https://www.youtube.com/watch?v=Bf8mJVixKPo
UCqUbOMOi-G__aTSOQmNCXpw,Hidden Compass,2026-03-16,16400,geography_logistics,2,geography_logistics,channel_latest,NGjpa7xG5uU,Living in Ethiopia: 81-Book Bible & Tribal Life Untouched by the Modern World | Travel Documentary,640,3 days ago,3,10380,https://www.youtube.com/watch?v=NGjpa7xG5uU
UCqUbOMOi-G__aTSOQmNCXpw,Hidden Compass,2026-03-16,16400,geography_logistics,3,geography_logistics,channel_latest,1-GIFYHL93k,Living in Africa | Primitive Survival Secrets of the Hadzabe Tribe | 4K Travel Documentary,4200,5 days ago,5,10744,https://www.youtube.com/watch?v=1-GIFYHL93k
UCqUbOMOi-G__aTSOQmNCXpw,Hidden Compass,2026-03-16,16400,geography_logistics,4,geography_logistics,channel_latest,TYF_1L5Wsmo,Impossible Places | Lost Ancient Marvels That Defy All Logic | 4K Travel Documentary,3600,7 days ago,7,11195,https://www.youtube.com/watch?v=TYF_1L5Wsmo
UCqUbOMOi-G__aTSOQmNCXpw,Hidden Compass,2026-03-16,16400,geography_logistics,5,geography_logistics,channel_latest,p6aDjJb5QBk,Living in Africa: Where the World's Most Handsome Men Live | 4K Travel Documentary,26000,9 days ago,9,10916,https://www.youtube.com/watch?v=p6aDjJb5QBk
UCqUbOMOi-G__aTSOQmNCXpw,Hidden Compass,2026-03-16,16400,geography_logistics,6,geography_logistics,channel_latest,JAdqSu2t_8M,Impossible Places | Earth’s Most Terrifying Homes (1 Step From Death) | 4K Travel Documentary,104000,11 days ago,11,10452,https://www.youtube.com/watch?v=JAdqSu2t_8M
UCqUbOMOi-G__aTSOQmNCXpw,Hidden Compass,2026-03-16,16400,geography_logistics,7,geography_logistics,channel_latest,QCv-fQFCQ7c,World's Most Insane Futuristic Projects Will Leave You Speechless | 4K Travel Documentary,1300,13 days ago,13,10245,https://www.youtube.com/watch?v=QCv-fQFCQ7c
UCqUbOMOi-G__aTSOQmNCXpw,Hidden Compass,2026-03-16,16400,geography_logistics,8,geography_logistics,channel_latest,JmZFElQEcjk,The Greatest Wonders Ever Built by Humans | 4K Travel Documentary,38000,2 weeks ago,14,10396,https://www.youtube.com/watch?v=JmZFElQEcjk
UCqUbOMOi-G__aTSOQmNCXpw,Hidden Compass,2026-03-16,16400,geography_logistics,9,geography_logistics,channel_latest,mvoZ5iYZ5kc,Sacred Jerusalem: What You Never Knew About The Holy City of Ancient Mysteries | Travel Documentary,125000,2 weeks ago,14,10192,https://www.youtube.com/watch?v=mvoZ5iYZ5kc
UCqUbOMOi-G__aTSOQmNCXpw,Hidden Compass,2026-03-16,16400,geography_logistics,10,geography_logistics,channel_latest,mLDu0oGy-lw,Most Impossible Hanging Structures That Defy Gravity (Built Centuries Ago) | 4K Travel Documentary,15000,2 weeks ago,14,10968,https://www.youtube.com/watch?v=mLDu0oGy-lw
UCqUbOMOi-G__aTSOQmNCXpw,Hidden Compass,2026-03-16,16400,geography_logistics,11,geography_logistics,channel_latest,5CLEewtos7I,Living in Africa | How Hadzabe Tribe Still Live as Hunter-Gatherers | 4K Travel Documentary,42000,3 weeks ago,21,9693,https://www.youtube.com/watch?v=5CLEewtos7I
UCqUbOMOi-G__aTSOQmNCXpw,Hidden Compass,2026-03-16,16400,geography_logistics,12,geography_logistics,channel_latest,CO_Ko4z3PVY,35 Impossible Places So Mysterious That Nobody Can Explain Them | 4K Travel Documentary,8100,3 weeks ago,21,11184,https://www.youtube.com/watch?v=CO_Ko4z3PVY
UCqUbOMOi-G__aTSOQmNCXpw,Hidden Compass,2026-03-16,16400,geography_logistics,13,geography_logistics,channel_latest,vtoRHf_FFOE,Living in Ethiopia: How People Actually Live in Africa's Most Isolated Nation| 4K Travel Documentary,557000,3 weeks ago,21,10395,https://www.youtube.com/watch?v=vtoRHf_FFOE
UCqUbOMOi-G__aTSOQmNCXpw,Hidden Compass,2026-03-16,16400,geography_logistics,14,geography_logistics,channel_latest,oWDLFDQDopo,30 Impossible Places That Defy Nature (People Still Live Here) | 4K Travel Documentary,247,4 weeks ago,28,10295,https://www.youtube.com/watch?v=oWDLFDQDopo
UCqUbOMOi-G__aTSOQmNCXpw,Hidden Compass,2026-03-16,16400,geography_logistics,15,geography_logistics,channel_latest,eYI74mao-X8,Living in Africa | Raw Life in an Untouched Ancient Tribe will SHOCK you | 4K Travel Documentary,62000,1 month ago,30,10977,https://www.youtube.com/watch?v=eYI74mao-X8
UCqUbOMOi-G__aTSOQmNCXpw,Hidden Compass,2026-03-16,16400,geography_logistics,16,geography_logistics,channel_latest,01xcUzHf8uE,China’s Impossible Infrastructure Leaves America Speechless | 4K Travel Documentary,56000,1 month ago,30,12644,https://www.youtube.com/watch?v=01xcUzHf8uE
UCqUbOMOi-G__aTSOQmNCXpw,Hidden Compass,2026-03-16,16400,geography_logistics,17,geography_logistics,channel_latest,E4OtF82oROc,Amazon's Most Dangerous & Untouched Wilderness You Will NEVER See | 4K Travel Documentary,13000,1 month ago,30,10269,https://www.youtube.com/watch?v=E4OtF82oROc
UCqUbOMOi-G__aTSOQmNCXpw,Hidden Compass,2026-03-16,16400,geography_logistics,18,geography_logistics,channel_latest,_8OE1wkrLHc,Impossible Places | World’s DEADLIEST & Most Dangerous Railway Tracks | 4K Travel Documentary,32000,1 month ago,30,10718,https://www.youtube.com/watch?v=_8OE1wkrLHc
UCqUbOMOi-G__aTSOQmNCXpw,Hidden Compass,2026-03-16,16400,geography_logistics,19,geography_logistics,channel_latest,INfGQdY4DW8,China’s Impossible Mountain Roads Leave America Speechless | 4K Travel Documentary,406,1 month ago,30,9183,https://www.youtube.com/watch?v=INfGQdY4DW8
UCqUbOMOi-G__aTSOQmNCXpw,Hidden Compass,2026-03-16,16400,geography_logistics,20,geography_logistics,channel_latest,yxAdjd7kNIA,CHINA'S IMPOSSIBLE Places: You Won't Believe These Dangerous Places Are Real | 4K Travel Documentary,1900,1 month ago,30,11274,https://www.youtube.com/watch?v=yxAdjd7kNIA
UCqUbOMOi-G__aTSOQmNCXpw,Hidden Compass,2026-03-16,16400,geography_logistics,21,geography_logistics,channel_latest,BWafnfa4Wtw,Thailand's Most Unreal Geographic Wonders That Will Blow Your Mind | 4K Travel Documentary,757,1 month ago,30,10338,https://www.youtube.com/watch?v=BWafnfa4Wtw
UCqUbOMOi-G__aTSOQmNCXpw,Hidden Compass,2026-03-16,16400,geography_logistics,22,geography_logistics,channel_latest,yBxdIlfjAfU,Impossible Places | 27 Most Mysterious Landforms on Earth Nobody Can Explain | 4K Travel Documentary,1500,1 month ago,30,10318,https://www.youtube.com/watch?v=yBxdIlfjAfU
UCqUbOMOi-G__aTSOQmNCXpw,Hidden Compass,2026-03-16,16400,geography_logistics,23,geography_logistics,channel_latest,_1DJSOAR_9s,UNSEEN NORWAY | Why the World's Richest Country Chooses to Live Like This | 4K Travel Documentary,446,1 month ago,30,11039,https://www.youtube.com/watch?v=_1DJSOAR_9s
UCqUbOMOi-G__aTSOQmNCXpw,Hidden Compass,2026-03-16,16400,geography_logistics,24,geography_logistics,channel_latest,50Qcb9LAA8Q,Impossible Places | Most Isolated Extreme Homes Not For The Faint Of Heart | 4K Travel Documentary,272,1 month ago,30,10034,https://www.youtube.com/watch?v=50Qcb9LAA8Q
UCqUbOMOi-G__aTSOQmNCXpw,Hidden Compass,2026-03-16,16400,geography_logistics,25,geography_logistics,channel_latest,BuAkikKjldk,UNSEEN AFRICA | Isolated Tribes & The Side of Africa You Won't Believe | 4K Travel Documentary,300000,1 month ago,30,10337,https://www.youtube.com/watch?v=BuAkikKjldk
UCqUbOMOi-G__aTSOQmNCXpw,Hidden Compass,2026-03-16,16400,geography_logistics,26,geography_logistics,channel_latest,JNN4tPWA9H4,Impossible Places | Dangerous Roads & Bridges No One Dares to Cross | 4K Travel Documentary,2900,1 month ago,30,11813,https://www.youtube.com/watch?v=JNN4tPWA9H4
UCqUbOMOi-G__aTSOQmNCXpw,Hidden Compass,2026-03-16,16400,geography_logistics,27,geography_logistics,channel_latest,M3ia_BSBjxk,Impossible Places | The World’s Most Dangerous Bridges No One Dares to Cross | 4K Travel Documentary,1000,1 month ago,30,2519,https://www.youtube.com/watch?v=M3ia_BSBjxk
UCqUbOMOi-G__aTSOQmNCXpw,Hidden Compass,2026-03-16,16400,geography_logistics,28,geography_logistics,channel_latest,XdVEnzppxwc,Impossible Places | Lonely Dangerous Houses on Earth Nobody Believes Exist  | 4K Travel Documentary,205,1 month ago,30,3151,https://www.youtube.com/watch?v=XdVEnzppxwc
UCqUbOMOi-G__aTSOQmNCXpw,Hidden Compass,2026-03-16,16400,geography_logistics,29,geography_logistics,channel_latest,Zqa5-dKnjGw,Impossible Places | The Most Insane Homes Ever Built! DO NOT LIVE HERE! | 4K Travel Documentary,2400,1 month ago,30,7480,https://www.youtube.com/watch?v=Zqa5-dKnjGw
UCqUbOMOi-G__aTSOQmNCXpw,Hidden Compass,2026-03-16,16400,geography_logistics,30,geography_logistics,channel_latest,22jB_NSMJLw,"UNSEEN BALI | The Real, Untouched Island Most People Never See | 4K Travel Documentary",376,1 month ago,30,3474,https://www.youtube.com/watch?v=22jB_NSMJLw
UCMHYGplRnO9aEb7sDv7neyg,Stories of the Old World,2026-03-14,1800,everyday_history,1,everyday_history,channel_latest,Kv6-BfPbMpA,Julius Caesar — Accused of Sleeping with Men and Allies’ Wives | 80 BC | Ancient Rome,142,3 months ago,90,1042,https://www.youtube.com/watch?v=Kv6-BfPbMpA
UCMHYGplRnO9aEb7sDv7neyg,Stories of the Old World,2026-03-14,1800,everyday_history,2,everyday_history,channel_latest,keoKfm9nABY,"This Was Life Aboard a Colonial Ship | 1750 | 60 Days of Hunger, Rats and Death Crossing to America",172,3 months ago,90,909,https://www.youtube.com/watch?v=keoKfm9nABY
UCMHYGplRnO9aEb7sDv7neyg,Stories of the Old World,2026-03-14,1800,everyday_history,3,everyday_history,channel_latest,qegVTDZfmUw,1400: Why People Threw Feces in the Streets — The Filthy Side of Medieval Times,868,3 months ago,90,1200,https://www.youtube.com/watch?v=qegVTDZfmUw
UCMHYGplRnO9aEb7sDv7neyg,Stories of the Old World,2026-03-14,1800,everyday_history,4,everyday_history,channel_latest,UwpiIPMGjq4,"1700: No Dentists, Rotting Teeth and Deadly Pain — This Was Life in Colonial America",823,4 months ago,120,1184,https://www.youtube.com/watch?v=UwpiIPMGjq4
UCMHYGplRnO9aEb7sDv7neyg,Stories of the Old World,2026-03-14,1800,everyday_history,5,everyday_history,channel_latest,91JnFHZd8-A,This Is How Cleopatra Spent Her Final Hours in Ancient Egypt | 30 BC | The Mysterious Death,682,4 months ago,120,1171,https://www.youtube.com/watch?v=91JnFHZd8-A
UCMHYGplRnO9aEb7sDv7neyg,Stories of the Old World,2026-03-14,1800,everyday_history,6,everyday_history,channel_latest,iw9LK_WK9PM,1700: No Toilets and No Sanitation — The Harsh Life in Colonial America,107000,4 months ago,120,1193,https://www.youtube.com/watch?v=iw9LK_WK9PM
UCMHYGplRnO9aEb7sDv7neyg,Stories of the Old World,2026-03-14,1800,everyday_history,7,everyday_history,channel_latest,s0XbFtJmuBY,"Dirty Streets, Unbearable Stench and Chaos: The Filthy Reality of the Victorian Era",2200,4 months ago,120,1328,https://www.youtube.com/watch?v=s0XbFtJmuBY
UCMHYGplRnO9aEb7sDv7neyg,Stories of the Old World,2026-03-14,1800,everyday_history,8,everyday_history,channel_latest,2qCB-gZ7ssI,"1900: Excess, Mistresses and Boundless Lust — The Revolting Life of King Edward VII",348,4 months ago,120,1409,https://www.youtube.com/watch?v=2qCB-gZ7ssI
UCMHYGplRnO9aEb7sDv7neyg,Stories of the Old World,2026-03-14,1800,everyday_history,9,everyday_history,channel_latest,c3kSlAM05Cc,This Is How Henry VIII Died: The King Who Rot Himself Alive,3500,4 months ago,120,1109,https://www.youtube.com/watch?v=c3kSlAM05Cc
UCMHYGplRnO9aEb7sDv7neyg,Stories of the Old World,2026-03-14,1800,everyday_history,10,everyday_history,channel_latest,OWXAstUxc3A,The Macabre Obsession of Queen Victoria: 40 Years of Mourning,226,4 months ago,120,1328,https://www.youtube.com/watch?v=OWXAstUxc3A
UCMHYGplRnO9aEb7sDv7neyg,Stories of the Old World,2026-03-14,1800,everyday_history,11,everyday_history,channel_latest,pMlrz61x13w,Bloody Mary and Elizabeth I: The Truth About the Toxic Relationship Between Henry VIII’s Daughters,479,4 months ago,120,1489,https://www.youtube.com/watch?v=pMlrz61x13w
UCMHYGplRnO9aEb7sDv7neyg,Stories of the Old World,2026-03-14,1800,everyday_history,12,everyday_history,channel_latest,M04oq4P_0qU,"1540: Gold, Silk and Royal Stench — The Foul Life of Tudor Royalty",14000,5 months ago,150,1284,https://www.youtube.com/watch?v=M04oq4P_0qU
UCMHYGplRnO9aEb7sDv7neyg,Stories of the Old World,2026-03-14,1800,everyday_history,13,everyday_history,channel_latest,3K1kbl4RfuY,"Lead, Filth and Rotten Skin: The Revolting Beauty Routine of Queen Elizabeth I",277,5 months ago,150,1513,https://www.youtube.com/watch?v=3K1kbl4RfuY
UCMHYGplRnO9aEb7sDv7neyg,Stories of the Old World,2026-03-14,1800,everyday_history,14,everyday_history,channel_latest,u--KtmKthyA,"Golden Palaces, Inbreeding and Filth: The Dirty Truth of the Habsburgs",283,5 months ago,150,1361,https://www.youtube.com/watch?v=u--KtmKthyA
UCMHYGplRnO9aEb7sDv7neyg,Stories of the Old World,2026-03-14,1800,everyday_history,15,everyday_history,channel_latest,yNs_P_sjqu8,Watching the King Defecate and Diseases as Fashion — The Revolting Routine of Versailles,517,5 months ago,150,1777,https://www.youtube.com/watch?v=yNs_P_sjqu8
UCMHYGplRnO9aEb7sDv7neyg,Stories of the Old World,2026-03-14,1800,everyday_history,16,everyday_history,channel_latest,LJdtnqThmtk,This Is How Eachof Henry VIII’s 6 Wives Died,387,5 months ago,150,1237,https://www.youtube.com/watch?v=LJdtnqThmtk
UCfW7Uk_vJfa2t5IeWikYv6Q,Explained In minutes,2026-02-26,120000,economic_explainers,1,economic_explainers,channel_latest,l_JwgbWx-BI,This ₹9000 Finance course is Free !!!!,594000,2 months ago,60,1481,https://www.youtube.com/watch?v=l_JwgbWx-BI
UCfW7Uk_vJfa2t5IeWikYv6Q,Explained In minutes,2026-02-26,120000,economic_explainers,2,economic_explainers,channel_latest,HGe-SUyPZ38,Entire INDIAN Economics in 18 Mins,2100000,5 months ago,150,1095,https://www.youtube.com/watch?v=HGe-SUyPZ38
UCM_VDJbYR-i2zVuH5dxI3Uw,The Hidden History Project,2026-02-20,29300,everyday_history,1,everyday_history,channel_latest,v7MJNnTEP2E,This Man Invented the Zipper. History Gave the Credit to Someone Else,1800,4 days ago,4,507,https://www.youtube.com/watch?v=v7MJNnTEP2E
UCM_VDJbYR-i2zVuH5dxI3Uw,The Hidden History Project,2026-02-20,29300,everyday_history,2,everyday_history,channel_latest,D1kTNM9Ko5g,How Shoes Began and How they Became the Modern Shoe We Know Today,2900,11 days ago,11,1490,https://www.youtube.com/watch?v=D1kTNM9Ko5g
UCM_VDJbYR-i2zVuH5dxI3Uw,The Hidden History Project,2026-02-20,29300,everyday_history,3,everyday_history,channel_latest,gOPEr-XGHR0,"The Light Bulb Lie: Edison, Swan, Latimer & the Cartel",1700,2 weeks ago,14,994,https://www.youtube.com/watch?v=gOPEr-XGHR0
UCM_VDJbYR-i2zVuH5dxI3Uw,The Hidden History Project,2026-02-20,29300,everyday_history,4,everyday_history,channel_latest,y1hWVwBfguU,The Medieval Secret That Gave Humanity Its Sight Back,3900,3 weeks ago,21,1130,https://www.youtube.com/watch?v=y1hWVwBfguU
UCM_VDJbYR-i2zVuH5dxI3Uw,The Hidden History Project,2026-02-20,29300,everyday_history,5,everyday_history,channel_latest,G_Fw5k_4jEk,The Man Who Made Glass Clear Was Erased From History,5300,1 month ago,30,1257,https://www.youtube.com/watch?v=G_Fw5k_4jEk
UCM_VDJbYR-i2zVuH5dxI3Uw,The Hidden History Project,2026-02-20,29300,everyday_history,6,everyday_history,channel_latest,pAsv5fa3x8Q,The Fork Was Sinful — Until It Wasn't,6400,1 month ago,30,1007,https://www.youtube.com/watch?v=pAsv5fa3x8Q
UCM_VDJbYR-i2zVuH5dxI3Uw,The Hidden History Project,2026-02-20,29300,everyday_history,7,everyday_history,channel_latest,GBvxn4bAAIA,The Dark Secret Behind Your Sweet Tooth,1500,1 month ago,30,803,https://www.youtube.com/watch?v=GBvxn4bAAIA
UCM_VDJbYR-i2zVuH5dxI3Uw,The Hidden History Project,2026-02-20,29300,everyday_history,8,everyday_history,channel_latest,YnC4dJx3FpA,The Man Who Invented Modern Chocolate Died Forgotten,3000,1 month ago,30,648,https://www.youtube.com/watch?v=YnC4dJx3FpA
UCM_VDJbYR-i2zVuH5dxI3Uw,The Hidden History Project,2026-02-20,29300,everyday_history,9,everyday_history,channel_latest,3hkTB3jZlLs,America's First Fireworks Were Only One Color — Here's Why,2200,1 month ago,30,822,https://www.youtube.com/watch?v=3hkTB3jZlLs
UCM_VDJbYR-i2zVuH5dxI3Uw,The Hidden History Project,2026-02-20,29300,everyday_history,10,everyday_history,channel_latest,oLVOf0DgErQ,The Paperclip Has No Inventor — And It Became a Weapon Against the Nazis,8200,2 months ago,60,949,https://www.youtube.com/watch?v=oLVOf0DgErQ
UCM_VDJbYR-i2zVuH5dxI3Uw,The Hidden History Project,2026-02-20,29300,everyday_history,11,everyday_history,channel_latest,FebrAy5TfXc,They Stole the Secret of Paper from China — And Changed Civilization,12000,2 months ago,60,781,https://www.youtube.com/watch?v=FebrAy5TfXc
UCM_VDJbYR-i2zVuH5dxI3Uw,The Hidden History Project,2026-02-20,29300,everyday_history,12,everyday_history,channel_latest,dz1qxFd_2IM,The Pencil Was Illegal. Here's Why.,75000,2 months ago,60,811,https://www.youtube.com/watch?v=dz1qxFd_2IM
UCM_VDJbYR-i2zVuH5dxI3Uw,The Hidden History Project,2026-02-20,29300,everyday_history,13,everyday_history,channel_latest,Tgo3tS6xaQU,Two Million Years of BBQ: The History Nobody Taught You | History Documentary,4900,2 months ago,60,1249,https://www.youtube.com/watch?v=Tgo3tS6xaQU
UCM_VDJbYR-i2zVuH5dxI3Uw,The Hidden History Project,2026-02-20,29300,everyday_history,14,everyday_history,channel_latest,qX3lpBUYx9w,Why Salt Was Worth More Than Gold | Weird History Documentary,9800,3 months ago,90,1628,https://www.youtube.com/watch?v=qX3lpBUYx9w
UCM_VDJbYR-i2zVuH5dxI3Uw,The Hidden History Project,2026-02-20,29300,everyday_history,15,everyday_history,channel_latest,sn8SSpv5Aw8,The Hidden History of Shampoo | An Indian Invention You Use Every Day,13000,3 months ago,90,962,https://www.youtube.com/watch?v=sn8SSpv5Aw8
UCM_VDJbYR-i2zVuH5dxI3Uw,The Hidden History Project,2026-02-20,29300,everyday_history,16,everyday_history,channel_latest,thq12x_9b7M,The Toothbrush Was Invented in a Prison Cell. The Army Made It Mandatory.,25000,3 months ago,90,1021,https://www.youtube.com/watch?v=thq12x_9b7M
UCM_VDJbYR-i2zVuH5dxI3Uw,The Hidden History Project,2026-02-20,29300,everyday_history,17,everyday_history,channel_latest,K5Fm6yqVdVY,The Chair was Never about Sitting. It was about Power | History Documentary,16000,3 months ago,90,868,https://www.youtube.com/watch?v=K5Fm6yqVdVY
UCM_VDJbYR-i2zVuH5dxI3Uw,The Hidden History Project,2026-02-20,29300,everyday_history,18,everyday_history,channel_latest,JhZmiBgktoE,"Before Electricity, People Spent 10% of Their Income on This | History Documentary",89000,4 months ago,120,879,https://www.youtube.com/watch?v=JhZmiBgktoE
UCM_VDJbYR-i2zVuH5dxI3Uw,The Hidden History Project,2026-02-20,29300,everyday_history,19,everyday_history,channel_latest,jBLqJqRQH-c,How Mirrors Created the Concept of Individuality — And Nearly Killed Everyone Who Made Them,43000,4 months ago,120,1011,https://www.youtube.com/watch?v=jBLqJqRQH-c
UCM_VDJbYR-i2zVuH5dxI3Uw,The Hidden History Project,2026-02-20,29300,everyday_history,20,everyday_history,channel_latest,SdTnq9koPus,How Soap Saved Civilization — And Nobody Believed It | Weird History,334000,4 months ago,120,1019,https://www.youtube.com/watch?v=SdTnq9koPus
UCM_VDJbYR-i2zVuH5dxI3Uw,The Hidden History Project,2026-02-20,29300,everyday_history,21,everyday_history,channel_latest,Wlj-mHg5CJw,Toilets Changed EVERYTHING! Here's Why! - The Dark History of the Toilet | History Documentary,473000,4 months ago,120,623,https://www.youtube.com/watch?v=Wlj-mHg5CJw
UCM_VDJbYR-i2zVuH5dxI3Uw,The Hidden History Project,2026-02-20,29300,everyday_history,22,everyday_history,channel_latest,aRdLX0hm1b4,Toilet Paper Is Only 140 Years Old. Here's the Messy History.,594000,4 months ago,120,518,https://www.youtube.com/watch?v=aRdLX0hm1b4
UCM_VDJbYR-i2zVuH5dxI3Uw,The Hidden History Project,2026-02-20,29300,everyday_history,23,everyday_history,channel_latest,10B2JfmNvNU,The Knocker Upper: The Weirdest Job in History | Weird History Documentary,3800,5 months ago,150,184,https://www.youtube.com/watch?v=10B2JfmNvNU
UCM_VDJbYR-i2zVuH5dxI3Uw,The Hidden History Project,2026-02-20,29300,everyday_history,24,everyday_history,channel_latest,i2MNaKIVY2U,"Before Alarm Clocks, People Woke Up Completely Different | History Documentary",3600,5 months ago,150,383,https://www.youtube.com/watch?v=i2MNaKIVY2U
UCM_VDJbYR-i2zVuH5dxI3Uw,The Hidden History Project,2026-02-20,29300,everyday_history,25,everyday_history,channel_latest,YYeHD3-P_T8,The Accident That Changed How Humanity Cooks | History Documentary,10000,5 months ago,150,530,https://www.youtube.com/watch?v=YYeHD3-P_T8
UCM_VDJbYR-i2zVuH5dxI3Uw,The Hidden History Project,2026-02-20,29300,everyday_history,26,everyday_history,channel_latest,Vgs76Id9V_8,The Woman Who Invented the Dishwasher — And Freed Half of Humanity | Weird History,3800,5 months ago,150,547,https://www.youtube.com/watch?v=Vgs76Id9V_8
UCM_VDJbYR-i2zVuH5dxI3Uw,The Hidden History Project,2026-02-20,29300,everyday_history,27,everyday_history,channel_latest,tksUrw2hEbM,How a German Housewife Changed the Way the World Drinks Coffee | History Documentary,8300,5 months ago,150,419,https://www.youtube.com/watch?v=tksUrw2hEbM
UCM_VDJbYR-i2zVuH5dxI3Uw,The Hidden History Project,2026-02-20,29300,everyday_history,28,everyday_history,channel_latest,c1DCGOsEFEE,The Refrigerator Was a Dangerous Luxury. Here's Why,25000,5 months ago,150,772,https://www.youtube.com/watch?v=c1DCGOsEFEE
UCQJHoc6ncQ3-6JFROw13Zfg,Quality Rot,2026-02-19,23100,everyday_history,1,everyday_history,channel_latest,n7kpthqR9a8,The Silent Gas Under Your Home That Nobody Bothers to Test,275,1 month ago,30,626,https://www.youtube.com/watch?v=n7kpthqR9a8
UCQJHoc6ncQ3-6JFROw13Zfg,Quality Rot,2026-02-19,23100,everyday_history,2,everyday_history,channel_latest,9JYjHlZ7VBg,Why Spray Foam Is Trapping Homes Instead of Protecting Them,562,1 month ago,30,494,https://www.youtube.com/watch?v=9JYjHlZ7VBg
UCQJHoc6ncQ3-6JFROw13Zfg,Quality Rot,2026-02-19,23100,everyday_history,3,everyday_history,channel_latest,ftK72NP6bKA,Why 90% of New Concrete Is Already Weaker Than It Should Be,272,1 month ago,30,493,https://www.youtube.com/watch?v=ftK72NP6bKA
UCQJHoc6ncQ3-6JFROw13Zfg,Quality Rot,2026-02-19,23100,everyday_history,4,everyday_history,channel_latest,ncozTX0USrM,Your Teacher Quit. Here's Why.,255,1 month ago,30,552,https://www.youtube.com/watch?v=ncozTX0USrM
UCQJHoc6ncQ3-6JFROw13Zfg,Quality Rot,2026-02-19,23100,everyday_history,5,everyday_history,channel_latest,13iyPzGzL2c,Your Nurse Quit. Here's Why.,250,1 month ago,30,807,https://www.youtube.com/watch?v=13iyPzGzL2c
UCQJHoc6ncQ3-6JFROw13Zfg,Quality Rot,2026-02-19,23100,everyday_history,6,everyday_history,channel_latest,NNi9NoBhVaI,Why BMW Engines Self Destruct After the Warranty,430,1 month ago,30,930,https://www.youtube.com/watch?v=NNi9NoBhVaI
UCQJHoc6ncQ3-6JFROw13Zfg,Quality Rot,2026-02-19,23100,everyday_history,7,everyday_history,channel_latest,Pe4egczyKZI,Why Smart Drivers Are Buying 20-Year-Old Cars,589,1 month ago,30,669,https://www.youtube.com/watch?v=Pe4egczyKZI
UCQJHoc6ncQ3-6JFROw13Zfg,Quality Rot,2026-02-19,23100,everyday_history,8,everyday_history,channel_latest,AQ7Hr6vk_WM,They’re Putting a Kill Switch in Your 3D Printer — And Your CNC Mill Is Next,420,2 months ago,60,836,https://www.youtube.com/watch?v=AQ7Hr6vk_WM
UCQJHoc6ncQ3-6JFROw13Zfg,Quality Rot,2026-02-19,23100,everyday_history,9,everyday_history,channel_latest,3pPDJX5XtOU,John Deere Didn’t Lose. They Bought Time,263,2 months ago,60,915,https://www.youtube.com/watch?v=3pPDJX5XtOU
UCQJHoc6ncQ3-6JFROw13Zfg,Quality Rot,2026-02-19,23100,everyday_history,10,everyday_history,channel_latest,Xi_ClzzJ5J8,Your Old Truck is Priceless Now! Here's WHY: The Great Truck Market Flip,6200,2 months ago,60,886,https://www.youtube.com/watch?v=Xi_ClzzJ5J8
UCQJHoc6ncQ3-6JFROw13Zfg,Quality Rot,2026-02-19,23100,everyday_history,11,everyday_history,channel_latest,VbgCPKHJR1Q,It's Over. I Can't Believe This Is How It Ended.,289,2 months ago,60,680,https://www.youtube.com/watch?v=VbgCPKHJR1Q
UCQJHoc6ncQ3-6JFROw13Zfg,Quality Rot,2026-02-19,23100,everyday_history,12,everyday_history,channel_latest,cucoeNk-f1I,The End of Car Ownership : Americans Are LOSING THE RIGHT to Repair Their Own Cars,526,2 months ago,60,911,https://www.youtube.com/watch?v=cucoeNk-f1I
UCQJHoc6ncQ3-6JFROw13Zfg,Quality Rot,2026-02-19,23100,everyday_history,13,everyday_history,channel_latest,gGRvbgNEk04,It’s Not Your Truck Anymore. They Won. (The End of Truck Ownership),265,2 months ago,60,994,https://www.youtube.com/watch?v=gGRvbgNEk04
UCQJHoc6ncQ3-6JFROw13Zfg,Quality Rot,2026-02-19,23100,everyday_history,14,everyday_history,channel_latest,BTere4cfjj4,Why Mechanics Are Quitting Everywhere,41000,2 months ago,60,1102,https://www.youtube.com/watch?v=BTere4cfjj4
UCQJHoc6ncQ3-6JFROw13Zfg,Quality Rot,2026-02-19,23100,everyday_history,15,everyday_history,channel_latest,FhdtY-VVmNs,Why Your Mini Fridge Might Catch Fire (And the Recall That Didn't Fix It),839,2 months ago,60,518,https://www.youtube.com/watch?v=FhdtY-VVmNs
UCQJHoc6ncQ3-6JFROw13Zfg,Quality Rot,2026-02-19,23100,everyday_history,16,everyday_history,channel_latest,h-VFvnXrKUQ,The Repairman Blacklist: 5 Power Tool Brands to Never Buy,554,2 months ago,60,601,https://www.youtube.com/watch?v=h-VFvnXrKUQ
UCQJHoc6ncQ3-6JFROw13Zfg,Quality Rot,2026-02-19,23100,everyday_history,17,everyday_history,channel_latest,NSULdBKWo2k,"The Only 5 Power Tool Brands That Still Last (The ""Forever"" List)",624,2 months ago,60,548,https://www.youtube.com/watch?v=NSULdBKWo2k
UCQJHoc6ncQ3-6JFROw13Zfg,Quality Rot,2026-02-19,23100,everyday_history,18,everyday_history,channel_latest,7vlxeJZ-y9Y,5 Things Exterminators Don’t Want You to Know About Hydrogen Peroxide,895,2 months ago,60,758,https://www.youtube.com/watch?v=7vlxeJZ-y9Y
UCQJHoc6ncQ3-6JFROw13Zfg,Quality Rot,2026-02-19,23100,everyday_history,19,everyday_history,channel_latest,W3QDMXZwivQ,The Flat-Rate Trap: Why Your Mechanic Is Working 12 Hours and Getting Paid for 6,407,2 months ago,60,715,https://www.youtube.com/watch?v=W3QDMXZwivQ
UCQJHoc6ncQ3-6JFROw13Zfg,Quality Rot,2026-02-19,23100,everyday_history,20,everyday_history,channel_latest,OW27w3NMomw,"The RV Frame Scandal: Why $150,000 Luxury Campers Are Cracking Apart",654,2 months ago,60,668,https://www.youtube.com/watch?v=OW27w3NMomw
UCQJHoc6ncQ3-6JFROw13Zfg,Quality Rot,2026-02-19,23100,everyday_history,21,everyday_history,channel_latest,QdoadN7ImCc,Why Your Parents' Washing Machine Lasted 3x Longer,519,2 months ago,60,569,https://www.youtube.com/watch?v=QdoadN7ImCc
UCQJHoc6ncQ3-6JFROw13Zfg,Quality Rot,2026-02-19,23100,everyday_history,22,everyday_history,channel_latest,qc4O0MopslY,How the 1% of Tradespeople Are NOT Broken by 45 (The 1% Blueprint),514,3 months ago,90,499,https://www.youtube.com/watch?v=qc4O0MopslY
UCQJHoc6ncQ3-6JFROw13Zfg,Quality Rot,2026-02-19,23100,everyday_history,23,everyday_history,channel_latest,6VaeHXWW2dg,The Gas Station Diet: Why Your Internal Organs Fail Before Your Knees,1500,3 months ago,90,963,https://www.youtube.com/watch?v=6VaeHXWW2dg
UCQJHoc6ncQ3-6JFROw13Zfg,Quality Rot,2026-02-19,23100,everyday_history,24,everyday_history,channel_latest,q4Vn-hVbqbc,Why 90% of American Trade Jobs Are Garbage (Compared to Germany),2400,3 months ago,90,971,https://www.youtube.com/watch?v=q4Vn-hVbqbc
UCQJHoc6ncQ3-6JFROw13Zfg,Quality Rot,2026-02-19,23100,everyday_history,25,everyday_history,channel_latest,Xn87VweGwio,Why 90% of Tradesmen Get Wrecked by 45 (And the Last 10% Don’t),3300,3 months ago,90,410,https://www.youtube.com/watch?v=Xn87VweGwio
UCQJHoc6ncQ3-6JFROw13Zfg,Quality Rot,2026-02-19,23100,everyday_history,26,everyday_history,channel_latest,ictHj1VagcE,Why 90% of Tradespeople Are Broken by 45 The Body They Don't Insure,77000,3 months ago,90,750,https://www.youtube.com/watch?v=ictHj1VagcE
UCQJHoc6ncQ3-6JFROw13Zfg,Quality Rot,2026-02-19,23100,everyday_history,27,everyday_history,channel_latest,_165nd4Z9Os,Why 90% of New Furniture Is Garbage (The Particle Board Scam),3300,3 months ago,90,602,https://www.youtube.com/watch?v=_165nd4Z9Os
UCQJHoc6ncQ3-6JFROw13Zfg,Quality Rot,2026-02-19,23100,everyday_history,28,everyday_history,channel_latest,ho0R8wT9aFk,Why 90% of RV Warranty Repairs Take Longer Than the Warranty Itself (The Dealer Math Scam),1000,3 months ago,90,699,https://www.youtube.com/watch?v=ho0R8wT9aFk
UCQJHoc6ncQ3-6JFROw13Zfg,Quality Rot,2026-02-19,23100,everyday_history,29,everyday_history,channel_latest,LXCoSPxPSs8,The Mechanic's Whitelist 5 RV Brands That Actually Hold Their Value and Last,39000,3 months ago,90,840,https://www.youtube.com/watch?v=LXCoSPxPSs8
UCQJHoc6ncQ3-6JFROw13Zfg,Quality Rot,2026-02-19,23100,everyday_history,30,everyday_history,channel_latest,XN74qH_orHY,The 25-Year Loophole RV Companies Hate,2000,3 months ago,90,479,https://www.youtube.com/watch?v=XN74qH_orHY
UCcUEjyUhd-s3Dj0TS0Ekjow,Sleepy History with Oliver,2026-01-31,30200,history_civilization,1,history_civilization,channel_latest,1nYLqf99kI0,You Fall Asleep in a Pilgrim's Hostel on the Road to Canterbury | History for Sleep,1600,16 hours ago,0,10362,https://www.youtube.com/watch?v=1nYLqf99kI0
UCcUEjyUhd-s3Dj0TS0Ekjow,Sleepy History with Oliver,2026-01-31,30200,history_civilization,2,history_civilization,channel_latest,0vrzwR0pSJ4,The Private Lives of America's Gilded Age Millionaires | History for Sleep,1900,1 day ago,1,9687,https://www.youtube.com/watch?v=0vrzwR0pSJ4
UCcUEjyUhd-s3Dj0TS0Ekjow,Sleepy History with Oliver,2026-01-31,30200,history_civilization,3,history_civilization,channel_latest,sWNs7jOOgzY,A Rainy Day Inside a Victorian English Home | Victorian History for Sleep,2400,2 days ago,2,10132,https://www.youtube.com/watch?v=sWNs7jOOgzY
UCcUEjyUhd-s3Dj0TS0Ekjow,Sleepy History with Oliver,2026-01-31,30200,history_civilization,4,history_civilization,channel_latest,MuFStZW3jj0,What Dating Was REALLY Like for Medieval Women (Not What You Think) | History for Sleep,1300,2 days ago,2,12185,https://www.youtube.com/watch?v=MuFStZW3jj0
UCcUEjyUhd-s3Dj0TS0Ekjow,Sleepy History with Oliver,2026-01-31,30200,history_civilization,5,history_civilization,channel_latest,uIyLEIR0-co,The Bedtime Routine of a Tudor Noblewoman — And More | Tudor History for Sleep,5200,3 days ago,3,11814,https://www.youtube.com/watch?v=uIyLEIR0-co
UCcUEjyUhd-s3Dj0TS0Ekjow,Sleepy History with Oliver,2026-01-31,30200,history_civilization,6,history_civilization,channel_latest,BpcZ7hLSiU0,How Victorian Women Cared for Their Hair — and More | History for Sleep,2300,4 days ago,4,10752,https://www.youtube.com/watch?v=BpcZ7hLSiU0
UCcUEjyUhd-s3Dj0TS0Ekjow,Sleepy History with Oliver,2026-01-31,30200,history_civilization,7,history_civilization,channel_latest,vgdhdUhNHPc,Weird Medieval Sleep Rules That Existed for Really Good Reasons — and More  | History for Sleep,9800,5 days ago,5,11027,https://www.youtube.com/watch?v=vgdhdUhNHPc
UCcUEjyUhd-s3Dj0TS0Ekjow,Sleepy History with Oliver,2026-01-31,30200,history_civilization,8,history_civilization,channel_latest,_4n9qM41-1Q,The Secret Luxury of Titanic's First Class | History for Sleep,7800,6 days ago,6,11494,https://www.youtube.com/watch?v=_4n9qM41-1Q
UCcUEjyUhd-s3Dj0TS0Ekjow,Sleepy History with Oliver,2026-01-31,30200,history_civilization,9,history_civilization,channel_latest,1Vz6iHuh_yE,Evenings Inside a Normal Home in the 1600s | History for Sleep,13000,7 days ago,7,10218,https://www.youtube.com/watch?v=1Vz6iHuh_yE
UCcUEjyUhd-s3Dj0TS0Ekjow,Sleepy History with Oliver,2026-01-31,30200,history_civilization,10,history_civilization,channel_latest,EzYyMLb1trw,The Secret Language of Flowers in Victorian England — and More | History for Sleep,951,7 days ago,7,13422,https://www.youtube.com/watch?v=EzYyMLb1trw
UCcUEjyUhd-s3Dj0TS0Ekjow,Sleepy History with Oliver,2026-01-31,30200,history_civilization,11,history_civilization,channel_latest,PjtPa2fb5Zo,A Medieval Year — Life Through Four Seasons | History for Sleep,2200,8 days ago,8,10658,https://www.youtube.com/watch?v=PjtPa2fb5Zo
UCcUEjyUhd-s3Dj0TS0Ekjow,Sleepy History with Oliver,2026-01-31,30200,history_civilization,12,history_civilization,channel_latest,4akh6mY0jsA,What an Ordinary Evening Felt Like in a 1950s American Kitchen | American History for Sleep,5000,9 days ago,9,10691,https://www.youtube.com/watch?v=4akh6mY0jsA
UCcUEjyUhd-s3Dj0TS0Ekjow,Sleepy History with Oliver,2026-01-31,30200,history_civilization,13,history_civilization,channel_latest,ObdpKxT5YKU,The Trades That Woke Before Dawn in Victorian London | History for Sleep,4000,10 days ago,10,10775,https://www.youtube.com/watch?v=ObdpKxT5YKU
UCcUEjyUhd-s3Dj0TS0Ekjow,Sleepy History with Oliver,2026-01-31,30200,history_civilization,14,history_civilization,channel_latest,szWwk6fFlQ4,A Year in a Sod House on the Great Plains | History for Sleep,2400,11 days ago,11,11249,https://www.youtube.com/watch?v=szWwk6fFlQ4
UCcUEjyUhd-s3Dj0TS0Ekjow,Sleepy History with Oliver,2026-01-31,30200,history_civilization,15,history_civilization,channel_latest,k3ObTwFE7C4,Life Inside a Gilded Age Mansion — Told by the Servants | History for Sleep,4100,12 days ago,12,10135,https://www.youtube.com/watch?v=k3ObTwFE7C4
UCcUEjyUhd-s3Dj0TS0Ekjow,Sleepy History with Oliver,2026-01-31,30200,history_civilization,16,history_civilization,channel_latest,LDI7pIu71IQ,A Rainy Night Inside a 17th-Century Scottish Castle | History for Sleep,12000,13 days ago,13,11003,https://www.youtube.com/watch?v=LDI7pIu71IQ
UCcUEjyUhd-s3Dj0TS0Ekjow,Sleepy History with Oliver,2026-01-31,30200,history_civilization,17,history_civilization,channel_latest,3KpR23Q0Q-c,Evenings Inside a Normal Home in Ancient Rome | History for Sleep,12000,2 weeks ago,14,11489,https://www.youtube.com/watch?v=3KpR23Q0Q-c
UCcUEjyUhd-s3Dj0TS0Ekjow,Sleepy History with Oliver,2026-01-31,30200,history_civilization,18,history_civilization,channel_latest,qgE2d-dxtZo,The Quiet Rituals of a 1940s Housewife | History for Sleep,8800,2 weeks ago,14,10517,https://www.youtube.com/watch?v=qgE2d-dxtZo
UCcUEjyUhd-s3Dj0TS0Ekjow,Sleepy History with Oliver,2026-01-31,30200,history_civilization,19,history_civilization,channel_latest,1dBWukjZfek,What It Was Like to Serve in Henry VIII's Kitchens | History for Sleep,2600,2 weeks ago,14,10803,https://www.youtube.com/watch?v=1dBWukjZfek
UCcUEjyUhd-s3Dj0TS0Ekjow,Sleepy History with Oliver,2026-01-31,30200,history_civilization,20,history_civilization,channel_latest,2tiCc-loarM,The Cozy Bedtime Routine of a Victorian Aristocrat | History for Sleep,4200,2 weeks ago,14,10975,https://www.youtube.com/watch?v=2tiCc-loarM
UCcUEjyUhd-s3Dj0TS0Ekjow,Sleepy History with Oliver,2026-01-31,30200,history_civilization,21,history_civilization,channel_latest,ptijIkoyO9s,You Fall Asleep on a Canal Boat in 1830 | History for Sleep,2100,2 weeks ago,14,10281,https://www.youtube.com/watch?v=ptijIkoyO9s
UCcUEjyUhd-s3Dj0TS0Ekjow,Sleepy History with Oliver,2026-01-31,30200,history_civilization,22,history_civilization,channel_latest,mCfBFx8i4gE,The Hidden Daily Routines of a Tudor Lady-in-Waiting | History for Sleep,2400,2 weeks ago,14,11503,https://www.youtube.com/watch?v=mCfBFx8i4gE
UCcUEjyUhd-s3Dj0TS0Ekjow,Sleepy History with Oliver,2026-01-31,30200,history_civilization,23,history_civilization,channel_latest,z5J54es5WrQ,Why You Wouldn't Last a Day as a Roman Vestal Virgin – and More | History for Sleep,2600,2 weeks ago,14,11602,https://www.youtube.com/watch?v=z5J54es5WrQ
UCcUEjyUhd-s3Dj0TS0Ekjow,Sleepy History with Oliver,2026-01-31,30200,history_civilization,24,history_civilization,channel_latest,RCrvBsFVh1I,The Harsh Reality of Laundry Day Across 500 Years | History for Sleep,1700,3 weeks ago,21,10954,https://www.youtube.com/watch?v=RCrvBsFVh1I
UCcUEjyUhd-s3Dj0TS0Ekjow,Sleepy History with Oliver,2026-01-31,30200,history_civilization,25,history_civilization,channel_latest,xSHmRWRxL5A,How Widows Ruled the Gilded Age — The Power of Grieving Women | History for Sleep,487,3 weeks ago,21,10483,https://www.youtube.com/watch?v=xSHmRWRxL5A
UCcUEjyUhd-s3Dj0TS0Ekjow,Sleepy History with Oliver,2026-01-31,30200,history_civilization,26,history_civilization,channel_latest,ZASuOVGYtEw,What It Was Like Growing Up as Anne Boleyn | Royal History for Sleep,3000,3 weeks ago,21,10647,https://www.youtube.com/watch?v=ZASuOVGYtEw
UCcUEjyUhd-s3Dj0TS0Ekjow,Sleepy History with Oliver,2026-01-31,30200,history_civilization,27,history_civilization,channel_latest,RICIZNfKlg4,Why You Wouldn't Survive the Medieval Peasant Diet | History for Sleep,2800,3 weeks ago,21,11423,https://www.youtube.com/watch?v=RICIZNfKlg4
UCcUEjyUhd-s3Dj0TS0Ekjow,Sleepy History with Oliver,2026-01-31,30200,history_civilization,28,history_civilization,channel_latest,HH934Jf1jfo,What It Was REALLY Like to Be a Witch in the 1600s — and More | History for Sleep,1400,3 weeks ago,21,10974,https://www.youtube.com/watch?v=HH934Jf1jfo
UCcUEjyUhd-s3Dj0TS0Ekjow,Sleepy History with Oliver,2026-01-31,30200,history_civilization,29,history_civilization,channel_latest,unTkybfpPJA,The Slow Harvest: Autumn Inside an 18th-Century Apple Orchard | History for Sleep,696,3 weeks ago,21,10732,https://www.youtube.com/watch?v=unTkybfpPJA
UCcUEjyUhd-s3Dj0TS0Ekjow,Sleepy History with Oliver,2026-01-31,30200,history_civilization,30,history_civilization,channel_latest,2UElR0ZgtIU,Perfectly Normal Wedding Traditions That Feel Totally Wrong Today — and More | History for Sleep,1500,3 weeks ago,21,11678,https://www.youtube.com/watch?v=2UElR0ZgtIU
UCj4qrWgL8bmAfBTr6EwThow,Survival Alex,2026-01-26,14200,nature_animals,1,nature_animals,channel_latest,Wl2UF4w0D_M,Life in Alaska -30°𝗖 : Hunting Caribou and Catching Fish on Frozen River,814,1 day ago,1,1922,https://www.youtube.com/watch?v=Wl2UF4w0D_M
UCj4qrWgL8bmAfBTr6EwThow,Survival Alex,2026-01-26,14200,nature_animals,2,nature_animals,channel_latest,63JFZIFMSHw,Living Alaska -𝟰𝟬°𝗖 - Hunting Caribou & Facing a Fierce Grizzly Bear,1400,3 days ago,3,1301,https://www.youtube.com/watch?v=63JFZIFMSHw
UCj4qrWgL8bmAfBTr6EwThow,Survival Alex,2026-01-26,14200,nature_animals,3,nature_animals,channel_latest,WrX1Gy7PNZk,Alaskan Wilderness Life – Hunting Deer & Catching Monster Salmon,5200,5 days ago,5,1986,https://www.youtube.com/watch?v=WrX1Gy7PNZk
UCj4qrWgL8bmAfBTr6EwThow,Survival Alex,2026-01-26,14200,nature_animals,4,nature_animals,channel_latest,CyMEDwlwvmQ,Hunter’s Life – Whitetail Deer Hunting & Trapping Giant Beavers,14000,7 days ago,7,1757,https://www.youtube.com/watch?v=CyMEDwlwvmQ
UCj4qrWgL8bmAfBTr6EwThow,Survival Alex,2026-01-26,14200,nature_animals,5,nature_animals,channel_latest,yrpgf3sOeDA,Surviving in Alaska – Hunting Wild Bison & Trapping Beavers for Fur,1900,9 days ago,9,1632,https://www.youtube.com/watch?v=yrpgf3sOeDA
UCj4qrWgL8bmAfBTr6EwThow,Survival Alex,2026-01-26,14200,nature_animals,6,nature_animals,channel_latest,I7C52vKhCnU,"Life in Alaska - Deer Hunting, Coyotes and Beaver Trapping",42000,11 days ago,11,3115,https://www.youtube.com/watch?v=I7C52vKhCnU
UCj4qrWgL8bmAfBTr6EwThow,Survival Alex,2026-01-26,14200,nature_animals,7,nature_animals,channel_latest,PEb0E2XH13U,Life in Alaska - Hunting Coyotes & Trapping Beavers in the Wild,17000,13 days ago,13,1577,https://www.youtube.com/watch?v=PEb0E2XH13U
UCj4qrWgL8bmAfBTr6EwThow,Survival Alex,2026-01-26,14200,nature_animals,8,nature_animals,channel_latest,V6lDbCa7ij8,Life in Alaska - Arctic Circle Moose Hunt & Surviving the Wild North,24000,2 weeks ago,14,2157,https://www.youtube.com/watch?v=V6lDbCa7ij8
UCj4qrWgL8bmAfBTr6EwThow,Survival Alex,2026-01-26,14200,nature_animals,9,nature_animals,channel_latest,IgSfNjWLjKU,Life in Alaska -30°𝗖 - Hunting Caribou & Netting Salmon in Winter,54000,2 weeks ago,14,1835,https://www.youtube.com/watch?v=IgSfNjWLjKU
UCj4qrWgL8bmAfBTr6EwThow,Survival Alex,2026-01-26,14200,nature_animals,10,nature_animals,channel_latest,m2WeTsvWGT0,Life in Arctic Circle -𝟰𝟬°𝗖 - Hunting Caribou & Facing a Grizzly Bear,12000,2 weeks ago,14,1432,https://www.youtube.com/watch?v=m2WeTsvWGT0
UCj4qrWgL8bmAfBTr6EwThow,Survival Alex,2026-01-26,14200,nature_animals,11,nature_animals,channel_latest,U4mcfUFOqak,Life in Alaska – Facing Grizzly Bears & Catching Salmon for Winter,10000,2 weeks ago,14,2156,https://www.youtube.com/watch?v=U4mcfUFOqak
UCj4qrWgL8bmAfBTr6EwThow,Survival Alex,2026-01-26,14200,nature_animals,12,nature_animals,channel_latest,rn3MFucUGTk,Alaskan Island Life – Hunting Deer and Trapping Beavers Before Winter,17000,3 weeks ago,21,7212,https://www.youtube.com/watch?v=rn3MFucUGTk
UCj4qrWgL8bmAfBTr6EwThow,Survival Alex,2026-01-26,14200,nature_animals,13,nature_animals,channel_latest,jsUw71Pcd98,Alaskan Wilderness Life – Hunting Deer and Grizzlies to Stock Up for Winter,159000,3 weeks ago,21,2315,https://www.youtube.com/watch?v=jsUw71Pcd98
UCj4qrWgL8bmAfBTr6EwThow,Survival Alex,2026-01-26,14200,nature_animals,14,nature_animals,channel_latest,537ffiCWD0E,Life in Alaska – Hunting Black Tailed Deer & Facing a Grizzly Bear,132000,3 weeks ago,21,2548,https://www.youtube.com/watch?v=537ffiCWD0E
UCj4qrWgL8bmAfBTr6EwThow,Survival Alex,2026-01-26,14200,nature_animals,15,nature_animals,channel_latest,odrLMAoRKQ4,Alaskan Island Life – Hunting Deer & Catching Giant King Crabs,43000,4 weeks ago,28,1864,https://www.youtube.com/watch?v=odrLMAoRKQ4
UCj4qrWgL8bmAfBTr6EwThow,Survival Alex,2026-01-26,14200,nature_animals,16,nature_animals,channel_latest,lTw1a4esZ24,"Life in Alaska - Trapping Beavers, Arctic Foxes & Hunting Musk Oxen",94000,4 weeks ago,28,2177,https://www.youtube.com/watch?v=lTw1a4esZ24
UCj4qrWgL8bmAfBTr6EwThow,Survival Alex,2026-01-26,14200,nature_animals,17,nature_animals,channel_latest,16Lj5BQmIsI,"Life in Alaska -𝟱𝟬°𝗖: Hunting Caribou, Facing Grizzly Bears and Arctic Wolves",7600,1 month ago,30,1912,https://www.youtube.com/watch?v=16Lj5BQmIsI
UCj4qrWgL8bmAfBTr6EwThow,Survival Alex,2026-01-26,14200,nature_animals,18,nature_animals,channel_latest,7Y07bnbUEBw,Life in Alaska -𝟓𝟎°𝐂 - Caribou Hunting and Beaver Trapping in the Wild,56000,1 month ago,30,2734,https://www.youtube.com/watch?v=7Y07bnbUEBw
UCj4qrWgL8bmAfBTr6EwThow,Survival Alex,2026-01-26,14200,nature_animals,19,nature_animals,channel_latest,2i3gyaiuBEs,Alaskan Island Life - Hunting Blacktail Deer & Catching Giant Halibut,77000,1 month ago,30,1704,https://www.youtube.com/watch?v=2i3gyaiuBEs
UCj4qrWgL8bmAfBTr6EwThow,Survival Alex,2026-01-26,14200,nature_animals,20,nature_animals,channel_latest,_4g_qjVWv8E,Life in Alaska -𝟰𝟬°𝗖 - Hunting Whitetail Deer & Trapping Wild Red Fox,16000,1 month ago,30,4282,https://www.youtube.com/watch?v=_4g_qjVWv8E
UCj4qrWgL8bmAfBTr6EwThow,Survival Alex,2026-01-26,14200,nature_animals,21,nature_animals,channel_latest,Htd1MY8Z9QM,Alaskan Island Life - Trapping Otters & Harvesting Giant Seafood,105000,1 month ago,30,2024,https://www.youtube.com/watch?v=Htd1MY8Z9QM
UCj4qrWgL8bmAfBTr6EwThow,Survival Alex,2026-01-26,14200,nature_animals,22,nature_animals,channel_latest,47xToOrNh3Y,Alaskan Island Life - Trapping Beavers & Catching King Salmon in the Wild,93000,1 month ago,30,1928,https://www.youtube.com/watch?v=47xToOrNh3Y
UCj4qrWgL8bmAfBTr6EwThow,Survival Alex,2026-01-26,14200,nature_animals,23,nature_animals,channel_latest,X8a0s-ASnL4,Life in Alaska - Hunting Caribou and Catching Salmon for a Brutal Winter,49000,1 month ago,30,2463,https://www.youtube.com/watch?v=X8a0s-ASnL4
UCj4qrWgL8bmAfBTr6EwThow,Survival Alex,2026-01-26,14200,nature_animals,24,nature_animals,channel_latest,wsL4_biEZeE,Surviving Alaska - Hunting Caribou & Facing Mountain Lion In The Wild,2500,1 month ago,30,1587,https://www.youtube.com/watch?v=wsL4_biEZeE
UCj4qrWgL8bmAfBTr6EwThow,Survival Alex,2026-01-26,14200,nature_animals,25,nature_animals,channel_latest,EQTVptBgWxw,Alaska Hunter - Moose Hunting and Preparing Meat for a Brutal Winter,55000,1 month ago,30,4985,https://www.youtube.com/watch?v=EQTVptBgWxw
UCj4qrWgL8bmAfBTr6EwThow,Survival Alex,2026-01-26,14200,nature_animals,26,nature_animals,channel_latest,2dLfQCSPic4,Life in Alaska -𝟰𝟬°𝗖 - Hunting and Preparing the Farm for a Brutal Winter,5800,1 month ago,30,1493,https://www.youtube.com/watch?v=2dLfQCSPic4
UCj4qrWgL8bmAfBTr6EwThow,Survival Alex,2026-01-26,14200,nature_animals,27,nature_animals,channel_latest,K9LXafFGZ0k,Surviving Alaska - Hunting Wild Bison and Confronting a Grizzly Bear,6700,1 month ago,30,970,https://www.youtube.com/watch?v=K9LXafFGZ0k
UCj4qrWgL8bmAfBTr6EwThow,Survival Alex,2026-01-26,14200,nature_animals,28,nature_animals,channel_latest,bb5-DpvArLU,Life In Alaska - Hunting Caribou and Trapping Pine Marten During Hunting Season,18000,1 month ago,30,2225,https://www.youtube.com/watch?v=bb5-DpvArLU
UCj4qrWgL8bmAfBTr6EwThow,Survival Alex,2026-01-26,14200,nature_animals,29,nature_animals,channel_latest,DvRJRm530l4,Alaska Hunter - Lynx Hunting and Setting Traps Against a Wolf Pack,30000,1 month ago,30,4658,https://www.youtube.com/watch?v=DvRJRm530l4
UCj4qrWgL8bmAfBTr6EwThow,Survival Alex,2026-01-26,14200,nature_animals,30,nature_animals,channel_latest,_seBo29ncPI,Alaska Wilderness Hunter - Deer Hunting and Facing a Mountain Lion,5100,1 month ago,30,1371,https://www.youtube.com/watch?v=_seBo29ncPI
UCcTBzAu-sSTjffEKastwhbA,BomboWannaKnow,2026-01-16,1050,wildlife_documentaries,1,wildlife_documentaries,channel_latest,bClN9HbXbdM,What if Dinosaurs Never Died,73,1 month ago,30,937,https://www.youtube.com/watch?v=bClN9HbXbdM
UCcTBzAu-sSTjffEKastwhbA,BomboWannaKnow,2026-01-16,1050,wildlife_documentaries,2,wildlife_documentaries,channel_latest,iCpKl_9cq0M,15 Dinosaur Myth You Still Believe,19,1 month ago,30,1020,https://www.youtube.com/watch?v=iCpKl_9cq0M
UCcTBzAu-sSTjffEKastwhbA,BomboWannaKnow,2026-01-16,1050,wildlife_documentaries,3,wildlife_documentaries,channel_latest,AoERiJB1jCA,The First Dinosaur Drawings Were Completely Wrong,34,1 month ago,30,987,https://www.youtube.com/watch?v=AoERiJB1jCA
UCcTBzAu-sSTjffEKastwhbA,BomboWannaKnow,2026-01-16,1050,wildlife_documentaries,4,wildlife_documentaries,channel_latest,IuHOWT4B7Mw,10 Mythical Creatures That Really Existed,3900,5 months ago,150,811,https://www.youtube.com/watch?v=IuHOWT4B7Mw
UCcTBzAu-sSTjffEKastwhbA,BomboWannaKnow,2026-01-16,1050,wildlife_documentaries,5,wildlife_documentaries,channel_latest,jtj4frHojRU,7 Terrifying Ancestors of Cute Animals,4500,6 months ago,180,874,https://www.youtube.com/watch?v=jtj4frHojRU
UCcTBzAu-sSTjffEKastwhbA,BomboWannaKnow,2026-01-16,1050,wildlife_documentaries,6,wildlife_documentaries,channel_latest,Rp3zU0xd4X8,7 Extinct Animals That Might Still Be Alive,108000,6 months ago,180,800,https://www.youtube.com/watch?v=Rp3zU0xd4X8
UCcTBzAu-sSTjffEKastwhbA,BomboWannaKnow,2026-01-16,1050,wildlife_documentaries,7,wildlife_documentaries,channel_latest,5i9tUjIm-3w,The Most Brutal Dinosaur Injuries Ever Survived,21000,6 months ago,180,922,https://www.youtube.com/watch?v=5i9tUjIm-3w
UCcTBzAu-sSTjffEKastwhbA,BomboWannaKnow,2026-01-16,1050,wildlife_documentaries,8,wildlife_documentaries,channel_latest,Jce02jTx2ok,7 Biggest Dinosaur LIES You Still Believe,9800,6 months ago,180,966,https://www.youtube.com/watch?v=Jce02jTx2ok
UCXgYsaO70gBNGcmpGKnln1Q,Worlds Before Us,2026-01-08,42900,history_reconstruction,1,history_reconstruction,channel_latest,gdAr5vz6hCI,What It Took to Survive Childbirth in London in 1348,3000,23 hours ago,0,1319,https://www.youtube.com/watch?v=gdAr5vz6hCI
UCXgYsaO70gBNGcmpGKnln1Q,Worlds Before Us,2026-01-08,42900,history_reconstruction,2,history_reconstruction,channel_latest,rAEDIhIbJa8,How Pirates Survived Months at Sea Without Fresh Food in 1715,8900,3 days ago,3,1313,https://www.youtube.com/watch?v=rAEDIhIbJa8
UCXgYsaO70gBNGcmpGKnln1Q,Worlds Before Us,2026-01-08,42900,history_reconstruction,3,history_reconstruction,channel_latest,yLZOVYk_lDE,What It Took to Survive a Night in Dark Ages England (900 AD),45000,5 days ago,5,1312,https://www.youtube.com/watch?v=yLZOVYk_lDE
UCXgYsaO70gBNGcmpGKnln1Q,Worlds Before Us,2026-01-08,42900,history_reconstruction,4,history_reconstruction,channel_latest,8pqAYYIFA4E,Why You Wouldn't Survive a Day as a Medieval Lord in 1250,10000,8 days ago,8,1614,https://www.youtube.com/watch?v=8pqAYYIFA4E
UCXgYsaO70gBNGcmpGKnln1Q,Worlds Before Us,2026-01-08,42900,history_reconstruction,5,history_reconstruction,channel_latest,KxYYtpNY0qc,Why You Wouldn't Survive a Day as a Victorian Servant in 1888,9300,11 days ago,11,1387,https://www.youtube.com/watch?v=KxYYtpNY0qc
UCXgYsaO70gBNGcmpGKnln1Q,Worlds Before Us,2026-01-08,42900,history_reconstruction,6,history_reconstruction,channel_latest,VT_4o-g2ACk,What It Took to Survive Medieval London's Dirtiest Job in 1345,11000,12 days ago,12,1346,https://www.youtube.com/watch?v=VT_4o-g2ACk
UCXgYsaO70gBNGcmpGKnln1Q,Worlds Before Us,2026-01-08,42900,history_reconstruction,7,history_reconstruction,channel_latest,WBs01A_yDgY,Why You Wouldn't Survive Eating in Victorian London in 1888,28000,2 weeks ago,14,1233,https://www.youtube.com/watch?v=WBs01A_yDgY
UCXgYsaO70gBNGcmpGKnln1Q,Worlds Before Us,2026-01-08,42900,history_reconstruction,8,history_reconstruction,channel_latest,L9FwnVxCNc4,Why You Wouldn't Survive a Night in a Victorian Doss-House in 1888,71000,2 weeks ago,14,1308,https://www.youtube.com/watch?v=L9FwnVxCNc4
UCXgYsaO70gBNGcmpGKnln1Q,Worlds Before Us,2026-01-08,42900,history_reconstruction,9,history_reconstruction,channel_latest,FbbS8NpKEh8,What People Ate While the Black Death Killed Half of London in 1349,49000,3 weeks ago,21,1191,https://www.youtube.com/watch?v=FbbS8NpKEh8
UCXgYsaO70gBNGcmpGKnln1Q,Worlds Before Us,2026-01-08,42900,history_reconstruction,10,history_reconstruction,channel_latest,UDZeHTVcxEw,Why You Wouldn't Survive a Night on Medieval London's Streets in 1180,22000,3 weeks ago,21,1112,https://www.youtube.com/watch?v=UDZeHTVcxEw
UCXgYsaO70gBNGcmpGKnln1Q,Worlds Before Us,2026-01-08,42900,history_reconstruction,11,history_reconstruction,channel_latest,l_rTp7f2DWA,What It Took to Survive the Coldest Night in an English Castle in 1250,10000,3 weeks ago,21,904,https://www.youtube.com/watch?v=l_rTp7f2DWA
UCXgYsaO70gBNGcmpGKnln1Q,Worlds Before Us,2026-01-08,42900,history_reconstruction,12,history_reconstruction,channel_latest,zeewK3VpayE,Why You Wouldn't Survive a Week on a Royal Navy Ship (1740),72000,4 weeks ago,28,1221,https://www.youtube.com/watch?v=zeewK3VpayE
UCXgYsaO70gBNGcmpGKnln1Q,Worlds Before Us,2026-01-08,42900,history_reconstruction,13,history_reconstruction,channel_latest,VaUj6iGD_oE,What It Took to Survive a Night in a Medieval London Tavern (1180),96000,1 month ago,30,1070,https://www.youtube.com/watch?v=VaUj6iGD_oE
UCXgYsaO70gBNGcmpGKnln1Q,Worlds Before Us,2026-01-08,42900,history_reconstruction,14,history_reconstruction,channel_latest,_JL3ZuwHeVA,How Medieval Villages Survived Deadly Winters Without Heating in 1315,52000,1 month ago,30,1240,https://www.youtube.com/watch?v=_JL3ZuwHeVA
UCXgYsaO70gBNGcmpGKnln1Q,Worlds Before Us,2026-01-08,42900,history_reconstruction,15,history_reconstruction,channel_latest,ZnzPFiDBdZQ,"One Candle. 72 Hours. An Entire City Gone — Copenhagen, 1728",1600,1 month ago,30,1411,https://www.youtube.com/watch?v=ZnzPFiDBdZQ
UCXgYsaO70gBNGcmpGKnln1Q,Worlds Before Us,2026-01-08,42900,history_reconstruction,16,history_reconstruction,channel_latest,B4tr_U3lMm4,Why You Wouldn't Survive a Day of Medieval London's Junk Food in 1180,135000,1 month ago,30,1307,https://www.youtube.com/watch?v=B4tr_U3lMm4
UCXgYsaO70gBNGcmpGKnln1Q,Worlds Before Us,2026-01-08,42900,history_reconstruction,17,history_reconstruction,channel_latest,AqCGzeNDIAs,What It Was Actually Like to Be a Victorian Woman in 1888,3000,1 month ago,30,1352,https://www.youtube.com/watch?v=AqCGzeNDIAs
UCXgYsaO70gBNGcmpGKnln1Q,Worlds Before Us,2026-01-08,42900,history_reconstruction,18,history_reconstruction,channel_latest,A-kena--tVU,Why You Wouldn't Survive Georgian London 1751: How Gin Killed a City | AI Reconstruction,76000,1 month ago,30,1452,https://www.youtube.com/watch?v=A-kena--tVU
UCXgYsaO70gBNGcmpGKnln1Q,Worlds Before Us,2026-01-08,42900,history_reconstruction,19,history_reconstruction,channel_latest,H5J1HcI5jvo,How Vikings Actually Lived Inside a Longhouse in 1000 AD | AI Reconstruction,2000,1 month ago,30,1480,https://www.youtube.com/watch?v=H5J1HcI5jvo
UCXgYsaO70gBNGcmpGKnln1Q,Worlds Before Us,2026-01-08,42900,history_reconstruction,20,history_reconstruction,channel_latest,nMNsT8kH9Ts,"What It Was Like to Survive 1816, the Year Without Summer (AIReconstruction)",2000,1 month ago,30,1474,https://www.youtube.com/watch?v=nMNsT8kH9Ts
UCXgYsaO70gBNGcmpGKnln1Q,Worlds Before Us,2026-01-08,42900,history_reconstruction,21,history_reconstruction,channel_latest,PVdpxm9X6HE,What It Took to Survive Being a Victorian Spinster in 1851,2400,1 month ago,30,1417,https://www.youtube.com/watch?v=PVdpxm9X6HE
UCXgYsaO70gBNGcmpGKnln1Q,Worlds Before Us,2026-01-08,42900,history_reconstruction,22,history_reconstruction,channel_latest,j2p8pfdFY6M,Why You Wouldn't Survive a Medieval Oubliette: The Punishment Worse Than Death in 1475,1300,1 month ago,30,1293,https://www.youtube.com/watch?v=j2p8pfdFY6M
UCXgYsaO70gBNGcmpGKnln1Q,Worlds Before Us,2026-01-08,42900,history_reconstruction,23,history_reconstruction,channel_latest,FWHPliIxgRU,How Pirates Turned Seawater Into Drinking Water in 1720 | AI Reconstruction,7000,1 month ago,30,1266,https://www.youtube.com/watch?v=FWHPliIxgRU
UCXgYsaO70gBNGcmpGKnln1Q,Worlds Before Us,2026-01-08,42900,history_reconstruction,24,history_reconstruction,channel_latest,38vjHDUp6s4,Why You Wouldn’t Survive Queen Elizabeth I’s Royal Feast (1570),7400,2 months ago,60,1467,https://www.youtube.com/watch?v=38vjHDUp6s4
UCXgYsaO70gBNGcmpGKnln1Q,Worlds Before Us,2026-01-08,42900,history_reconstruction,25,history_reconstruction,channel_latest,Cqms593r-nw,Why Tudor England's Hygiene Was This Disgusting in 1535 | AI Reconstruction,6900,2 months ago,60,1248,https://www.youtube.com/watch?v=Cqms593r-nw
UCXgYsaO70gBNGcmpGKnln1Q,Worlds Before Us,2026-01-08,42900,history_reconstruction,26,history_reconstruction,channel_latest,9Q8tl5dGAE4,Berserkers: The Most Feared Warriors of the Viking Age (793 AD),1900,2 months ago,60,1494,https://www.youtube.com/watch?v=9Q8tl5dGAE4
UCXgYsaO70gBNGcmpGKnln1Q,Worlds Before Us,2026-01-08,42900,history_reconstruction,27,history_reconstruction,channel_latest,55DSlvpuxV8,Why You Couldn't Survive a Medieval Castle Under Siege 1300s,2300,2 months ago,60,1267,https://www.youtube.com/watch?v=55DSlvpuxV8
UCXgYsaO70gBNGcmpGKnln1Q,Worlds Before Us,2026-01-08,42900,history_reconstruction,28,history_reconstruction,channel_latest,rWKF_Fz1iuQ,The Disgusting Truth About Royal Life at Versailles (1685),13000,2 months ago,60,1280,https://www.youtube.com/watch?v=rWKF_Fz1iuQ
UCXgYsaO70gBNGcmpGKnln1Q,Worlds Before Us,2026-01-08,42900,history_reconstruction,29,history_reconstruction,channel_latest,IFqUFzj_Te8,What It Took to Survive Life on a Pirate Ship in 1718,5100,2 months ago,60,1365,https://www.youtube.com/watch?v=IFqUFzj_Te8
UCXgYsaO70gBNGcmpGKnln1Q,Worlds Before Us,2026-01-08,42900,history_reconstruction,30,history_reconstruction,channel_latest,BWs1FB0Zlyg,The Irish Tunnel That Hid Villages From Viking Raids (836 AD),2600,2 months ago,60,1220,https://www.youtube.com/watch?v=BWs1FB0Zlyg
UCTmNedKNPb9LtVqAjH-D4Uw,Aurelume Films,2025-12-31,57900,speculative_scifi,1,speculative_scifi,channel_latest,vshFnCgn6xw,THE SATIATION | He Ended World Hunger—But Humanity Was the Harvest | Sci-Fi Full Movie 2026 | 4K,44000,1 month ago,30,4136,https://www.youtube.com/watch?v=vshFnCgn6xw
UCTmNedKNPb9LtVqAjH-D4Uw,Aurelume Films,2025-12-31,57900,speculative_scifi,2,speculative_scifi,channel_latest,3d9ecV7vFKY,THE EXILED | A Soldier Declared Dead Finds New Life on an Alien World | Sci-Fi Full Movie 2026 | 4K,3000000,1 month ago,30,3095,https://www.youtube.com/watch?v=3d9ecV7vFKY
UCTmNedKNPb9LtVqAjH-D4Uw,Aurelume Films,2025-12-31,57900,speculative_scifi,3,speculative_scifi,channel_latest,QWhDG55OHyk,VELORA | He Betrayed Earth to Protect an Alien World | Sci-Fi Full Movie 2026 | 4K,1500000,2 months ago,60,1710,https://www.youtube.com/watch?v=QWhDG55OHyk
UCTmNedKNPb9LtVqAjH-D4Uw,Aurelume Films,2025-12-31,57900,speculative_scifi,4,speculative_scifi,channel_latest,fItjxeUSQaY,NO WAY BACK | He Chose the Alien Woman Over the Army | Sci-Fi Full Movie 2026 | 4K,3100000,3 months ago,90,2245,https://www.youtube.com/watch?v=fItjxeUSQaY
UCTmNedKNPb9LtVqAjH-D4Uw,Aurelume Films,2025-12-31,57900,speculative_scifi,5,speculative_scifi,channel_latest,Wtue-vZqeOQ,They Took His Mother... But They Awakened HADES | Full Sci-Fi Movie,154000,3 months ago,90,783,https://www.youtube.com/watch?v=Wtue-vZqeOQ
UCTmNedKNPb9LtVqAjH-D4Uw,Aurelume Films,2025-12-31,57900,speculative_scifi,6,speculative_scifi,channel_latest,Zx44r9u3dnE,Gangsters Shot Him. Hades Answered  | Action Teaser,5400,3 months ago,90,105,https://www.youtube.com/watch?v=Zx44r9u3dnE
UCTmNedKNPb9LtVqAjH-D4Uw,Aurelume Films,2025-12-31,57900,speculative_scifi,7,speculative_scifi,channel_latest,0GypgAxviRM,He Was Abandoned on Mars… But He Wasn’t Alone,455000,3 months ago,90,616,https://www.youtube.com/watch?v=0GypgAxviRM
UCxbnsftoQou1IfWZlEb_1iA,SPACE BEFOREAFTER,2025-12-27,18100,science_engineering,1,science_engineering,channel_latest,n35ESTJrW1g,NASA's Radar Images Reveal Venus Had Oceans for 3 Billion Years,123,1 day ago,1,2301,https://www.youtube.com/watch?v=n35ESTJrW1g
UCxbnsftoQou1IfWZlEb_1iA,SPACE BEFOREAFTER,2025-12-27,18100,science_engineering,2,science_engineering,channel_latest,fIaxCR7V8lI,Satellites Keep Shutting Down Over the Same Patch of Ocean… Scientists Finally Know Why,335,3 days ago,3,6138,https://www.youtube.com/watch?v=fIaxCR7V8lI
UCxbnsftoQou1IfWZlEb_1iA,SPACE BEFOREAFTER,2025-12-27,18100,science_engineering,3,science_engineering,channel_latest,8KtIcUb20d0,A New Object Beyond Pluto Just Pointed at the Missing Planet,560,5 days ago,5,6235,https://www.youtube.com/watch?v=8KtIcUb20d0
UCxbnsftoQou1IfWZlEb_1iA,SPACE BEFOREAFTER,2025-12-27,18100,science_engineering,4,science_engineering,channel_latest,-Fa_WwOhDvg,James Webb Looked Into The Dawn Of Time… What It Found Breaks Every Rule,336,7 days ago,7,11580,https://www.youtube.com/watch?v=-Fa_WwOhDvg
UCxbnsftoQou1IfWZlEb_1iA,SPACE BEFOREAFTER,2025-12-27,18100,science_engineering,5,science_engineering,channel_latest,zAm3CEU84fw,Real Images of the Visitor From Another Star Show That Something Is Seriously Off,456,8 days ago,8,6019,https://www.youtube.com/watch?v=zAm3CEU84fw
UCxbnsftoQou1IfWZlEb_1iA,SPACE BEFOREAFTER,2025-12-27,18100,science_engineering,6,science_engineering,channel_latest,LFzG-4XEyUc,Astronomers Just Proved the Universe Is Wrong About Itself,323,9 days ago,9,6432,https://www.youtube.com/watch?v=LFzG-4XEyUc
UCxbnsftoQou1IfWZlEb_1iA,SPACE BEFOREAFTER,2025-12-27,18100,science_engineering,7,science_engineering,channel_latest,sHpq83e_kQI,The New Red Dots James Webb Found May Rewrite Every Model,375,11 days ago,11,6097,https://www.youtube.com/watch?v=sHpq83e_kQI
UCxbnsftoQou1IfWZlEb_1iA,SPACE BEFOREAFTER,2025-12-27,18100,science_engineering,8,science_engineering,channel_latest,fOJdl89WB8g,The Kuiper Belt's Missing Objects Just Got Even Harder to Explain,633,2 weeks ago,14,6094,https://www.youtube.com/watch?v=fOJdl89WB8g
UCxbnsftoQou1IfWZlEb_1iA,SPACE BEFOREAFTER,2025-12-27,18100,science_engineering,9,science_engineering,channel_latest,G5Zz_LNjMHA,Betelgeuse Is Behaving Differently Than Every Prediction,276,2 weeks ago,14,5581,https://www.youtube.com/watch?v=G5Zz_LNjMHA
UCxbnsftoQou1IfWZlEb_1iA,SPACE BEFOREAFTER,2025-12-27,18100,science_engineering,10,science_engineering,channel_latest,YvbzOBOQi1o,Webb Found Ice Clouds on a Super-Jupiter Nobody Can Explain,409,2 weeks ago,14,6686,https://www.youtube.com/watch?v=YvbzOBOQi1o
UCxbnsftoQou1IfWZlEb_1iA,SPACE BEFOREAFTER,2025-12-27,18100,science_engineering,11,science_engineering,channel_latest,GPLePKbXvIo,James Webb Looked Beyond the First Galaxies... The Timeline No Longer Fits,862,2 weeks ago,14,6593,https://www.youtube.com/watch?v=GPLePKbXvIo
UCxbnsftoQou1IfWZlEb_1iA,SPACE BEFOREAFTER,2025-12-27,18100,science_engineering,12,science_engineering,channel_latest,zJYkKmNfrPM,The Far Side Came Back Wrong... and Earth Is the Reason,703,2 weeks ago,14,6358,https://www.youtube.com/watch?v=zJYkKmNfrPM
UCxbnsftoQou1IfWZlEb_1iA,SPACE BEFOREAFTER,2025-12-27,18100,science_engineering,13,science_engineering,channel_latest,wV1wUiKfXQU,JWST Found Galaxies the Universe Wasn't Ready For,261,3 weeks ago,21,6484,https://www.youtube.com/watch?v=wV1wUiKfXQU
UCxbnsftoQou1IfWZlEb_1iA,SPACE BEFOREAFTER,2025-12-27,18100,science_engineering,14,science_engineering,channel_latest,UflJ2Mo476Y,Why Voyager 1 Is Still Alive Has a Disturbing Answer,491,3 weeks ago,21,6286,https://www.youtube.com/watch?v=UflJ2Mo476Y
UCxbnsftoQou1IfWZlEb_1iA,SPACE BEFOREAFTER,2025-12-27,18100,science_engineering,15,science_engineering,channel_latest,wErkYfAgukk,Scientists Warn Starlink Could Trigger a Disaster We Can't Stop,329,3 weeks ago,21,5876,https://www.youtube.com/watch?v=wErkYfAgukk
UCxbnsftoQou1IfWZlEb_1iA,SPACE BEFOREAFTER,2025-12-27,18100,science_engineering,16,science_engineering,channel_latest,gfTsn3Xlwkk,James Webb Looked at a Nearby Planet… And Something Didn’t Add Up,464,4 weeks ago,28,6503,https://www.youtube.com/watch?v=gfTsn3Xlwkk
UCxbnsftoQou1IfWZlEb_1iA,SPACE BEFOREAFTER,2025-12-27,18100,science_engineering,17,science_engineering,channel_latest,wz95sbqrXAg,James Webb Found a Structure Einstein Thought Was Impossible,812,1 month ago,30,6556,https://www.youtube.com/watch?v=wz95sbqrXAg
UCxbnsftoQou1IfWZlEb_1iA,SPACE BEFOREAFTER,2025-12-27,18100,science_engineering,18,science_engineering,channel_latest,PqqIAHxZsKU,CERN Just Recorded Something During Its Final Run That Terrifies Physicists,271,1 month ago,30,6447,https://www.youtube.com/watch?v=PqqIAHxZsKU
UCxbnsftoQou1IfWZlEb_1iA,SPACE BEFOREAFTER,2025-12-27,18100,science_engineering,19,science_engineering,channel_latest,70sBeXvRNKE,JWST Found a Planet That Shouldn't Support Life... But Its Atmosphere Says Otherwise,207,1 month ago,30,6114,https://www.youtube.com/watch?v=70sBeXvRNKE
UCxbnsftoQou1IfWZlEb_1iA,SPACE BEFOREAFTER,2025-12-27,18100,science_engineering,20,science_engineering,channel_latest,4N4V7SvVzrA,The Red Planet Just Revealed What We Missed for a Century,274,1 month ago,30,6197,https://www.youtube.com/watch?v=4N4V7SvVzrA
UCxbnsftoQou1IfWZlEb_1iA,SPACE BEFOREAFTER,2025-12-27,18100,science_engineering,21,science_engineering,channel_latest,ZxkEbeyiiXA,The Universe Is Expanding in Two Different Ways — And It's Terrifying Scientists,1200,1 month ago,30,6009,https://www.youtube.com/watch?v=ZxkEbeyiiXA
UCxbnsftoQou1IfWZlEb_1iA,SPACE BEFOREAFTER,2025-12-27,18100,science_engineering,22,science_engineering,channel_latest,M0Dv20Mk8eE,They Tested Whether Reality Exists Without You. The Results Don't Add Up.,303,1 month ago,30,5849,https://www.youtube.com/watch?v=M0Dv20Mk8eE
UCxbnsftoQou1IfWZlEb_1iA,SPACE BEFOREAFTER,2025-12-27,18100,science_engineering,23,science_engineering,channel_latest,vdmCz8Px6ok,What NASA Didn't Tell You About the Universe We Destroyed,245,1 month ago,30,5828,https://www.youtube.com/watch?v=vdmCz8Px6ok
UCxbnsftoQou1IfWZlEb_1iA,SPACE BEFOREAFTER,2025-12-27,18100,science_engineering,24,science_engineering,channel_latest,ATtoBAwDBcQ,Why We Are Physically Trapped in the Solar System,408,1 month ago,30,5828,https://www.youtube.com/watch?v=ATtoBAwDBcQ
UCxbnsftoQou1IfWZlEb_1iA,SPACE BEFOREAFTER,2025-12-27,18100,science_engineering,25,science_engineering,channel_latest,Q5ec2zVipFk,Scientists Found the Force That Rules the Universe — But Nobody Knows What It Is,529,1 month ago,30,6078,https://www.youtube.com/watch?v=Q5ec2zVipFk
UCxbnsftoQou1IfWZlEb_1iA,SPACE BEFOREAFTER,2025-12-27,18100,science_engineering,26,science_engineering,channel_latest,BCrYgWK8-Nc,James Webb Just Looked at the Big Bang—And Found This,2900,1 month ago,30,5732,https://www.youtube.com/watch?v=BCrYgWK8-Nc
UCxbnsftoQou1IfWZlEb_1iA,SPACE BEFOREAFTER,2025-12-27,18100,science_engineering,27,science_engineering,channel_latest,aA8b4w4S1S0,Astronomers Have No Explanation for the Largest Structure Ever Found,1500,1 month ago,30,6140,https://www.youtube.com/watch?v=aA8b4w4S1S0
UCxbnsftoQou1IfWZlEb_1iA,SPACE BEFOREAFTER,2025-12-27,18100,science_engineering,28,science_engineering,channel_latest,xY5Uyoko_dw,The Truth Behind the CERN Shutdown,32000,1 month ago,30,5916,https://www.youtube.com/watch?v=xY5Uyoko_dw
UCxbnsftoQou1IfWZlEb_1iA,SPACE BEFOREAFTER,2025-12-27,18100,science_engineering,29,science_engineering,channel_latest,jI4BpYQ3DbY,A Nobel Winner Says We've Been Looking at the Universe All Wrong,34000,1 month ago,30,6431,https://www.youtube.com/watch?v=jI4BpYQ3DbY
UCxbnsftoQou1IfWZlEb_1iA,SPACE BEFOREAFTER,2025-12-27,18100,science_engineering,30,science_engineering,channel_latest,8rXZRjhgKtw,James Webb Found the Real Universe — And It's Nothing Like Ours,708,1 month ago,30,6562,https://www.youtube.com/watch?v=8rXZRjhgKtw
UC9ZBqKzvc6heH9Tui25fP0w,Biome Science,2025-12-26,736,wildlife_documentaries,1,wildlife_documentaries,channel_latest,1hVGX6-6e9g,This Isn't Moss... Wait Until You See It Move,677,6 months ago,180,140,https://www.youtube.com/watch?v=1hVGX6-6e9g
UC9ZBqKzvc6heH9Tui25fP0w,Biome Science,2025-12-26,736,wildlife_documentaries,2,wildlife_documentaries,channel_latest,Fn3FdzdeeMU,Nothing About Sperm Whales Is Normal… Here’s Why,1800,7 months ago,210,1144,https://www.youtube.com/watch?v=Fn3FdzdeeMU
UC9ZBqKzvc6heH9Tui25fP0w,Biome Science,2025-12-26,736,wildlife_documentaries,3,wildlife_documentaries,channel_latest,hym5_QKLyos,Titanoboa Is Extinct… But There’s a Problem,1700,7 months ago,210,279,https://www.youtube.com/watch?v=hym5_QKLyos
UC9ZBqKzvc6heH9Tui25fP0w,Biome Science,2025-12-26,736,wildlife_documentaries,4,wildlife_documentaries,channel_latest,gjeQVVAOEAw,7 Extinct Animals That Might Still Be Alive,177000,7 months ago,210,727,https://www.youtube.com/watch?v=gjeQVVAOEAw
UC9ZBqKzvc6heH9Tui25fP0w,Biome Science,2025-12-26,736,wildlife_documentaries,5,wildlife_documentaries,channel_latest,9d888Vlf2RI,9 Mythical Sea Creatures That Really Existed,2300,7 months ago,210,998,https://www.youtube.com/watch?v=9d888Vlf2RI
UC5M4AITera9RmytwHTIQWvQ,Andrew Restores History,2025-12-26,12800,history_reconstruction,1,history_reconstruction,channel_latest,n-i0TE0Igl4,"What 2,000 Years Did to LONDON (Burned, Bombed, Rebuilt)",273,1 month ago,30,1522,https://www.youtube.com/watch?v=n-i0TE0Igl4
UC5M4AITera9RmytwHTIQWvQ,Andrew Restores History,2025-12-26,12800,history_reconstruction,2,history_reconstruction,channel_latest,47cawhSWvQM,The Brutal History of Edinburgh Castle's Greatest Attacks (AI Reconstruction),93,1 month ago,30,1206,https://www.youtube.com/watch?v=47cawhSWvQM
UC5M4AITera9RmytwHTIQWvQ,Andrew Restores History,2025-12-26,12800,history_reconstruction,3,history_reconstruction,channel_latest,y1mUUNBp8SU,DETROIT: The Rise and Fall of the Richest City on Earth,167,1 month ago,30,1023,https://www.youtube.com/watch?v=y1mUUNBp8SU
UC5M4AITera9RmytwHTIQWvQ,Andrew Restores History,2025-12-26,12800,history_reconstruction,4,history_reconstruction,channel_latest,pNpTV5s02Kk,"SYRIA: Before the Headlines, It Ruled the World | 4K Documentary",250,1 month ago,30,1692,https://www.youtube.com/watch?v=pNpTV5s02Kk
UC5M4AITera9RmytwHTIQWvQ,Andrew Restores History,2025-12-26,12800,history_reconstruction,5,history_reconstruction,channel_latest,lU7zIM3zEDY,VIETNAM: The Land That Defeated Every Empire | 4K Travel Documentary,115,1 month ago,30,1815,https://www.youtube.com/watch?v=lU7zIM3zEDY
UC5M4AITera9RmytwHTIQWvQ,Andrew Restores History,2025-12-26,12800,history_reconstruction,6,history_reconstruction,channel_latest,F_Uigntp_MM,VENEZUELA: The Richest Country That Lost Everything | 4K Travel Documentary,155,1 month ago,30,1818,https://www.youtube.com/watch?v=F_Uigntp_MM
UC5M4AITera9RmytwHTIQWvQ,Andrew Restores History,2025-12-26,12800,history_reconstruction,7,history_reconstruction,channel_latest,XPx1mbEZSHA,IRAN: The Oldest Civilization Still Standing,258,1 month ago,30,1995,https://www.youtube.com/watch?v=XPx1mbEZSHA
UC5M4AITera9RmytwHTIQWvQ,Andrew Restores History,2025-12-26,12800,history_reconstruction,8,history_reconstruction,channel_latest,qSN3Pab7FFI,UKRAINE: The Country You Only Know From the Headlines,140,1 month ago,30,2103,https://www.youtube.com/watch?v=qSN3Pab7FFI
UC5M4AITera9RmytwHTIQWvQ,Andrew Restores History,2025-12-26,12800,history_reconstruction,9,history_reconstruction,channel_latest,cTyCo5arM5Q,UZBEKISTAN: The Lost Heart of the Silk Road | 4K Travel Documentary,395,1 month ago,30,2308,https://www.youtube.com/watch?v=cTyCo5arM5Q
UC5M4AITera9RmytwHTIQWvQ,Andrew Restores History,2025-12-26,12800,history_reconstruction,10,history_reconstruction,channel_latest,2f1hayHIitU,PAKISTAN: The Forgotten Paradise Hidden Behind the Headlines | 4K Travel Documentary,20000,2 months ago,60,2336,https://www.youtube.com/watch?v=2f1hayHIitU
UC5M4AITera9RmytwHTIQWvQ,Andrew Restores History,2025-12-26,12800,history_reconstruction,11,history_reconstruction,channel_latest,dhbybV5vAg4,Çatalhöyük — 24 Hours Inside Earth's First City | 7000 BC,322,3 months ago,90,1165,https://www.youtube.com/watch?v=dhbybV5vAg4
UC5M4AITera9RmytwHTIQWvQ,Andrew Restores History,2025-12-26,12800,history_reconstruction,12,history_reconstruction,channel_latest,rPpcRIGy8ow,CHRIST THE REDEEMER:The Structure That Shouldn't Stand,653,3 months ago,90,696,https://www.youtube.com/watch?v=rPpcRIGy8ow
UC5M4AITera9RmytwHTIQWvQ,Andrew Restores History,2025-12-26,12800,history_reconstruction,13,history_reconstruction,channel_latest,Mg08dhorIHI,The Beginning of Civilization (2300 BC – 500 AD) | Human Chronicle #2,773,3 months ago,90,1551,https://www.youtube.com/watch?v=Mg08dhorIHI
UC5M4AITera9RmytwHTIQWvQ,Andrew Restores History,2025-12-26,12800,history_reconstruction,14,history_reconstruction,channel_latest,9E3C2LOm2EM,The Industrial Revolution in the 1700s,385,3 months ago,90,1446,https://www.youtube.com/watch?v=9E3C2LOm2EM
UC5M4AITera9RmytwHTIQWvQ,Andrew Restores History,2025-12-26,12800,history_reconstruction,15,history_reconstruction,channel_latest,1fE2fhBD4Is,"The Beginning of Civilization (12,000 BC – 2300 BC) | Human Chronicle #1",3200,3 months ago,90,1793,https://www.youtube.com/watch?v=1fE2fhBD4Is
UC5M4AITera9RmytwHTIQWvQ,Andrew Restores History,2025-12-26,12800,history_reconstruction,16,history_reconstruction,channel_latest,nSbnmqO2t2w,24 Hours in Ancient Egypt (1250 BC),481,3 months ago,90,932,https://www.youtube.com/watch?v=nSbnmqO2t2w
UC5M4AITera9RmytwHTIQWvQ,Andrew Restores History,2025-12-26,12800,history_reconstruction,17,history_reconstruction,channel_latest,uFt2ZZNO1Rc,Kyiv: The City That Married Europe,184,3 months ago,90,1251,https://www.youtube.com/watch?v=uFt2ZZNO1Rc
UC5M4AITera9RmytwHTIQWvQ,Andrew Restores History,2025-12-26,12800,history_reconstruction,18,history_reconstruction,channel_latest,z6E8vZIQ8QI,How People REALLY Slept in Medieval England 1300s (AI Reconstruction),735,4 months ago,120,782,https://www.youtube.com/watch?v=z6E8vZIQ8QI
UC5M4AITera9RmytwHTIQWvQ,Andrew Restores History,2025-12-26,12800,history_reconstruction,19,history_reconstruction,channel_latest,fw9y0Q36ZBA,When Portugal Moved to Brazil,1200,4 months ago,120,882,https://www.youtube.com/watch?v=fw9y0Q36ZBA
UC5M4AITera9RmytwHTIQWvQ,Andrew Restores History,2025-12-26,12800,history_reconstruction,20,history_reconstruction,channel_latest,S_54xbqqgOI,The Full History of Angkor Wat In  34 Minutes (AI Reconstruction),769,4 months ago,120,2063,https://www.youtube.com/watch?v=S_54xbqqgOI
UC5M4AITera9RmytwHTIQWvQ,Andrew Restores History,2025-12-26,12800,history_reconstruction,21,history_reconstruction,channel_latest,BMGbhiyRUtA,The Full History of Viking Britain — 793 to 1066,548,4 months ago,120,1344,https://www.youtube.com/watch?v=BMGbhiyRUtA
UC5M4AITera9RmytwHTIQWvQ,Andrew Restores History,2025-12-26,12800,history_reconstruction,22,history_reconstruction,channel_latest,LuRtWTbVc4Y,The Complete History of Iran in 19 Minutes,957,4 months ago,120,1150,https://www.youtube.com/watch?v=LuRtWTbVc4Y
UC5M4AITera9RmytwHTIQWvQ,Andrew Restores History,2025-12-26,12800,history_reconstruction,23,history_reconstruction,channel_latest,kVozM3kBpww,Lisbon 1147 – 1755 Reconstructed,1700,4 months ago,120,890,https://www.youtube.com/watch?v=kVozM3kBpww
UC5M4AITera9RmytwHTIQWvQ,Andrew Restores History,2025-12-26,12800,history_reconstruction,24,history_reconstruction,channel_latest,2mpjxyDuT1M,"What Mary's Home Really Looked Like — The Forgotten Daily Life of 2,000 Years Ago",1100,4 months ago,120,891,https://www.youtube.com/watch?v=2mpjxyDuT1M
UC5M4AITera9RmytwHTIQWvQ,Andrew Restores History,2025-12-26,12800,history_reconstruction,25,history_reconstruction,channel_latest,cIUBY0tfPL0,Pompeii: Before the Disaster (AI Reconstruction),2800,4 months ago,120,1187,https://www.youtube.com/watch?v=cIUBY0tfPL0
UC5M4AITera9RmytwHTIQWvQ,Andrew Restores History,2025-12-26,12800,history_reconstruction,26,history_reconstruction,channel_latest,kD93s74lCvs,"Life 4,600 Years Ago | How Early Humans Built the Pyramids (AI Reconstruction)",1500,4 months ago,120,1161,https://www.youtube.com/watch?v=kD93s74lCvs
UC5M4AITera9RmytwHTIQWvQ,Andrew Restores History,2025-12-26,12800,history_reconstruction,27,history_reconstruction,channel_latest,5q4yyOAlRkY,"How Life Was in the Cities During the Time of JESUS | Jerusalem, Jericho, Nazareth (2 PART)",1500,5 months ago,150,987,https://www.youtube.com/watch?v=5q4yyOAlRkY
UC5M4AITera9RmytwHTIQWvQ,Andrew Restores History,2025-12-26,12800,history_reconstruction,28,history_reconstruction,channel_latest,idy79re008c,"What Petra Really Looked Like 2,000 Years Ago (AI Reconstruction)",62000,5 months ago,150,1243,https://www.youtube.com/watch?v=idy79re008c
UC5M4AITera9RmytwHTIQWvQ,Andrew Restores History,2025-12-26,12800,history_reconstruction,29,history_reconstruction,channel_latest,7b1cpAOTGwc,Chernobyl: The Night The World Held Its Breath,623,5 months ago,150,1311,https://www.youtube.com/watch?v=7b1cpAOTGwc
UC5M4AITera9RmytwHTIQWvQ,Andrew Restores History,2025-12-26,12800,history_reconstruction,30,history_reconstruction,channel_latest,c0mJwhy9l0Y,What Chicago Looked Like in the 1800s | AI Historical Reconstruction,942,5 months ago,150,802,https://www.youtube.com/watch?v=c0mJwhy9l0Y
UCe9imMhDp6Kn3dn75mzUUZw,GaiaDocs,2025-12-23,47000,nature_animals,1,nature_animals,channel_latest,foSpcgQzTGA,WILD COLOMBIA | The Most Apex Predators in South America  | Nature Animal Documentary,215000,6 hours ago,0,1863,https://www.youtube.com/watch?v=foSpcgQzTGA
UCe9imMhDp6Kn3dn75mzUUZw,GaiaDocs,2025-12-23,47000,nature_animals,2,nature_animals,channel_latest,cqAkLWpNVxc,WILD CONGO | What Hides in the World's Most Dangerous Jungle | Nature Animal Documentary,41000,3 days ago,3,1854,https://www.youtube.com/watch?v=cqAkLWpNVxc
UCe9imMhDp6Kn3dn75mzUUZw,GaiaDocs,2025-12-23,47000,nature_animals,3,nature_animals,channel_latest,BPztOwOOfMk,WILD AMAZON | Only the Strongest Predators Will Survive | Nature Animal Documentary,2300000,5 days ago,5,1874,https://www.youtube.com/watch?v=BPztOwOOfMk
UCe9imMhDp6Kn3dn75mzUUZw,GaiaDocs,2025-12-23,47000,nature_animals,4,nature_animals,channel_latest,PSYxy4eX4D4,WILD PANTANAL | The Predator Struggle for Survival  | Nature Animal Documentary,196000,7 days ago,7,1929,https://www.youtube.com/watch?v=PSYxy4eX4D4
UCe9imMhDp6Kn3dn75mzUUZw,GaiaDocs,2025-12-23,47000,nature_animals,5,nature_animals,channel_latest,4ui5vDd7oNw,WILD INDONESIA | Pristine Jungle’s Hidden Apex Predators | Nature Animal Documentary,439000,10 days ago,10,1889,https://www.youtube.com/watch?v=4ui5vDd7oNw
UCe9imMhDp6Kn3dn75mzUUZw,GaiaDocs,2025-12-23,47000,nature_animals,6,nature_animals,channel_latest,8zARryRO1m4,WILD PANTANAL | The Kingdom of Hidden Predators  | Nature Animal Documentary,67000,12 days ago,12,1855,https://www.youtube.com/watch?v=8zARryRO1m4
UCe9imMhDp6Kn3dn75mzUUZw,GaiaDocs,2025-12-23,47000,nature_animals,7,nature_animals,channel_latest,hq8zlxMVa-w,WILD AMAZON | Mysterious Predators Yet To Be Known | Nature Animal Documentary,1200000,2 weeks ago,14,1892,https://www.youtube.com/watch?v=hq8zlxMVa-w
UCe9imMhDp6Kn3dn75mzUUZw,GaiaDocs,2025-12-23,47000,nature_animals,8,nature_animals,channel_latest,M80IglW_TNE,WILD ALASKA | Where Life Defies −60°C | Nature Animal Documentary,6300,2 weeks ago,14,1891,https://www.youtube.com/watch?v=M80IglW_TNE
UCe9imMhDp6Kn3dn75mzUUZw,GaiaDocs,2025-12-23,47000,nature_animals,9,nature_animals,channel_latest,IMPfYwxutcc,WILD HIMALAYAS | The King Who Rules the World's Highest Peaks | Nature Animal Documentary,4600,2 weeks ago,14,1840,https://www.youtube.com/watch?v=IMPfYwxutcc
UCe9imMhDp6Kn3dn75mzUUZw,GaiaDocs,2025-12-23,47000,nature_animals,10,nature_animals,channel_latest,jHKN1ehW_Qk,WILD PHILIPPINES | Secrets of the Archipelago’s Hidden Creatures | Nature Animal Documentary,43000,3 weeks ago,21,1869,https://www.youtube.com/watch?v=jHKN1ehW_Qk
UCe9imMhDp6Kn3dn75mzUUZw,GaiaDocs,2025-12-23,47000,nature_animals,11,nature_animals,channel_latest,-47VhXn3JBs,WILD CANADA | The Brutal Battle of the Fiercest Predators | Nature Animal Documentary,8800,3 weeks ago,21,1865,https://www.youtube.com/watch?v=-47VhXn3JBs
UCe9imMhDp6Kn3dn75mzUUZw,GaiaDocs,2025-12-23,47000,nature_animals,12,nature_animals,channel_latest,VcdRGD7zpM4,WILD VENOMOUS | Deadly Creatures With No Antidote | Nature Animal Documentary,5700,3 weeks ago,21,1650,https://www.youtube.com/watch?v=VcdRGD7zpM4
UCe9imMhDp6Kn3dn75mzUUZw,GaiaDocs,2025-12-23,47000,nature_animals,13,nature_animals,channel_latest,SKWxKeDmgKU,WILD BORNEO | Hidden Creatures in the Most Mysterious Jungle | Nature Animal Documentary,134000,4 weeks ago,28,1885,https://www.youtube.com/watch?v=SKWxKeDmgKU
UCe9imMhDp6Kn3dn75mzUUZw,GaiaDocs,2025-12-23,47000,nature_animals,14,nature_animals,channel_latest,RBG4seRQAMk,DEEP OCEAN | The Most Dangerous Wild Animals on the Planet | Nature Animal Documentary,3300,1 month ago,30,1928,https://www.youtube.com/watch?v=RBG4seRQAMk
UCe9imMhDp6Kn3dn75mzUUZw,GaiaDocs,2025-12-23,47000,nature_animals,15,nature_animals,channel_latest,zmXQOpPdUsY,WILD KENYA | The War Between a Lion and a Troop of Baboons | Nature Animal Documentary,8000,1 month ago,30,1883,https://www.youtube.com/watch?v=zmXQOpPdUsY
UCe9imMhDp6Kn3dn75mzUUZw,GaiaDocs,2025-12-23,47000,nature_animals,16,nature_animals,channel_latest,DcKVVD8HMFc,WILD COSTA RICA | The Most Dangerous Animals in the Jungle | Nature Animal Documentary,23000,1 month ago,30,1899,https://www.youtube.com/watch?v=DcKVVD8HMFc
UCe9imMhDp6Kn3dn75mzUUZw,GaiaDocs,2025-12-23,47000,nature_animals,17,nature_animals,channel_latest,Via04ZCdS0A,WILD COLOMBIA | Hidden Predators in the Wildest Jungle | Nature Animal Documentary,18000,1 month ago,30,1881,https://www.youtube.com/watch?v=Via04ZCdS0A
UCe9imMhDp6Kn3dn75mzUUZw,GaiaDocs,2025-12-23,47000,nature_animals,18,nature_animals,channel_latest,RYzc-GP3z1I,WILD CANADA | The Kingdom of the Fiercest Predators | Nature Animal Documentary,8000,1 month ago,30,1932,https://www.youtube.com/watch?v=RYzc-GP3z1I
UCe9imMhDp6Kn3dn75mzUUZw,GaiaDocs,2025-12-23,47000,nature_animals,19,nature_animals,channel_latest,T212JN5i1j8,WILD PANTANAL | The Predator Struggle for Survival | Nature Animal Documentary,5300,1 month ago,30,3231,https://www.youtube.com/watch?v=T212JN5i1j8
UCe9imMhDp6Kn3dn75mzUUZw,GaiaDocs,2025-12-23,47000,nature_animals,20,nature_animals,channel_latest,-AmSFfjMvfc,WILD AMAZON | When the Predator Becomes the Prey | Nature Animal Documentary,5200,1 month ago,30,1925,https://www.youtube.com/watch?v=-AmSFfjMvfc
UCe9imMhDp6Kn3dn75mzUUZw,GaiaDocs,2025-12-23,47000,nature_animals,21,nature_animals,channel_latest,4XiIeB-ldTc,WILD CONGO | Most Dangerous Predators and Deadliest Hunts | Nature Animal Documentary,6500,1 month ago,30,1911,https://www.youtube.com/watch?v=4XiIeB-ldTc
UCe9imMhDp6Kn3dn75mzUUZw,GaiaDocs,2025-12-23,47000,nature_animals,22,nature_animals,channel_latest,T-uVT9ahNm0,WILD COLOMBIA | South America's Most Dangerous Predators | Nature Animal Documentary,75000,1 month ago,30,2100,https://www.youtube.com/watch?v=T-uVT9ahNm0
UCe9imMhDp6Kn3dn75mzUUZw,GaiaDocs,2025-12-23,47000,nature_animals,23,nature_animals,channel_latest,rePkd5pYm9M,WILD AMAZON | When Survival is in the Hands of Predators | Nature Animal Documentary,1800000,1 month ago,30,1847,https://www.youtube.com/watch?v=rePkd5pYm9M
UCe9imMhDp6Kn3dn75mzUUZw,GaiaDocs,2025-12-23,47000,nature_animals,24,nature_animals,channel_latest,W5hm83JmyeA,WILD CONGO | The Ultimate Price of Survival | Nature Animal Documentary,52000,1 month ago,30,1799,https://www.youtube.com/watch?v=W5hm83JmyeA
UCe9imMhDp6Kn3dn75mzUUZw,GaiaDocs,2025-12-23,47000,nature_animals,25,nature_animals,channel_latest,jDojuFHgkMw,WILD PANTANAL | Mysteries of the Ultimate Predators | Nature Animal Documentary,425000,1 month ago,30,1966,https://www.youtube.com/watch?v=jDojuFHgkMw
UCe9imMhDp6Kn3dn75mzUUZw,GaiaDocs,2025-12-23,47000,nature_animals,26,nature_animals,channel_latest,6hoK01bALgE,WILD GREENLAND | The Battle for Survival in the Frozen Land | Nature Animal Documentary,1700,2 months ago,60,1864,https://www.youtube.com/watch?v=6hoK01bALgE
UCe9imMhDp6Kn3dn75mzUUZw,GaiaDocs,2025-12-23,47000,nature_animals,27,nature_animals,channel_latest,y5dme1VD6sU,WILD BORNEO | Nature’s Most Dangerous Paradise | Nature Animal Documentary,130000,2 months ago,60,1883,https://www.youtube.com/watch?v=y5dme1VD6sU
UCe9imMhDp6Kn3dn75mzUUZw,GaiaDocs,2025-12-23,47000,nature_animals,28,nature_animals,channel_latest,xBdQxSgX_hY,WILD AMAZON | Mysteries of the Apex Predators (FULL EPISODE)| Nature Animal Documentary,8600,2 months ago,60,1848,https://www.youtube.com/watch?v=xBdQxSgX_hY
UCe9imMhDp6Kn3dn75mzUUZw,GaiaDocs,2025-12-23,47000,nature_animals,29,nature_animals,channel_latest,rqSFVFFl8Ts,WILD HIMALAYA | The Battle for Survival of Apex Predators | Nature Animal Documentary,2600,2 months ago,60,1910,https://www.youtube.com/watch?v=rqSFVFFl8Ts
UCe9imMhDp6Kn3dn75mzUUZw,GaiaDocs,2025-12-23,47000,nature_animals,30,nature_animals,channel_latest,XTvEI1KzKgA,WILD AMAZON | The Battle for Survival of Giant Predators | Nature Animal Documentary,22000,2 months ago,60,1830,https://www.youtube.com/watch?v=XTvEI1KzKgA
UCSAKn7R948auGKixely8yLg,Master POV,2025-12-23,102000,culture_entertainment,1,culture_entertainment,channel_latest,chH8DVwqPOU,Your Life as Every Rank in the Wild West,71000,3 weeks ago,21,1637,https://www.youtube.com/watch?v=chH8DVwqPOU
UCSAKn7R948auGKixely8yLg,Master POV,2025-12-23,102000,culture_entertainment,2,culture_entertainment,channel_latest,Bapes-UWJMs,Your Life as Every Rank of Content Creator,76000,3 weeks ago,21,1623,https://www.youtube.com/watch?v=Bapes-UWJMs
UCSAKn7R948auGKixely8yLg,Master POV,2025-12-23,102000,culture_entertainment,3,culture_entertainment,channel_latest,114_2y06Ir8,Your Life After Marrying Into Royalty,63000,3 weeks ago,21,1553,https://www.youtube.com/watch?v=114_2y06Ir8
UCSAKn7R948auGKixely8yLg,Master POV,2025-12-23,102000,culture_entertainment,4,culture_entertainment,channel_latest,i4t2SqdCllk,Your Life as a Fake Guru at Every Level,103000,4 weeks ago,28,1485,https://www.youtube.com/watch?v=i4t2SqdCllk
UCSAKn7R948auGKixely8yLg,Master POV,2025-12-23,102000,culture_entertainment,5,culture_entertainment,channel_latest,YlE-SizSxdY,Your Life After Faking Your Own Death,27000,4 weeks ago,28,1626,https://www.youtube.com/watch?v=YlE-SizSxdY
UCSAKn7R948auGKixely8yLg,Master POV,2025-12-23,102000,culture_entertainment,6,culture_entertainment,channel_latest,HWfYcGxvcVk,Your Life as a Racing Driver at Every Level,18000,4 weeks ago,28,1496,https://www.youtube.com/watch?v=HWfYcGxvcVk
UCSAKn7R948auGKixely8yLg,Master POV,2025-12-23,102000,culture_entertainment,7,culture_entertainment,channel_latest,nZPChgUBeGw,Your Life at Every Level of Corruption,29000,1 month ago,30,1665,https://www.youtube.com/watch?v=nZPChgUBeGw
UCSAKn7R948auGKixely8yLg,Master POV,2025-12-23,102000,culture_entertainment,8,culture_entertainment,channel_latest,EMnC2tT6rXs,Your Life as Every Rank in Persian Empire,35000,1 month ago,30,1784,https://www.youtube.com/watch?v=EMnC2tT6rXs
UCSAKn7R948auGKixely8yLg,Master POV,2025-12-23,102000,culture_entertainment,9,culture_entertainment,channel_latest,2l2Uwd_mc2o,Your Life at Every Stage of Life,19000,1 month ago,30,1637,https://www.youtube.com/watch?v=2l2Uwd_mc2o
UCSAKn7R948auGKixely8yLg,Master POV,2025-12-23,102000,culture_entertainment,10,culture_entertainment,channel_latest,OfQ7CJfaYvg,Your Life as a Bounty Hunter at Every Level,49000,1 month ago,30,1516,https://www.youtube.com/watch?v=OfQ7CJfaYvg
UCSAKn7R948auGKixely8yLg,Master POV,2025-12-23,102000,culture_entertainment,11,culture_entertainment,channel_latest,bFu1efsWzmw,Your Life as a Gladiator at Every Level,42000,1 month ago,30,1627,https://www.youtube.com/watch?v=bFu1efsWzmw
UCSAKn7R948auGKixely8yLg,Master POV,2025-12-23,102000,culture_entertainment,12,culture_entertainment,channel_latest,wJxR-LjRh3c,Your Life as Every Rank in a Secret Society,138000,1 month ago,30,1674,https://www.youtube.com/watch?v=wJxR-LjRh3c
UCSAKn7R948auGKixely8yLg,Master POV,2025-12-23,102000,culture_entertainment,13,culture_entertainment,channel_latest,L54RI3ElM6c,Your Life as Every Rank in the Illuminati,25000,1 month ago,30,1624,https://www.youtube.com/watch?v=L54RI3ElM6c
UCSAKn7R948auGKixely8yLg,Master POV,2025-12-23,102000,culture_entertainment,14,culture_entertainment,channel_latest,wUhepbPirQU,Your Life at Every Level of a Ponzi Scheme,21000,1 month ago,30,1603,https://www.youtube.com/watch?v=wUhepbPirQU
UCSAKn7R948auGKixely8yLg,Master POV,2025-12-23,102000,culture_entertainment,15,culture_entertainment,channel_latest,YkonDCObI40,Your Life as Every Rank in the Byzantine Empire,18000,1 month ago,30,1591,https://www.youtube.com/watch?v=YkonDCObI40
UCSAKn7R948auGKixely8yLg,Master POV,2025-12-23,102000,culture_entertainment,16,culture_entertainment,channel_latest,KCMmy8C_TT8,Your Life as a Mercenary at Every Level,171000,1 month ago,30,1549,https://www.youtube.com/watch?v=KCMmy8C_TT8
UCSAKn7R948auGKixely8yLg,Master POV,2025-12-23,102000,culture_entertainment,17,culture_entertainment,channel_latest,yFf_6JEAGgQ,Your Life as Every Rank in the French Foreign Legion,163000,1 month ago,30,1622,https://www.youtube.com/watch?v=yFf_6JEAGgQ
UCSAKn7R948auGKixely8yLg,Master POV,2025-12-23,102000,culture_entertainment,18,culture_entertainment,channel_latest,iM9Zz_B0S1s,Your Life as President at Every Level,41000,1 month ago,30,1575,https://www.youtube.com/watch?v=iM9Zz_B0S1s
UCSAKn7R948auGKixely8yLg,Master POV,2025-12-23,102000,culture_entertainment,19,culture_entertainment,channel_latest,pCMEhWrDVow,Your Life as a Hacker at Every Level,272000,1 month ago,30,1509,https://www.youtube.com/watch?v=pCMEhWrDVow
UCSAKn7R948auGKixely8yLg,Master POV,2025-12-23,102000,culture_entertainment,20,culture_entertainment,channel_latest,RzrXSulKB8Y,Your Life as a Scammer at Every Level,142000,1 month ago,30,1607,https://www.youtube.com/watch?v=RzrXSulKB8Y
UCSAKn7R948auGKixely8yLg,Master POV,2025-12-23,102000,culture_entertainment,21,culture_entertainment,channel_latest,R5_bL4tklsU,Your Life as Every Rank in the Navy,86000,1 month ago,30,1613,https://www.youtube.com/watch?v=R5_bL4tklsU
UCSAKn7R948auGKixely8yLg,Master POV,2025-12-23,102000,culture_entertainment,22,culture_entertainment,channel_latest,oE78LjKqTdw,Your Life at Every Rank as a Pirate,120000,1 month ago,30,1590,https://www.youtube.com/watch?v=oE78LjKqTdw
UCSAKn7R948auGKixely8yLg,Master POV,2025-12-23,102000,culture_entertainment,23,culture_entertainment,channel_latest,lB2gOSwCoGI,Your Life After Marrying Into a Billionaire Family,318000,1 month ago,30,1604,https://www.youtube.com/watch?v=lB2gOSwCoGI
UCSAKn7R948auGKixely8yLg,Master POV,2025-12-23,102000,culture_entertainment,24,culture_entertainment,channel_latest,T2jjaeo23bE,Your Life as a Fisherman at Every Level,54000,1 month ago,30,1619,https://www.youtube.com/watch?v=T2jjaeo23bE
UCSAKn7R948auGKixely8yLg,Master POV,2025-12-23,102000,culture_entertainment,25,culture_entertainment,channel_latest,MHQSxg3p2jM,Your Life as Every Rank in the Vatican,203000,1 month ago,30,1752,https://www.youtube.com/watch?v=MHQSxg3p2jM
UCSAKn7R948auGKixely8yLg,Master POV,2025-12-23,102000,culture_entertainment,26,culture_entertainment,channel_latest,qs1r4J5kkNU,Your Life at Every Level of a Day Trader,240000,1 month ago,30,1610,https://www.youtube.com/watch?v=qs1r4J5kkNU
UCSAKn7R948auGKixely8yLg,Master POV,2025-12-23,102000,culture_entertainment,27,culture_entertainment,channel_latest,cGRijSVwhUM,Your Life as Every Rank in the Ming Dynasty,81000,1 month ago,30,1739,https://www.youtube.com/watch?v=cGRijSVwhUM
UCSAKn7R948auGKixely8yLg,Master POV,2025-12-23,102000,culture_entertainment,28,culture_entertainment,channel_latest,7DDr9BADpBE,Your Life as a Ninja at Every Rank,68000,1 month ago,30,1568,https://www.youtube.com/watch?v=7DDr9BADpBE
UCSAKn7R948auGKixely8yLg,Master POV,2025-12-23,102000,culture_entertainment,29,culture_entertainment,channel_latest,mOCzL1xc7Zw,Your Life as an Actor at Every Level,90000,1 month ago,30,1637,https://www.youtube.com/watch?v=mOCzL1xc7Zw
UCSAKn7R948auGKixely8yLg,Master POV,2025-12-23,102000,culture_entertainment,30,culture_entertainment,channel_latest,lo0xK6bXZSY,Your Life as a Dictator at Every Level,50000,1 month ago,30,1655,https://www.youtube.com/watch?v=lo0xK6bXZSY
UCtEtiJyqe8KnUb5jEF3SiEQ,kwy true tale,2025-12-22,79800,speculative_scifi,1,speculative_scifi,channel_latest,ElVg0hYOcU8,छत्रपति संभाजी महाराज | Chhatrapati Sambhaji Maharaj | Full Documentry | Dusre chhatrapati,33000,2 weeks ago,14,2596,https://www.youtube.com/watch?v=ElVg0hYOcU8
UCtEtiJyqe8KnUb5jEF3SiEQ,kwy true tale,2025-12-22,79800,speculative_scifi,2,speculative_scifi,channel_latest,_PePgbKmNEc,Founder of delhi sultnate | Qtub ud-in aibak | 1206 to 1210 AD |  HISTORY | Shorts flim,3600,4 weeks ago,28,1929,https://www.youtube.com/watch?v=_PePgbKmNEc
UCtEtiJyqe8KnUb5jEF3SiEQ,kwy true tale,2025-12-22,79800,speculative_scifi,3,speculative_scifi,channel_latest,z2-X3Clno_0,झाँसी की रानी || Jhansi's rani || Full documentry,596000,1 month ago,30,1733,https://www.youtube.com/watch?v=z2-X3Clno_0
UCtEtiJyqe8KnUb5jEF3SiEQ,kwy true tale,2025-12-22,79800,speculative_scifi,4,speculative_scifi,channel_latest,UlUsB-YskrE,नालंदा की पूरी कहानी - creation to its destruction - Full Documentary | Nalanda university,1000000,2 months ago,60,2154,https://www.youtube.com/watch?v=UlUsB-YskrE
UCtEtiJyqe8KnUb5jEF3SiEQ,kwy true tale,2025-12-22,79800,speculative_scifi,5,speculative_scifi,channel_latest,y_cGkG6iwj4,छत्रपति शिवा जी महाराज | गुलामी से स्वराज्य तक की पूरी कहानी- Full Documentary | Maratha Empire Rise,409000,2 months ago,60,2663,https://www.youtube.com/watch?v=y_cGkG6iwj4
UCtEtiJyqe8KnUb5jEF3SiEQ,kwy true tale,2025-12-22,79800,speculative_scifi,6,speculative_scifi,channel_latest,4h9ZI4fVDxM,Complete history of India | भारत का सम्पूर्ण इतिहास | 9000BC to 2026AD | Megha Documentry,2900000,4 months ago,120,3541,https://www.youtube.com/watch?v=4h9ZI4fVDxM
UCtEtiJyqe8KnUb5jEF3SiEQ,kwy true tale,2025-12-22,79800,speculative_scifi,7,speculative_scifi,channel_latest,KanjCSJ6ai8,The man who invented zero | Full Documentry |   India’s First Great Scientist | Aryabhata life,846000,6 months ago,180,1868,https://www.youtube.com/watch?v=KanjCSJ6ai8
UCtEtiJyqe8KnUb5jEF3SiEQ,kwy true tale,2025-12-22,79800,speculative_scifi,8,speculative_scifi,channel_latest,-82YOFNZKrc,Maya civilisation full documentry | ACIENT HISTORY | knowledgeable video,358000,6 months ago,180,1792,https://www.youtube.com/watch?v=-82YOFNZKrc
UCtEtiJyqe8KnUb5jEF3SiEQ,kwy true tale,2025-12-22,79800,speculative_scifi,9,speculative_scifi,channel_latest,fO6_knHmL00,Earth History Documentary | Dinosaur to Human Evolution | #IndusValley | Complete History,2500000,7 months ago,210,1615,https://www.youtube.com/watch?v=fO6_knHmL00
UCJHiG7fRmk8Gdxy6numisMA,Ancient Streets,2025-12-11,5420,history_reconstruction,1,history_reconstruction,channel_latest,amk9hhpereU,Experience a Day Inside Deir el-Medina — The Village That Kept Egypt's Greatest Secret — 1250 BC,517,3 weeks ago,21,1162,https://www.youtube.com/watch?v=amk9hhpereU
UCJHiG7fRmk8Gdxy6numisMA,Ancient Streets,2025-12-11,5420,history_reconstruction,2,history_reconstruction,channel_latest,e8rYiNZvXVQ,"Step Inside Ramsés II's Royal Wedding to the Hittite Princess — Egypt, 1245 BC",662,1 month ago,30,1167,https://www.youtube.com/watch?v=e8rYiNZvXVQ
UCJHiG7fRmk8Gdxy6numisMA,Ancient Streets,2025-12-11,5420,history_reconstruction,3,history_reconstruction,channel_latest,G7Z3A6ZbsOo,"The King Had No Idea He Just Lost America. Inside George III's Palace on July 4, 1776.",463,1 month ago,30,1098,https://www.youtube.com/watch?v=G7Z3A6ZbsOo
UCJHiG7fRmk8Gdxy6numisMA,Ancient Streets,2025-12-11,5420,history_reconstruction,4,history_reconstruction,channel_latest,ABcJaym7PFE,"Step Inside the Beautiful Festival of the Valley — Thebes, 1300 BC",767,1 month ago,30,1351,https://www.youtube.com/watch?v=ABcJaym7PFE
UCJHiG7fRmk8Gdxy6numisMA,Ancient Streets,2025-12-11,5420,history_reconstruction,5,history_reconstruction,channel_latest,hPf7_mZDQ3Q,Forget Opet Festival. Step Inside the Heb Sed Festival — Ramsés II Had to Win 13 Times,415,1 month ago,30,1041,https://www.youtube.com/watch?v=hPf7_mZDQ3Q
UCJHiG7fRmk8Gdxy6numisMA,Ancient Streets,2025-12-11,5420,history_reconstruction,6,history_reconstruction,channel_latest,YEC-_Pm6lfs,"Forget the Pyramid. Khufu's Boat Was Buried to Stay Hidden Forever — Giza, 2560 BC",1800,1 month ago,30,1076,https://www.youtube.com/watch?v=YEC-_Pm6lfs
UCJHiG7fRmk8Gdxy6numisMA,Ancient Streets,2025-12-11,5420,history_reconstruction,7,history_reconstruction,channel_latest,YEaYF8qHkuY,"Step Inside Ramsés II's Palace as Moses Parts the Red Sea — Egypt, 1260 BC",800,1 month ago,30,1170,https://www.youtube.com/watch?v=YEaYF8qHkuY
UCJHiG7fRmk8Gdxy6numisMA,Ancient Streets,2025-12-11,5420,history_reconstruction,8,history_reconstruction,channel_latest,6oJ87ErWklU,"You Don't Know The Great Sphinx . Step Inside 4,500 Years of Giza.",1800,1 month ago,30,1455,https://www.youtube.com/watch?v=6oJ87ErWklU
UCJHiG7fRmk8Gdxy6numisMA,Ancient Streets,2025-12-11,5420,history_reconstruction,9,history_reconstruction,channel_latest,mp2ZIzj-7XQ,You're Inside Khafre's Temple During a Royal Festival at Giza,4700,1 month ago,30,1258,https://www.youtube.com/watch?v=mp2ZIzj-7XQ
UCJHiG7fRmk8Gdxy6numisMA,Ancient Streets,2025-12-11,5420,history_reconstruction,10,history_reconstruction,channel_latest,vRKIitkUbgc,You Don't Know Babylon. Step Inside Nebuchadnezzar II's Palace After the Conquest of Jerusalem.,983,2 months ago,60,1437,https://www.youtube.com/watch?v=vRKIitkUbgc
UCJHiG7fRmk8Gdxy6numisMA,Ancient Streets,2025-12-11,5420,history_reconstruction,11,history_reconstruction,channel_latest,KsDf6PLFdsI,"You Don't Know The Pyramids. Step Inside 4,600 Years of Giza.",4500,2 months ago,60,1531,https://www.youtube.com/watch?v=KsDf6PLFdsI
UCJHiG7fRmk8Gdxy6numisMA,Ancient Streets,2025-12-11,5420,history_reconstruction,12,history_reconstruction,channel_latest,c0osJ6EuhQs,Forget Gladiator. Be a Guest in Marcus Aurelius' Palace Before the Last Good Emperor Died,907,2 months ago,60,1118,https://www.youtube.com/watch?v=c0osJ6EuhQs
UCJHiG7fRmk8Gdxy6numisMA,Ancient Streets,2025-12-11,5420,history_reconstruction,13,history_reconstruction,channel_latest,22MDxQYOiM0,Step Inside Ramses II's Palace During the Battle of Kadesh — 1274 BC,6000,2 months ago,60,1182,https://www.youtube.com/watch?v=22MDxQYOiM0
UCJHiG7fRmk8Gdxy6numisMA,Ancient Streets,2025-12-11,5420,history_reconstruction,14,history_reconstruction,channel_latest,6o_tapFf9vI,You're Inside Seti I's Palace During the Construction of the Temple of Abydos —  1290 BC,2100,2 months ago,60,1337,https://www.youtube.com/watch?v=6o_tapFf9vI
UCJHiG7fRmk8Gdxy6numisMA,Ancient Streets,2025-12-11,5420,history_reconstruction,15,history_reconstruction,channel_latest,dkND61ise0k,"Forget King Tut's Tomb. The Real Drama Was Inside Ankhesenamun's Palace — Egypt, 1323 BC",2200,2 months ago,60,893,https://www.youtube.com/watch?v=dkND61ise0k
UCJHiG7fRmk8Gdxy6numisMA,Ancient Streets,2025-12-11,5420,history_reconstruction,16,history_reconstruction,channel_latest,roBE-zrVZNQ,Forget Cleopatra. Step Inside Nefertiti's Palace the Day She Ruled as Egypt's Pharaoh — 1352 BC,3100,2 months ago,60,1003,https://www.youtube.com/watch?v=roBE-zrVZNQ
UCJHiG7fRmk8Gdxy6numisMA,Ancient Streets,2025-12-11,5420,history_reconstruction,17,history_reconstruction,channel_latest,fuH14m7YFlc,"Be a Guest in Commodus' Palace Before His Own Guards Strangled Him — Rome, 192 AD",1500,2 months ago,60,919,https://www.youtube.com/watch?v=fuH14m7YFlc
UCJHiG7fRmk8Gdxy6numisMA,Ancient Streets,2025-12-11,5420,history_reconstruction,18,history_reconstruction,channel_latest,t1BJWN9_8Ko,"You're Inside Sneferu's Palace As His Third Pyramid Rises — Dahshur, 2589 BC",1900,2 months ago,60,1116,https://www.youtube.com/watch?v=t1BJWN9_8Ko
UCJHiG7fRmk8Gdxy6numisMA,Ancient Streets,2025-12-11,5420,history_reconstruction,19,history_reconstruction,channel_latest,kb29dQ6hqRA,"Step Inside Khafre's Palace During the Carving of the Great Sphinx — Giza, 2530 BC",7900,2 months ago,60,1325,https://www.youtube.com/watch?v=kb29dQ6hqRA
UCJHiG7fRmk8Gdxy6numisMA,Ancient Streets,2025-12-11,5420,history_reconstruction,20,history_reconstruction,channel_latest,BBV7dZK1qTA,"Step Inside Khufu's Palace Before the Last Wonder Was Sealed — Giza, 2560 BC",7200,2 months ago,60,1417,https://www.youtube.com/watch?v=BBV7dZK1qTA
UCJHiG7fRmk8Gdxy6numisMA,Ancient Streets,2025-12-11,5420,history_reconstruction,21,history_reconstruction,channel_latest,jdPH8yHUKSM,"Darius, Buddha and Confucius Were Alive at the Same Time and Never Knew",263,2 months ago,60,1307,https://www.youtube.com/watch?v=jdPH8yHUKSM
UCJHiG7fRmk8Gdxy6numisMA,Ancient Streets,2025-12-11,5420,history_reconstruction,22,history_reconstruction,channel_latest,0pqGfd_nCjM,"I Ate Ancient Roman Street Food in Pompeii — Here's What 2,000 Years Tastes Like",676,2 months ago,60,490,https://www.youtube.com/watch?v=0pqGfd_nCjM
UCJHiG7fRmk8Gdxy6numisMA,Ancient Streets,2025-12-11,5420,history_reconstruction,23,history_reconstruction,channel_latest,1AFbaD6X5Vo,Step Inside Gilgamesh's Palace Before Noah Existed,1000,2 months ago,60,1556,https://www.youtube.com/watch?v=1AFbaD6X5Vo
UCJHiG7fRmk8Gdxy6numisMA,Ancient Streets,2025-12-11,5420,history_reconstruction,24,history_reconstruction,channel_latest,d6TYv3KrgQ0,Every Roman Emperor's Hardest Decision — All 84 in Order | AI Reconstruction,307,2 months ago,60,4529,https://www.youtube.com/watch?v=d6TYv3KrgQ0
UCJHiG7fRmk8Gdxy6numisMA,Ancient Streets,2025-12-11,5420,history_reconstruction,25,history_reconstruction,channel_latest,0yAWymIDK9s,Inside the Parthenon the Day Phidias Engineered Athena to Catch the Sun the Moment She Appeared,360,3 months ago,90,901,https://www.youtube.com/watch?v=0yAWymIDK9s
UCJHiG7fRmk8Gdxy6numisMA,Ancient Streets,2025-12-11,5420,history_reconstruction,26,history_reconstruction,channel_latest,mtkBn9sGwjU,Inside Babylon's Palace Before Nebuchadnezzar — The Woman Who Ruled Was Never Given a Name,916,3 months ago,90,1018,https://www.youtube.com/watch?v=mtkBn9sGwjU
UCJHiG7fRmk8Gdxy6numisMA,Ancient Streets,2025-12-11,5420,history_reconstruction,27,history_reconstruction,channel_latest,uB4aPSzna8k,Inside Xerxes's Palace Before He Chained the Hellespont and Invaded Greece — 480 BC,1000,3 months ago,90,1541,https://www.youtube.com/watch?v=uB4aPSzna8k
UCJHiG7fRmk8Gdxy6numisMA,Ancient Streets,2025-12-11,5420,history_reconstruction,28,history_reconstruction,channel_latest,t8yWFTiKVhY,Inside Ptolemy I's Palace — He Stole Alexander's Corpse and Built Alexandria — 321 BC,1900,3 months ago,90,1270,https://www.youtube.com/watch?v=t8yWFTiKVhY
UCJHiG7fRmk8Gdxy6numisMA,Ancient Streets,2025-12-11,5420,history_reconstruction,29,history_reconstruction,channel_latest,H7O619KdKhc,"Hatshepsut Buried Her Husband Here. Then Egypt Forgot the Tomb for 3,500 Years",835,3 months ago,90,730,https://www.youtube.com/watch?v=H7O619KdKhc
UCJHiG7fRmk8Gdxy6numisMA,Ancient Streets,2025-12-11,5420,history_reconstruction,30,history_reconstruction,channel_latest,L0KzugSsiKY,History's First Conqueror Was a Nameless Orphan — Sargon of Akkad's Impossible Rise,586,3 months ago,90,850,https://www.youtube.com/watch?v=L0KzugSsiKY
UCD8g_HsWfrBUmm-EepMaHHg,Hidden Film,2025-12-08,11100,practical_lifestyle,1,practical_lifestyle,channel_latest,7aIid2H_-qE,110 Saal Baad Zinda Hua Ye KHAUFNAAK Monster... | Film/Movie Explained in Hindi/ Urdu Story,1400,5 hours ago,0,1099,https://www.youtube.com/watch?v=7aIid2H_-qE
UCD8g_HsWfrBUmm-EepMaHHg,Hidden Film,2025-12-08,11100,practical_lifestyle,2,practical_lifestyle,channel_latest,6rTDSHwqc28,Family Trip Bana Zindagi Aur Maut Ka Khel | Film/Movie Explained in Hindi/Urdu Story,40000,4 days ago,4,916,https://www.youtube.com/watch?v=6rTDSHwqc28
UCD8g_HsWfrBUmm-EepMaHHg,Hidden Film,2025-12-08,11100,practical_lifestyle,3,practical_lifestyle,channel_latest,aV8NjolDJWs,110 Saal Baad Zinda Hua Ye KHAUFNAAK Monster... | Film/Movie Explained in Hindi/Urdu Story,87000,7 days ago,7,1050,https://www.youtube.com/watch?v=aV8NjolDJWs
UCD8g_HsWfrBUmm-EepMaHHg,Hidden Film,2025-12-08,11100,practical_lifestyle,4,practical_lifestyle,channel_latest,b_7B7ceQUlA,When These PEOPLE Accidentally Got Trapped A Dangerous Desert | Film/Movie Explained in Hindi/Urdu,19000,2 weeks ago,14,1086,https://www.youtube.com/watch?v=b_7B7ceQUlA
UCD8g_HsWfrBUmm-EepMaHHg,Hidden Film,2025-12-08,11100,practical_lifestyle,5,practical_lifestyle,channel_latest,_LU6J-jXQxc,Ye Log Galti Se Phans Gaye Khatarnak Snake Island Par | Film/Movie Explained in Hindi/Urdu Story,35000,2 weeks ago,14,1107,https://www.youtube.com/watch?v=_LU6J-jXQxc
UCD8g_HsWfrBUmm-EepMaHHg,Hidden Film,2025-12-08,11100,practical_lifestyle,6,practical_lifestyle,channel_latest,7RPVe622GW4,This TEACHER Got Trapped Among Dangerous Criminal STUDENTS | Film/Movie Explained in Hindi/Urdu,11000,3 weeks ago,21,1086,https://www.youtube.com/watch?v=7RPVe622GW4
UCD8g_HsWfrBUmm-EepMaHHg,Hidden Film,2025-12-08,11100,practical_lifestyle,7,practical_lifestyle,channel_latest,4TXg9w-0o0M,Ye GANGSTER Kisi Ko Nahi Chhodta… Chahe Saamne POLICE Ho Ya Koi | Film/Movie Explained in Hindi/Urdu,26000,4 weeks ago,28,1173,https://www.youtube.com/watch?v=4TXg9w-0o0M
UCD8g_HsWfrBUmm-EepMaHHg,Hidden Film,2025-12-08,11100,practical_lifestyle,8,practical_lifestyle,channel_latest,IWFdvxgqpSk,GANGSTERS Bhi Darte Hai Is AADMI Se | Film/Movie Explained in Hindi/Urdu Story,14000,1 month ago,30,1099,https://www.youtube.com/watch?v=IWFdvxgqpSk
UCD8g_HsWfrBUmm-EepMaHHg,Hidden Film,2025-12-08,11100,practical_lifestyle,9,practical_lifestyle,channel_latest,gLBcHyYDOdc,Jab Ek BOXER Phans Gaya DUNIYA Ki Sabse Khatarnak JAIL Mein | Film/Movie Explained in Hindi/Urdu,62000,1 month ago,30,1085,https://www.youtube.com/watch?v=gLBcHyYDOdc
UCD8g_HsWfrBUmm-EepMaHHg,Hidden Film,2025-12-08,11100,practical_lifestyle,10,practical_lifestyle,channel_latest,7nOmZQ9HLg8,In This PRISON Even SURVIVAL Is A CHALLENGE | Film/Movie Explained in Hindi/Urdu Story,47000,1 month ago,30,1105,https://www.youtube.com/watch?v=7nOmZQ9HLg8
UCD8g_HsWfrBUmm-EepMaHHg,Hidden Film,2025-12-08,11100,practical_lifestyle,11,practical_lifestyle,channel_latest,icKWcGTFZTM,One JOURNEY That CHANGED Everything Forever | Film/Movie Explained in Hindi/Urdu Story,8600,1 month ago,30,630,https://www.youtube.com/watch?v=icKWcGTFZTM
UCD8g_HsWfrBUmm-EepMaHHg,Hidden Film,2025-12-08,11100,practical_lifestyle,12,practical_lifestyle,channel_latest,ZMYjKg71XOo,STUDENTS Nahi Jante Ki Unka TEACHER Sabhi Gangsters Ka BAAP Hai | Film/Movie Explained in Hindi/Urdu,241000,1 month ago,30,1101,https://www.youtube.com/watch?v=ZMYjKg71XOo
UCD8g_HsWfrBUmm-EepMaHHg,Hidden Film,2025-12-08,11100,practical_lifestyle,13,practical_lifestyle,channel_latest,M3hkLQT3owY,Koi GENIUS Bhi Is KHATARNAK Jail Se Nahi Bhag Sakta | Film/Movie Explained in Hindi/Urdu Story,12000,1 month ago,30,1064,https://www.youtube.com/watch?v=M3hkLQT3owY
UCD8g_HsWfrBUmm-EepMaHHg,Hidden Film,2025-12-08,11100,practical_lifestyle,14,practical_lifestyle,channel_latest,xHqBaoMmwW8,This Family Lives in Hiding from Zombies | Film/Movie Explained in Hindi/Urdu Story,248000,2 months ago,60,1105,https://www.youtube.com/watch?v=xHqBaoMmwW8
UCD8g_HsWfrBUmm-EepMaHHg,Hidden Film,2025-12-08,11100,practical_lifestyle,15,practical_lifestyle,channel_latest,UNbVrRDnnOA,Whoever Entered This Field... Disappeared Without A Trace | Film/Movie Explained in Hindi/Urdu Story,68000,2 months ago,60,1133,https://www.youtube.com/watch?v=UNbVrRDnnOA
UCD8g_HsWfrBUmm-EepMaHHg,Hidden Film,2025-12-08,11100,practical_lifestyle,16,practical_lifestyle,channel_latest,jNpFsgNq7tc,School Ki Teacher Nikli Gangster Boss | Film/Movie Explained in Hindi/Urdu Story,89000,2 months ago,60,983,https://www.youtube.com/watch?v=jNpFsgNq7tc
UCD8g_HsWfrBUmm-EepMaHHg,Hidden Film,2025-12-08,11100,practical_lifestyle,17,practical_lifestyle,channel_latest,I3V4FoDH3jM,Ek BOXER TEACHER Fansa School Ke KHATARNAK STUDENTS Ke Beech | Film/Movie Explained in Hindi/Urdu,131000,3 months ago,90,1108,https://www.youtube.com/watch?v=I3V4FoDH3jM
UCD8g_HsWfrBUmm-EepMaHHg,Hidden Film,2025-12-08,11100,practical_lifestyle,18,practical_lifestyle,channel_latest,KUOwfEcRemw,Ek FEMALE BOXER Fansi School Ke KHATARNAK STUDENTS Ke Beech | Film/Movie Explained in Hindi/Urdu,354000,3 months ago,90,1089,https://www.youtube.com/watch?v=KUOwfEcRemw
UCD8g_HsWfrBUmm-EepMaHHg,Hidden Film,2025-12-08,11100,practical_lifestyle,19,practical_lifestyle,channel_latest,isS-dOsQtu4,A RESPECTABLE MAN Becomes Korea’s Most DANGEROUS GANGSTER | Film/Movie Explained in Hindi/Urdu Story,30000,3 months ago,90,1146,https://www.youtube.com/watch?v=isS-dOsQtu4
UCD8g_HsWfrBUmm-EepMaHHg,Hidden Film,2025-12-08,11100,practical_lifestyle,20,practical_lifestyle,channel_latest,9YZbBcsdanY,They DON’T KNOW Who They’re MESSING With | Film/Movie Explained in Hindi/Urdu Story,63000,3 months ago,90,1086,https://www.youtube.com/watch?v=9YZbBcsdanY
UCD8g_HsWfrBUmm-EepMaHHg,Hidden Film,2025-12-08,11100,practical_lifestyle,21,practical_lifestyle,channel_latest,kr_gJPckXNs,The BOY Who Was A BULLY In School Became A FIERCE FIGHTER | Film/Movie Explained in Hindi/Urdu Story,21000,3 months ago,90,923,https://www.youtube.com/watch?v=kr_gJPckXNs
UCD8g_HsWfrBUmm-EepMaHHg,Hidden Film,2025-12-08,11100,practical_lifestyle,22,practical_lifestyle,channel_latest,F7nJRI_rxmg,A WEAK MAN Turns Out To Be A Dangerous KUNG FU MASTER | Film/Movie Explained in Hindi/Urdu Story,449000,4 months ago,120,987,https://www.youtube.com/watch?v=F7nJRI_rxmg
UCD8g_HsWfrBUmm-EepMaHHg,Hidden Film,2025-12-08,11100,practical_lifestyle,23,practical_lifestyle,channel_latest,gPkYywtDR_M,ALL GANGSTERS ARE AFRAID OF THIS AMERICAN PSYCHO KILLER |Film/Movie Explainetion in Hindi/Urdu Story,27000,4 months ago,120,845,https://www.youtube.com/watch?v=gPkYywtDR_M
UCD8g_HsWfrBUmm-EepMaHHg,Hidden Film,2025-12-08,11100,practical_lifestyle,24,practical_lifestyle,channel_latest,NhtDDoNgXXw,Sabhi GANGSTER Is AMERICAN KILLER Se Darte Hai | Film/Movie Explained in Hindi/Urdu Story,6500,4 months ago,120,1017,https://www.youtube.com/watch?v=NhtDDoNgXXw
UCD8g_HsWfrBUmm-EepMaHHg,Hidden Film,2025-12-08,11100,practical_lifestyle,25,practical_lifestyle,channel_latest,eR2T3-dLVeU,No Can ESCAPE These DANGEROUS Tribal PEOPLE | Film/Movie Explainetion in Hindi/Urdu | Hindi Story,2000000,4 months ago,120,1027,https://www.youtube.com/watch?v=eR2T3-dLVeU
UCD8g_HsWfrBUmm-EepMaHHg,Hidden Film,2025-12-08,11100,practical_lifestyle,26,practical_lifestyle,channel_latest,DJPUJCP-3IE,No One Can SURVIVE the ATTACK of This NINJA | Film/Movie Explainetions in Hindi/Urdu | Hindi Story,538000,4 months ago,120,999,https://www.youtube.com/watch?v=DJPUJCP-3IE
UCD8g_HsWfrBUmm-EepMaHHg,Hidden Film,2025-12-08,11100,practical_lifestyle,27,practical_lifestyle,channel_latest,xmMqLFv4uvg,Is GANGSTER Se Darti Hai Puri KOREAN ARMY | Film/Movie Explainetions Hindi/Urdu | Hindi Story,68000,5 months ago,150,1014,https://www.youtube.com/watch?v=xmMqLFv4uvg
UCD8g_HsWfrBUmm-EepMaHHg,Hidden Film,2025-12-08,11100,practical_lifestyle,28,practical_lifestyle,channel_latest,dosivI_G2qI,Puri Duniya Is admi ke Niche Jhuk Ke rahti Hai | Film/Movie Explainetions Hindi/Urdu | Hindi Story,54000,5 months ago,150,732,https://www.youtube.com/watch?v=dosivI_G2qI
UCD8g_HsWfrBUmm-EepMaHHg,Hidden Film,2025-12-08,11100,practical_lifestyle,29,practical_lifestyle,channel_latest,Txz9colOycw,Sabse KHATARNAK JAIL Mai Phass Gaya Ye BOXER | Film/Movie Explainetions Hindi/Urdu | Hindi Story,27000,5 months ago,150,936,https://www.youtube.com/watch?v=Txz9colOycw
UCD8g_HsWfrBUmm-EepMaHHg,Hidden Film,2025-12-08,11100,practical_lifestyle,30,practical_lifestyle,channel_latest,4Z5XKw0xvGs,Yeh KHATRNAK KILLER Kisi Ko Nahi Chodta | I Saw The Devil (2010) Movie Explainetions Hindi/Urdu,4500,5 months ago,150,784,https://www.youtube.com/watch?v=4Z5XKw0xvGs
UCFU0fJOB4cXWeqG1pwhcg4g,Back in Time,2025-11-30,2650,everyday_history,1,everyday_history,channel_latest,gjWYphoMNg4,They Cleaned Their Teeth With Urine — And It Worked (1700s),13,20 hours ago,0,526,https://www.youtube.com/watch?v=gjWYphoMNg4
UCFU0fJOB4cXWeqG1pwhcg4g,Back in Time,2025-11-30,2650,everyday_history,2,everyday_history,channel_latest,doN9n1fIRds,They Bathed Twice a Year — And Called It Clean (1600s Europe),167,4 days ago,4,636,https://www.youtube.com/watch?v=doN9n1fIRds
UCFU0fJOB4cXWeqG1pwhcg4g,Back in Time,2025-11-30,2650,everyday_history,3,everyday_history,channel_latest,nwOv-JcYYqw,"A Day in 1903 America: How a Farm Couple Really Lived, 120 Years Ago",137,2 weeks ago,14,792,https://www.youtube.com/watch?v=nwOv-JcYYqw
UCFU0fJOB4cXWeqG1pwhcg4g,Back in Time,2025-11-30,2650,everyday_history,4,everyday_history,channel_latest,zQftOlPjits,"Four Children, One Bed: A Farmwife's Night, 1900 Kansas",96,3 weeks ago,21,632,https://www.youtube.com/watch?v=zQftOlPjits
UCFU0fJOB4cXWeqG1pwhcg4g,Back in Time,2025-11-30,2650,everyday_history,5,everyday_history,channel_latest,f8BfNOdGTKE,"Before Electricity: How One Family Lit Their Home Every Night, 1895",202,4 weeks ago,28,512,https://www.youtube.com/watch?v=f8BfNOdGTKE
UCFU0fJOB4cXWeqG1pwhcg4g,Back in Time,2025-11-30,2650,everyday_history,6,everyday_history,channel_latest,PAtwhdfL4Ic,No Running Water: 24 Hours in 1908 Tenement New York,246,1 month ago,30,576,https://www.youtube.com/watch?v=PAtwhdfL4Ic
UCFU0fJOB4cXWeqG1pwhcg4g,Back in Time,2025-11-30,2650,everyday_history,7,everyday_history,channel_latest,yRhMaFV3SBc,Before Refrigerators Changed Everything — A Normal Food Day in 1910 America,3800,1 month ago,30,890,https://www.youtube.com/watch?v=yRhMaFV3SBc
UCFU0fJOB4cXWeqG1pwhcg4g,Back in Time,2025-11-30,2650,everyday_history,8,everyday_history,channel_latest,xKrcgGrjLnE,Before Central Heating: How Families Survived Winter in 1900 America,696,1 month ago,30,788,https://www.youtube.com/watch?v=xKrcgGrjLnE
UCFU0fJOB4cXWeqG1pwhcg4g,Back in Time,2025-11-30,2650,everyday_history,9,everyday_history,channel_latest,IVe31cILatU,24 Hours in 1929 America: The Day Wall Street Collapsed,207,1 month ago,30,1302,https://www.youtube.com/watch?v=IVe31cILatU
UCFU0fJOB4cXWeqG1pwhcg4g,Back in Time,2025-11-30,2650,everyday_history,10,everyday_history,channel_latest,6NiXDMsOR9U,24 Hours in 1945 America: The Day the War Ended — What Families Actually Did,1300,2 months ago,60,1188,https://www.youtube.com/watch?v=6NiXDMsOR9U
UCFU0fJOB4cXWeqG1pwhcg4g,Back in Time,2025-11-30,2650,everyday_history,11,everyday_history,channel_latest,mCvq6PumboU,"4,000 Horses, No Cars: 24 Hours in 1905 America",56000,2 months ago,60,1090,https://www.youtube.com/watch?v=mCvq6PumboU
UCFU0fJOB4cXWeqG1pwhcg4g,Back in Time,2025-11-30,2650,everyday_history,12,everyday_history,channel_latest,1peQpWFwC-A,A Family of Six. One Room. $8 a Week — This Was New York 1910,68000,2 months ago,60,979,https://www.youtube.com/watch?v=1peQpWFwC-A
UCFU0fJOB4cXWeqG1pwhcg4g,Back in Time,2025-11-30,2650,everyday_history,13,everyday_history,channel_latest,7wDxI-niO5w,"A Day in 1935 America: How Families Shopped, Cooked and Survived on Almost Nothing",3200,2 months ago,60,691,https://www.youtube.com/watch?v=7wDxI-niO5w
UCFU0fJOB4cXWeqG1pwhcg4g,Back in Time,2025-11-30,2650,everyday_history,14,everyday_history,channel_latest,i3ug1I3xEbQ,24 Hours in 1955 America: The Perfect Life That Wasn't Quite Perfect,1600,3 months ago,90,730,https://www.youtube.com/watch?v=i3ug1I3xEbQ
UCFU0fJOB4cXWeqG1pwhcg4g,Back in Time,2025-11-30,2650,everyday_history,15,everyday_history,channel_latest,_ZTK_E8jDuY,24 Hours in 1933 America: A Factory Worker's Fight to Survive the Great Depression,262,3 months ago,90,481,https://www.youtube.com/watch?v=_ZTK_E8jDuY
UCFU0fJOB4cXWeqG1pwhcg4g,Back in Time,2025-11-30,2650,everyday_history,16,everyday_history,channel_latest,0LpLkwdKhYs,American Women Gained 31 Pounds in 60 Years — This Is Exactly Why,216,3 months ago,90,652,https://www.youtube.com/watch?v=0LpLkwdKhYs
UCFU0fJOB4cXWeqG1pwhcg4g,Back in Time,2025-11-30,2650,everyday_history,17,everyday_history,channel_latest,rJaHDSesec4,10 Things 70s Parents Did That Would Horrify You Today,278,3 months ago,90,769,https://www.youtube.com/watch?v=rJaHDSesec4
UCFU0fJOB4cXWeqG1pwhcg4g,Back in Time,2025-11-30,2650,everyday_history,18,everyday_history,channel_latest,0FkUj9SXjuM,What Happened to the American Mall — The Rise and Fall of a Generation,262,3 months ago,90,798,https://www.youtube.com/watch?v=0FkUj9SXjuM
UCFU0fJOB4cXWeqG1pwhcg4g,Back in Time,2025-11-30,2650,everyday_history,19,everyday_history,channel_latest,pBU4bLUrxJA,"""What Happened to American Streets — Before Cars Took Everything""",211,4 months ago,120,707,https://www.youtube.com/watch?v=pBU4bLUrxJA
UCFU0fJOB4cXWeqG1pwhcg4g,Back in Time,2025-11-30,2650,everyday_history,20,everyday_history,channel_latest,YAWh9BMRupA,The First Supermarket in America Was a Garage in Queens (1930),406,4 months ago,120,765,https://www.youtube.com/watch?v=YAWh9BMRupA
UCFU0fJOB4cXWeqG1pwhcg4g,Back in Time,2025-11-30,2650,everyday_history,21,everyday_history,channel_latest,g2PYCdGTK18,This Is What School Was Really Like in 1935 America,316,4 months ago,120,722,https://www.youtube.com/watch?v=g2PYCdGTK18
UCFU0fJOB4cXWeqG1pwhcg4g,Back in Time,2025-11-30,2650,everyday_history,22,everyday_history,channel_latest,dNRn77Yt6CQ,Inside an American Home in 1940 — Room by Room,1100,4 months ago,120,942,https://www.youtube.com/watch?v=dNRn77Yt6CQ
UCFU0fJOB4cXWeqG1pwhcg4g,Back in Time,2025-11-30,2650,everyday_history,23,everyday_history,channel_latest,2hEVVDRvba8,24 Hours That Show Why We Miss the 1950s,1300,4 months ago,120,1127,https://www.youtube.com/watch?v=2hEVVDRvba8
UCFU0fJOB4cXWeqG1pwhcg4g,Back in Time,2025-11-30,2650,everyday_history,24,everyday_history,channel_latest,C_HWhS-mLCk,What $1 Could Buy in 1920 vs Today,370,5 months ago,150,723,https://www.youtube.com/watch?v=C_HWhS-mLCk
UCFU0fJOB4cXWeqG1pwhcg4g,Back in Time,2025-11-30,2650,everyday_history,25,everyday_history,channel_latest,ABgCcL5exEU,America in 1900: The Last Year of the Old World,627,5 months ago,150,932,https://www.youtube.com/watch?v=ABgCcL5exEU
UCFU0fJOB4cXWeqG1pwhcg4g,Back in Time,2025-11-30,2650,everyday_history,26,everyday_history,channel_latest,cQp5l9GN4Hs,Why Americans Were Slim in the 1970s: The Environment Did It For Them,228,5 months ago,150,901,https://www.youtube.com/watch?v=cQp5l9GN4Hs
UCFU0fJOB4cXWeqG1pwhcg4g,Back in Time,2025-11-30,2650,everyday_history,27,everyday_history,channel_latest,BoFXkmHOCfI,American Fast Food in the 1970s: When a Burger Cost 35 Cents and Tasted Different,114,5 months ago,150,665,https://www.youtube.com/watch?v=BoFXkmHOCfI
UCFU0fJOB4cXWeqG1pwhcg4g,Back in Time,2025-11-30,2650,everyday_history,28,everyday_history,channel_latest,m8nlNj5Myxw,The Blizzard That Stopped America: February 1978 | The  Roads Disappeared,86,5 months ago,150,1065,https://www.youtube.com/watch?v=m8nlNj5Myxw
UCFU0fJOB4cXWeqG1pwhcg4g,Back in Time,2025-11-30,2650,everyday_history,29,everyday_history,channel_latest,ilU21QptvoY,San Francisco 1906: The Day a Great City Burned to the Ground | The Earthquake That Destroyed,48,5 months ago,150,819,https://www.youtube.com/watch?v=ilU21QptvoY
UCFU0fJOB4cXWeqG1pwhcg4g,Back in Time,2025-11-30,2650,everyday_history,30,everyday_history,channel_latest,YnvJeQE1m4U,The Last Generation That Grew Up Free: American Kids in the 1970s-80s,151,6 months ago,180,559,https://www.youtube.com/watch?v=YnvJeQE1m4U
UCisHJobjgyF4r8pIB8-bRWw,Vanished History,2025-11-27,9580,history_reconstruction,1,history_reconstruction,channel_latest,QJQApc2fANk,A Tour of London 1750 (AI Reconstruction),1000,4 months ago,120,387,https://www.youtube.com/watch?v=QJQApc2fANk
UCisHJobjgyF4r8pIB8-bRWw,Vanished History,2025-11-27,9580,history_reconstruction,2,history_reconstruction,channel_latest,jVOM-5CNHTM,A Tour of London Prisons: Newgate & Beyond,421,5 months ago,150,434,https://www.youtube.com/watch?v=jVOM-5CNHTM
UCisHJobjgyF4r8pIB8-bRWw,Vanished History,2025-11-27,9580,history_reconstruction,3,history_reconstruction,channel_latest,_BMu6k06FeU,America's First Plague in 1793,761,7 months ago,210,483,https://www.youtube.com/watch?v=_BMu6k06FeU
UCisHJobjgyF4r8pIB8-bRWw,Vanished History,2025-11-27,9580,history_reconstruction,4,history_reconstruction,channel_latest,JqQgeOAFlU8,Why Chicago 1893 Was the Greatest Lie in History (AI Reconstruction),1600,7 months ago,210,488,https://www.youtube.com/watch?v=JqQgeOAFlU8
UCisHJobjgyF4r8pIB8-bRWw,Vanished History,2025-11-27,9580,history_reconstruction,5,history_reconstruction,channel_latest,vvGDYRqRSJk,11 Vanished Landmarks in London 1800s (AI Reconstruction),65000,7 months ago,210,511,https://www.youtube.com/watch?v=vvGDYRqRSJk
UCisHJobjgyF4r8pIB8-bRWw,Vanished History,2025-11-27,9580,history_reconstruction,6,history_reconstruction,channel_latest,N2czGJpK_7g,New York 1930 ( AI Reconstruction ),14000,8 months ago,240,494,https://www.youtube.com/watch?v=N2czGJpK_7g
UCisHJobjgyF4r8pIB8-bRWw,Vanished History,2025-11-27,9580,history_reconstruction,7,history_reconstruction,channel_latest,0xftddstLNk,Lost New York reborn through AI Reconstruction,183000,8 months ago,240,482,https://www.youtube.com/watch?v=0xftddstLNk
UCisHJobjgyF4r8pIB8-bRWw,Vanished History,2025-11-27,9580,history_reconstruction,8,history_reconstruction,channel_latest,lSNW-p-FoQ0,Tokyo 1863 (AI Reconstruction),86000,8 months ago,240,481,https://www.youtube.com/watch?v=lSNW-p-FoQ0
UCisHJobjgyF4r8pIB8-bRWw,Vanished History,2025-11-27,9580,history_reconstruction,9,history_reconstruction,channel_latest,5bXex5Xv8NQ,Step Inside: 18th Century Rome ( AI Reconstruction ),46000,8 months ago,240,487,https://www.youtube.com/watch?v=5bXex5Xv8NQ
UCisHJobjgyF4r8pIB8-bRWw,Vanished History,2025-11-27,9580,history_reconstruction,10,history_reconstruction,channel_latest,27kQaolSEvk,London 1872 ( AI Reconstruction ),206000,8 months ago,240,532,https://www.youtube.com/watch?v=27kQaolSEvk
UCisHJobjgyF4r8pIB8-bRWw,Vanished History,2025-11-27,9580,history_reconstruction,11,history_reconstruction,channel_latest,fq0eiaMFm8E,Boston 1775 (AI Reconstruction),69000,8 months ago,240,444,https://www.youtube.com/watch?v=fq0eiaMFm8E
UCisHJobjgyF4r8pIB8-bRWw,Vanished History,2025-11-27,9580,history_reconstruction,12,history_reconstruction,channel_latest,kfTt7yc9IkA,Paris 1805  (AI Reconstruction),3000,8 months ago,240,327,https://www.youtube.com/watch?v=kfTt7yc9IkA
UCisHJobjgyF4r8pIB8-bRWw,Vanished History,2025-11-27,9580,history_reconstruction,13,history_reconstruction,channel_latest,zXJwKPi_i_8,Rome 1870 ( AI Reconstruction ),1300,8 months ago,240,541,https://www.youtube.com/watch?v=zXJwKPi_i_8
UCisHJobjgyF4r8pIB8-bRWw,Vanished History,2025-11-27,9580,history_reconstruction,14,history_reconstruction,channel_latest,HNkm6rCszJ0,Lisbon 1755 ( AI Reconstruction ),2400,8 months ago,240,481,https://www.youtube.com/watch?v=HNkm6rCszJ0
UClgo8akZOVpzeKm1o2oaurQ,Forgotten Labor,2025-11-20,20000,everyday_history,1,everyday_history,channel_latest,F0Ry03vDcPg,How Workers Carved Zion Canyon's Tunnel Through a Sandstone Mountain,31,2 hours ago,0,1623,https://www.youtube.com/watch?v=F0Ry03vDcPg
UClgo8akZOVpzeKm1o2oaurQ,Forgotten Labor,2025-11-20,20000,everyday_history,2,everyday_history,channel_latest,1CRxXxA3Weo,How Workers Built the Bayonne Bridge as the Longest Steel Arch Span in the World,1200,1 day ago,1,2232,https://www.youtube.com/watch?v=1CRxXxA3Weo
UClgo8akZOVpzeKm1o2oaurQ,Forgotten Labor,2025-11-20,20000,everyday_history,3,everyday_history,channel_latest,t-wcEGfjaS0,How Workers Built the Clinchfield Railroad Up the Steepest Mountain Grade in the East,1700,1 day ago,1,2026,https://www.youtube.com/watch?v=t-wcEGfjaS0
UClgo8akZOVpzeKm1o2oaurQ,Forgotten Labor,2025-11-20,20000,everyday_history,4,everyday_history,channel_latest,S4qOlZ6Ow4Q,How Workers Built America’s First Great Steel Bridge Across the Mississippi,2500,2 days ago,2,2405,https://www.youtube.com/watch?v=S4qOlZ6Ow4Q
UClgo8akZOVpzeKm1o2oaurQ,Forgotten Labor,2025-11-20,20000,everyday_history,5,everyday_history,channel_latest,etD5N1zLUPE,How Workers Built New York’s Original Penn Station Beneath Manhattan,1300,3 days ago,3,2146,https://www.youtube.com/watch?v=etD5N1zLUPE
UClgo8akZOVpzeKm1o2oaurQ,Forgotten Labor,2025-11-20,20000,everyday_history,6,everyday_history,channel_latest,isj0I_IIpyM,How Mississippi Shipwrights Built Giant Steamboats for America's Shallow Rivers,25000,4 days ago,4,2082,https://www.youtube.com/watch?v=isj0I_IIpyM
UClgo8akZOVpzeKm1o2oaurQ,Forgotten Labor,2025-11-20,20000,everyday_history,7,everyday_history,channel_latest,aeaJ_jhY5OE,How Workers Built the Benjamin Franklin Bridge With the World's Longest Suspension Span,15000,5 days ago,5,1774,https://www.youtube.com/watch?v=aeaJ_jhY5OE
UClgo8akZOVpzeKm1o2oaurQ,Forgotten Labor,2025-11-20,20000,everyday_history,8,everyday_history,channel_latest,B_WCfjp0TAo,How Workers Built the Tappan Zee Bridge Across the Widest Point of the Hudson River,5800,5 days ago,5,2938,https://www.youtube.com/watch?v=B_WCfjp0TAo
UClgo8akZOVpzeKm1o2oaurQ,Forgotten Labor,2025-11-20,20000,everyday_history,9,everyday_history,channel_latest,6pTd2NtQt3g,"How Workers Built the Eisenhower Tunnel Through the Continental Divide at 11,112 Feet",1000,6 days ago,6,1915,https://www.youtube.com/watch?v=6pTd2NtQt3g
UClgo8akZOVpzeKm1o2oaurQ,Forgotten Labor,2025-11-20,20000,everyday_history,10,everyday_history,channel_latest,2mHv4rEJLeE,How Workers Built the World's First Nuclear Reactor Under a University Football Stadium,449,7 days ago,7,2189,https://www.youtube.com/watch?v=2mHv4rEJLeE
UClgo8akZOVpzeKm1o2oaurQ,Forgotten Labor,2025-11-20,20000,everyday_history,11,everyday_history,channel_latest,lcLXOywAjNM,How Workers Built the Strange Whaleback Ships That Carried Great Lakes Ore,2100,7 days ago,7,1564,https://www.youtube.com/watch?v=lcLXOywAjNM
UClgo8akZOVpzeKm1o2oaurQ,Forgotten Labor,2025-11-20,20000,everyday_history,12,everyday_history,channel_latest,PjoELsZmLBY,How Workers Built the Huey P. Long Bridge Across the Mississippi River,24000,8 days ago,8,2274,https://www.youtube.com/watch?v=PjoELsZmLBY
UClgo8akZOVpzeKm1o2oaurQ,Forgotten Labor,2025-11-20,20000,everyday_history,13,everyday_history,channel_latest,hvzH4p_Cq94,How Workers Built the Quebec Bridge 150 Feet Above the St. Lawrence River After It Collapsed Twice,628,9 days ago,9,1644,https://www.youtube.com/watch?v=hvzH4p_Cq94
UClgo8akZOVpzeKm1o2oaurQ,Forgotten Labor,2025-11-20,20000,everyday_history,14,everyday_history,channel_latest,MtkPmxOyXTo,How Workers Built Thousands of Liberty Ships Faster Than Anyone Thought Possible,2500,10 days ago,10,2659,https://www.youtube.com/watch?v=MtkPmxOyXTo
UClgo8akZOVpzeKm1o2oaurQ,Forgotten Labor,2025-11-20,20000,everyday_history,15,everyday_history,channel_latest,5xv0mBrHbWQ,How Workers Built a 585-Foot Smokestack Above a Montana Smelter,4700,10 days ago,10,2342,https://www.youtube.com/watch?v=5xv0mBrHbWQ
UClgo8akZOVpzeKm1o2oaurQ,Forgotten Labor,2025-11-20,20000,everyday_history,16,everyday_history,channel_latest,umhArD1bA0k,How Workers Built Seattle’s Ship Canal and Lowered an Entire Lake by 9 Feet,2600,11 days ago,11,2352,https://www.youtube.com/watch?v=umhArD1bA0k
UClgo8akZOVpzeKm1o2oaurQ,Forgotten Labor,2025-11-20,20000,everyday_history,17,everyday_history,channel_latest,c9xEdCvxZmY,"How Workers Built a 3,200-Foot Railroad Viaduct Across a New York Valley",2700,12 days ago,12,1338,https://www.youtube.com/watch?v=c9xEdCvxZmY
UClgo8akZOVpzeKm1o2oaurQ,Forgotten Labor,2025-11-20,20000,everyday_history,18,everyday_history,channel_latest,9ad4RNpLm2Y,How Workers Built a Railroad Through Canada’s Unforgiving Coquihalla Canyon,2000,13 days ago,13,1734,https://www.youtube.com/watch?v=9ad4RNpLm2Y
UClgo8akZOVpzeKm1o2oaurQ,Forgotten Labor,2025-11-20,20000,everyday_history,19,everyday_history,channel_latest,mfE05vOYCHo,How Workers Built the 8069 Foot Forth Bridge Across the Firth of Forth,1600,2 weeks ago,14,2239,https://www.youtube.com/watch?v=mfE05vOYCHo
UClgo8akZOVpzeKm1o2oaurQ,Forgotten Labor,2025-11-20,20000,everyday_history,20,everyday_history,channel_latest,2Ha_VU9HZ6Y,How Workers Built the 24 Mile Lake Pontchartrain Causeway Across Open Water,23000,2 weeks ago,14,2567,https://www.youtube.com/watch?v=2Ha_VU9HZ6Y
UClgo8akZOVpzeKm1o2oaurQ,Forgotten Labor,2025-11-20,20000,everyday_history,21,everyday_history,channel_latest,o-W11d5EAUw,How Workers Built the Ambassador Bridge 152 Feet Above the Detroit River,8800,2 weeks ago,14,2603,https://www.youtube.com/watch?v=o-W11d5EAUw
UClgo8akZOVpzeKm1o2oaurQ,Forgotten Labor,2025-11-20,20000,everyday_history,22,everyday_history,channel_latest,7xkboOo9zX4,How Workers Built Ice Roads Across Lake Superior Before Modern Highways,2600,2 weeks ago,14,2412,https://www.youtube.com/watch?v=7xkboOo9zX4
UClgo8akZOVpzeKm1o2oaurQ,Forgotten Labor,2025-11-20,20000,everyday_history,23,everyday_history,channel_latest,DAQ38K1095k,How Workers Built 1000 Foot Great Lakes Freighters Too Large to Leave the Lakes,7700,2 weeks ago,14,2475,https://www.youtube.com/watch?v=DAQ38K1095k
UClgo8akZOVpzeKm1o2oaurQ,Forgotten Labor,2025-11-20,20000,everyday_history,24,everyday_history,channel_latest,ckjLqgbLXCg,How Workers Built the Thousand Islands Bridge Across the St Lawrence River,14000,2 weeks ago,14,2638,https://www.youtube.com/watch?v=ckjLqgbLXCg
UClgo8akZOVpzeKm1o2oaurQ,Forgotten Labor,2025-11-20,20000,everyday_history,25,everyday_history,channel_latest,RaI_BA4rrec,How Workers Built the 470-Mile Alaska Railroad From Seward to Fairbanks,2400,2 weeks ago,14,1677,https://www.youtube.com/watch?v=RaI_BA4rrec
UClgo8akZOVpzeKm1o2oaurQ,Forgotten Labor,2025-11-20,20000,everyday_history,26,everyday_history,channel_latest,WK_6qjB9WaE,How Workers Built the 5327 Foot Lethbridge Viaduct 314 Feet Above the Oldman River,27000,2 weeks ago,14,1505,https://www.youtube.com/watch?v=WK_6qjB9WaE
UClgo8akZOVpzeKm1o2oaurQ,Forgotten Labor,2025-11-20,20000,everyday_history,27,everyday_history,channel_latest,pNV1CwNORD0,How Workers Built the George Washington Bridge Across the Hudson in Four Years,19000,3 weeks ago,21,2720,https://www.youtube.com/watch?v=pNV1CwNORD0
UClgo8akZOVpzeKm1o2oaurQ,Forgotten Labor,2025-11-20,20000,everyday_history,28,everyday_history,channel_latest,ghJazlXv31I,How Workers Built the 85 Mile Delaware Aqueduct Through Bedrock to Bring Water to New York City,3900,3 weeks ago,21,2494,https://www.youtube.com/watch?v=ghJazlXv31I
UClgo8akZOVpzeKm1o2oaurQ,Forgotten Labor,2025-11-20,20000,everyday_history,29,everyday_history,channel_latest,rqEq825_8I0,How Workers Built America’s First Superhighway Through Seven Mountains in 23 Months,3200,3 weeks ago,21,2967,https://www.youtube.com/watch?v=rqEq825_8I0
UClgo8akZOVpzeKm1o2oaurQ,Forgotten Labor,2025-11-20,20000,everyday_history,30,everyday_history,channel_latest,BYQsAiuuY4A,How Workers Built the Welland Canal to Carry Ships Past Niagara Falls and Open the Great Lakes,3400,3 weeks ago,21,2179,https://www.youtube.com/watch?v=BYQsAiuuY4A
UCHacVMLp7bHDC7e4eoPi9Dw,Psychology Simplified,2025-11-16,275000,psychology_society,1,psychology_society,channel_latest,iwT11ikiIn8,Why Highly Competent People Secretly Resent Being Needed,226,1 hour ago,0,694,https://www.youtube.com/watch?v=iwT11ikiIn8
UCHacVMLp7bHDC7e4eoPi9Dw,Psychology Simplified,2025-11-16,275000,psychology_society,2,psychology_society,channel_latest,5CjP-KRDAgc,The Psychology of Discipline (And How to Trick Your Brain Into Craving It),1700,20 hours ago,0,1027,https://www.youtube.com/watch?v=5CjP-KRDAgc
UCHacVMLp7bHDC7e4eoPi9Dw,Psychology Simplified,2025-11-16,275000,psychology_society,3,psychology_society,channel_latest,0s-cimj5ofM,Psychology of People Who Always Say I'm Fine,2200,3 days ago,3,482,https://www.youtube.com/watch?v=0s-cimj5ofM
UCHacVMLp7bHDC7e4eoPi9Dw,Psychology Simplified,2025-11-16,275000,psychology_society,4,psychology_society,channel_latest,i1EfM_OJFgM,Why Smart People Make Stupid Decisions (The Hidden Psychology),2900,5 days ago,5,484,https://www.youtube.com/watch?v=i1EfM_OJFgM
UCHacVMLp7bHDC7e4eoPi9Dw,Psychology Simplified,2025-11-16,275000,psychology_society,5,psychology_society,channel_latest,DXzP2wyzoXE,Why You're Meant To Be Alone (Psychology Explained),12000,7 days ago,7,488,https://www.youtube.com/watch?v=DXzP2wyzoXE
UCHacVMLp7bHDC7e4eoPi9Dw,Psychology Simplified,2025-11-16,275000,psychology_society,6,psychology_society,channel_latest,7WFUmNJR49M,Why One Person Becomes the Black Sheep of the Family,4300,11 days ago,11,481,https://www.youtube.com/watch?v=7WFUmNJR49M
UCHacVMLp7bHDC7e4eoPi9Dw,Psychology Simplified,2025-11-16,275000,psychology_society,7,psychology_society,channel_latest,RnpY-mAO3-8,Psychology of People Who Imagine Entire Lives In Their Head,6300,2 weeks ago,14,493,https://www.youtube.com/watch?v=RnpY-mAO3-8
UCHacVMLp7bHDC7e4eoPi9Dw,Psychology Simplified,2025-11-16,275000,psychology_society,8,psychology_society,channel_latest,dNVw0QDuYXE,"If You Do These 10 Things, You're Not Normal - You're Exceptionally Different",13000,2 weeks ago,14,484,https://www.youtube.com/watch?v=dNVw0QDuYXE
UCHacVMLp7bHDC7e4eoPi9Dw,Psychology Simplified,2025-11-16,275000,psychology_society,9,psychology_society,channel_latest,X7CD1QrVkgE,Psychology of Why Summer Doesn't feel The Same Anymore,6400,2 weeks ago,14,505,https://www.youtube.com/watch?v=X7CD1QrVkgE
UCHacVMLp7bHDC7e4eoPi9Dw,Psychology Simplified,2025-11-16,275000,psychology_society,10,psychology_society,channel_latest,CgHBO3nQejQ,Psychology of People Who Are Tired of Existing Right Now,10000,3 weeks ago,21,481,https://www.youtube.com/watch?v=CgHBO3nQejQ
UCHacVMLp7bHDC7e4eoPi9Dw,Psychology Simplified,2025-11-16,275000,psychology_society,11,psychology_society,channel_latest,mt7u68Yvj8I,9 Signs You Have Trauma Induced Intelligence,8500,3 weeks ago,21,481,https://www.youtube.com/watch?v=mt7u68Yvj8I
UCHacVMLp7bHDC7e4eoPi9Dw,Psychology Simplified,2025-11-16,275000,psychology_society,12,psychology_society,channel_latest,kpm2liyH-hc,Psychology of The Neglected Child,9700,4 weeks ago,28,482,https://www.youtube.com/watch?v=kpm2liyH-hc
UCHacVMLp7bHDC7e4eoPi9Dw,Psychology Simplified,2025-11-16,275000,psychology_society,13,psychology_society,channel_latest,c_mVIvg6lK8,Psychology of People Who Feel Like A Burden,4300,1 month ago,30,494,https://www.youtube.com/watch?v=c_mVIvg6lK8
UCHacVMLp7bHDC7e4eoPi9Dw,Psychology Simplified,2025-11-16,275000,psychology_society,14,psychology_society,channel_latest,mBidoROXA14,Why People Who Like Being Alone Had This Childhood | Hidden Psychology,14000,1 month ago,30,521,https://www.youtube.com/watch?v=mBidoROXA14
UCHacVMLp7bHDC7e4eoPi9Dw,Psychology Simplified,2025-11-16,275000,psychology_society,15,psychology_society,channel_latest,K-8ASm_jIPA,Psychology of People Who Don't Care About Football,4400,1 month ago,30,493,https://www.youtube.com/watch?v=K-8ASm_jIPA
UCHacVMLp7bHDC7e4eoPi9Dw,Psychology Simplified,2025-11-16,275000,psychology_society,16,psychology_society,channel_latest,FTR95zrdXHc,Psychology of People of Who Hate Small Talk,6300,1 month ago,30,480,https://www.youtube.com/watch?v=FTR95zrdXHc
UCHacVMLp7bHDC7e4eoPi9Dw,Psychology Simplified,2025-11-16,275000,psychology_society,17,psychology_society,channel_latest,VktiBsPlB_c,Psychology of People Who Disappear For Days Without Explanation,6000,1 month ago,30,493,https://www.youtube.com/watch?v=VktiBsPlB_c
UCHacVMLp7bHDC7e4eoPi9Dw,Psychology Simplified,2025-11-16,275000,psychology_society,18,psychology_society,channel_latest,WxrB9i_2ccE,7 Signs You Intimidate People (Without Realizing),23000,1 month ago,30,492,https://www.youtube.com/watch?v=WxrB9i_2ccE
UCHacVMLp7bHDC7e4eoPi9Dw,Psychology Simplified,2025-11-16,275000,psychology_society,19,psychology_society,channel_latest,aTfgRHCYSYA,The Psychology of The Man Child,10000,1 month ago,30,489,https://www.youtube.com/watch?v=aTfgRHCYSYA
UCHacVMLp7bHDC7e4eoPi9Dw,Psychology Simplified,2025-11-16,275000,psychology_society,20,psychology_society,channel_latest,JmMdTXllo8k,Psychology of People Who Hate Summer,62000,1 month ago,30,510,https://www.youtube.com/watch?v=JmMdTXllo8k
UCHacVMLp7bHDC7e4eoPi9Dw,Psychology Simplified,2025-11-16,275000,psychology_society,21,psychology_society,channel_latest,MpRCbK7hODs,Psychology of People Who Imagine Fake Scenarios Before Sleep,50000,1 month ago,30,493,https://www.youtube.com/watch?v=MpRCbK7hODs
UCHacVMLp7bHDC7e4eoPi9Dw,Psychology Simplified,2025-11-16,275000,psychology_society,22,psychology_society,channel_latest,g52hSJo7FQE,Psychology of People Who Hate Themselves (But Are Kind To Others),49000,1 month ago,30,490,https://www.youtube.com/watch?v=g52hSJo7FQE
UCHacVMLp7bHDC7e4eoPi9Dw,Psychology Simplified,2025-11-16,275000,psychology_society,23,psychology_society,channel_latest,T8POAhEIhX0,10 Things Only Gen X Will Remember (1965 - 1980),32000,2 months ago,60,547,https://www.youtube.com/watch?v=T8POAhEIhX0
UCHacVMLp7bHDC7e4eoPi9Dw,Psychology Simplified,2025-11-16,275000,psychology_society,24,psychology_society,channel_latest,WmVP2ka45R4,Do You Prefer Texting Over Phone Calls? (Here's Why),7100,2 months ago,60,498,https://www.youtube.com/watch?v=WmVP2ka45R4
UCHacVMLp7bHDC7e4eoPi9Dw,Psychology Simplified,2025-11-16,275000,psychology_society,25,psychology_society,channel_latest,dkhsIupcCGQ,This Rare Personality Type Succeeds Later In Life (Carl Jung Says),12000,2 months ago,60,491,https://www.youtube.com/watch?v=dkhsIupcCGQ
UCHacVMLp7bHDC7e4eoPi9Dw,Psychology Simplified,2025-11-16,275000,psychology_society,26,psychology_society,channel_latest,Po-EoF6z8GM,If You're Someone That Doesn't Use Instagram... Here's What That Tells You,10000,2 months ago,60,486,https://www.youtube.com/watch?v=Po-EoF6z8GM
UCHacVMLp7bHDC7e4eoPi9Dw,Psychology Simplified,2025-11-16,275000,psychology_society,27,psychology_society,channel_latest,rvB8v-Ky8eU,7 Signs You've Survived The Hardest Battles In Life,9500,2 months ago,60,507,https://www.youtube.com/watch?v=rvB8v-Ky8eU
UCHacVMLp7bHDC7e4eoPi9Dw,Psychology Simplified,2025-11-16,275000,psychology_society,28,psychology_society,channel_latest,tFVau6MybQs,Psychology of People Who Prefer Winter Over Summer,98000,2 months ago,60,508,https://www.youtube.com/watch?v=tFVau6MybQs
UCHacVMLp7bHDC7e4eoPi9Dw,Psychology Simplified,2025-11-16,275000,psychology_society,29,psychology_society,channel_latest,nGZu_pPQxvA,Psychology of People Who Don't Care About The World Cup,62000,2 months ago,60,518,https://www.youtube.com/watch?v=nGZu_pPQxvA
UCHacVMLp7bHDC7e4eoPi9Dw,Psychology Simplified,2025-11-16,275000,psychology_society,30,psychology_society,channel_latest,Mqmjg0U7Ayc,Why Do We Dream? The Strange Psychology Behind It,5600,2 months ago,60,523,https://www.youtube.com/watch?v=Mqmjg0U7Ayc
UCeUD9-4tOwIhA3gUsCxb7vA,All i need is 20 minutes,2025-11-11,28200,business_economics,1,business_economics,channel_latest,sFuPem9b9Ec,ALL OF MONEY Explained in 20 Minutes,523,3 days ago,3,1259,https://www.youtube.com/watch?v=sFuPem9b9Ec
UCeUD9-4tOwIhA3gUsCxb7vA,All i need is 20 minutes,2025-11-11,28200,business_economics,2,business_economics,channel_latest,fXGJGwHrAb8,ALL OF FINANCE Explained in 20 Minutes,4100,2 weeks ago,14,1234,https://www.youtube.com/watch?v=fXGJGwHrAb8
UCeUD9-4tOwIhA3gUsCxb7vA,All i need is 20 minutes,2025-11-11,28200,business_economics,3,business_economics,channel_latest,a8OCjA0N7Eo,The Only Accounting Lesson You'll Ever Need,5200,2 months ago,60,675,https://www.youtube.com/watch?v=a8OCjA0N7Eo
UCeUD9-4tOwIhA3gUsCxb7vA,All i need is 20 minutes,2025-11-11,28200,business_economics,4,business_economics,channel_latest,yK23_R9FvKc,ALL OF Enshittification Explained in 20 Minutes,5200,3 months ago,90,1177,https://www.youtube.com/watch?v=yK23_R9FvKc
UCeUD9-4tOwIhA3gUsCxb7vA,All i need is 20 minutes,2025-11-11,28200,business_economics,5,business_economics,channel_latest,qhjz0FqMPgc,The Realistic Path To Your First £100K,3000,3 months ago,90,1203,https://www.youtube.com/watch?v=qhjz0FqMPgc
UCeUD9-4tOwIhA3gUsCxb7vA,All i need is 20 minutes,2025-11-11,28200,business_economics,6,business_economics,channel_latest,RTM1b8aE5FM,ALL OF INVESTING EXPLAINED IN 20 MINUTES,3700,4 months ago,120,1030,https://www.youtube.com/watch?v=RTM1b8aE5FM
UCeUD9-4tOwIhA3gUsCxb7vA,All i need is 20 minutes,2025-11-11,28200,business_economics,7,business_economics,channel_latest,RGEG2oqBLpc,How To Start A Business With Almost No Money,11000,4 months ago,120,1117,https://www.youtube.com/watch?v=RGEG2oqBLpc
UCeUD9-4tOwIhA3gUsCxb7vA,All i need is 20 minutes,2025-11-11,28200,business_economics,8,business_economics,channel_latest,1YgZ9ovCJGg,ALL OF BLOCKCHAIN Explained in 20 Minutes,4600,4 months ago,120,1026,https://www.youtube.com/watch?v=1YgZ9ovCJGg
UCeUD9-4tOwIhA3gUsCxb7vA,All i need is 20 minutes,2025-11-11,28200,business_economics,9,business_economics,channel_latest,ryx7qNyOUak,How Companies Make You Buy Things You Don't Need,12000,5 months ago,150,995,https://www.youtube.com/watch?v=ryx7qNyOUak
UCeUD9-4tOwIhA3gUsCxb7vA,All i need is 20 minutes,2025-11-11,28200,business_economics,10,business_economics,channel_latest,K67P1RxTCxk,ALL OF SALES Explained in 16 Minutes,3600,5 months ago,150,961,https://www.youtube.com/watch?v=K67P1RxTCxk
UCeUD9-4tOwIhA3gUsCxb7vA,All i need is 20 minutes,2025-11-11,28200,business_economics,11,business_economics,channel_latest,IcvW2jIYGjM,ALL OF THE STOCK MARKET Explained in 20 Minutes,209000,5 months ago,150,1031,https://www.youtube.com/watch?v=IcvW2jIYGjM
UCeUD9-4tOwIhA3gUsCxb7vA,All i need is 20 minutes,2025-11-11,28200,business_economics,12,business_economics,channel_latest,ya3wT1cILdM,ALL OF ECONOMICS Explained in 20 Minutes,18000,6 months ago,180,961,https://www.youtube.com/watch?v=ya3wT1cILdM
UCeUD9-4tOwIhA3gUsCxb7vA,All i need is 20 minutes,2025-11-11,28200,business_economics,13,business_economics,channel_latest,sMv96A1Quso,ALL OF PERSONAL FINANCE Explained in 20 Minutes,10000,6 months ago,180,1061,https://www.youtube.com/watch?v=sMv96A1Quso
UCeUD9-4tOwIhA3gUsCxb7vA,All i need is 20 minutes,2025-11-11,28200,business_economics,14,business_economics,channel_latest,xdgEXn6sYrE,ALL OF PSYCHOLOGY Explained in 20 Minutes,11000,8 months ago,240,1073,https://www.youtube.com/watch?v=xdgEXn6sYrE
UCeUD9-4tOwIhA3gUsCxb7vA,All i need is 20 minutes,2025-11-11,28200,business_economics,15,business_economics,channel_latest,BvHVVvTIIm8,ALL OF AI in 20 Minutes,14000,8 months ago,240,1483,https://www.youtube.com/watch?v=BvHVVvTIIm8
UCeUD9-4tOwIhA3gUsCxb7vA,All i need is 20 minutes,2025-11-11,28200,business_economics,16,business_economics,channel_latest,2DYYO1OXMtM,ALL OF BUSINESS Explained in 20 Minutes,386000,8 months ago,240,944,https://www.youtube.com/watch?v=2DYYO1OXMtM
UCOl2oX_MPM0vSX7k8TKogMQ,Earthscapes Travel,2025-11-09,64000,nature_animals,1,nature_animals,channel_latest,xevFAXb9g9o,Living in Iran: How Do People Live in The Ancient Architectural Wonders? | 4K Travel Documentary,337,2 days ago,2,3607,https://www.youtube.com/watch?v=xevFAXb9g9o
UCOl2oX_MPM0vSX7k8TKogMQ,Earthscapes Travel,2025-11-09,64000,nature_animals,2,nature_animals,channel_latest,FNBHtAuPRjw,Living in Zagros : LIFE IN THE COLDEST PLACE IN IRAN | 4K Travel Documentary,894,9 days ago,9,3669,https://www.youtube.com/watch?v=FNBHtAuPRjw
UCOl2oX_MPM0vSX7k8TKogMQ,Earthscapes Travel,2025-11-09,64000,nature_animals,3,nature_animals,channel_latest,LSxSnF29B5U,Living in IRAN | How 90 Million People Live in One of the World's Most Misunderstood Countries | 4K,23000,2 weeks ago,14,3522,https://www.youtube.com/watch?v=LSxSnF29B5U
UCOl2oX_MPM0vSX7k8TKogMQ,Earthscapes Travel,2025-11-09,64000,nature_animals,4,nature_animals,channel_latest,U75fpYtVCo4,ETHIOPIA:The Unseen Side of Africa You Didn’t Know Existed| 4K Travel Documentary,1600,2 weeks ago,14,3042,https://www.youtube.com/watch?v=U75fpYtVCo4
UCOl2oX_MPM0vSX7k8TKogMQ,Earthscapes Travel,2025-11-09,64000,nature_animals,5,nature_animals,channel_latest,v1pK0iO-vSs,Switzerland | Unseen Villages & Hidden Gems in the Countryside | 4K Travel Documentary,769,4 weeks ago,28,1911,https://www.youtube.com/watch?v=v1pK0iO-vSs
UCOl2oX_MPM0vSX7k8TKogMQ,Earthscapes Travel,2025-11-09,64000,nature_animals,6,nature_animals,channel_latest,wbBKpRn_g0M,Living in GUYANA: How People Live in the Most Remote Country on Earth | 4K Travel Documentary,982,1 month ago,30,2167,https://www.youtube.com/watch?v=wbBKpRn_g0M
UCOl2oX_MPM0vSX7k8TKogMQ,Earthscapes Travel,2025-11-09,64000,nature_animals,7,nature_animals,channel_latest,E_FUhh1aPoE,Living in Curacao | How People Live on Caribbean Island that Nobody Talks About | 4K  Documentary,315,1 month ago,30,2159,https://www.youtube.com/watch?v=E_FUhh1aPoE
UCOl2oX_MPM0vSX7k8TKogMQ,Earthscapes Travel,2025-11-09,64000,nature_animals,8,nature_animals,channel_latest,HR5-W6n--vE,VENEZUELA | How People Live Beyond the Earthquake Headlines | 4K Documentary,1000,1 month ago,30,2272,https://www.youtube.com/watch?v=HR5-W6n--vE
UCOl2oX_MPM0vSX7k8TKogMQ,Earthscapes Travel,2025-11-09,64000,nature_animals,9,nature_animals,channel_latest,QKU9RQ2zoNY,CAPE VERDE: The Hidden Paradise You Know Nothing About | 4K Travel Documentary,555,1 month ago,30,2745,https://www.youtube.com/watch?v=QKU9RQ2zoNY
UCOl2oX_MPM0vSX7k8TKogMQ,Earthscapes Travel,2025-11-09,64000,nature_animals,10,nature_animals,channel_latest,Mdbd-VGfhEM,The Strait of Hormuz: How People Live in the World's Most Dangerous Shipping Route | 4K Documentary,1100,1 month ago,30,11354,https://www.youtube.com/watch?v=Mdbd-VGfhEM
UCOl2oX_MPM0vSX7k8TKogMQ,Earthscapes Travel,2025-11-09,64000,nature_animals,11,nature_animals,channel_latest,Q6-gue2sU8g,CHERNOBYL: Living at The Scariest Abandoned Place in the World | 4K Travel Documentary,464,1 month ago,30,2351,https://www.youtube.com/watch?v=Q6-gue2sU8g
UCOl2oX_MPM0vSX7k8TKogMQ,Earthscapes Travel,2025-11-09,64000,nature_animals,12,nature_animals,channel_latest,O9BWDVcSHL0,UKRAINE: The Reality You Only Know From The Headlines | 4K Travel Documentary,508,1 month ago,30,2176,https://www.youtube.com/watch?v=O9BWDVcSHL0
UCOl2oX_MPM0vSX7k8TKogMQ,Earthscapes Travel,2025-11-09,64000,nature_animals,13,nature_animals,channel_latest,8AhERnq2cOE,The Strait of Hormuz: A Paradise Trapped Inside the World's Most Dangerous Strait | 4K Documentary,1100,2 months ago,60,2255,https://www.youtube.com/watch?v=8AhERnq2cOE
UCOl2oX_MPM0vSX7k8TKogMQ,Earthscapes Travel,2025-11-09,64000,nature_animals,14,nature_animals,channel_latest,J9JbiCa39kk,Living in Fiji | How People Live in the Heart of the Pacific | 4K Documentary,525,2 months ago,60,2333,https://www.youtube.com/watch?v=J9JbiCa39kk
UCOl2oX_MPM0vSX7k8TKogMQ,Earthscapes Travel,2025-11-09,64000,nature_animals,15,nature_animals,channel_latest,HGUJIpJ2uWE,The Wakhan Corridor: Afghanistan’s Secret Gateway to China | 4K Travel Documentary,2900,2 months ago,60,3449,https://www.youtube.com/watch?v=HGUJIpJ2uWE
UCOl2oX_MPM0vSX7k8TKogMQ,Earthscapes Travel,2025-11-09,64000,nature_animals,16,nature_animals,channel_latest,t0_88DXi-RY,Tristan da Cunha: The World's Most Remote Inhabited Island | 4K Documentary,10000,2 months ago,60,1942,https://www.youtube.com/watch?v=t0_88DXi-RY
UCOl2oX_MPM0vSX7k8TKogMQ,Earthscapes Travel,2025-11-09,64000,nature_animals,17,nature_animals,channel_latest,pWbBzL69ojk,CAUCASUS: The Wild Spirit of a World You Never Heard Of |4K Travel Documentary,1200,2 months ago,60,4164,https://www.youtube.com/watch?v=pWbBzL69ojk
UCOl2oX_MPM0vSX7k8TKogMQ,Earthscapes Travel,2025-11-09,64000,nature_animals,18,nature_animals,channel_latest,IocBwbjO4I8,UNSEEN IRAN: The Most Breathtaking Land History Tried to Erase | 4K Travel Documentary,909,2 months ago,60,2970,https://www.youtube.com/watch?v=IocBwbjO4I8
UCOl2oX_MPM0vSX7k8TKogMQ,Earthscapes Travel,2025-11-09,64000,nature_animals,19,nature_animals,channel_latest,qwQKFak_xjg,STRAIT OF HORMUZ: A Fragile Lifeline That Decided World Power | 4K Travel Documentary,1800,2 months ago,60,2582,https://www.youtube.com/watch?v=qwQKFak_xjg
UCOl2oX_MPM0vSX7k8TKogMQ,Earthscapes Travel,2025-11-09,64000,nature_animals,20,nature_animals,channel_latest,5SMBC2PT9vQ,AFGHANISTAN: The Hidden Gateway to China That the World Overlooks | 4K Travel Documentary,2100,3 months ago,90,2544,https://www.youtube.com/watch?v=5SMBC2PT9vQ
UCOl2oX_MPM0vSX7k8TKogMQ,Earthscapes Travel,2025-11-09,64000,nature_animals,21,nature_animals,channel_latest,_AESmXADYms,The Strait of Hormuz: The Safe and Beautiful  in The Most Dangerous Energy Corridor | 4K Documentary,604,3 months ago,90,2513,https://www.youtube.com/watch?v=_AESmXADYms
UCOl2oX_MPM0vSX7k8TKogMQ,Earthscapes Travel,2025-11-09,64000,nature_animals,22,nature_animals,channel_latest,IpAk6X09_P8,IRAN: From the Strait of Hormuz to Hidden Beauty the World Never Sees | 4K Travel  Documentary,2200,3 months ago,90,2898,https://www.youtube.com/watch?v=IpAk6X09_P8
UCOl2oX_MPM0vSX7k8TKogMQ,Earthscapes Travel,2025-11-09,64000,nature_animals,23,nature_animals,channel_latest,0bUYXRMy_5Q,The Strait of Hormuz: The Hidden Life in the World’s Most Dangerous Strait | Travel Documentary,4000,3 months ago,90,2480,https://www.youtube.com/watch?v=0bUYXRMy_5Q
UCOl2oX_MPM0vSX7k8TKogMQ,Earthscapes Travel,2025-11-09,64000,nature_animals,24,nature_animals,channel_latest,_o72WImGe-s,TIBET: A Hidden World Above the Himalayas You’ll Never See | 4K Documentary,2000,3 months ago,90,2784,https://www.youtube.com/watch?v=_o72WImGe-s
UCOl2oX_MPM0vSX7k8TKogMQ,Earthscapes Travel,2025-11-09,64000,nature_animals,25,nature_animals,channel_latest,TYRvub0O1ns,The Strait of Hormuz: Real Life Inside the World's Most Dangerous Energy Lifeline | 4K Documentary,3400000,3 months ago,90,3067,https://www.youtube.com/watch?v=TYRvub0O1ns
UCOl2oX_MPM0vSX7k8TKogMQ,Earthscapes Travel,2025-11-09,64000,nature_animals,26,nature_animals,channel_latest,5ASGTsIVz7M,Unseen IRAN: How People Live in the World's Most Blockaded Civilization | 4K Travel Documentary,29000,3 months ago,90,3045,https://www.youtube.com/watch?v=5ASGTsIVz7M
UCOl2oX_MPM0vSX7k8TKogMQ,Earthscapes Travel,2025-11-09,64000,nature_animals,27,nature_animals,channel_latest,hcO_TV1gNwM,UNSEEN IRAN: The Hidden Village Life Far from Civilization | 4K Travel Documentary,13000,4 months ago,120,2828,https://www.youtube.com/watch?v=hcO_TV1gNwM
UCOl2oX_MPM0vSX7k8TKogMQ,Earthscapes Travel,2025-11-09,64000,nature_animals,28,nature_animals,channel_latest,3iZ8PN0p7tE,The Strait of Hormuz: The World's Most Dangerous Chokepoint | 4K Documentary,80000,4 months ago,120,3172,https://www.youtube.com/watch?v=3iZ8PN0p7tE
UCOl2oX_MPM0vSX7k8TKogMQ,Earthscapes Travel,2025-11-09,64000,nature_animals,29,nature_animals,channel_latest,GMCAN-OCUOY,IRAN: The Hidden Side of the Country You’re Not Allowed To See | 4K Travel Documentary,10000,4 months ago,120,3075,https://www.youtube.com/watch?v=GMCAN-OCUOY
UCeSv-5lk1uqGyO9zpNYMvrA,Mil Gear Explainer,2025-11-09,27800,practical_lifestyle,1,practical_lifestyle,channel_latest,1hbLra5cVwg,Every PDW Round That Could Defeat Armor,48000,1 day ago,1,979,https://www.youtube.com/watch?v=1hbLra5cVwg
UCeSv-5lk1uqGyO9zpNYMvrA,Mil Gear Explainer,2025-11-09,27800,practical_lifestyle,2,practical_lifestyle,channel_latest,TM3WuiVZ7vI,Every Necked Down Bullet Explained,7000,4 days ago,4,823,https://www.youtube.com/watch?v=TM3WuiVZ7vI
UCeSv-5lk1uqGyO9zpNYMvrA,Mil Gear Explainer,2025-11-09,27800,practical_lifestyle,3,practical_lifestyle,channel_latest,--YhdMX_CYA,1 Hour of M4 Flaws & Fixes Deep Dive,9600,7 days ago,7,3883,https://www.youtube.com/watch?v=--YhdMX_CYA
UCeSv-5lk1uqGyO9zpNYMvrA,Mil Gear Explainer,2025-11-09,27800,practical_lifestyle,4,practical_lifestyle,channel_latest,2-SvfA4YGck,Every PDW Short Carbine Made Pointless,84000,12 days ago,12,816,https://www.youtube.com/watch?v=2-SvfA4YGck
UCeSv-5lk1uqGyO9zpNYMvrA,Mil Gear Explainer,2025-11-09,27800,practical_lifestyle,5,practical_lifestyle,channel_latest,y3yOFiD2TwU,Every Gun That Copied the MP5,10000,2 weeks ago,14,682,https://www.youtube.com/watch?v=y3yOFiD2TwU
UCeSv-5lk1uqGyO9zpNYMvrA,Mil Gear Explainer,2025-11-09,27800,practical_lifestyle,6,practical_lifestyle,channel_latest,K-x3VRwJqak,Every MP5's Genius Engineering Explained,52000,2 weeks ago,14,835,https://www.youtube.com/watch?v=K-x3VRwJqak
UCeSv-5lk1uqGyO9zpNYMvrA,Mil Gear Explainer,2025-11-09,27800,practical_lifestyle,7,practical_lifestyle,channel_latest,iGWoJeCG9Gw,Every Submachine Gun Killed By Short Rifles,213000,3 weeks ago,21,854,https://www.youtube.com/watch?v=iGWoJeCG9Gw
UCeSv-5lk1uqGyO9zpNYMvrA,Mil Gear Explainer,2025-11-09,27800,practical_lifestyle,8,practical_lifestyle,channel_latest,jDoj1EY0roU,Every Reticle Use Case Explained,9300,3 weeks ago,21,812,https://www.youtube.com/watch?v=jDoj1EY0roU
UCeSv-5lk1uqGyO9zpNYMvrA,Mil Gear Explainer,2025-11-09,27800,practical_lifestyle,9,practical_lifestyle,channel_latest,vPl2EKh-5WA,Every AR15 Part Worth Paying For,7400,4 weeks ago,28,758,https://www.youtube.com/watch?v=vPl2EKh-5WA
UCeSv-5lk1uqGyO9zpNYMvrA,Mil Gear Explainer,2025-11-09,27800,practical_lifestyle,10,practical_lifestyle,channel_latest,JTxmParCVs8,Every Failed Gun Design Explained,275000,1 month ago,30,1357,https://www.youtube.com/watch?v=JTxmParCVs8
UCeSv-5lk1uqGyO9zpNYMvrA,Mil Gear Explainer,2025-11-09,27800,practical_lifestyle,11,practical_lifestyle,channel_latest,VdHF_3BeToc,Gun Can't Pass These Tests Easily,6000,1 month ago,30,763,https://www.youtube.com/watch?v=VdHF_3BeToc
UCeSv-5lk1uqGyO9zpNYMvrA,Mil Gear Explainer,2025-11-09,27800,practical_lifestyle,12,practical_lifestyle,channel_latest,cSTQppguIuw,Every Optic Mount Height Explained,48000,1 month ago,30,369,https://www.youtube.com/watch?v=cSTQppguIuw
UCeSv-5lk1uqGyO9zpNYMvrA,Mil Gear Explainer,2025-11-09,27800,practical_lifestyle,13,practical_lifestyle,channel_latest,4YEI5KPEG5g,Every US Service Pistol in 250 Years,93000,1 month ago,30,880,https://www.youtube.com/watch?v=4YEI5KPEG5g
UCeSv-5lk1uqGyO9zpNYMvrA,Mil Gear Explainer,2025-11-09,27800,practical_lifestyle,14,practical_lifestyle,channel_latest,o0LINKnjV2Q,Every Aiming Method Explained,477000,1 month ago,30,715,https://www.youtube.com/watch?v=o0LINKnjV2Q
UCeSv-5lk1uqGyO9zpNYMvrA,Mil Gear Explainer,2025-11-09,27800,practical_lifestyle,15,practical_lifestyle,channel_latest,4YTWaiHSnR4,Every CAR15 Model Explained,32000,1 month ago,30,688,https://www.youtube.com/watch?v=4YTWaiHSnR4
UCeSv-5lk1uqGyO9zpNYMvrA,Mil Gear Explainer,2025-11-09,27800,practical_lifestyle,16,practical_lifestyle,channel_latest,KgichtZ_f7w,Every AK Flaw Explained,32000,1 month ago,30,663,https://www.youtube.com/watch?v=KgichtZ_f7w
UCeSv-5lk1uqGyO9zpNYMvrA,Mil Gear Explainer,2025-11-09,27800,practical_lifestyle,17,practical_lifestyle,channel_latest,oTT6PLKFuaQ,That old 5.56 Is getting BUFFED again,71000,1 month ago,30,582,https://www.youtube.com/watch?v=oTT6PLKFuaQ
UCeSv-5lk1uqGyO9zpNYMvrA,Mil Gear Explainer,2025-11-09,27800,practical_lifestyle,18,practical_lifestyle,channel_latest,ZhXIrFr4fio,Every AR15 Part Copied Onto AK,11000,2 months ago,60,710,https://www.youtube.com/watch?v=ZhXIrFr4fio
UCeSv-5lk1uqGyO9zpNYMvrA,Mil Gear Explainer,2025-11-09,27800,practical_lifestyle,19,practical_lifestyle,channel_latest,x5KDOITErBY,Every US Service Rifle In 250 years [Lead Ball to Spitzer],329000,2 months ago,60,851,https://www.youtube.com/watch?v=x5KDOITErBY
UCeSv-5lk1uqGyO9zpNYMvrA,Mil Gear Explainer,2025-11-09,27800,practical_lifestyle,20,practical_lifestyle,channel_latest,0RDcNHpjHGw,"That DUMB 1.5"" EVERY gun guy obsesses over",61000,2 months ago,60,792,https://www.youtube.com/watch?v=0RDcNHpjHGw
UCeSv-5lk1uqGyO9zpNYMvrA,Mil Gear Explainer,2025-11-09,27800,practical_lifestyle,21,practical_lifestyle,channel_latest,E_uMZSjHnqw,THAT Gun Every Video Game Nerfed,8600,2 months ago,60,787,https://www.youtube.com/watch?v=E_uMZSjHnqw
UCeSv-5lk1uqGyO9zpNYMvrA,Mil Gear Explainer,2025-11-09,27800,practical_lifestyle,22,practical_lifestyle,channel_latest,MOPGFvfW62s,Every AR15 Barrel Length Debate Explained,82000,2 months ago,60,938,https://www.youtube.com/watch?v=MOPGFvfW62s
UCeSv-5lk1uqGyO9zpNYMvrA,Mil Gear Explainer,2025-11-09,27800,practical_lifestyle,23,practical_lifestyle,channel_latest,7lDt9de3HOc,Every AR15 NICHE Market Explained,74000,2 months ago,60,828,https://www.youtube.com/watch?v=7lDt9de3HOc
UCeSv-5lk1uqGyO9zpNYMvrA,Mil Gear Explainer,2025-11-09,27800,practical_lifestyle,24,practical_lifestyle,channel_latest,_P9QXedTPPQ,"If shorter is better... why stop at 10.3""",191000,2 months ago,60,847,https://www.youtube.com/watch?v=_P9QXedTPPQ
UCeSv-5lk1uqGyO9zpNYMvrA,Mil Gear Explainer,2025-11-09,27800,practical_lifestyle,25,practical_lifestyle,channel_latest,UcqUhdrFxXw,if m16 and ar15 same...why people nitpick,188000,3 months ago,90,495,https://www.youtube.com/watch?v=UcqUhdrFxXw
UCeSv-5lk1uqGyO9zpNYMvrA,Mil Gear Explainer,2025-11-09,27800,practical_lifestyle,26,practical_lifestyle,channel_latest,PA0wJJEAbek,Every M16 Flaw Explained Without Technical Jargon,125000,3 months ago,90,925,https://www.youtube.com/watch?v=PA0wJJEAbek
UCeSv-5lk1uqGyO9zpNYMvrA,Mil Gear Explainer,2025-11-09,27800,practical_lifestyle,27,practical_lifestyle,channel_latest,vanJ1EyiPC8,Every Military M4 Niche Contract Explained,226000,3 months ago,90,909,https://www.youtube.com/watch?v=vanJ1EyiPC8
UCeSv-5lk1uqGyO9zpNYMvrA,Mil Gear Explainer,2025-11-09,27800,practical_lifestyle,28,practical_lifestyle,channel_latest,89iuGaElGCY,Every M4 Flaw Before It Became Reliable,348000,3 months ago,90,846,https://www.youtube.com/watch?v=89iuGaElGCY
UCeSv-5lk1uqGyO9zpNYMvrA,Mil Gear Explainer,2025-11-09,27800,practical_lifestyle,29,practical_lifestyle,channel_latest,FCFwvLkolgA,Every Chinese Rare Earth Material For US Weapons,2500,4 months ago,120,727,https://www.youtube.com/watch?v=FCFwvLkolgA
UCeSv-5lk1uqGyO9zpNYMvrA,Mil Gear Explainer,2025-11-09,27800,practical_lifestyle,30,practical_lifestyle,channel_latest,ZuJEN9ikRRM,Every AR15 Sight Type Explained,12000,4 months ago,120,575,https://www.youtube.com/watch?v=ZuJEN9ikRRM
UCjAXMNVk-bbSPWF7pjIwFJg,Vikash Forensics,2025-11-02,5530,internet_mysteries,1,internet_mysteries,channel_latest,2Q4VmLBBUok,Article 370 हटाने के पीछे का चौंकाने वाला सच | Pegasus: द अनटोल्ड स्टोरी | Vikash Kumar,1500,3 months ago,90,501,https://www.youtube.com/watch?v=2Q4VmLBBUok
UCjAXMNVk-bbSPWF7pjIwFJg,Vikash Forensics,2025-11-02,5530,internet_mysteries,2,internet_mysteries,channel_latest,_wPXi4jlbS0,Scam: Dark Reality behind every Cyber Crime | Documentary by Vikash Kumar on Data Privacy&Protection,11000,4 months ago,120,2747,https://www.youtube.com/watch?v=_wPXi4jlbS0
UCjAXMNVk-bbSPWF7pjIwFJg,Vikash Forensics,2025-11-02,5530,internet_mysteries,3,internet_mysteries,channel_latest,XRPKWBBOXfY,The SHOCKING Truth behind Asia's biggest Cyber Mafia in KK Park Documentary | Amit Dubey | Vardiwala,329000,7 months ago,210,1529,https://www.youtube.com/watch?v=XRPKWBBOXfY
UCjAXMNVk-bbSPWF7pjIwFJg,Vikash Forensics,2025-11-02,5530,internet_mysteries,4,internet_mysteries,channel_latest,Fgr0-U_Q9QM,"Exposing Scammers Behind India’s ₹1,00,000 Crore Fraud || India's Biggest Documentary on Cyber Crime",146000,9 months ago,270,2297,https://www.youtube.com/watch?v=Fgr0-U_Q9QM
UCppyAe3EEAGcGknEr4C4H-A,Beyond The Rings,2025-11-01,10700,speculative_scifi,1,speculative_scifi,channel_latest,lzDvEUHUObo,The Supermassive Black Hole That Shouldn't Exist,272,22 hours ago,0,487,https://www.youtube.com/watch?v=lzDvEUHUObo
UCppyAe3EEAGcGknEr4C4H-A,Beyond The Rings,2025-11-01,10700,speculative_scifi,2,speculative_scifi,channel_latest,rOFyE22B9fc,We Replaced The Moon With Something Else,613,9 days ago,9,497,https://www.youtube.com/watch?v=rOFyE22B9fc
UCppyAe3EEAGcGknEr4C4H-A,Beyond The Rings,2025-11-01,10700,speculative_scifi,3,speculative_scifi,channel_latest,SJhBOvh2ybM,We Moved Our Solar System to Another Galaxy,6700,2 weeks ago,14,487,https://www.youtube.com/watch?v=SJhBOvh2ybM
UCppyAe3EEAGcGknEr4C4H-A,Beyond The Rings,2025-11-01,10700,speculative_scifi,4,speculative_scifi,channel_latest,zQKNNAoAt_Q,Stephenson 2-18 Is NOT the Largest Star,97000,4 weeks ago,28,493,https://www.youtube.com/watch?v=zQKNNAoAt_Q
UCppyAe3EEAGcGknEr4C4H-A,Beyond The Rings,2025-11-01,10700,speculative_scifi,5,speculative_scifi,channel_latest,QZ0WLdzTtLo,What We Found Inside the Andromeda Galaxy,2300,1 month ago,30,485,https://www.youtube.com/watch?v=QZ0WLdzTtLo
UCppyAe3EEAGcGknEr4C4H-A,Beyond The Rings,2025-11-01,10700,speculative_scifi,6,speculative_scifi,channel_latest,6rI9ERAP4Qk,An Anomaly Entered Our Solar System | An Insane Simulation,4600,1 month ago,30,700,https://www.youtube.com/watch?v=6rI9ERAP4Qk
UCppyAe3EEAGcGknEr4C4H-A,Beyond The Rings,2025-11-01,10700,speculative_scifi,7,speculative_scifi,channel_latest,FgU_0RKhiEQ,We Changed the Sun... And Saw This,2100,1 month ago,30,316,https://www.youtube.com/watch?v=FgU_0RKhiEQ
UCppyAe3EEAGcGknEr4C4H-A,Beyond The Rings,2025-11-01,10700,speculative_scifi,8,speculative_scifi,channel_latest,ncX5j5ycRcg,Two Supermassive Black Holes Trapped Forever | The Most Terrifying Journey,1500,1 month ago,30,499,https://www.youtube.com/watch?v=ncX5j5ycRcg
UCppyAe3EEAGcGknEr4C4H-A,Beyond The Rings,2025-11-01,10700,speculative_scifi,9,speculative_scifi,channel_latest,Bjb0VKBxxIw,We Traveled to the Most Famous Black Hole Ever,1300,1 month ago,30,483,https://www.youtube.com/watch?v=Bjb0VKBxxIw
UCppyAe3EEAGcGknEr4C4H-A,Beyond The Rings,2025-11-01,10700,speculative_scifi,10,speculative_scifi,channel_latest,yyiYJdJ5bOk,Voyager 2 May Find Something One Billion Years From Now,3700,1 month ago,30,572,https://www.youtube.com/watch?v=yyiYJdJ5bOk
UCppyAe3EEAGcGknEr4C4H-A,Beyond The Rings,2025-11-01,10700,speculative_scifi,11,speculative_scifi,channel_latest,DO399LPXlXs,TON 618 and Stephenson 2-18 Replaced the Sun,7900,1 month ago,30,535,https://www.youtube.com/watch?v=DO399LPXlXs
UCppyAe3EEAGcGknEr4C4H-A,Beyond The Rings,2025-11-01,10700,speculative_scifi,12,speculative_scifi,channel_latest,oxG_Ophey7s,The Real Shape of Orion's Belt,2300,1 month ago,30,488,https://www.youtube.com/watch?v=oxG_Ophey7s
UCppyAe3EEAGcGknEr4C4H-A,Beyond The Rings,2025-11-01,10700,speculative_scifi,13,speculative_scifi,channel_latest,KwLb05kN4dA,When Sagittarius A Became TON 618 | A Chilling Simulation,1800,2 months ago,60,759,https://www.youtube.com/watch?v=KwLb05kN4dA
UCppyAe3EEAGcGknEr4C4H-A,Beyond The Rings,2025-11-01,10700,speculative_scifi,14,speculative_scifi,channel_latest,LQvIFZv-F2I,This Galaxy Has a Giant Hole in the Middle,2100,2 months ago,60,485,https://www.youtube.com/watch?v=LQvIFZv-F2I
UCppyAe3EEAGcGknEr4C4H-A,Beyond The Rings,2025-11-01,10700,speculative_scifi,15,speculative_scifi,channel_latest,4WmR_pbB0Nk,The Bizarre Star That Engulfs the Solar System,48000,2 months ago,60,482,https://www.youtube.com/watch?v=4WmR_pbB0Nk
UCppyAe3EEAGcGknEr4C4H-A,Beyond The Rings,2025-11-01,10700,speculative_scifi,16,speculative_scifi,channel_latest,2bX5EEhYTAY,The Speed of Light is Ridiculously Slow,2100,2 months ago,60,504,https://www.youtube.com/watch?v=2bX5EEhYTAY
UCppyAe3EEAGcGknEr4C4H-A,Beyond The Rings,2025-11-01,10700,speculative_scifi,17,speculative_scifi,channel_latest,LHOgV1jVKkk,What Voyager 1 Will See in 1 Trillion Years,222000,2 months ago,60,811,https://www.youtube.com/watch?v=LHOgV1jVKkk
UCppyAe3EEAGcGknEr4C4H-A,Beyond The Rings,2025-11-01,10700,speculative_scifi,18,speculative_scifi,channel_latest,G4YAqoEV64o,What's Hiding on the Other Side of Our Galaxy?,9400,2 months ago,60,499,https://www.youtube.com/watch?v=G4YAqoEV64o
UCppyAe3EEAGcGknEr4C4H-A,Beyond The Rings,2025-11-01,10700,speculative_scifi,19,speculative_scifi,channel_latest,KRBouFtqY_c,Falling Into TON 618 | The Point of No Return,2100,2 months ago,60,436,https://www.youtube.com/watch?v=KRBouFtqY_c
UCppyAe3EEAGcGknEr4C4H-A,Beyond The Rings,2025-11-01,10700,speculative_scifi,20,speculative_scifi,channel_latest,t5KTEx6Bod0,The Most Insane Sunsets Ever: From Stephenson 2-18 to TON 618,26000,2 months ago,60,713,https://www.youtube.com/watch?v=t5KTEx6Bod0
UCppyAe3EEAGcGknEr4C4H-A,Beyond The Rings,2025-11-01,10700,speculative_scifi,21,speculative_scifi,channel_latest,zKGa6LBoP-w,This Black Hole Created the Largest Monster Ever Observed,5100,2 months ago,60,500,https://www.youtube.com/watch?v=zKGa6LBoP-w
UCppyAe3EEAGcGknEr4C4H-A,Beyond The Rings,2025-11-01,10700,speculative_scifi,22,speculative_scifi,channel_latest,QC0BUoRkw2Y,Space Shouldn’t Be This Silent | Something Is Wrong,1100,3 months ago,90,488,https://www.youtube.com/watch?v=QC0BUoRkw2Y
UCppyAe3EEAGcGknEr4C4H-A,Beyond The Rings,2025-11-01,10700,speculative_scifi,23,speculative_scifi,channel_latest,n5TOFjhHAq0,We Made TON 618 Look Small | The Largest Black Hole Is Nothing,121000,3 months ago,90,484,https://www.youtube.com/watch?v=n5TOFjhHAq0
UCppyAe3EEAGcGknEr4C4H-A,Beyond The Rings,2025-11-01,10700,speculative_scifi,24,speculative_scifi,channel_latest,9jZGd0HWIxQ,A Strange Object Entered Our Solar System | A Terrifying Simulation,84000,3 months ago,90,561,https://www.youtube.com/watch?v=9jZGd0HWIxQ
UCppyAe3EEAGcGknEr4C4H-A,Beyond The Rings,2025-11-01,10700,speculative_scifi,25,speculative_scifi,channel_latest,GDheGv0KA-4,We Orbited the Black Hole Inside the Largest Galaxy Ever Found,8400,3 months ago,90,567,https://www.youtube.com/watch?v=GDheGv0KA-4
UCppyAe3EEAGcGknEr4C4H-A,Beyond The Rings,2025-11-01,10700,speculative_scifi,26,speculative_scifi,channel_latest,_JOg9iXA7DA,We Found a Star That Could Swallow the Entire Inner Solar System,9400,3 months ago,90,487,https://www.youtube.com/watch?v=_JOg9iXA7DA
UCppyAe3EEAGcGknEr4C4H-A,Beyond The Rings,2025-11-01,10700,speculative_scifi,27,speculative_scifi,channel_latest,eqmd9o3UyHU,Moving Our Solar System to our Galaxy's Central Black Hole | This Is What We Saw,42000,3 months ago,90,492,https://www.youtube.com/watch?v=eqmd9o3UyHU
UCppyAe3EEAGcGknEr4C4H-A,Beyond The Rings,2025-11-01,10700,speculative_scifi,28,speculative_scifi,channel_latest,G0szH2V_I1A,We Replaced The Closest Star With Supermassive Black Holes | This Happened,36000,3 months ago,90,598,https://www.youtube.com/watch?v=G0szH2V_I1A
UCppyAe3EEAGcGknEr4C4H-A,Beyond The Rings,2025-11-01,10700,speculative_scifi,29,speculative_scifi,channel_latest,Rm5QREv0lj4,We Traveled to the Edge of the Observable Universe | And Found This,10000,3 months ago,90,530,https://www.youtube.com/watch?v=Rm5QREv0lj4
UCppyAe3EEAGcGknEr4C4H-A,Beyond The Rings,2025-11-01,10700,speculative_scifi,30,speculative_scifi,channel_latest,88rA_m6c5tY,A Journey To One of the Most Mysterious Places in the Universe,5100,4 months ago,120,569,https://www.youtube.com/watch?v=88rA_m6c5tY
UC4UVmkFWcqT6aHPG6tRAlvA,Cheatham Media,2025-10-28,43000,consumer_systems,1,consumer_systems,channel_latest,r2tAfJPydqc,THIS VIDEO IS FOR MY WIFE'S BIRTHDAY! Grease 2 Is Better Than the Original! OH!,1900,23 hours ago,0,1065,https://www.youtube.com/watch?v=r2tAfJPydqc
UC4UVmkFWcqT6aHPG6tRAlvA,Cheatham Media,2025-10-28,43000,consumer_systems,2,consumer_systems,channel_latest,zJDnPbTLC_c,"Bear Saw Every Red Flag, He Just Didn't Care",55000,5 days ago,5,3465,https://www.youtube.com/watch?v=zJDnPbTLC_c
UC4UVmkFWcqT6aHPG6tRAlvA,Cheatham Media,2025-10-28,43000,consumer_systems,3,consumer_systems,channel_latest,obh22c_F00U,Backrooms Is About Way More Than You Think,104000,11 days ago,11,4036,https://www.youtube.com/watch?v=obh22c_F00U
UC4UVmkFWcqT6aHPG6tRAlvA,Cheatham Media,2025-10-28,43000,consumer_systems,4,consumer_systems,channel_latest,122mv-5ArnQ,Good Intentions Don't Make Good Parents,60000,2 weeks ago,14,1979,https://www.youtube.com/watch?v=122mv-5ArnQ
UC4UVmkFWcqT6aHPG6tRAlvA,Cheatham Media,2025-10-28,43000,consumer_systems,5,consumer_systems,channel_latest,29S3BifnVOw,The Death of Second Chances,29000,3 weeks ago,21,2240,https://www.youtube.com/watch?v=29S3BifnVOw
UC4UVmkFWcqT6aHPG6tRAlvA,Cheatham Media,2025-10-28,43000,consumer_systems,6,consumer_systems,channel_latest,Q9uXpx1ucnI,You Completely Missed the Point of This Episode,23000,4 weeks ago,28,728,https://www.youtube.com/watch?v=Q9uXpx1ucnI
UC4UVmkFWcqT6aHPG6tRAlvA,Cheatham Media,2025-10-28,43000,consumer_systems,7,consumer_systems,channel_latest,z8oFc53iS3E,This Black Mirror Episode Is Dangerously Close To Reality,111000,1 month ago,30,1881,https://www.youtube.com/watch?v=z8oFc53iS3E
UC4UVmkFWcqT6aHPG6tRAlvA,Cheatham Media,2025-10-28,43000,consumer_systems,8,consumer_systems,channel_latest,aj-ISw4RMU0,"When the Truth Is Too Painful To Accept, What's Next?",16000,1 month ago,30,1054,https://www.youtube.com/watch?v=aj-ISw4RMU0
UC4UVmkFWcqT6aHPG6tRAlvA,Cheatham Media,2025-10-28,43000,consumer_systems,9,consumer_systems,channel_latest,t68lOrybVTQ,Verity's Guide To Revenge: How To Weaponize Reality,64000,1 month ago,30,2455,https://www.youtube.com/watch?v=t68lOrybVTQ
UC4UVmkFWcqT6aHPG6tRAlvA,Cheatham Media,2025-10-28,43000,consumer_systems,10,consumer_systems,channel_latest,vSQFOeTfwa4,"The Meaning of Life According to Zima Blue | Love, Death + Robots",11000,1 month ago,30,660,https://www.youtube.com/watch?v=vSQFOeTfwa4
UC4UVmkFWcqT6aHPG6tRAlvA,Cheatham Media,2025-10-28,43000,consumer_systems,11,consumer_systems,channel_latest,zH09X_sQrjQ,"The Terrifying Inspiration Behind Jordan Peele's ""US""",15000,1 month ago,30,886,https://www.youtube.com/watch?v=zH09X_sQrjQ
UC4UVmkFWcqT6aHPG6tRAlvA,Cheatham Media,2025-10-28,43000,consumer_systems,12,consumer_systems,channel_latest,_MI8OQyA_cw,The American Nightmare Hidden Within US,88000,1 month ago,30,2808,https://www.youtube.com/watch?v=_MI8OQyA_cw
UC4UVmkFWcqT6aHPG6tRAlvA,Cheatham Media,2025-10-28,43000,consumer_systems,13,consumer_systems,channel_latest,Ug4wXza6jng,"The DISTURBING Movie That Inspired ""BACKROOMS"" | 1 Hour Photo",196000,1 month ago,30,2427,https://www.youtube.com/watch?v=Ug4wXza6jng
UC4UVmkFWcqT6aHPG6tRAlvA,Cheatham Media,2025-10-28,43000,consumer_systems,14,consumer_systems,channel_latest,qSOFbRKSE14,"The Inspiration Behind Remmick ""SINNERS"" Iconic Villain | The Twilight Zone",10000,2 months ago,60,1176,https://www.youtube.com/watch?v=qSOFbRKSE14
UC4UVmkFWcqT6aHPG6tRAlvA,Cheatham Media,2025-10-28,43000,consumer_systems,15,consumer_systems,channel_latest,HbgITihV9QQ,The Consequences of A Violent Life | The Death of Robin Hood Review,5200,2 months ago,60,857,https://www.youtube.com/watch?v=HbgITihV9QQ
UC4UVmkFWcqT6aHPG6tRAlvA,Cheatham Media,2025-10-28,43000,consumer_systems,16,consumer_systems,channel_latest,RA3iFJu5XQo,Sinners: The Misunderstood Masterpiece,60000,2 months ago,60,3509,https://www.youtube.com/watch?v=RA3iFJu5XQo
UC4UVmkFWcqT6aHPG6tRAlvA,Cheatham Media,2025-10-28,43000,consumer_systems,17,consumer_systems,channel_latest,7Cjf1vEGMWc,How Anthony Fremont Inspired Robert Daly | The Twilight Zone,21000,2 months ago,60,1392,https://www.youtube.com/watch?v=7Cjf1vEGMWc
UC4UVmkFWcqT6aHPG6tRAlvA,Cheatham Media,2025-10-28,43000,consumer_systems,18,consumer_systems,channel_latest,np_6qYi2iZg,USS Callister & Black Mirrors Most Sadistic Villain,187000,2 months ago,60,3783,https://www.youtube.com/watch?v=np_6qYi2iZg
UC4UVmkFWcqT6aHPG6tRAlvA,Cheatham Media,2025-10-28,43000,consumer_systems,19,consumer_systems,channel_latest,Tj5AYXsOqdc,Sometimes Dead Is Better,84000,2 months ago,60,2094,https://www.youtube.com/watch?v=Tj5AYXsOqdc
UC4UVmkFWcqT6aHPG6tRAlvA,Cheatham Media,2025-10-28,43000,consumer_systems,20,consumer_systems,channel_latest,EKbCo7vVsfY,Would You Trust an Algorithm to Find Your Soulmate?,76000,3 months ago,90,1773,https://www.youtube.com/watch?v=EKbCo7vVsfY
UC4UVmkFWcqT6aHPG6tRAlvA,Cheatham Media,2025-10-28,43000,consumer_systems,21,consumer_systems,channel_latest,8g8_7wf_xZs,What Happens When A.I. Decides Humans Are The Problem?,115000,3 months ago,90,2432,https://www.youtube.com/watch?v=8g8_7wf_xZs
UC4UVmkFWcqT6aHPG6tRAlvA,Cheatham Media,2025-10-28,43000,consumer_systems,22,consumer_systems,channel_latest,QQtTJ51QHi4,A Pastel Prison: The Tragic Downfall of Lacie Pound,116000,3 months ago,90,2555,https://www.youtube.com/watch?v=QQtTJ51QHi4
UC4UVmkFWcqT6aHPG6tRAlvA,Cheatham Media,2025-10-28,43000,consumer_systems,23,consumer_systems,channel_latest,9Z2EAtMmXWo,The Dark Truth Behind 15 Million Merits,228000,3 months ago,90,2378,https://www.youtube.com/watch?v=9Z2EAtMmXWo
UC4UVmkFWcqT6aHPG6tRAlvA,Cheatham Media,2025-10-28,43000,consumer_systems,24,consumer_systems,channel_latest,mB30WbKY-b8,Witness the Most Spectacular NOPE Breakdown You’ll Ever See,153000,4 months ago,120,2929,https://www.youtube.com/watch?v=mB30WbKY-b8
UC4UVmkFWcqT6aHPG6tRAlvA,Cheatham Media,2025-10-28,43000,consumer_systems,25,consumer_systems,channel_latest,xL063lQ2gkc,How One Man Destroyed Himself With The Truth,119000,4 months ago,120,2734,https://www.youtube.com/watch?v=xL063lQ2gkc
UC4UVmkFWcqT6aHPG6tRAlvA,Cheatham Media,2025-10-28,43000,consumer_systems,26,consumer_systems,channel_latest,bQPfLmfFv_4,Michael Smart Caused the Metalhead Apocalypse,71000,4 months ago,120,1761,https://www.youtube.com/watch?v=bQPfLmfFv_4
UC4UVmkFWcqT6aHPG6tRAlvA,Cheatham Media,2025-10-28,43000,consumer_systems,27,consumer_systems,channel_latest,XxNivppPJ2w,Black Mirrors Darkest Love Story Broke Me,134000,4 months ago,120,2737,https://www.youtube.com/watch?v=XxNivppPJ2w
UC4UVmkFWcqT6aHPG6tRAlvA,Cheatham Media,2025-10-28,43000,consumer_systems,28,consumer_systems,channel_latest,42Esi8aTIl8,Loch Henry: True Crime & the Price of Success,122000,4 months ago,120,2366,https://www.youtube.com/watch?v=42Esi8aTIl8
UC4UVmkFWcqT6aHPG6tRAlvA,Cheatham Media,2025-10-28,43000,consumer_systems,29,consumer_systems,channel_latest,ym3C6BZfazc,What if Online Hate Had Real Life Consequences?,154000,5 months ago,150,2919,https://www.youtube.com/watch?v=ym3C6BZfazc
UC4UVmkFWcqT6aHPG6tRAlvA,Cheatham Media,2025-10-28,43000,consumer_systems,30,consumer_systems,channel_latest,niTQOJ1vFe4,BUGONIA Explained - I've Done The Research!,69000,5 months ago,150,3060,https://www.youtube.com/watch?v=niTQOJ1vFe4
UCohG8-NtggGKbzx8K7YF1uw,GLOBAL DOCUMENTARY - Discovery Travel,2025-10-13,24300,practical_lifestyle,1,practical_lifestyle,channel_latest,ubIe1QYSUd8,The Brazil You Never Get to See,641,3 days ago,3,3265,https://www.youtube.com/watch?v=ubIe1QYSUd8
UCohG8-NtggGKbzx8K7YF1uw,GLOBAL DOCUMENTARY - Discovery Travel,2025-10-13,24300,practical_lifestyle,2,practical_lifestyle,channel_latest,qwczKWHliAg,What They Don't Show You About Cuba,880,1 month ago,30,2439,https://www.youtube.com/watch?v=qwczKWHliAg
UCohG8-NtggGKbzx8K7YF1uw,GLOBAL DOCUMENTARY - Discovery Travel,2025-10-13,24300,practical_lifestyle,3,practical_lifestyle,channel_latest,2eMYvnbM7H4,The CAPE VERDE Nobody Told You About,1000,1 month ago,30,2322,https://www.youtube.com/watch?v=2eMYvnbM7H4
UCohG8-NtggGKbzx8K7YF1uw,GLOBAL DOCUMENTARY - Discovery Travel,2025-10-13,24300,practical_lifestyle,4,practical_lifestyle,channel_latest,pcrvF9MAYkU,The Real ARGENTINA Beyond The World Cup Headlines,450,1 month ago,30,2967,https://www.youtube.com/watch?v=pcrvF9MAYkU
UCohG8-NtggGKbzx8K7YF1uw,GLOBAL DOCUMENTARY - Discovery Travel,2025-10-13,24300,practical_lifestyle,5,practical_lifestyle,channel_latest,vvrpW1CPhhE,CANADA Is More Beautiful Than World Cup Can Show,314,1 month ago,30,3508,https://www.youtube.com/watch?v=vvrpW1CPhhE
UCohG8-NtggGKbzx8K7YF1uw,GLOBAL DOCUMENTARY - Discovery Travel,2025-10-13,24300,practical_lifestyle,6,practical_lifestyle,channel_latest,HK4hhH9oNEs,The Side Of MEXICO Tourists Never See,856,2 months ago,60,3132,https://www.youtube.com/watch?v=HK4hhH9oNEs
UCohG8-NtggGKbzx8K7YF1uw,GLOBAL DOCUMENTARY - Discovery Travel,2025-10-13,24300,practical_lifestyle,7,practical_lifestyle,channel_latest,oQZQGIWh6b0,The 16 World Cup 2026 Cities That Don't Feel Real,87000,2 months ago,60,3038,https://www.youtube.com/watch?v=oQZQGIWh6b0
UCohG8-NtggGKbzx8K7YF1uw,GLOBAL DOCUMENTARY - Discovery Travel,2025-10-13,24300,practical_lifestyle,8,practical_lifestyle,channel_latest,mVBx-vKtP2o,The World Can’t Believe This Is China,961,2 months ago,60,3232,https://www.youtube.com/watch?v=mVBx-vKtP2o
UCohG8-NtggGKbzx8K7YF1uw,GLOBAL DOCUMENTARY - Discovery Travel,2025-10-13,24300,practical_lifestyle,9,practical_lifestyle,channel_latest,5vkeMtuH_Vg,What Truly Makes AMERICA Great,903,3 months ago,90,4560,https://www.youtube.com/watch?v=5vkeMtuH_Vg
UCohG8-NtggGKbzx8K7YF1uw,GLOBAL DOCUMENTARY - Discovery Travel,2025-10-13,24300,practical_lifestyle,10,practical_lifestyle,channel_latest,4t-BOqY2GpQ,The Mediterranean They Want To Keep Secret,542,3 months ago,90,3443,https://www.youtube.com/watch?v=4t-BOqY2GpQ
UCohG8-NtggGKbzx8K7YF1uw,GLOBAL DOCUMENTARY - Discovery Travel,2025-10-13,24300,practical_lifestyle,11,practical_lifestyle,channel_latest,0Fhq6IJwYyE,The Hidden ISRAEL Nobody Talks About,4100,3 months ago,90,3031,https://www.youtube.com/watch?v=0Fhq6IJwYyE
UCohG8-NtggGKbzx8K7YF1uw,GLOBAL DOCUMENTARY - Discovery Travel,2025-10-13,24300,practical_lifestyle,12,practical_lifestyle,channel_latest,eGivpunFj1E,The Strait of Hormuz You're Not Supposed to See,71000,3 months ago,90,3409,https://www.youtube.com/watch?v=eGivpunFj1E
UCohG8-NtggGKbzx8K7YF1uw,GLOBAL DOCUMENTARY - Discovery Travel,2025-10-13,24300,practical_lifestyle,13,practical_lifestyle,channel_latest,tA032LTInRM,This Vietnamese City Feels NOTHING Like Vietnam (Da Lat),115000,3 months ago,90,3882,https://www.youtube.com/watch?v=tA032LTInRM
UCohG8-NtggGKbzx8K7YF1uw,GLOBAL DOCUMENTARY - Discovery Travel,2025-10-13,24300,practical_lifestyle,14,practical_lifestyle,channel_latest,-86e0pdfo0U,The MEKONG: Asia's Most Underrated River,3400,4 months ago,120,3118,https://www.youtube.com/watch?v=-86e0pdfo0U
UCohG8-NtggGKbzx8K7YF1uw,GLOBAL DOCUMENTARY - Discovery Travel,2025-10-13,24300,practical_lifestyle,15,practical_lifestyle,channel_latest,9QWsSRnhkGo,The NEPAL You Never Get to See,149000,4 months ago,120,3571,https://www.youtube.com/watch?v=9QWsSRnhkGo
UCohG8-NtggGKbzx8K7YF1uw,GLOBAL DOCUMENTARY - Discovery Travel,2025-10-13,24300,practical_lifestyle,16,practical_lifestyle,channel_latest,6_K6co-5RlQ,What TIBET Is Really Like,10000,4 months ago,120,2367,https://www.youtube.com/watch?v=6_K6co-5RlQ
UCohG8-NtggGKbzx8K7YF1uw,GLOBAL DOCUMENTARY - Discovery Travel,2025-10-13,24300,practical_lifestyle,17,practical_lifestyle,channel_latest,tK78N4Eqwts,SAUDI ARABIA You Were Never Meant to See,3400,4 months ago,120,2413,https://www.youtube.com/watch?v=tK78N4Eqwts
UCohG8-NtggGKbzx8K7YF1uw,GLOBAL DOCUMENTARY - Discovery Travel,2025-10-13,24300,practical_lifestyle,18,practical_lifestyle,channel_latest,5R624HG5j5A,The IRAN You Aren't Allowed to See,2000000,5 months ago,150,2756,https://www.youtube.com/watch?v=5R624HG5j5A
UCohG8-NtggGKbzx8K7YF1uw,GLOBAL DOCUMENTARY - Discovery Travel,2025-10-13,24300,practical_lifestyle,19,practical_lifestyle,channel_latest,PUGeikb4bb0,TÜRKIYE the World Doesn’t Understand,73000,5 months ago,150,3572,https://www.youtube.com/watch?v=PUGeikb4bb0
UCohG8-NtggGKbzx8K7YF1uw,GLOBAL DOCUMENTARY - Discovery Travel,2025-10-13,24300,practical_lifestyle,20,practical_lifestyle,channel_latest,pIaDu01S0J4,NETHERLANDS: The Country That Beat the Ocean,3100,5 months ago,150,3781,https://www.youtube.com/watch?v=pIaDu01S0J4
UCohG8-NtggGKbzx8K7YF1uw,GLOBAL DOCUMENTARY - Discovery Travel,2025-10-13,24300,practical_lifestyle,21,practical_lifestyle,channel_latest,1kN9c1OH60E,AUSTRIA: The Majestic Empire Sleeping in the Heart of Europe,956,5 months ago,150,3739,https://www.youtube.com/watch?v=1kN9c1OH60E
UCohG8-NtggGKbzx8K7YF1uw,GLOBAL DOCUMENTARY - Discovery Travel,2025-10-13,24300,practical_lifestyle,22,practical_lifestyle,channel_latest,u97IwgS4lWg,NORWAY: Out of This World Beauty,689,6 months ago,180,4045,https://www.youtube.com/watch?v=u97IwgS4lWg
UCohG8-NtggGKbzx8K7YF1uw,GLOBAL DOCUMENTARY - Discovery Travel,2025-10-13,24300,practical_lifestyle,23,practical_lifestyle,channel_latest,J0gGRM69zBs,SWITZERLAND: Doesn't Need An Ocean To Be Paradise,713,6 months ago,180,4078,https://www.youtube.com/watch?v=J0gGRM69zBs
UCohG8-NtggGKbzx8K7YF1uw,GLOBAL DOCUMENTARY - Discovery Travel,2025-10-13,24300,practical_lifestyle,24,practical_lifestyle,channel_latest,t1XNmcWEzmA,GREENLAND: The Harshest Territory In The World | 4K Travel Documentary,9800,6 months ago,180,4078,https://www.youtube.com/watch?v=t1XNmcWEzmA
UCohG8-NtggGKbzx8K7YF1uw,GLOBAL DOCUMENTARY - Discovery Travel,2025-10-13,24300,practical_lifestyle,25,practical_lifestyle,channel_latest,-i675vs2jdo,MOROCCO: Multi-Ethnic Nation Built In Sahara Desert | Full Documentary,1800,7 months ago,210,4341,https://www.youtube.com/watch?v=-i675vs2jdo
UCohG8-NtggGKbzx8K7YF1uw,GLOBAL DOCUMENTARY - Discovery Travel,2025-10-13,24300,practical_lifestyle,26,practical_lifestyle,channel_latest,FIu_pcFKO4s,UNSEEN WONDERS: Why These Constructions Are Impossible to Build Today,1000,7 months ago,210,5989,https://www.youtube.com/watch?v=FIu_pcFKO4s
UCohG8-NtggGKbzx8K7YF1uw,GLOBAL DOCUMENTARY - Discovery Travel,2025-10-13,24300,practical_lifestyle,27,practical_lifestyle,channel_latest,OkJWLipuDCo,This Is the Real MONGOLIA Most People Never See,1600,7 months ago,210,3638,https://www.youtube.com/watch?v=OkJWLipuDCo
UCohG8-NtggGKbzx8K7YF1uw,GLOBAL DOCUMENTARY - Discovery Travel,2025-10-13,24300,practical_lifestyle,28,practical_lifestyle,channel_latest,YWpOajANenM,VIETNAM: 4000 Years Of Culture And Growth | Full Documentary,506000,7 months ago,210,3532,https://www.youtube.com/watch?v=YWpOajANenM
UCohG8-NtggGKbzx8K7YF1uw,GLOBAL DOCUMENTARY - Discovery Travel,2025-10-13,24300,practical_lifestyle,29,practical_lifestyle,channel_latest,Cr57Q1VU88U,SPAIN: The Soul Of Latin Culture | Full Documentary,9000,8 months ago,240,4425,https://www.youtube.com/watch?v=Cr57Q1VU88U
UCohG8-NtggGKbzx8K7YF1uw,GLOBAL DOCUMENTARY - Discovery Travel,2025-10-13,24300,practical_lifestyle,30,practical_lifestyle,channel_latest,LPZoNx-PYMc,JAPAN: All Secrets Of The Island Nation | Full Documentary,4500,8 months ago,240,4208,https://www.youtube.com/watch?v=LPZoNx-PYMc
UCnThE8FLrlN-tYvZhZL0uaA,Finance Bureau,2025-10-13,93300,business_economics|economic_explainers,1,business_economics|economic_explainers,channel_latest,b-CPc6MjoJQ,The Global Monetary RESET Has Begun... Here's How To Protect Yourself,49000,1 day ago,1,1076,https://www.youtube.com/watch?v=b-CPc6MjoJQ
UCnThE8FLrlN-tYvZhZL0uaA,Finance Bureau,2025-10-13,93300,business_economics|economic_explainers,2,business_economics|economic_explainers,channel_latest,ehYixQAzVsw,OpenAI Is FALLING Apart And Sam Altman Is Panicking,332000,2 days ago,2,932,https://www.youtube.com/watch?v=ehYixQAzVsw
UCnThE8FLrlN-tYvZhZL0uaA,Finance Bureau,2025-10-13,93300,business_economics|economic_explainers,3,business_economics|economic_explainers,channel_latest,64o0eSDuxqI,The World's Richest Country is Not What You Think,27000,4 days ago,4,1043,https://www.youtube.com/watch?v=64o0eSDuxqI
UCnThE8FLrlN-tYvZhZL0uaA,Finance Bureau,2025-10-13,93300,business_economics|economic_explainers,4,business_economics|economic_explainers,channel_latest,ukXDmtbL8d4,Mark Zuckerberg is Actually The WORST CEO In History.,66000,5 days ago,5,1143,https://www.youtube.com/watch?v=ukXDmtbL8d4
UCnThE8FLrlN-tYvZhZL0uaA,Finance Bureau,2025-10-13,93300,business_economics|economic_explainers,5,business_economics|economic_explainers,channel_latest,sF2gPwkBCkQ,Nvidia is Going Full Ponzi (With The Help of BlackRock),25000,6 days ago,6,981,https://www.youtube.com/watch?v=sF2gPwkBCkQ
UCnThE8FLrlN-tYvZhZL0uaA,Finance Bureau,2025-10-13,93300,business_economics|economic_explainers,6,business_economics|economic_explainers,channel_latest,hJMkzN1VzTI,Texas Just KILLED Big Tech's AI Plans,53000,8 days ago,8,1004,https://www.youtube.com/watch?v=hJMkzN1VzTI
UCnThE8FLrlN-tYvZhZL0uaA,Finance Bureau,2025-10-13,93300,business_economics|economic_explainers,7,business_economics|economic_explainers,channel_latest,1wYATlxWGu4,Michael Burry Says Buffett Just Made A HUGE Mistake,41000,9 days ago,9,926,https://www.youtube.com/watch?v=1wYATlxWGu4
UCnThE8FLrlN-tYvZhZL0uaA,Finance Bureau,2025-10-13,93300,business_economics|economic_explainers,8,business_economics|economic_explainers,channel_latest,YDxJbeqlUsA,The Fed Just Handed You The Best Opportunity in 18 Years (Here's Exactly How to Use It),99000,11 days ago,11,987,https://www.youtube.com/watch?v=YDxJbeqlUsA
UCnThE8FLrlN-tYvZhZL0uaA,Finance Bureau,2025-10-13,93300,business_economics|economic_explainers,9,business_economics|economic_explainers,channel_latest,mJ9Q2Xpzf1Y,This Country is About To COLLAPSE The Global Economy (few are ready),42000,12 days ago,12,1147,https://www.youtube.com/watch?v=mJ9Q2Xpzf1Y
UCnThE8FLrlN-tYvZhZL0uaA,Finance Bureau,2025-10-13,93300,business_economics|economic_explainers,10,business_economics|economic_explainers,channel_latest,Yx9huiJH33g,The SpaceX IPO... It's Worse Than You Think,113000,13 days ago,13,992,https://www.youtube.com/watch?v=Yx9huiJH33g
UCnThE8FLrlN-tYvZhZL0uaA,Finance Bureau,2025-10-13,93300,business_economics|economic_explainers,11,business_economics|economic_explainers,channel_latest,qagvVRk1sCs,AI’s Mountain of Debt Is About To Come Crashing Down,6500,2 weeks ago,14,863,https://www.youtube.com/watch?v=qagvVRk1sCs
UCnThE8FLrlN-tYvZhZL0uaA,Finance Bureau,2025-10-13,93300,business_economics|economic_explainers,12,business_economics|economic_explainers,channel_latest,YnpkANV34hc,How China Will DESTROY The US in The AI Race,27000,2 weeks ago,14,906,https://www.youtube.com/watch?v=YnpkANV34hc
UCnThE8FLrlN-tYvZhZL0uaA,Finance Bureau,2025-10-13,93300,business_economics|economic_explainers,13,business_economics|economic_explainers,channel_latest,5p1Xi9KEUiE,OpenAI Is Not A Bubble... It's WORSE,142000,2 weeks ago,14,1098,https://www.youtube.com/watch?v=5p1Xi9KEUiE
UCnThE8FLrlN-tYvZhZL0uaA,Finance Bureau,2025-10-13,93300,business_economics|economic_explainers,14,business_economics|economic_explainers,channel_latest,wgQlGPpRgzo,What Happens to YOUR Money When The US Resets Gold,43000,2 weeks ago,14,883,https://www.youtube.com/watch?v=wgQlGPpRgzo
UCnThE8FLrlN-tYvZhZL0uaA,Finance Bureau,2025-10-13,93300,business_economics|economic_explainers,15,business_economics|economic_explainers,channel_latest,fg1Kvp5DwxI,The EU Is 6 Months Away From Becoming South America,153000,2 weeks ago,14,1128,https://www.youtube.com/watch?v=fg1Kvp5DwxI
UCnThE8FLrlN-tYvZhZL0uaA,Finance Bureau,2025-10-13,93300,business_economics|economic_explainers,16,business_economics|economic_explainers,channel_latest,EtbkRWfLieU,Banks Secretly Buying Gold [They Told You To SELL!],10000,3 weeks ago,21,1190,https://www.youtube.com/watch?v=EtbkRWfLieU
UCnThE8FLrlN-tYvZhZL0uaA,Finance Bureau,2025-10-13,93300,business_economics|economic_explainers,17,business_economics|economic_explainers,channel_latest,d8OIrCMIUEg,"Big Tech FIRED 700,000 People (It Didn't Work)",175000,3 weeks ago,21,1069,https://www.youtube.com/watch?v=d8OIrCMIUEg
UCnThE8FLrlN-tYvZhZL0uaA,Finance Bureau,2025-10-13,93300,business_economics|economic_explainers,18,business_economics|economic_explainers,channel_latest,kHJLMHZ9bws,Europe is 4 Months Away From Rationing Energy,31000,3 weeks ago,21,950,https://www.youtube.com/watch?v=kHJLMHZ9bws
UCnThE8FLrlN-tYvZhZL0uaA,Finance Bureau,2025-10-13,93300,business_economics|economic_explainers,19,business_economics|economic_explainers,channel_latest,jNOvQS2frco,Warren Buffet Just Bought a Metric F*ckton of THIS Stock,13000,3 weeks ago,21,981,https://www.youtube.com/watch?v=jNOvQS2frco
UCnThE8FLrlN-tYvZhZL0uaA,Finance Bureau,2025-10-13,93300,business_economics|economic_explainers,20,business_economics|economic_explainers,channel_latest,l6v3pCXZir4,How Much Money You ACTUALLY Need to Retire.,4400,3 weeks ago,21,769,https://www.youtube.com/watch?v=l6v3pCXZir4
UCnThE8FLrlN-tYvZhZL0uaA,Finance Bureau,2025-10-13,93300,business_economics|economic_explainers,21,business_economics|economic_explainers,channel_latest,pb9JRb3Pkm0,Silver’s Next Move Will Shock Gold Investors,16000,4 weeks ago,28,915,https://www.youtube.com/watch?v=pb9JRb3Pkm0
UCnThE8FLrlN-tYvZhZL0uaA,Finance Bureau,2025-10-13,93300,business_economics|economic_explainers,22,business_economics|economic_explainers,channel_latest,8IMaULrNHfo,What's Happening in South Korea Will COLLAPSE The Global Economy,42000,4 weeks ago,28,893,https://www.youtube.com/watch?v=8IMaULrNHfo
UCnThE8FLrlN-tYvZhZL0uaA,Finance Bureau,2025-10-13,93300,business_economics|economic_explainers,23,business_economics|economic_explainers,channel_latest,PXbR_BQKGaU,How The Wealthy Rigged Financial Markets,6600,1 month ago,30,752,https://www.youtube.com/watch?v=PXbR_BQKGaU
UCnThE8FLrlN-tYvZhZL0uaA,Finance Bureau,2025-10-13,93300,business_economics|economic_explainers,24,business_economics|economic_explainers,channel_latest,a0xzk49q-zk,This ALWAYS Comes Before a Crash (Brace yourself),32000,1 month ago,30,970,https://www.youtube.com/watch?v=a0xzk49q-zk
UCnThE8FLrlN-tYvZhZL0uaA,Finance Bureau,2025-10-13,93300,business_economics|economic_explainers,25,business_economics|economic_explainers,channel_latest,Vwb8uxojSKs,Why Millennials Are F*cked [Wealth Transfer LIE],11000,1 month ago,30,1323,https://www.youtube.com/watch?v=Vwb8uxojSKs
UCnThE8FLrlN-tYvZhZL0uaA,Finance Bureau,2025-10-13,93300,business_economics|economic_explainers,26,business_economics|economic_explainers,channel_latest,nShiWkjF2fI,The INVISIBLE Bank Run ($8 Trillion Already Gone),9300,1 month ago,30,649,https://www.youtube.com/watch?v=nShiWkjF2fI
UCnThE8FLrlN-tYvZhZL0uaA,Finance Bureau,2025-10-13,93300,business_economics|economic_explainers,27,business_economics|economic_explainers,channel_latest,lEfAeyVj-Cs,Everyone is WRONG About Gold [Here's Proof],29000,1 month ago,30,995,https://www.youtube.com/watch?v=lEfAeyVj-Cs
UCnThE8FLrlN-tYvZhZL0uaA,Finance Bureau,2025-10-13,93300,business_economics|economic_explainers,28,business_economics|economic_explainers,channel_latest,1-ucmFHMNlo,The UK Has KILLED The Internet,7300,1 month ago,30,1346,https://www.youtube.com/watch?v=1-ucmFHMNlo
UCnThE8FLrlN-tYvZhZL0uaA,Finance Bureau,2025-10-13,93300,business_economics|economic_explainers,29,business_economics|economic_explainers,channel_latest,BLguhZH2YHo,The Rise and Fall of the AI Bubble,61000,1 month ago,30,965,https://www.youtube.com/watch?v=BLguhZH2YHo
UCnThE8FLrlN-tYvZhZL0uaA,Finance Bureau,2025-10-13,93300,business_economics|economic_explainers,30,business_economics|economic_explainers,channel_latest,DtWpc2ffZKU,The SHOCKING Reason Peter Thiel Was Banned From Ireland,16000,1 month ago,30,999,https://www.youtube.com/watch?v=DtWpc2ffZKU
UCpr1JAIc49gu9-FAlO4uAKw,timewarp cities,2025-10-12,54000,history_civilization,1,history_civilization,channel_latest,Cn1ZuylU1Y0,"Helen of Troy: Beauty, Betrayal, and the Fall of a City",3,4 minutes ago,0,630,https://www.youtube.com/watch?v=Cn1ZuylU1Y0
UCpr1JAIc49gu9-FAlO4uAKw,timewarp cities,2025-10-12,54000,history_civilization,2,history_civilization,channel_latest,onyJqvpSV48,What Was Life Like in Troy's Last Week? | Day 4: The Spy,1300,5 days ago,5,685,https://www.youtube.com/watch?v=onyJqvpSV48
UCpr1JAIc49gu9-FAlO4uAKw,timewarp cities,2025-10-12,54000,history_civilization,3,history_civilization,channel_latest,frBsRKQCAxU,What Was Life Like in Troy's Last Week? Day 3: Andromache The Widow (1184 BC),1300,7 days ago,7,724,https://www.youtube.com/watch?v=frBsRKQCAxU
UCpr1JAIc49gu9-FAlO4uAKw,timewarp cities,2025-10-12,54000,history_civilization,4,history_civilization,channel_latest,IzftMlNYEBM,What Was Life Like in Troy's Last Week? Day 2: A Day in the Life of the Man Who Doomed Troy,1400,9 days ago,9,739,https://www.youtube.com/watch?v=IzftMlNYEBM
UCpr1JAIc49gu9-FAlO4uAKw,timewarp cities,2025-10-12,54000,history_civilization,5,history_civilization,channel_latest,cmyA9pXUsTM,What Was Life Like in Troy's Last Week? Day 1: A Day in the Life of Troy's Last General (1184 BC),4200,11 days ago,11,1115,https://www.youtube.com/watch?v=cmyA9pXUsTM
UCpr1JAIc49gu9-FAlO4uAKw,timewarp cities,2025-10-12,54000,history_civilization,6,history_civilization,channel_latest,qzvcW1bF8JI,"Experience a Week in Ancient Rome | 7 Days, 7 Lives — From Slave to Emperor (Full Series)",7300,3 weeks ago,21,7538,https://www.youtube.com/watch?v=qzvcW1bF8JI
UCpr1JAIc49gu9-FAlO4uAKw,timewarp cities,2025-10-12,54000,history_civilization,7,history_civilization,channel_latest,rHXqsA6dL1g,A Day in the Life of a Roman Emperor | Experience a Week in Ancient Rome | Day 7 FINALE,4500,3 weeks ago,21,1282,https://www.youtube.com/watch?v=rHXqsA6dL1g
UCpr1JAIc49gu9-FAlO4uAKw,timewarp cities,2025-10-12,54000,history_civilization,8,history_civilization,channel_latest,usrKHPvnndc,Experience a Week in Ancient Rome | Day 6: A Day in the Life of a Roman Charioteer,5300,4 weeks ago,28,1258,https://www.youtube.com/watch?v=usrKHPvnndc
UCpr1JAIc49gu9-FAlO4uAKw,timewarp cities,2025-10-12,54000,history_civilization,9,history_civilization,channel_latest,0PImtYH4iYs,A Day in the Life of a Roman Senator | Experience a Week in Ancient Rome | Day 5,4300,1 month ago,30,1231,https://www.youtube.com/watch?v=0PImtYH4iYs
UCpr1JAIc49gu9-FAlO4uAKw,timewarp cities,2025-10-12,54000,history_civilization,10,history_civilization,channel_latest,KoMlmzXHNmU,The Most Important and Deadliest Job in Ancient Rome Was Not for Males | A Week in Ancient Rome,4500,1 month ago,30,1146,https://www.youtube.com/watch?v=KoMlmzXHNmU
UCpr1JAIc49gu9-FAlO4uAKw,timewarp cities,2025-10-12,54000,history_civilization,11,history_civilization,channel_latest,jYqkKlLYSMg,"The Short, Violent Life of a Roman Gladiator",4300,1 month ago,30,1194,https://www.youtube.com/watch?v=jYqkKlLYSMg
UCpr1JAIc49gu9-FAlO4uAKw,timewarp cities,2025-10-12,54000,history_civilization,12,history_civilization,channel_latest,wwOmW8zvyuo,The Filthy Reality of Living in Rome's Slums | day 2,10000,1 month ago,30,1203,https://www.youtube.com/watch?v=wwOmW8zvyuo
UCpr1JAIc49gu9-FAlO4uAKw,timewarp cities,2025-10-12,54000,history_civilization,13,history_civilization,channel_latest,EQLvVQ2Z5WU,The Brutal Reality of Being a Roman Slave,62000,1 month ago,30,1115,https://www.youtube.com/watch?v=EQLvVQ2Z5WU
UCpr1JAIc49gu9-FAlO4uAKw,timewarp cities,2025-10-12,54000,history_civilization,14,history_civilization,channel_latest,LSj5Ko-_d-U,"7 Days Surviving the Stone Age | Life 12,000 Years Ago | Full Documentary",80000,1 month ago,30,7592,https://www.youtube.com/watch?v=LSj5Ko-_d-U
UCpr1JAIc49gu9-FAlO4uAKw,timewarp cities,2025-10-12,54000,history_civilization,15,history_civilization,channel_latest,gBpxuL2c884,Experience a Week in the Stone Age | Day 7 FINALE: The World That Slowly Disappeared,3800,1 month ago,30,1068,https://www.youtube.com/watch?v=gBpxuL2c884
UCpr1JAIc49gu9-FAlO4uAKw,timewarp cities,2025-10-12,54000,history_civilization,16,history_civilization,channel_latest,JFL5MPY6X_Y,Experience a Week in the Stone Age | Day 6: The Most Important Man in the Tribe Wasn't the Chief,5500,1 month ago,30,1121,https://www.youtube.com/watch?v=JFL5MPY6X_Y
UCpr1JAIc49gu9-FAlO4uAKw,timewarp cities,2025-10-12,54000,history_civilization,17,history_civilization,channel_latest,wO8EZuOAn74,"Experience a Week in the Stone Age | Day 5: A Mother's Worst Nightmare 12,000 Years Ago",5900,1 month ago,30,1127,https://www.youtube.com/watch?v=wO8EZuOAn74
UCpr1JAIc49gu9-FAlO4uAKw,timewarp cities,2025-10-12,54000,history_civilization,18,history_civilization,channel_latest,QvIQbqeeTis,"Experience a Week in the Stone Age | Day 4: Surviving the Wilderness 12,000 Years Ago | The Traveler",16000,1 month ago,30,982,https://www.youtube.com/watch?v=QvIQbqeeTis
UCpr1JAIc49gu9-FAlO4uAKw,timewarp cities,2025-10-12,54000,history_civilization,19,history_civilization,channel_latest,APhnqiI-Vqc,"Experience a Week in the Stone Age | Day 3: Surviving Old Age 12,000 Years Ago",35000,1 month ago,30,1468,https://www.youtube.com/watch?v=APhnqiI-Vqc
UCpr1JAIc49gu9-FAlO4uAKw,timewarp cities,2025-10-12,54000,history_civilization,20,history_civilization,channel_latest,DiF585BtJ4o,"Experience a Week in the Stone Age | Day 2: The Healer | Surviving Sickness 12,000 Years Ago",10000,1 month ago,30,1054,https://www.youtube.com/watch?v=DiF585BtJ4o
UCpr1JAIc49gu9-FAlO4uAKw,timewarp cities,2025-10-12,54000,history_civilization,21,history_civilization,channel_latest,ZNb2E6ueUIk,Experience a Week in the Stone Age | Day 1: A 17 Year Old's First Solo Hunt,43000,2 months ago,60,1008,https://www.youtube.com/watch?v=ZNb2E6ueUIk
UCpr1JAIc49gu9-FAlO4uAKw,timewarp cities,2025-10-12,54000,history_civilization,22,history_civilization,channel_latest,L9q6P-ps-wI,7 Days Surviving the Black Death in Medieval London | 1348 Full Documentary,201000,2 months ago,60,6779,https://www.youtube.com/watch?v=L9q6P-ps-wI
UCpr1JAIc49gu9-FAlO4uAKw,timewarp cities,2025-10-12,54000,history_civilization,23,history_civilization,channel_latest,KVqylKtW3FI,The Gravedigger Stopped Counting at 200 | Inside Medieval London's Plague,3000,2 months ago,60,735,https://www.youtube.com/watch?v=KVqylKtW3FI
UCpr1JAIc49gu9-FAlO4uAKw,timewarp cities,2025-10-12,54000,history_civilization,24,history_civilization,channel_latest,rj2T1vtnCac,The Doctor Who Fought the Black Death With the Wrong Theory | Medieval London 1348,3200,2 months ago,60,883,https://www.youtube.com/watch?v=rj2T1vtnCac
UCpr1JAIc49gu9-FAlO4uAKw,timewarp cities,2025-10-12,54000,history_civilization,25,history_civilization,channel_latest,I_tcNJa9Ocs,Medieval London 1348 | A Day in the Life of an Alderman (Black Death) | Day 5 of 7,6200,2 months ago,60,992,https://www.youtube.com/watch?v=I_tcNJa9Ocs
UCpr1JAIc49gu9-FAlO4uAKw,timewarp cities,2025-10-12,54000,history_civilization,26,history_civilization,channel_latest,lvw2Krr_ngU,Medieval London 1348 | A Day in the Life of an Grave Digger (Black Death) | day 4 of 7,7100,2 months ago,60,872,https://www.youtube.com/watch?v=lvw2Krr_ngU
UCpr1JAIc49gu9-FAlO4uAKw,timewarp cities,2025-10-12,54000,history_civilization,27,history_civilization,channel_latest,X7VoPJpEMes,The Reality of Being A Silk Woman In Medieval London in 1348 (during the Black Death) Day 3 Of 7,7500,2 months ago,60,880,https://www.youtube.com/watch?v=X7VoPJpEMes
UCpr1JAIc49gu9-FAlO4uAKw,timewarp cities,2025-10-12,54000,history_civilization,28,history_civilization,channel_latest,f-gMtW5hG9o,He Chose to Stay and Pray While Everyone Died Around Him | Medieval Monk's Reality,18000,2 months ago,60,937,https://www.youtube.com/watch?v=f-gMtW5hG9o
UCpr1JAIc49gu9-FAlO4uAKw,timewarp cities,2025-10-12,54000,history_civilization,29,history_civilization,channel_latest,hQ0RpwRNh3E,Medieval London 1348 | A Day in the Life of an Apprentice (Black Death) | day 1 of 7,99000,2 months ago,60,1543,https://www.youtube.com/watch?v=hQ0RpwRNh3E
UCpr1JAIc49gu9-FAlO4uAKw,timewarp cities,2025-10-12,54000,history_civilization,30,history_civilization,channel_latest,8obEbstOBIo,Living Like an Egyptian 2000 Years Ago | 7 Days Full Video,100000,2 months ago,60,5744,https://www.youtube.com/watch?v=8obEbstOBIo
UCkG49maW4sr4pfxYmz9Jj0g,Flashback Frenzy,2025-10-11,25200,history_civilization,1,history_civilization,channel_latest,MxiqCnIFyc8,The ENTIRE History of the Byzantine Empire (Documentary),66000,1 month ago,30,1736,https://www.youtube.com/watch?v=MxiqCnIFyc8
UCkG49maW4sr4pfxYmz9Jj0g,Flashback Frenzy,2025-10-11,25200,history_civilization,2,history_civilization,channel_latest,sN9WCeBeaPA,The ENTIRE History of Alexander's Conquest (Hindi Documentary),1500000,6 months ago,180,1347,https://www.youtube.com/watch?v=sN9WCeBeaPA
UCkG49maW4sr4pfxYmz9Jj0g,Flashback Frenzy,2025-10-11,25200,history_civilization,3,history_civilization,channel_latest,S2sNa405g8s,The ENTIRE History of Maurya Empire (Hindi Documentary),417000,8 months ago,240,1254,https://www.youtube.com/watch?v=S2sNa405g8s
UCkG49maW4sr4pfxYmz9Jj0g,Flashback Frenzy,2025-10-11,25200,history_civilization,4,history_civilization,channel_latest,X11jp0EGbQ4,The ENTIRE History of Roman Empire (Hindi Documentary),1100000,10 months ago,300,1816,https://www.youtube.com/watch?v=X11jp0EGbQ4
UCLuIudjbquBATgqkIJxQi6A,Animated History ,2025-10-05,64200,history_civilization|history_reconstruction,1,history_civilization|history_reconstruction,channel_latest,Lb4Qq0ZZL8A,The Deadliest Wars in History,38000,1 day ago,1,1485,https://www.youtube.com/watch?v=Lb4Qq0ZZL8A
UCLuIudjbquBATgqkIJxQi6A,Animated History ,2025-10-05,64200,history_civilization|history_reconstruction,2,history_civilization|history_reconstruction,channel_latest,J8GcGn7QDTQ,2000 Years of Israel History in 35 Minutes,726000,2 weeks ago,14,2159,https://www.youtube.com/watch?v=J8GcGn7QDTQ
UCLuIudjbquBATgqkIJxQi6A,Animated History ,2025-10-05,64200,history_civilization|history_reconstruction,3,history_civilization|history_reconstruction,channel_latest,amaJFF8M220,527 Years of Venezuelan History in 35 Minutes,52000,4 weeks ago,28,2114,https://www.youtube.com/watch?v=amaJFF8M220
UCLuIudjbquBATgqkIJxQi6A,Animated History ,2025-10-05,64200,history_civilization|history_reconstruction,4,history_civilization|history_reconstruction,channel_latest,iV6KAmHb04o,The Dark Side of American History,103000,1 month ago,30,1886,https://www.youtube.com/watch?v=iV6KAmHb04o
UCLuIudjbquBATgqkIJxQi6A,Animated History ,2025-10-05,64200,history_civilization|history_reconstruction,5,history_civilization|history_reconstruction,channel_latest,A0yp7xjbWRI,2000 Years of Mysterious Japan History in 35 Minutes,256000,1 month ago,30,2164,https://www.youtube.com/watch?v=A0yp7xjbWRI
UCLuIudjbquBATgqkIJxQi6A,Animated History ,2025-10-05,64200,history_civilization|history_reconstruction,6,history_civilization|history_reconstruction,channel_latest,pBJpDpMqigw,1500 Years of Russian History in 30 Minutes,892000,2 months ago,60,1647,https://www.youtube.com/watch?v=pBJpDpMqigw
UCLuIudjbquBATgqkIJxQi6A,Animated History ,2025-10-05,64200,history_civilization|history_reconstruction,7,history_civilization|history_reconstruction,channel_latest,X6ur0uH_CYc,Why the Mongols Vanished After Conquering Everything,488000,2 months ago,60,1940,https://www.youtube.com/watch?v=X6ur0uH_CYc
UCLuIudjbquBATgqkIJxQi6A,Animated History ,2025-10-05,64200,history_civilization|history_reconstruction,8,history_civilization|history_reconstruction,channel_latest,a87VGnzNNQk,Why Latin America Never Became One Country,262000,3 months ago,90,1314,https://www.youtube.com/watch?v=a87VGnzNNQk
UCLuIudjbquBATgqkIJxQi6A,Animated History ,2025-10-05,64200,history_civilization|history_reconstruction,9,history_civilization|history_reconstruction,channel_latest,bu_FBw9NmUc,The ENTIRE American Civil War Explained in 23 Minutes,679000,4 months ago,120,1386,https://www.youtube.com/watch?v=bu_FBw9NmUc
UCLuIudjbquBATgqkIJxQi6A,Animated History ,2025-10-05,64200,history_civilization|history_reconstruction,10,history_civilization|history_reconstruction,channel_latest,0n3cqhBgQwA,300 Years of Viking History in 15 Minutes,392000,6 months ago,180,916,https://www.youtube.com/watch?v=0n3cqhBgQwA
UCLuIudjbquBATgqkIJxQi6A,Animated History ,2025-10-05,64200,history_civilization|history_reconstruction,11,history_civilization|history_reconstruction,channel_latest,3vGvW0PMGqY,100 Years of Wild West History in 11 minutes,510000,6 months ago,180,700,https://www.youtube.com/watch?v=3vGvW0PMGqY
UCLuIudjbquBATgqkIJxQi6A,Animated History ,2025-10-05,64200,history_civilization|history_reconstruction,12,history_civilization|history_reconstruction,channel_latest,z8LJMcvbV88,Why America Once Feared the Netherlands,441000,7 months ago,210,807,https://www.youtube.com/watch?v=z8LJMcvbV88
UCLuIudjbquBATgqkIJxQi6A,Animated History ,2025-10-05,64200,history_civilization|history_reconstruction,13,history_civilization|history_reconstruction,channel_latest,sAkHm4rjRyM,2000 Years of A Secret North Korea History in 14 Minutes,919000,8 months ago,240,868,https://www.youtube.com/watch?v=sAkHm4rjRyM
UCLuIudjbquBATgqkIJxQi6A,Animated History ,2025-10-05,64200,history_civilization|history_reconstruction,14,history_civilization|history_reconstruction,channel_latest,1YwJLkC4tm4,1600 Years of Chaotic British History in 17 Minutes,822000,9 months ago,270,1052,https://www.youtube.com/watch?v=1YwJLkC4tm4
UCohgJ1UZcLte8e4TMqm8Abg,Filmaya Pro,2025-09-25,42100,crime_scams_mystery,1,crime_scams_mystery,channel_latest,BvfgyEZxR4A,Poori korean mafia Par Bhaari Padh Gaya yeh Admi ( Fabricated city Movie Explained In Hindi Urdu,3400,12 hours ago,0,1524,https://www.youtube.com/watch?v=BvfgyEZxR4A
UCohgJ1UZcLte8e4TMqm8Abg,Filmaya Pro,2025-09-25,42100,crime_scams_mystery,2,crime_scams_mystery,channel_latest,y-MOpY_hsC4,Bank Lootne Me Sabse Mahir hai Yeh Chor (The Heist Of The Century Movie Explained In Hindi/Urdu,82000,5 days ago,5,1764,https://www.youtube.com/watch?v=y-MOpY_hsC4
UCohgJ1UZcLte8e4TMqm8Abg,Filmaya Pro,2025-09-25,42100,crime_scams_mystery,3,crime_scams_mystery,channel_latest,k6haoGalndw,Kamzor Teacher GANGSTERS Ka bhi BAAP Nikla ( Teach You A Lesson Explained In Hindi/Urdu,51000,8 days ago,8,2475,https://www.youtube.com/watch?v=k6haoGalndw
UCohgJ1UZcLte8e4TMqm8Abg,Filmaya Pro,2025-09-25,42100,crime_scams_mystery,4,crime_scams_mystery,channel_latest,lBSyrB7rup4,Yeh Mastermind Chor Kabhi Pakda Nahi Jata ( Bank Under Siege Movie Explained In Hindi/Urdu,52000,10 days ago,10,1613,https://www.youtube.com/watch?v=lBSyrB7rup4
UCohgJ1UZcLte8e4TMqm8Abg,Filmaya Pro,2025-09-25,42100,crime_scams_mystery,5,crime_scams_mystery,channel_latest,m8ZKfQaTyr0,Poori Korean Mafia Is Aadmi Se Darti Hai ( Vincenzo Korean drama Movie Explained In Hindi/Urdu,403000,2 weeks ago,14,1528,https://www.youtube.com/watch?v=m8ZKfQaTyr0
UCohgJ1UZcLte8e4TMqm8Abg,Filmaya Pro,2025-09-25,42100,crime_scams_mystery,6,crime_scams_mystery,channel_latest,AryJ5tNal3k,Kabhi Nahi Dekha Hoga Aisa Maut ka Khel ( Alice In The Borderlands Movie Explained In Hindi,44000,2 weeks ago,14,3192,https://www.youtube.com/watch?v=AryJ5tNal3k
UCohgJ1UZcLte8e4TMqm8Abg,Filmaya Pro,2025-09-25,42100,crime_scams_mystery,7,crime_scams_mystery,channel_latest,ykemyMlMkj0,Jo Bhi Iske Samne Atha hai Woh Maara Jata hai ( Jack Reacher Movie Explained In Hindi/Urdu,82000,3 weeks ago,21,1522,https://www.youtube.com/watch?v=ykemyMlMkj0
UCohgJ1UZcLte8e4TMqm8Abg,Filmaya Pro,2025-09-25,42100,crime_scams_mystery,8,crime_scams_mystery,channel_latest,T4eitE2Vg-o,Yeh Log Ghalti se Giant Monsters Ki Dunya me Agaye ( Peregrine's Home Movie Explained In Hindi/Urdu,805000,3 weeks ago,21,1455,https://www.youtube.com/watch?v=T4eitE2Vg-o
UCohgJ1UZcLte8e4TMqm8Abg,Filmaya Pro,2025-09-25,42100,crime_scams_mystery,9,crime_scams_mystery,channel_latest,yKf6NLES9uQ,Aisi Genius Robbery Ke Police Dang Reh gayi ( Momentum 2015 Movie Explained In Hindi/Urdu,181000,4 weeks ago,28,1765,https://www.youtube.com/watch?v=yKf6NLES9uQ
UCohgJ1UZcLte8e4TMqm8Abg,Filmaya Pro,2025-09-25,42100,crime_scams_mystery,10,crime_scams_mystery,channel_latest,8FWmMGX_dxM,Is Admi Ko Poori Russian Army Bhi Nahi Rok Sakti - ( S.W.A.T Movie Explained In Hindi/Urdu,93000,1 month ago,30,901,https://www.youtube.com/watch?v=8FWmMGX_dxM
UCohgJ1UZcLte8e4TMqm8Abg,Filmaya Pro,2025-09-25,42100,crime_scams_mystery,11,crime_scams_mystery,channel_latest,TuJ5lDbJqKw,Is Chor Ko Pakdna Impossible hai - ( The Italian Job Movie Explained In Hindi/Urdu,395000,1 month ago,30,1303,https://www.youtube.com/watch?v=TuJ5lDbJqKw
UCohgJ1UZcLte8e4TMqm8Abg,Filmaya Pro,2025-09-25,42100,crime_scams_mystery,12,crime_scams_mystery,channel_latest,bi1_c8cu2-4,Is Mastermind Chor Ko Poori Police Bhi Nahi Rok Sakti - ( CRIME 101 Movie Explained In Hindi/Urdu),91000,1 month ago,30,1407,https://www.youtube.com/watch?v=bi1_c8cu2-4
UCohgJ1UZcLte8e4TMqm8Abg,Filmaya Pro,2025-09-25,42100,crime_scams_mystery,13,crime_scams_mystery,channel_latest,Fbg40bv6U7c,Sab inhe Kamzor Smjhty thy Lekin! ( The Amateur Movie Explained In Hindi/Urdu,98000,1 month ago,30,1462,https://www.youtube.com/watch?v=Fbg40bv6U7c
UCohgJ1UZcLte8e4TMqm8Abg,Filmaya Pro,2025-09-25,42100,crime_scams_mystery,14,crime_scams_mystery,channel_latest,VJJalSMUbvI,In Choron ki Planning Ne Professor ko bhi Hila diya ( The Experts 2024 Movie Explained In Hindi/Urdu,155000,2 months ago,60,1490,https://www.youtube.com/watch?v=VJJalSMUbvI
UCohgJ1UZcLte8e4TMqm8Abg,Filmaya Pro,2025-09-25,42100,crime_scams_mystery,15,crime_scams_mystery,channel_latest,33sV7_3SOYM,Bank Robbery jisne Poori Sarkar Ko Hila Diya ( The Shadow's Edge movie Explained In Hindi/Urdu,203000,2 months ago,60,1638,https://www.youtube.com/watch?v=33sV7_3SOYM
UCohgJ1UZcLte8e4TMqm8Abg,Filmaya Pro,2025-09-25,42100,crime_scams_mystery,16,crime_scams_mystery,channel_latest,KzmSFxh86Es,Yahan Sirf Ek Ghalti Or Seedhi Maut - Alice in Borderlands season 2 Explained In Hindi/Urdu,42000,3 months ago,90,1755,https://www.youtube.com/watch?v=KzmSFxh86Es
UCohgJ1UZcLte8e4TMqm8Abg,Filmaya Pro,2025-09-25,42100,crime_scams_mystery,17,crime_scams_mystery,channel_latest,Ruunm4aDYh4,Is Dragon Se Zinda Bachna Impossible Hai - ( I Am Dragon Movie Explained In Hindi/Urdu,147000,3 months ago,90,1269,https://www.youtube.com/watch?v=Ruunm4aDYh4
UCohgJ1UZcLte8e4TMqm8Abg,Filmaya Pro,2025-09-25,42100,crime_scams_mystery,18,crime_scams_mystery,channel_latest,LAw9WGCiVM4,Is giant Dragon ne Poory Sheher Me Tabahi Macha di  ( Damsel Movie Explained In Hindi/Urdu,69000,3 months ago,90,1391,https://www.youtube.com/watch?v=LAw9WGCiVM4
UCohgJ1UZcLte8e4TMqm8Abg,Filmaya Pro,2025-09-25,42100,crime_scams_mystery,19,crime_scams_mystery,channel_latest,FdWNEiQcDE0,Achanak Shuru Hua maut ka khel ( Alice in Borderlands Explained In Hindi/Urdu,227000,3 months ago,90,1407,https://www.youtube.com/watch?v=FdWNEiQcDE0
UCohgJ1UZcLte8e4TMqm8Abg,Filmaya Pro,2025-09-25,42100,crime_scams_mystery,20,crime_scams_mystery,channel_latest,kJwErglsS8s,Is Giant Dinosaur ko Rokna Impossible hai ( Jurassic park 1+2 Explained In Hindi/Urdu,168000,3 months ago,90,1329,https://www.youtube.com/watch?v=kJwErglsS8s
UCohgJ1UZcLte8e4TMqm8Abg,Filmaya Pro,2025-09-25,42100,crime_scams_mystery,21,crime_scams_mystery,channel_latest,bffaFCEYffo,Jab Samandar ka Giant Monster Wapis Agaya ( Aquaman movie explained in Hindi/Urdu,218000,3 months ago,90,1156,https://www.youtube.com/watch?v=bffaFCEYffo
UCohgJ1UZcLte8e4TMqm8Abg,Filmaya Pro,2025-09-25,42100,crime_scams_mystery,22,crime_scams_mystery,channel_latest,VUdEvFQkT8A,Yeh Monster Sirf Insaano ka  Shikar krta hai ( predators Movie Explained In Hindi/Urdu,77000,4 months ago,120,1025,https://www.youtube.com/watch?v=VUdEvFQkT8A
UCohgJ1UZcLte8e4TMqm8Abg,Filmaya Pro,2025-09-25,42100,crime_scams_mystery,23,crime_scams_mystery,channel_latest,RH5yW1yuT-M,Is Giant Dinosaur Ne Har Jagha Tabahi Macha Di ( fallen kingdom Explained In Hindi/Urdu,746000,4 months ago,120,1305,https://www.youtube.com/watch?v=RH5yW1yuT-M
UCohgJ1UZcLte8e4TMqm8Abg,Filmaya Pro,2025-09-25,42100,crime_scams_mystery,24,crime_scams_mystery,channel_latest,vZOrMFjz-bI,Jo Zameen Par Reh Gaya Woh Maara Jayega ( 2012 Movie Explained In hindi/Urdu,137000,4 months ago,120,1212,https://www.youtube.com/watch?v=vZOrMFjz-bI
UCohgJ1UZcLte8e4TMqm8Abg,Filmaya Pro,2025-09-25,42100,crime_scams_mystery,25,crime_scams_mystery,channel_latest,91yPTEHTOnM,Yeh Dinosaur Kisi ko Zinda Nahi Chorta ( Jurassic world dominion Movie Explained In hindi/Urdu,373000,4 months ago,120,1226,https://www.youtube.com/watch?v=91yPTEHTOnM
UCohgJ1UZcLte8e4TMqm8Abg,Filmaya Pro,2025-09-25,42100,crime_scams_mystery,26,crime_scams_mystery,channel_latest,6qxDTNzyi8A,Poorey 15 Saal Baad Aya Yeh Khatarnak Samurai- ( legend of Sword Movie Explained In hindi/Urdu,302000,4 months ago,120,1269,https://www.youtube.com/watch?v=6qxDTNzyi8A
UCohgJ1UZcLte8e4TMqm8Abg,Filmaya Pro,2025-09-25,42100,crime_scams_mystery,27,crime_scams_mystery,channel_latest,iEGxdNF5FRw,Is Qaidi Ko Poori German Jail Bhi Nahi Rok Sakthi - ( Escape Pretoria Movie Explained In hindi/Urdu,55000,4 months ago,120,1609,https://www.youtube.com/watch?v=iEGxdNF5FRw
UCohgJ1UZcLte8e4TMqm8Abg,Filmaya Pro,2025-09-25,42100,crime_scams_mystery,28,crime_scams_mystery,channel_latest,uZ0FKzEgtAY,Yeh Admi Bana Russia Ka Sabse Khatarnak Gangster - ( The Gangster Movie Explained in Hindi/Urdu,265000,5 months ago,150,1213,https://www.youtube.com/watch?v=uZ0FKzEgtAY
UCohgJ1UZcLte8e4TMqm8Abg,Filmaya Pro,2025-09-25,42100,crime_scams_mystery,29,crime_scams_mystery,channel_latest,0hoMJSMy9go,Yeh Admi Pohnch Gaya Dusri Duniya me - ( Thriller Movie Explained in Hindi/urdu,90000,5 months ago,150,2267,https://www.youtube.com/watch?v=0hoMJSMy9go
UCcA2aJFGGbSHVuqVp23rJlw,Money Chuck,2025-09-22,18100,business_economics|crime_scams_mystery,1,business_economics|crime_scams_mystery,channel_latest,ndEwcp_HG34,Even Worse Business Deals in History Explained Like You're 5,274,4 hours ago,0,529,https://www.youtube.com/watch?v=ndEwcp_HG34
UCcA2aJFGGbSHVuqVp23rJlw,Money Chuck,2025-09-22,18100,business_economics|crime_scams_mystery,2,business_economics|crime_scams_mystery,channel_latest,25Cmd6IN4kA,The Worst Billion Dollar Mistakes Ever Explained Like You're 5,1000,2 days ago,2,799,https://www.youtube.com/watch?v=25Cmd6IN4kA
UCcA2aJFGGbSHVuqVp23rJlw,Money Chuck,2025-09-22,18100,business_economics|crime_scams_mystery,3,business_economics|crime_scams_mystery,channel_latest,ODzKC2b9rLw,The Biggest Financial Scams in History Explained Like You're 5,578,13 days ago,13,763,https://www.youtube.com/watch?v=ODzKC2b9rLw
UCcA2aJFGGbSHVuqVp23rJlw,Money Chuck,2025-09-22,18100,business_economics|crime_scams_mystery,4,business_economics|crime_scams_mystery,channel_latest,8B1rL7rp8H4,The Biggest Frauds in History Explained Like You're 5,1300,2 weeks ago,14,503,https://www.youtube.com/watch?v=8B1rL7rp8H4
UCcA2aJFGGbSHVuqVp23rJlw,Money Chuck,2025-09-22,18100,business_economics|crime_scams_mystery,5,business_economics|crime_scams_mystery,channel_latest,30Mg9BJZE48,Every Level Of Financial Concepts Explained,3200,4 months ago,120,528,https://www.youtube.com/watch?v=30Mg9BJZE48
UCcA2aJFGGbSHVuqVp23rJlw,Money Chuck,2025-09-22,18100,business_economics|crime_scams_mystery,6,business_economics|crime_scams_mystery,channel_latest,tJlqnSMdQ_A,The Biggest Corporate Scandals in History Explained Like You're 5,167000,4 months ago,120,500,https://www.youtube.com/watch?v=tJlqnSMdQ_A
UCcA2aJFGGbSHVuqVp23rJlw,Money Chuck,2025-09-22,18100,business_economics|crime_scams_mystery,7,business_economics|crime_scams_mystery,channel_latest,LGMvrjo89aE,The Worst Business Deals by AOL Explained Like You're 5,3600,4 months ago,120,531,https://www.youtube.com/watch?v=LGMvrjo89aE
UCcA2aJFGGbSHVuqVp23rJlw,Money Chuck,2025-09-22,18100,business_economics|crime_scams_mystery,8,business_economics|crime_scams_mystery,channel_latest,ElL8vugpWTQ,The Worst Corporate Acquisitions in History Explained Like You're 5,11000,5 months ago,150,503,https://www.youtube.com/watch?v=ElL8vugpWTQ
UCcA2aJFGGbSHVuqVp23rJlw,Money Chuck,2025-09-22,18100,business_economics|crime_scams_mystery,9,business_economics|crime_scams_mystery,channel_latest,5jCMO59QY1c,CEOs Who Destroyed Their Own Companies Explained Like You’re 5,19000,5 months ago,150,480,https://www.youtube.com/watch?v=5jCMO59QY1c
UCcA2aJFGGbSHVuqVp23rJlw,Money Chuck,2025-09-22,18100,business_economics|crime_scams_mystery,10,business_economics|crime_scams_mystery,channel_latest,p34jEU-QrUE,The Worst Business Decisions by Yahoo Explained Like You're 5,13000,5 months ago,150,500,https://www.youtube.com/watch?v=p34jEU-QrUE
UCcA2aJFGGbSHVuqVp23rJlw,Money Chuck,2025-09-22,18100,business_economics|crime_scams_mystery,11,business_economics|crime_scams_mystery,channel_latest,FoQRQ9CVL7Q,Your Life as The Wolf of Wall Street Explained Like You're 5,1100,5 months ago,150,487,https://www.youtube.com/watch?v=FoQRQ9CVL7Q
UCcA2aJFGGbSHVuqVp23rJlw,Money Chuck,2025-09-22,18100,business_economics|crime_scams_mystery,12,business_economics|crime_scams_mystery,channel_latest,z3y7BsdlPUM,The Most Evil Businesses In History Explained Like You're 5,10000,5 months ago,150,515,https://www.youtube.com/watch?v=z3y7BsdlPUM
UCcA2aJFGGbSHVuqVp23rJlw,Money Chuck,2025-09-22,18100,business_economics|crime_scams_mystery,13,business_economics|crime_scams_mystery,channel_latest,EO_seIYnHrE,The Worst Business Decisions Ever Explained Like You're 5 (Pt. 3),52000,6 months ago,180,574,https://www.youtube.com/watch?v=EO_seIYnHrE
UCcA2aJFGGbSHVuqVp23rJlw,Money Chuck,2025-09-22,18100,business_economics|crime_scams_mystery,14,business_economics|crime_scams_mystery,channel_latest,fzaw4Hdh4pc,The Worst Marketing Stunts That Failed Horribly Explained Like You're 5,21000,6 months ago,180,527,https://www.youtube.com/watch?v=fzaw4Hdh4pc
UCcA2aJFGGbSHVuqVp23rJlw,Money Chuck,2025-09-22,18100,business_economics|crime_scams_mystery,15,business_economics|crime_scams_mystery,channel_latest,45BdIQkjgqo,The Worst Work Accidents in History Explain Like You're 5,13000,6 months ago,180,510,https://www.youtube.com/watch?v=45BdIQkjgqo
UCcA2aJFGGbSHVuqVp23rJlw,Money Chuck,2025-09-22,18100,business_economics|crime_scams_mystery,16,business_economics|crime_scams_mystery,channel_latest,252W-XkFYwQ,Worst CEO Decisions in History Explained Like You're 5 (Part 2),35000,6 months ago,180,522,https://www.youtube.com/watch?v=252W-XkFYwQ
UCcA2aJFGGbSHVuqVp23rJlw,Money Chuck,2025-09-22,18100,business_economics|crime_scams_mystery,17,business_economics|crime_scams_mystery,channel_latest,hEesudFkuqY,Worst Products Banned Forever Because People Became Too Greedy,4000,6 months ago,180,577,https://www.youtube.com/watch?v=hEesudFkuqY
UCcA2aJFGGbSHVuqVp23rJlw,Money Chuck,2025-09-22,18100,business_economics|crime_scams_mystery,18,business_economics|crime_scams_mystery,channel_latest,6ghRStVJA28,The Worst Business Deals in History Explained Like You're 5 (Pt. 2),66000,7 months ago,210,509,https://www.youtube.com/watch?v=6ghRStVJA28
UCcA2aJFGGbSHVuqVp23rJlw,Money Chuck,2025-09-22,18100,business_economics|crime_scams_mystery,19,business_economics|crime_scams_mystery,channel_latest,Q2mw0DzxS4w,The Worst Business Decisions Ever Explained Like You're 5 (Part 2),140000,7 months ago,210,516,https://www.youtube.com/watch?v=Q2mw0DzxS4w
UCcA2aJFGGbSHVuqVp23rJlw,Money Chuck,2025-09-22,18100,business_economics|crime_scams_mystery,20,business_economics|crime_scams_mystery,channel_latest,TS6YI1VYsE0,Worst CEO Decisions in History Explained Like You're 5,332000,7 months ago,210,515,https://www.youtube.com/watch?v=TS6YI1VYsE0
UCcA2aJFGGbSHVuqVp23rJlw,Money Chuck,2025-09-22,18100,business_economics|crime_scams_mystery,21,business_economics|crime_scams_mystery,channel_latest,fLsuGPIQJho,The Worst Game Show Cheats in History Explained Like You’re 5,17000,8 months ago,240,519,https://www.youtube.com/watch?v=fLsuGPIQJho
UCcA2aJFGGbSHVuqVp23rJlw,Money Chuck,2025-09-22,18100,business_economics|crime_scams_mystery,22,business_economics|crime_scams_mystery,channel_latest,uF0MQoXWsvw,The Worst Shark Tank Deals in History Explained Like You're 5,17000,8 months ago,240,521,https://www.youtube.com/watch?v=uF0MQoXWsvw
UCcA2aJFGGbSHVuqVp23rJlw,Money Chuck,2025-09-22,18100,business_economics|crime_scams_mystery,23,business_economics|crime_scams_mystery,channel_latest,dPyr5RB2Ilw,The Worst Business Deals in History Explained Like You're 5,883000,8 months ago,240,503,https://www.youtube.com/watch?v=dPyr5RB2Ilw
UCcA2aJFGGbSHVuqVp23rJlw,Money Chuck,2025-09-22,18100,business_economics|crime_scams_mystery,24,business_economics|crime_scams_mystery,channel_latest,BzbGm5r3E-U,Even Worst Business Decisions Ever Explained Like You're 5,186000,9 months ago,270,532,https://www.youtube.com/watch?v=BzbGm5r3E-U
UCcA2aJFGGbSHVuqVp23rJlw,Money Chuck,2025-09-22,18100,business_economics|crime_scams_mystery,25,business_economics|crime_scams_mystery,channel_latest,sA4zpzTep6w,The Great Depression Explained Like You're 5,8100,9 months ago,270,902,https://www.youtube.com/watch?v=sA4zpzTep6w
UCcA2aJFGGbSHVuqVp23rJlw,Money Chuck,2025-09-22,18100,business_economics|crime_scams_mystery,26,business_economics|crime_scams_mystery,channel_latest,gWFRbhVj7BI,The Wolf of Wall Street Scam Explained Like You're 5,523000,9 months ago,270,685,https://www.youtube.com/watch?v=gWFRbhVj7BI
UCcA2aJFGGbSHVuqVp23rJlw,Money Chuck,2025-09-22,18100,business_economics|crime_scams_mystery,27,business_economics|crime_scams_mystery,channel_latest,IaBqSMt3t7M,The Worst Financial Scams Ever Explained Like You're 5,217000,10 months ago,300,506,https://www.youtube.com/watch?v=IaBqSMt3t7M
UCcA2aJFGGbSHVuqVp23rJlw,Money Chuck,2025-09-22,18100,business_economics|crime_scams_mystery,28,business_economics|crime_scams_mystery,channel_latest,9yWNvNSC3t8,The Most Expensive Mistakes Ever Explained Like You're 5,54000,10 months ago,300,511,https://www.youtube.com/watch?v=9yWNvNSC3t8
UCcA2aJFGGbSHVuqVp23rJlw,Money Chuck,2025-09-22,18100,business_economics|crime_scams_mystery,29,business_economics|crime_scams_mystery,channel_latest,_S4ZTFIs8Yc,The Worst Business Decisions Ever Explained Like You're 5,700000,10 months ago,300,499,https://www.youtube.com/watch?v=_S4ZTFIs8Yc
UCcA2aJFGGbSHVuqVp23rJlw,Money Chuck,2025-09-22,18100,business_economics|crime_scams_mystery,30,business_economics|crime_scams_mystery,channel_latest,mLhkcUZNh4Y,The Weirdest Products in History Explained Like You're 5,7100,10 months ago,300,490,https://www.youtube.com/watch?v=mLhkcUZNh4Y
UCMWimE1l_u-A9S4eXfYG5dA,Mandarin Tech,2025-09-18,70300,geography_logistics,1,geography_logistics,channel_latest,2wfEP1C49z0,They Built a Massive Container Home in Just 48 Hours – A Process That Surprised Everyone,752,1 day ago,1,998,https://www.youtube.com/watch?v=2wfEP1C49z0
UCMWimE1l_u-A9S4eXfYG5dA,Mandarin Tech,2025-09-18,70300,geography_logistics,2,geography_logistics,channel_latest,d7gA3ko8ths,How Norway Turned 2 8M Frozen Acres Into Billion Dollar Mega Farms – Spectacular Arctic Harvests,4500,2 days ago,2,1012,https://www.youtube.com/watch?v=d7gA3ko8ths
UCMWimE1l_u-A9S4eXfYG5dA,Mandarin Tech,2025-09-18,70300,geography_logistics,3,geography_logistics,channel_latest,MpfwPjCAPvo,Switzerland Dug 57 km Through the Heart of the Alps to Build the World’s Longest Railway Tunnel,1200,3 days ago,3,912,https://www.youtube.com/watch?v=MpfwPjCAPvo
UCMWimE1l_u-A9S4eXfYG5dA,Mandarin Tech,2025-09-18,70300,geography_logistics,4,geography_logistics,channel_latest,xlJ2870ePzw,China’s New Robot Empire Could Dethrone America,19000,5 days ago,5,916,https://www.youtube.com/watch?v=xlJ2870ePzw
UCMWimE1l_u-A9S4eXfYG5dA,Mandarin Tech,2025-09-18,70300,geography_logistics,5,geography_logistics,channel_latest,Soc0vY9Rlyo,China’s EV Giants Are Destroying Europe’s 100-Year Empire — And Nobody Knows,498,6 days ago,6,980,https://www.youtube.com/watch?v=Soc0vY9Rlyo
UCMWimE1l_u-A9S4eXfYG5dA,Mandarin Tech,2025-09-18,70300,geography_logistics,6,geography_logistics,channel_latest,G6LwAEFCNW0,Inside the World’s Most Powerful Mega Dams Built to Tame the Mightiest Rivers,4000,6 days ago,6,918,https://www.youtube.com/watch?v=G6LwAEFCNW0
UCMWimE1l_u-A9S4eXfYG5dA,Mandarin Tech,2025-09-18,70300,geography_logistics,7,geography_logistics,channel_latest,UYgEPmy4lWE,"China Is Revolutionizing the Future of Construction With This 2,000-Year-Old Material",6900,8 days ago,8,1056,https://www.youtube.com/watch?v=UYgEPmy4lWE
UCMWimE1l_u-A9S4eXfYG5dA,Mandarin Tech,2025-09-18,70300,geography_logistics,8,geography_logistics,channel_latest,WCpTPOCS-3o,China’s New Battery Invention Has Made Lithium Useless,40000,10 days ago,10,997,https://www.youtube.com/watch?v=WCpTPOCS-3o
UCMWimE1l_u-A9S4eXfYG5dA,Mandarin Tech,2025-09-18,70300,geography_logistics,9,geography_logistics,channel_latest,_A7BJq8ipWo,Chile Built a Giant Energy Tower in the Atacama to Turn Sunlight Into Power After Dark,2100,11 days ago,11,981,https://www.youtube.com/watch?v=_A7BJq8ipWo
UCMWimE1l_u-A9S4eXfYG5dA,Mandarin Tech,2025-09-18,70300,geography_logistics,10,geography_logistics,channel_latest,Q504b-GROPQ,"How Did China Suspend a 1,860-Meter Road Across the Yangtze River",4000,12 days ago,12,1000,https://www.youtube.com/watch?v=Q504b-GROPQ
UCMWimE1l_u-A9S4eXfYG5dA,Mandarin Tech,2025-09-18,70300,geography_logistics,11,geography_logistics,channel_latest,nHC7h5sPHUs,How Did Malaysia Grow Rich From Palm Oil Plantations That Feed the World,14000,13 days ago,13,906,https://www.youtube.com/watch?v=nHC7h5sPHUs
UCMWimE1l_u-A9S4eXfYG5dA,Mandarin Tech,2025-09-18,70300,geography_logistics,12,geography_logistics,channel_latest,HCWme0aEyJk,The U.S and Canada Build a Billion Dollar Mega Bridge Across One of the World’s Busiest Borders,5900,13 days ago,13,974,https://www.youtube.com/watch?v=HCWme0aEyJk
UCMWimE1l_u-A9S4eXfYG5dA,Mandarin Tech,2025-09-18,70300,geography_logistics,13,geography_logistics,channel_latest,_Kn_qO7kXSQ,China Remove 9.8 Billion Tons of Trash With Advanced Technology- Leaving America Behind In Recycling,51000,2 weeks ago,14,1007,https://www.youtube.com/watch?v=_Kn_qO7kXSQ
UCMWimE1l_u-A9S4eXfYG5dA,Mandarin Tech,2025-09-18,70300,geography_logistics,14,geography_logistics,channel_latest,kHu05fjeYQA,Austria Built Its Tallest Office Tower Above the Historic Skyline of Vienna,1000,2 weeks ago,14,915,https://www.youtube.com/watch?v=kHu05fjeYQA
UCMWimE1l_u-A9S4eXfYG5dA,Mandarin Tech,2025-09-18,70300,geography_logistics,15,geography_logistics,channel_latest,9BxFyWBBBpU,China Builds a $171 Billion Mega Dam That Could Choke Off India’s Lifeline,5500,2 weeks ago,14,1490,https://www.youtube.com/watch?v=9BxFyWBBBpU
UCMWimE1l_u-A9S4eXfYG5dA,Mandarin Tech,2025-09-18,70300,geography_logistics,16,geography_logistics,channel_latest,9RgmQSSzTmI,Algeria Rebuilt the Kherrata Death Road That Once Terrified Every Driver,27000,2 weeks ago,14,961,https://www.youtube.com/watch?v=9RgmQSSzTmI
UCMWimE1l_u-A9S4eXfYG5dA,Mandarin Tech,2025-09-18,70300,geography_logistics,17,geography_logistics,channel_latest,NumjG6h8BA8,Chinese Smartphone Producer Quietly Beat Apple After The U.S  Technology Ban,22000,3 weeks ago,21,969,https://www.youtube.com/watch?v=NumjG6h8BA8
UCMWimE1l_u-A9S4eXfYG5dA,Mandarin Tech,2025-09-18,70300,geography_logistics,18,geography_logistics,channel_latest,ZCF-EV7xcqU,How India Face With Massive Aggressive Elephant Herds Ravaging Over Million Hectares of Farmland,1100,3 weeks ago,21,964,https://www.youtube.com/watch?v=ZCF-EV7xcqU
UCMWimE1l_u-A9S4eXfYG5dA,Mandarin Tech,2025-09-18,70300,geography_logistics,19,geography_logistics,channel_latest,QIZS-uXaB7E,Sweden Turned One of the Lowest-Grade Copper Ore Bodies into Europe’s Largest Open-Pit Copper Mine,3600,3 weeks ago,21,963,https://www.youtube.com/watch?v=QIZS-uXaB7E
UCMWimE1l_u-A9S4eXfYG5dA,Mandarin Tech,2025-09-18,70300,geography_logistics,20,geography_logistics,channel_latest,rIBifZuyBYI,The New Chinese Motorhomes That Outclass Every Luxury Mansion In The World,3000,3 weeks ago,21,1002,https://www.youtube.com/watch?v=rIBifZuyBYI
UCMWimE1l_u-A9S4eXfYG5dA,Mandarin Tech,2025-09-18,70300,geography_logistics,21,geography_logistics,channel_latest,jB_n34QqPJQ,Australia’s Extreme Plan to Stop 40 Million Kangaroos From Overrunning The Entire Continent,774,3 weeks ago,21,970,https://www.youtube.com/watch?v=jB_n34QqPJQ
UCMWimE1l_u-A9S4eXfYG5dA,Mandarin Tech,2025-09-18,70300,geography_logistics,22,geography_logistics,channel_latest,xoN1EyFPKBU,How France Revived Notre-Dame from the Ashes and Restored the Soul of Paris,1700,3 weeks ago,21,943,https://www.youtube.com/watch?v=xoN1EyFPKBU
UCMWimE1l_u-A9S4eXfYG5dA,Mandarin Tech,2025-09-18,70300,geography_logistics,23,geography_logistics,channel_latest,GD7VL3IBma8,"Inside 3,100 Meter Mega Bridge Project That Cost $1 Billion And Changed the Russian Far East Forever",6900,4 weeks ago,28,912,https://www.youtube.com/watch?v=GD7VL3IBma8
UCMWimE1l_u-A9S4eXfYG5dA,Mandarin Tech,2025-09-18,70300,geography_logistics,24,geography_logistics,channel_latest,bFYnD52CmFs,How Sunflowers Helped Ukraine Become a Global Cooking Oil Powerhouse,10000,4 weeks ago,28,1004,https://www.youtube.com/watch?v=bFYnD52CmFs
UCMWimE1l_u-A9S4eXfYG5dA,Mandarin Tech,2025-09-18,70300,geography_logistics,25,geography_logistics,channel_latest,C2kBjQNtD_M,Norway Built a Massive Bridge Across One of the World’s Deepest Fjords,11000,1 month ago,30,1001,https://www.youtube.com/watch?v=C2kBjQNtD_M
UCMWimE1l_u-A9S4eXfYG5dA,Mandarin Tech,2025-09-18,70300,geography_logistics,26,geography_logistics,channel_latest,fM5sGWB-7ro,How Did Dubai Build A $1 Billion “7 Star” Hotel Taller Than The Eiffel Tower In The Middle Of Sea,866,1 month ago,30,983,https://www.youtube.com/watch?v=fM5sGWB-7ro
UCMWimE1l_u-A9S4eXfYG5dA,Mandarin Tech,2025-09-18,70300,geography_logistics,27,geography_logistics,channel_latest,mnvPQQGQM40,Australia Built a Giant Transcontinental Fence to Stop the Invasion of 10 Billion Rabbits,469000,1 month ago,30,999,https://www.youtube.com/watch?v=mnvPQQGQM40
UCMWimE1l_u-A9S4eXfYG5dA,Mandarin Tech,2025-09-18,70300,geography_logistics,28,geography_logistics,channel_latest,0VS4BCHyF-o,Australia Is Tunnelling Through the Snowy Mountains to Build a $12 Billion Underground Power Station,12000,1 month ago,30,968,https://www.youtube.com/watch?v=0VS4BCHyF-o
UCMWimE1l_u-A9S4eXfYG5dA,Mandarin Tech,2025-09-18,70300,geography_logistics,29,geography_logistics,channel_latest,dtHnluOHovE,The 100 Year Old Dam That Forced America To Spend $324 Million To Remove — Nature Strikes Back,51000,1 month ago,30,962,https://www.youtube.com/watch?v=dtHnluOHovE
UCMWimE1l_u-A9S4eXfYG5dA,Mandarin Tech,2025-09-18,70300,geography_logistics,30,geography_logistics,channel_latest,cGxB0XdBRKs,China’s New Humanoid Robot Technology Is Making Global Tech Powers Wary,4500,1 month ago,30,1009,https://www.youtube.com/watch?v=cGxB0XdBRKs
UCPTDdIFlaBrHdCEerIjdXKw,Khalan Studio,2025-09-18,14200,work_career_education,1,work_career_education,channel_latest,7OQqKJl4GCk,Proxima Centauri b: Humanity's First Colony FULL EPISODE | Science Fiction Documentary,55000,2 days ago,2,1059,https://www.youtube.com/watch?v=7OQqKJl4GCk
UCPTDdIFlaBrHdCEerIjdXKw,Khalan Studio,2025-09-18,14200,work_career_education,2,work_career_education,channel_latest,1v50eRBxn1c,Humanity Finally Meets an Alien Probe | Science Fiction Documentary,70000,9 days ago,9,820,https://www.youtube.com/watch?v=1v50eRBxn1c
UCPTDdIFlaBrHdCEerIjdXKw,Khalan Studio,2025-09-18,14200,work_career_education,3,work_career_education,channel_latest,LfjnZVG2m-s,The Day Privacy Disappeared FULL EPISODE | Science Fiction Documentary,13000,2 weeks ago,14,878,https://www.youtube.com/watch?v=LfjnZVG2m-s
UCPTDdIFlaBrHdCEerIjdXKw,Khalan Studio,2025-09-18,14200,work_career_education,4,work_career_education,channel_latest,yEhLbDpEE6c,Humanity Decodes the First Alien Message | Science Fiction Documentary,44000,3 weeks ago,21,824,https://www.youtube.com/watch?v=yEhLbDpEE6c
UCPTDdIFlaBrHdCEerIjdXKw,Khalan Studio,2025-09-18,14200,work_career_education,5,work_career_education,channel_latest,pAouFljMuLg,Kepler-442b: The Perfect World FULL EPISODE | Science Fiction Documentary,449000,4 weeks ago,28,1077,https://www.youtube.com/watch?v=pAouFljMuLg
UCPTDdIFlaBrHdCEerIjdXKw,Khalan Studio,2025-09-18,14200,work_career_education,6,work_career_education,channel_latest,uilZFX_hwtc,The Day Humanity Received an Alien Signal | Science Fiction Documentary,59000,1 month ago,30,1019,https://www.youtube.com/watch?v=uilZFX_hwtc
UCPTDdIFlaBrHdCEerIjdXKw,Khalan Studio,2025-09-18,14200,work_career_education,7,work_career_education,channel_latest,yBJL3bpH6LI,The World in 1000 Years FULL EPISODE | Science Fiction Documentary,114000,1 month ago,30,2083,https://www.youtube.com/watch?v=yBJL3bpH6LI
UCPTDdIFlaBrHdCEerIjdXKw,Khalan Studio,2025-09-18,14200,work_career_education,8,work_career_education,channel_latest,nKvs_6Vyrp0,The Day We Cured Every Disease FULL EPISODE | Science Fiction Documentary,3600,1 month ago,30,1464,https://www.youtube.com/watch?v=nKvs_6Vyrp0
UCPTDdIFlaBrHdCEerIjdXKw,Khalan Studio,2025-09-18,14200,work_career_education,9,work_career_education,channel_latest,-WpfAd70chA,Daily Life on Mars  (2045) FULL EPISODE | Science Fiction Documentary,19000,1 month ago,30,1812,https://www.youtube.com/watch?v=-WpfAd70chA
UCPTDdIFlaBrHdCEerIjdXKw,Khalan Studio,2025-09-18,14200,work_career_education,10,work_career_education,channel_latest,fd6XUtJAWWw,The Last Generation of Human Workers FULL EPISODE | Science Fiction Documentary,430000,2 months ago,60,869,https://www.youtube.com/watch?v=fd6XUtJAWWw
UCPTDdIFlaBrHdCEerIjdXKw,Khalan Studio,2025-09-18,14200,work_career_education,11,work_career_education,channel_latest,wn4e-gu3OuY,The World in 100 Years FULL EPISODE | Science Fiction Documentary,116000,2 months ago,60,2208,https://www.youtube.com/watch?v=wn4e-gu3OuY
UCPTDdIFlaBrHdCEerIjdXKw,Khalan Studio,2025-09-18,14200,work_career_education,12,work_career_education,channel_latest,val_fF0FeLE,Teegarden C: The Longest Human Journey Ever | FULL EPISODE,15000,4 months ago,120,498,https://www.youtube.com/watch?v=val_fF0FeLE
UCPTDdIFlaBrHdCEerIjdXKw,Khalan Studio,2025-09-18,14200,work_career_education,13,work_career_education,channel_latest,yCCvL5PKEgQ,Engineered Humans: The Next Evolution FULL EPISODE | Science Fiction Documentary,23000,6 months ago,180,1334,https://www.youtube.com/watch?v=yCCvL5PKEgQ
UCPTDdIFlaBrHdCEerIjdXKw,Khalan Studio,2025-09-18,14200,work_career_education,14,work_career_education,channel_latest,kCELvZRDr2Y,Rise and Fall of the Mayas | The Maya Civilization Explained | (Full Documentary),1800,7 months ago,210,2197,https://www.youtube.com/watch?v=kCELvZRDr2Y
UCPTDdIFlaBrHdCEerIjdXKw,Khalan Studio,2025-09-18,14200,work_career_education,15,work_career_education,channel_latest,hlSaUz080mI,The World in 2000 Years FULL EPISODE | Science Fiction Documentary,207000,8 months ago,240,1251,https://www.youtube.com/watch?v=hlSaUz080mI
UCPTDdIFlaBrHdCEerIjdXKw,Khalan Studio,2025-09-18,14200,work_career_education,16,work_career_education,channel_latest,UBn-5FAna64,Who Really Controls America? | Hidden Power – Democracy For Sale FULL EPISODE | Documentary,1800,9 months ago,270,1335,https://www.youtube.com/watch?v=UBn-5FAna64
UCPTDdIFlaBrHdCEerIjdXKw,Khalan Studio,2025-09-18,14200,work_career_education,17,work_career_education,channel_latest,SY3nJjmckUY,Beyond the Darkness FULL EPISODE | NDE Documentary,1600,9 months ago,270,1889,https://www.youtube.com/watch?v=SY3nJjmckUY
UCPTDdIFlaBrHdCEerIjdXKw,Khalan Studio,2025-09-18,14200,work_career_education,18,work_career_education,channel_latest,Voz7b7aOg3U,What Samurai Honor Really Meant FULL EPISODE - Documentary,1000,10 months ago,300,1732,https://www.youtube.com/watch?v=Voz7b7aOg3U
UCPTDdIFlaBrHdCEerIjdXKw,Khalan Studio,2025-09-18,14200,work_career_education,19,work_career_education,channel_latest,7vhlJcjqmGI,The Truth Behind the Bible - Documentary,2300,11 months ago,330,1168,https://www.youtube.com/watch?v=7vhlJcjqmGI
UC9oGRaUTFIubLMT45nt9d4A,Metal Morph,2025-09-14,15400,everyday_history,1,everyday_history,channel_latest,dHkpFn9NlCI,🚆 America & Britain Trains Evolution | 200+ Years of Rail History | Сompilation,137000,6 months ago,180,566,https://www.youtube.com/watch?v=dHkpFn9NlCI
UC9oGRaUTFIubLMT45nt9d4A,Metal Morph,2025-09-14,15400,everyday_history,2,everyday_history,channel_latest,iiW_Dn0RzD8,🚂 South African Train Evolution 1800s–2050 | From Ox Wagons to Electric Locomotives!,16000,6 months ago,180,162,https://www.youtube.com/watch?v=iiW_Dn0RzD8
UC9oGRaUTFIubLMT45nt9d4A,Metal Morph,2025-09-14,15400,everyday_history,3,everyday_history,channel_latest,XAqF94jwcA4,🚄 Egypt Train Evolution | From Steam Locomotives to Futuristic EGYPTIAN MAGLEV!,55000,6 months ago,180,211,https://www.youtube.com/watch?v=XAqF94jwcA4
UC9oGRaUTFIubLMT45nt9d4A,Metal Morph,2025-09-14,15400,everyday_history,4,everyday_history,channel_latest,OACAdZ3gAUY,🚄 Austria Train Evolution (1800–2050) | From Alpine Carts to Futuristic Speed,41000,7 months ago,210,208,https://www.youtube.com/watch?v=OACAdZ3gAUY
UC9oGRaUTFIubLMT45nt9d4A,Metal Morph,2025-09-14,15400,everyday_history,5,everyday_history,channel_latest,zx2VQoIppiw,🚆 Brazil Train Evolution (1800–2050) | From Colonial Rail to Futuristic Trains 🇧🇷,175000,7 months ago,210,199,https://www.youtube.com/watch?v=zx2VQoIppiw
UC9oGRaUTFIubLMT45nt9d4A,Metal Morph,2025-09-14,15400,everyday_history,6,everyday_history,channel_latest,KxwcS6-MVW0,"🚄 Asian Railways Evolution Сompilation (1800–2050) | Japan, China & Korea",617000,7 months ago,210,580,https://www.youtube.com/watch?v=KxwcS6-MVW0
UC9oGRaUTFIubLMT45nt9d4A,Metal Morph,2025-09-14,15400,everyday_history,7,everyday_history,channel_latest,SrCkbzHOBSM,🚆 UK Train Evolution (1800–2050) | From Royal Carriages to Futuristic Rail,1300000,7 months ago,210,301,https://www.youtube.com/watch?v=SrCkbzHOBSM
UC9oGRaUTFIubLMT45nt9d4A,Metal Morph,2025-09-14,15400,everyday_history,8,everyday_history,channel_latest,3npSJNktKn0,🚆 Australia Trains Evolution (1800–2050) | From Kangaroo Cart to AUSTRALIS 2050,15000,7 months ago,210,201,https://www.youtube.com/watch?v=3npSJNktKn0
UC9oGRaUTFIubLMT45nt9d4A,Metal Morph,2025-09-14,15400,everyday_history,9,everyday_history,channel_latest,l2ttnlKFl7E,🚄 USA Trains Evolution (1812–2050) | From Uncle Sam Cart to Hyperloop Future 🇺🇸,2200000,7 months ago,210,296,https://www.youtube.com/watch?v=l2ttnlKFl7E
UC9oGRaUTFIubLMT45nt9d4A,Metal Morph,2025-09-14,15400,everyday_history,10,everyday_history,channel_latest,tzef5GF5wCo,🚄 Switzerland Trains Evolution (1800–2050) | From Alpine Steam to Future Hyper Rail,23000,7 months ago,210,182,https://www.youtube.com/watch?v=tzef5GF5wCo
UC9oGRaUTFIubLMT45nt9d4A,Metal Morph,2025-09-14,15400,everyday_history,11,everyday_history,channel_latest,1BDJyODyly8,"🚆 Nordic Trains Evolution (1800 - 2050) | 200 Years of Rail in Sweden, Norway & Finland",16000,7 months ago,210,590,https://www.youtube.com/watch?v=1BDJyODyly8
UC9oGRaUTFIubLMT45nt9d4A,Metal Morph,2025-09-14,15400,everyday_history,12,everyday_history,channel_latest,8prh-QAQ23s,🚆 Indonesia Train Evolution | From Primitive Wagons to High-Speed Future (1800–2050),148000,7 months ago,210,168,https://www.youtube.com/watch?v=8prh-QAQ23s
UC9oGRaUTFIubLMT45nt9d4A,Metal Morph,2025-09-14,15400,everyday_history,13,everyday_history,channel_latest,ZUoTEiFpXVE,🚄 Japan Trains Evolution (1800–2050) | Steam Locomotives to Shinkansen Z-Series 🇯🇵,143000,7 months ago,210,243,https://www.youtube.com/watch?v=ZUoTEiFpXVE
UC9oGRaUTFIubLMT45nt9d4A,Metal Morph,2025-09-14,15400,everyday_history,14,everyday_history,channel_latest,k1dBajHwuzk,🚆 Portugal Trains Evolution | From Wooden Wagons to Futuristic MAGLEV (1800–2050),14000,7 months ago,210,192,https://www.youtube.com/watch?v=k1dBajHwuzk
UC9oGRaUTFIubLMT45nt9d4A,Metal Morph,2025-09-14,15400,everyday_history,15,everyday_history,channel_latest,EaHD-D3pyts,🚄 Finland Train Evolution (1800–2050) | From SaunaWagons to Futuristic Trains,26000,7 months ago,210,190,https://www.youtube.com/watch?v=EaHD-D3pyts
UC9oGRaUTFIubLMT45nt9d4A,Metal Morph,2025-09-14,15400,everyday_history,16,everyday_history,channel_latest,Dx_fuNYXAAY,🚅 Indian Train Evolution 1830–2050 | From Manual Railways to Futuristic INDIAN MAGLEV!,2500000,8 months ago,240,234,https://www.youtube.com/watch?v=Dx_fuNYXAAY
UC9oGRaUTFIubLMT45nt9d4A,Metal Morph,2025-09-14,15400,everyday_history,17,everyday_history,channel_latest,kl3niYi8m34,🕰️ Train Evolution Compilation | 200 Years of European Rail,162000,8 months ago,240,482,https://www.youtube.com/watch?v=kl3niYi8m34
UC9oGRaUTFIubLMT45nt9d4A,Metal Morph,2025-09-14,15400,everyday_history,18,everyday_history,channel_latest,8Hwk_tfjVxU,🚄 French Train Evolution 1700 to 2050 | From Baguette Сart to Future Renault 3000 km/h Hyper-Speed!,1400000,8 months ago,240,192,https://www.youtube.com/watch?v=8Hwk_tfjVxU
UC9oGRaUTFIubLMT45nt9d4A,Metal Morph,2025-09-14,15400,everyday_history,19,everyday_history,channel_latest,w2dd7VYMKUU,🚄 Chinese Train Evolution 1700 to 2050 | From Panda Cart to 2000 km/h Future Maglev!,402000,8 months ago,240,178,https://www.youtube.com/watch?v=w2dd7VYMKUU
UC9oGRaUTFIubLMT45nt9d4A,Metal Morph,2025-09-14,15400,everyday_history,20,everyday_history,channel_latest,Pic3D0sRrpY,🚄 Insane Japanese Train Evolution - From Rickshaw to KAGAYAKI-X 2100,15000,8 months ago,240,154,https://www.youtube.com/watch?v=Pic3D0sRrpY
UC9oGRaUTFIubLMT45nt9d4A,Metal Morph,2025-09-14,15400,everyday_history,21,everyday_history,channel_latest,jF8pJEVwT6g,⚔️ WAR OF TRAINS: The Evolution of WW2 Armored Trains | German Panzerzug to Soviet rail gun,4300,9 months ago,270,69,https://www.youtube.com/watch?v=jF8pJEVwT6g
UC9oGRaUTFIubLMT45nt9d4A,Metal Morph,2025-09-14,15400,everyday_history,22,everyday_history,channel_latest,y_9JNWkB_7k,"⚓FRENCH BATTLESHIPS evolution, ironclads & modern navy ships.Ship transformation",2000,9 months ago,270,74,https://www.youtube.com/watch?v=y_9JNWkB_7k
UC9oGRaUTFIubLMT45nt9d4A,Metal Morph,2025-09-14,15400,everyday_history,23,everyday_history,channel_latest,C3myKB3lhlU,🚂 Epic Korean Train Evolution 1700–2100 | From Steam Power to Future Haneul | Train Transformation,7700,9 months ago,270,153,https://www.youtube.com/watch?v=C3myKB3lhlU
UC9oGRaUTFIubLMT45nt9d4A,Metal Morph,2025-09-14,15400,everyday_history,24,everyday_history,channel_latest,Q90eRkhm7Kk,SUKHOI SAGA: From SU-7 to SU-57 – Soviet to Russian Jets. Aircraft transformation and evolution,1600,10 months ago,300,99,https://www.youtube.com/watch?v=Q90eRkhm7Kk
UC9oGRaUTFIubLMT45nt9d4A,Metal Morph,2025-09-14,15400,everyday_history,25,everyday_history,channel_latest,rNXhCT9H608,⚔️ From Old to Unstoppable — Evolution of Chinese J-Series Fighters,2400,10 months ago,300,86,https://www.youtube.com/watch?v=rNXhCT9H608
UC9oGRaUTFIubLMT45nt9d4A,Metal Morph,2025-09-14,15400,everyday_history,26,everyday_history,channel_latest,2LWsvzqN-04,🚂 CRAZY TRANSFORMATION – Evolution of British freight locomotives | Locomotive No. 1 - Class 99,8500,10 months ago,300,127,https://www.youtube.com/watch?v=2LWsvzqN-04
UC9oGRaUTFIubLMT45nt9d4A,Metal Morph,2025-09-14,15400,everyday_history,27,everyday_history,channel_latest,87XASWPfeMs,🚢 SHOOTING NAVAL RISE | Evolution of Chinese Warship Power | Ship transformation,4300,10 months ago,300,80,https://www.youtube.com/watch?v=87XASWPfeMs
UC9oGRaUTFIubLMT45nt9d4A,Metal Morph,2025-09-14,15400,everyday_history,28,everyday_history,channel_latest,YRWWJXgUt60,🔥 BEST COMPILATION OF AIRCRAFT EVOLUTION: From Propeller to Jet Power,1900,10 months ago,300,408,https://www.youtube.com/watch?v=YRWWJXgUt60
UC9oGRaUTFIubLMT45nt9d4A,Metal Morph,2025-09-14,15400,everyday_history,29,everyday_history,channel_latest,tj0Q4XCvdsk,🚄 Speed Shock – Evolution of Bullet Trains from Shinkansen to Hyperloop | Transformation of trains,2100,10 months ago,300,68,https://www.youtube.com/watch?v=tj0Q4XCvdsk
UC9oGRaUTFIubLMT45nt9d4A,Metal Morph,2025-09-14,15400,everyday_history,30,everyday_history,channel_latest,Z7Qr77kX0Ds,❓ WHAT HAPPENED TO THEM? Evolution of Ground Attack Aircraft from IL to KF. Aircraft transformation,2700,10 months ago,300,111,https://www.youtube.com/watch?v=Z7Qr77kX0Ds
UCRu-HFgvI8sALbKQg5F1mCg,Gravity of Frame,2025-09-05,386,culture_entertainment,1,culture_entertainment,channel_latest,jfmOpVY9yro,10 SuperHero Movies That Blew Our Expectations,80,2 months ago,60,649,https://www.youtube.com/watch?v=jfmOpVY9yro
UCRu-HFgvI8sALbKQg5F1mCg,Gravity of Frame,2025-09-05,386,culture_entertainment,2,culture_entertainment,channel_latest,nHLMIWNFS6Q,Avengers: Doomsday Trailer LEAKED… Real or Fake?,200,4 months ago,120,360,https://www.youtube.com/watch?v=nHLMIWNFS6Q
UCRu-HFgvI8sALbKQg5F1mCg,Gravity of Frame,2025-09-05,386,culture_entertainment,3,culture_entertainment,channel_latest,MoRnWckdUYc,Iron Man Is Trapped Inside the Soul Stone — You Missed This!,2600,4 months ago,120,399,https://www.youtube.com/watch?v=MoRnWckdUYc
UCRu-HFgvI8sALbKQg5F1mCg,Gravity of Frame,2025-09-05,386,culture_entertainment,4,culture_entertainment,channel_latest,nkdEvg_hRmU,Spider-Man Is Becoming The Next Iron Man,252,4 months ago,120,526,https://www.youtube.com/watch?v=nkdEvg_hRmU
UCRu-HFgvI8sALbKQg5F1mCg,Gravity of Frame,2025-09-05,386,culture_entertainment,5,culture_entertainment,channel_latest,dZtUz9Tj8TU,The MCU Is Already in Secret Wars (Nobody Noticed),251,4 months ago,120,500,https://www.youtube.com/watch?v=dZtUz9Tj8TU
UCRu-HFgvI8sALbKQg5F1mCg,Gravity of Frame,2025-09-05,386,culture_entertainment,6,culture_entertainment,channel_latest,JU527vyEgJM,Spider-Man Brand New Day Trailer – Hidden Details You Missed Explained,157,5 months ago,150,377,https://www.youtube.com/watch?v=JU527vyEgJM
UCRu-HFgvI8sALbKQg5F1mCg,Gravity of Frame,2025-09-05,386,culture_entertainment,7,culture_entertainment,channel_latest,KWTXgP0MwI0,Avengers: Doomsday Death List – Who’s Not Surviving?,836,5 months ago,150,573,https://www.youtube.com/watch?v=KWTXgP0MwI0
UCRu-HFgvI8sALbKQg5F1mCg,Gravity of Frame,2025-09-05,386,culture_entertainment,8,culture_entertainment,channel_latest,EVhzy2k9t2E,Iron Man Snapped Twice in Endgame… And Nobody Noticed,765,5 months ago,150,461,https://www.youtube.com/watch?v=EVhzy2k9t2E
UCRu-HFgvI8sALbKQg5F1mCg,Gravity of Frame,2025-09-05,386,culture_entertainment,9,culture_entertainment,channel_latest,S62bW2YPiz4,The Saddest Scene in Every MCU Phase (You Will Cry Again),477,5 months ago,150,413,https://www.youtube.com/watch?v=S62bW2YPiz4
UCRu-HFgvI8sALbKQg5F1mCg,Gravity of Frame,2025-09-05,386,culture_entertainment,10,culture_entertainment,channel_latest,EOo4rk5HfRc,Inception Ending Explained: Is Cobb Still Dreaming?,762,6 months ago,180,617,https://www.youtube.com/watch?v=EOo4rk5HfRc
UCRu-HFgvI8sALbKQg5F1mCg,Gravity of Frame,2025-09-05,386,culture_entertainment,11,culture_entertainment,channel_latest,3JwHf4e3sNg,Iron Man Survived Endgame… And It Broke the MCU,40,6 months ago,180,319,https://www.youtube.com/watch?v=3JwHf4e3sNg
UCRu-HFgvI8sALbKQg5F1mCg,Gravity of Frame,2025-09-05,386,culture_entertainment,12,culture_entertainment,channel_latest,YM80lBczV5Q,Who Is the Best Director in the World and Why?,345,6 months ago,180,463,https://www.youtube.com/watch?v=YM80lBczV5Q
UCRu-HFgvI8sALbKQg5F1mCg,Gravity of Frame,2025-09-05,386,culture_entertainment,13,culture_entertainment,channel_latest,7zTMogrzw3I,Doctor Doom Is Basically Evil Tony Stark – Here’s Why,577,7 months ago,210,351,https://www.youtube.com/watch?v=7zTMogrzw3I
UCRu-HFgvI8sALbKQg5F1mCg,Gravity of Frame,2025-09-05,386,culture_entertainment,14,culture_entertainment,channel_latest,hMQT80s4VUw,Upcoming 2026 Movies That Will Break the Internet,42,7 months ago,210,420,https://www.youtube.com/watch?v=hMQT80s4VUw
UCRu-HFgvI8sALbKQg5F1mCg,Gravity of Frame,2025-09-05,386,culture_entertainment,15,culture_entertainment,channel_latest,b29-TSevnz0,Stranger Things Final Episode EXPLAINED,223,7 months ago,210,403,https://www.youtube.com/watch?v=b29-TSevnz0
UCRu-HFgvI8sALbKQg5F1mCg,Gravity of Frame,2025-09-05,386,culture_entertainment,16,culture_entertainment,channel_latest,VuPyypS4SoM,The Dark Truth Behind Marvel Leaks,292,7 months ago,210,308,https://www.youtube.com/watch?v=VuPyypS4SoM
UCRu-HFgvI8sALbKQg5F1mCg,Gravity of Frame,2025-09-05,386,culture_entertainment,17,culture_entertainment,channel_latest,qeYkfAn15AE,Christopher Nolan’s The Odyssey Could Win Him Another Oscar,1000,7 months ago,210,690,https://www.youtube.com/watch?v=qeYkfAn15AE
UCRu-HFgvI8sALbKQg5F1mCg,Gravity of Frame,2025-09-05,386,culture_entertainment,18,culture_entertainment,channel_latest,w1mg5UieAfQ,How Marvel Spent $1 Billion on Avengers: Doomsday,2400,9 months ago,270,483,https://www.youtube.com/watch?v=w1mg5UieAfQ
UCRu-HFgvI8sALbKQg5F1mCg,Gravity of Frame,2025-09-05,386,culture_entertainment,19,culture_entertainment,channel_latest,vrRqSsR7Uow,Stranger Things 5 Trailer – Hidden Secrets Revealed!,184,9 months ago,270,482,https://www.youtube.com/watch?v=vrRqSsR7Uow
UCRu-HFgvI8sALbKQg5F1mCg,Gravity of Frame,2025-09-05,386,culture_entertainment,20,culture_entertainment,channel_latest,ehFYCFpkgzQ,Daredevil Is Coming in Spider-Man: Brand New Day… Here’s the Proof,287,9 months ago,270,562,https://www.youtube.com/watch?v=ehFYCFpkgzQ
UCRu-HFgvI8sALbKQg5F1mCg,Gravity of Frame,2025-09-05,386,culture_entertainment,21,culture_entertainment,channel_latest,k_E4abrp2js,How Hollywood Fakes Realistic Death Scenes,353,10 months ago,300,484,https://www.youtube.com/watch?v=k_E4abrp2js
UCRu-HFgvI8sALbKQg5F1mCg,Gravity of Frame,2025-09-05,386,culture_entertainment,22,culture_entertainment,channel_latest,G0uwOJRKYNo,Doctor Doom vs The Avengers – Who Can Truly Stop Him?,262,10 months ago,300,524,https://www.youtube.com/watch?v=G0uwOJRKYNo
UCRu-HFgvI8sALbKQg5F1mCg,Gravity of Frame,2025-09-05,386,culture_entertainment,23,culture_entertainment,channel_latest,6VeDb1cszE0,Why Stranger Things 5 Is Netflix’s Darkest Season!,161,10 months ago,300,420,https://www.youtube.com/watch?v=6VeDb1cszE0
UCRu-HFgvI8sALbKQg5F1mCg,Gravity of Frame,2025-09-05,386,culture_entertainment,24,culture_entertainment,channel_latest,sw0C64KsnIA,Marvel Zombies Explained – The Darkest Marvel Story Ever Told,98,10 months ago,300,497,https://www.youtube.com/watch?v=sw0C64KsnIA
UCRu-HFgvI8sALbKQg5F1mCg,Gravity of Frame,2025-09-05,386,culture_entertainment,25,culture_entertainment,channel_latest,ezev7FxNSGw,Hollywood’s Collapse Explained: Why the Film Industry Is Dying!,61000,10 months ago,300,485,https://www.youtube.com/watch?v=ezev7FxNSGw
UCRu-HFgvI8sALbKQg5F1mCg,Gravity of Frame,2025-09-05,386,culture_entertainment,26,culture_entertainment,channel_latest,97gYeF01nf0,How Interstellar Predicted Our Future (Movie Explained),262,11 months ago,330,183,https://www.youtube.com/watch?v=97gYeF01nf0
UCqPTW4CeoAgq111DA__mP9g,Max Fisher,2025-09-03,487000,work_career_education,1,work_career_education,channel_latest,cNbwkHW3b90,What I’ve learned about China,588000,10 days ago,10,2655,https://www.youtube.com/watch?v=cNbwkHW3b90
UCqPTW4CeoAgq111DA__mP9g,Max Fisher,2025-09-03,487000,work_career_education,2,work_career_education,channel_latest,eYhCRjIQzuQ,Ukraine is pulling off something impossible,1700000,3 weeks ago,21,1749,https://www.youtube.com/watch?v=eYhCRjIQzuQ
UCqPTW4CeoAgq111DA__mP9g,Max Fisher,2025-09-03,487000,work_career_education,3,work_career_education,channel_latest,BkA0bkb6ZO0,China quietly saved the world last month,6500000,1 month ago,30,1863,https://www.youtube.com/watch?v=BkA0bkb6ZO0
UCqPTW4CeoAgq111DA__mP9g,Max Fisher,2025-09-03,487000,work_career_education,4,work_career_education,channel_latest,RF1nM3gRM4A,Who really won the Iran war,881000,1 month ago,30,1399,https://www.youtube.com/watch?v=RF1nM3gRM4A
UCqPTW4CeoAgq111DA__mP9g,Max Fisher,2025-09-03,487000,work_career_education,5,work_career_education,channel_latest,kSLsuADzOSk,North Korea just did the impossible,1600000,2 months ago,60,1821,https://www.youtube.com/watch?v=kSLsuADzOSk
UCqPTW4CeoAgq111DA__mP9g,Max Fisher,2025-09-03,487000,work_career_education,6,work_career_education,channel_latest,HGBuEjzsrHE,The real reason dating is broken,605000,2 months ago,60,1756,https://www.youtube.com/watch?v=HGBuEjzsrHE
UCqPTW4CeoAgq111DA__mP9g,Max Fisher,2025-09-03,487000,work_career_education,7,work_career_education,channel_latest,zOHbe5NRabM,The world is turning on Israel,4099999,3 months ago,90,997,https://www.youtube.com/watch?v=zOHbe5NRabM
UCqPTW4CeoAgq111DA__mP9g,Max Fisher,2025-09-03,487000,work_career_education,8,work_career_education,channel_latest,LJefxb2dSMY,Most US elections don't count,371000,3 months ago,90,1541,https://www.youtube.com/watch?v=LJefxb2dSMY
UCqPTW4CeoAgq111DA__mP9g,Max Fisher,2025-09-03,487000,work_career_education,9,work_career_education,channel_latest,Da6Zuc7gE-8,Why Trump and Iran can’t make peace,373000,4 months ago,120,1357,https://www.youtube.com/watch?v=Da6Zuc7gE-8
UCqPTW4CeoAgq111DA__mP9g,Max Fisher,2025-09-03,487000,work_career_education,10,work_career_education,channel_latest,aUM4kv0HnG0,America's job market is collapsing,1700000,4 months ago,120,1792,https://www.youtube.com/watch?v=aUM4kv0HnG0
UCqPTW4CeoAgq111DA__mP9g,Max Fisher,2025-09-03,487000,work_career_education,11,work_career_education,channel_latest,vFb_hb_npV4,The Iran oil shock is about to hit,2500000,4 months ago,120,871,https://www.youtube.com/watch?v=vFb_hb_npV4
UCqPTW4CeoAgq111DA__mP9g,Max Fisher,2025-09-03,487000,work_career_education,12,work_career_education,channel_latest,YBGs2XSP58A,The real agenda behind the Iran war,934000,5 months ago,150,1175,https://www.youtube.com/watch?v=YBGs2XSP58A
UCqPTW4CeoAgq111DA__mP9g,Max Fisher,2025-09-03,487000,work_career_education,13,work_career_education,channel_latest,Nahxy_92PrY,The real message of One Battle After Another,128000,5 months ago,150,1728,https://www.youtube.com/watch?v=Nahxy_92PrY
UCqPTW4CeoAgq111DA__mP9g,Max Fisher,2025-09-03,487000,work_career_education,14,work_career_education,channel_latest,AultJcNb90c,How China blew up its own future,1900000,5 months ago,150,1562,https://www.youtube.com/watch?v=AultJcNb90c
UCqPTW4CeoAgq111DA__mP9g,Max Fisher,2025-09-03,487000,work_career_education,15,work_career_education,channel_latest,TpMFsUOBPQE,Welcome to The Bigger Picture,71000,5 months ago,150,95,https://www.youtube.com/watch?v=TpMFsUOBPQE
UCqPTW4CeoAgq111DA__mP9g,Max Fisher,2025-09-03,487000,work_career_education,16,work_career_education,channel_latest,rThhm1-g1a8,What ICE Wants,639000,7 months ago,210,2570,https://www.youtube.com/watch?v=rThhm1-g1a8
UCHFoGRSXGOpc6D_NTGv-UyQ,Inqalaab International,2025-09-01,43600,crime_scams_mystery,1,crime_scams_mystery,channel_latest,E8kpd4BKJd8,The Man Who Sold the Eiffel Tower Twice | Victor Lustig’s Biggest Scam,3500,9 days ago,9,693,https://www.youtube.com/watch?v=E8kpd4BKJd8
UCHFoGRSXGOpc6D_NTGv-UyQ,Inqalaab International,2025-09-01,43600,crime_scams_mystery,2,crime_scams_mystery,channel_latest,aObrbqvxH0A,When Money Goes Wrong | The $92 Quadrillion PayPal Error,3000,2 weeks ago,14,806,https://www.youtube.com/watch?v=aObrbqvxH0A
UCHFoGRSXGOpc6D_NTGv-UyQ,Inqalaab International,2025-09-01,43600,crime_scams_mystery,3,crime_scams_mystery,channel_latest,CWGsBFIhbjM,How Freemasons Destroyed the Ottoman Empire? | Sultan Abdul Hamid I History,1400,3 weeks ago,21,1399,https://www.youtube.com/watch?v=CWGsBFIhbjM
UCHFoGRSXGOpc6D_NTGv-UyQ,Inqalaab International,2025-09-01,43600,crime_scams_mystery,4,crime_scams_mystery,channel_latest,XbX-ugt2EFI,Hitler's Downfall: The End of WWII | How Adolf Hitler to Power | Documentary Part 2,2200,4 weeks ago,28,1473,https://www.youtube.com/watch?v=XbX-ugt2EFI
UCHFoGRSXGOpc6D_NTGv-UyQ,Inqalaab International,2025-09-01,43600,crime_scams_mystery,5,crime_scams_mystery,channel_latest,TojvqoM80EI,The Verdict That Divided a Nation  Shah Bano Case,2100,1 month ago,30,858,https://www.youtube.com/watch?v=TojvqoM80EI
UCHFoGRSXGOpc6D_NTGv-UyQ,Inqalaab International,2025-09-01,43600,crime_scams_mystery,6,crime_scams_mystery,channel_latest,jGGt4YmnZ7k,The Rise of Adolf Hitler: From Failed Artist to Dictator | Complete WWII Story | Part 1,4000,1 month ago,30,1432,https://www.youtube.com/watch?v=jGGt4YmnZ7k
UCHFoGRSXGOpc6D_NTGv-UyQ,Inqalaab International,2025-09-01,43600,crime_scams_mystery,7,crime_scams_mystery,channel_latest,5-0cSg_F4Wg,India's Most Notorious French Serial Killer | The Charles Sobhraj Story,8100,1 month ago,30,1609,https://www.youtube.com/watch?v=5-0cSg_F4Wg
UCHFoGRSXGOpc6D_NTGv-UyQ,Inqalaab International,2025-09-01,43600,crime_scams_mystery,8,crime_scams_mystery,channel_latest,QwW1y_b4Uhk,"Why Saudi Arabia's Vision 2030 Is Failing? | Neom City, The Line & MBS Mega Projects Explained",19000,1 month ago,30,1127,https://www.youtube.com/watch?v=QwW1y_b4Uhk
UCHFoGRSXGOpc6D_NTGv-UyQ,Inqalaab International,2025-09-01,43600,crime_scams_mystery,9,crime_scams_mystery,channel_latest,lVuzajGFSI8,Messi & Ronaldo: Will They Make History One Last Time?,5500,2 months ago,60,1030,https://www.youtube.com/watch?v=lVuzajGFSI8
UCHFoGRSXGOpc6D_NTGv-UyQ,Inqalaab International,2025-09-01,43600,crime_scams_mystery,10,crime_scams_mystery,channel_latest,dk05DDVxN8I,Rasputin: Saint or Devil? | The Mystery Behind Russia's Immortal Monk,22000,2 months ago,60,1482,https://www.youtube.com/watch?v=dk05DDVxN8I
UCHFoGRSXGOpc6D_NTGv-UyQ,Inqalaab International,2025-09-01,43600,crime_scams_mystery,11,crime_scams_mystery,channel_latest,B8IOFDmzpnM,Future Mummies: Inside The World of Frozen Humans | Cryonics,7400,2 months ago,60,1400,https://www.youtube.com/watch?v=B8IOFDmzpnM
UCHFoGRSXGOpc6D_NTGv-UyQ,Inqalaab International,2025-09-01,43600,crime_scams_mystery,12,crime_scams_mystery,channel_latest,bcR8ALuUXuo,The Hidden Crisis Behind Dubai's Success | Can Dubai Survive What's Coming?,8600,2 months ago,60,929,https://www.youtube.com/watch?v=bcR8ALuUXuo
UCHFoGRSXGOpc6D_NTGv-UyQ,Inqalaab International,2025-09-01,43600,crime_scams_mystery,13,crime_scams_mystery,channel_latest,qHm1elL-pO8,The Spy Who Tricked Mossad | Ashraf Marwan Documentary,3200,3 months ago,90,1278,https://www.youtube.com/watch?v=qHm1elL-pO8
UCHFoGRSXGOpc6D_NTGv-UyQ,Inqalaab International,2025-09-01,43600,crime_scams_mystery,14,crime_scams_mystery,channel_latest,L5R56esYleo,The Real Donald Trump: Exposing The Absolute Hidden Truth!,2800,3 months ago,90,1142,https://www.youtube.com/watch?v=L5R56esYleo
UCHFoGRSXGOpc6D_NTGv-UyQ,Inqalaab International,2025-09-01,43600,crime_scams_mystery,15,crime_scams_mystery,channel_latest,5MyWZAkfWqo,"The Untold Story of ""Michael"" (2026): A Billion-Dollar Mystery | Jaafar Jackson",18000,3 months ago,90,793,https://www.youtube.com/watch?v=5MyWZAkfWqo
UCHFoGRSXGOpc6D_NTGv-UyQ,Inqalaab International,2025-09-01,43600,crime_scams_mystery,16,crime_scams_mystery,channel_latest,TeIxoKCI66s,MBS Unmasked: The Forbidden Stories of Saudi Arabia | Documentary,30000,3 months ago,90,1400,https://www.youtube.com/watch?v=TeIxoKCI66s
UCHFoGRSXGOpc6D_NTGv-UyQ,Inqalaab International,2025-09-01,43600,crime_scams_mystery,17,crime_scams_mystery,channel_latest,SRhIBkpTzv0,Biggest Crypto Heist: The Shocking Story of a Beauty Queen,5300,3 months ago,90,1484,https://www.youtube.com/watch?v=SRhIBkpTzv0
UCHFoGRSXGOpc6D_NTGv-UyQ,Inqalaab International,2025-09-01,43600,crime_scams_mystery,18,crime_scams_mystery,channel_latest,Uv44jjLYbME,The Man Who Stole $65 Billion: The Bernie Madoff Ponzi Scheme Story,3500,4 months ago,120,1724,https://www.youtube.com/watch?v=Uv44jjLYbME
UCHFoGRSXGOpc6D_NTGv-UyQ,Inqalaab International,2025-09-01,43600,crime_scams_mystery,19,crime_scams_mystery,channel_latest,wEwtvlv8c7c,Dark Web AlphaBay Story: The 25-Year-Old Genius Who Made the Silk Road Look Like a Joke,72000,4 months ago,120,1457,https://www.youtube.com/watch?v=wEwtvlv8c7c
UCHFoGRSXGOpc6D_NTGv-UyQ,Inqalaab International,2025-09-01,43600,crime_scams_mystery,20,crime_scams_mystery,channel_latest,bCsKDJu15II,The Truth About Michael Jackson’s Life (Full Story Before ‘Michael’ Movie),14000,4 months ago,120,1425,https://www.youtube.com/watch?v=bCsKDJu15II
UCHFoGRSXGOpc6D_NTGv-UyQ,Inqalaab International,2025-09-01,43600,crime_scams_mystery,21,crime_scams_mystery,channel_latest,dD2yQdil3Ww,Why No One Can Stop Kim Jong Un? | The Secret World of North Korea,10000,4 months ago,120,1471,https://www.youtube.com/watch?v=dD2yQdil3Ww
UCHFoGRSXGOpc6D_NTGv-UyQ,Inqalaab International,2025-09-01,43600,crime_scams_mystery,22,crime_scams_mystery,channel_latest,X_UCRtrpxMM,The Illuminati Secret & The Bollywood Connection: The Hidden History & The Truth,6400,4 months ago,120,1408,https://www.youtube.com/watch?v=X_UCRtrpxMM
UCHFoGRSXGOpc6D_NTGv-UyQ,Inqalaab International,2025-09-01,43600,crime_scams_mystery,23,crime_scams_mystery,channel_latest,H_bqPrtgyTk,The Man Who Earned $60 Million a Day: The Untold Story of the World's Richest Criminal | Inqalaab,5400,4 months ago,120,1431,https://www.youtube.com/watch?v=H_bqPrtgyTk
UCHFoGRSXGOpc6D_NTGv-UyQ,Inqalaab International,2025-09-01,43600,crime_scams_mystery,24,crime_scams_mystery,channel_latest,VCSO0AIhD0Y,The Untold Heroes of 1947: 6 Legends Who Risked Everything to Save Lives | Inqalaab Documentary,2000,5 months ago,150,965,https://www.youtube.com/watch?v=VCSO0AIhD0Y
UCHFoGRSXGOpc6D_NTGv-UyQ,Inqalaab International,2025-09-01,43600,crime_scams_mystery,25,crime_scams_mystery,channel_latest,ZWMHqtZd9i8,MBS vs Erdogan: Why Saudi Arabia and Turkey are Rivals? The Great Game of 2026,28000,5 months ago,150,1322,https://www.youtube.com/watch?v=ZWMHqtZd9i8
UCHFoGRSXGOpc6D_NTGv-UyQ,Inqalaab International,2025-09-01,43600,crime_scams_mystery,26,crime_scams_mystery,channel_latest,wfGq8kb0PNs,The Rise of Mojtaba Khamenei: Iran's New Supreme Leader and the Future of the Middle East,2700,5 months ago,150,853,https://www.youtube.com/watch?v=wfGq8kb0PNs
UCHFoGRSXGOpc6D_NTGv-UyQ,Inqalaab International,2025-09-01,43600,crime_scams_mystery,27,crime_scams_mystery,channel_latest,Peih23WVK54,Dark Web King: From Bedroom Student to Billionaire Drug Lord | The Untold Story of Ross Ulbricht,2000000,5 months ago,150,1511,https://www.youtube.com/watch?v=Peih23WVK54
UCHFoGRSXGOpc6D_NTGv-UyQ,Inqalaab International,2025-09-01,43600,crime_scams_mystery,28,crime_scams_mystery,channel_latest,JoMvmKAcLiM,"The $10,000,000 Man: El Mencho Documentary | The Rise and Fall of Mexico's Most Dangerous Drug Lord",3700,5 months ago,150,783,https://www.youtube.com/watch?v=JoMvmKAcLiM
UCHFoGRSXGOpc6D_NTGv-UyQ,Inqalaab International,2025-09-01,43600,crime_scams_mystery,29,crime_scams_mystery,channel_latest,y7i0cN3rS9o,The End of Dubai? How Saudi Arabia is Stealing the Crown | Saudi Arabia vs UAE | Full Documentary,125000,6 months ago,180,962,https://www.youtube.com/watch?v=y7i0cN3rS9o
UCHFoGRSXGOpc6D_NTGv-UyQ,Inqalaab International,2025-09-01,43600,crime_scams_mystery,30,crime_scams_mystery,channel_latest,9fotVA2mdZ4,$1 Trillion Left Behind: Why These 5 Richest Cities Suddenly Turned Into Ghost Towns,4300,6 months ago,180,1098,https://www.youtube.com/watch?v=9fotVA2mdZ4
UCEy85baRPPw7Ls5HkMv8uRA,CRG Explains,2025-08-31,28800,culture_entertainment,1,culture_entertainment,channel_latest,ahDtHhHfzSI,The Entire History Of Open World Games (Explained Slowly),2500,1 month ago,30,2705,https://www.youtube.com/watch?v=ahDtHhHfzSI
UCEy85baRPPw7Ls5HkMv8uRA,CRG Explains,2025-08-31,28800,culture_entertainment,2,culture_entertainment,channel_latest,X_2dKA86bP0,Runescape Should Be Dead By Now,2900,2 months ago,60,831,https://www.youtube.com/watch?v=X_2dKA86bP0
UCEy85baRPPw7Ls5HkMv8uRA,CRG Explains,2025-08-31,28800,culture_entertainment,3,culture_entertainment,channel_latest,DMh9b-y3nxk,1 Lore Fact For Every Plant In Plants Vs Zombies,38000,2 months ago,60,2106,https://www.youtube.com/watch?v=DMh9b-y3nxk
UCEy85baRPPw7Ls5HkMv8uRA,CRG Explains,2025-08-31,28800,culture_entertainment,4,culture_entertainment,channel_latest,UfuVWSvQJbU,The Real Reason We Don't Get Licensed Games Anymore,33000,3 months ago,90,768,https://www.youtube.com/watch?v=UfuVWSvQJbU
UCEy85baRPPw7Ls5HkMv8uRA,CRG Explains,2025-08-31,28800,culture_entertainment,5,culture_entertainment,channel_latest,uiuPyzsiG3g,The Tetris Retrospective,700,3 months ago,90,1597,https://www.youtube.com/watch?v=uiuPyzsiG3g
UCEy85baRPPw7Ls5HkMv8uRA,CRG Explains,2025-08-31,28800,culture_entertainment,6,culture_entertainment,channel_latest,5jpwcDokEhI,Skyrim Should Be Dead By Now,59000,3 months ago,90,759,https://www.youtube.com/watch?v=5jpwcDokEhI
UCEy85baRPPw7Ls5HkMv8uRA,CRG Explains,2025-08-31,28800,culture_entertainment,7,culture_entertainment,channel_latest,KRROmB6Mdcw,A Brief History Of Runescape,9400,3 months ago,90,954,https://www.youtube.com/watch?v=KRROmB6Mdcw
UCEy85baRPPw7Ls5HkMv8uRA,CRG Explains,2025-08-31,28800,culture_entertainment,8,culture_entertainment,channel_latest,60_vP9td_x0,The Real Reason Among Us Failed,164000,3 months ago,90,650,https://www.youtube.com/watch?v=60_vP9td_x0
UCEy85baRPPw7Ls5HkMv8uRA,CRG Explains,2025-08-31,28800,culture_entertainment,9,culture_entertainment,channel_latest,84Wq3jayQTc,Bartender The Right Mix Lore Theory Explained,3400,3 months ago,90,490,https://www.youtube.com/watch?v=84Wq3jayQTc
UCEy85baRPPw7Ls5HkMv8uRA,CRG Explains,2025-08-31,28800,culture_entertainment,10,culture_entertainment,channel_latest,XtN8b-2isEE,Free-to-Play Is Killing Gaming,34000,3 months ago,90,594,https://www.youtube.com/watch?v=XtN8b-2isEE
UCEy85baRPPw7Ls5HkMv8uRA,CRG Explains,2025-08-31,28800,culture_entertainment,11,culture_entertainment,channel_latest,pHiXT-T_TZ0,Remember Swords And Sandals? There Is Lore!,4500,4 months ago,120,870,https://www.youtube.com/watch?v=pHiXT-T_TZ0
UCEy85baRPPw7Ls5HkMv8uRA,CRG Explains,2025-08-31,28800,culture_entertainment,12,culture_entertainment,channel_latest,kesdDmTG1Uw,Plants vs. Zombies: The Full Story,535000,4 months ago,120,1423,https://www.youtube.com/watch?v=kesdDmTG1Uw
UCEy85baRPPw7Ls5HkMv8uRA,CRG Explains,2025-08-31,28800,culture_entertainment,13,culture_entertainment,channel_latest,_fmvDGdycoA,The Lie That Changed Minecraft Forever,5900,4 months ago,120,1323,https://www.youtube.com/watch?v=_fmvDGdycoA
UCEy85baRPPw7Ls5HkMv8uRA,CRG Explains,2025-08-31,28800,culture_entertainment,14,culture_entertainment,channel_latest,I4X29pUoWP0,How Geometry Dash Became The Hardest Game In The World (The History),165000,4 months ago,120,705,https://www.youtube.com/watch?v=I4X29pUoWP0
UCEy85baRPPw7Ls5HkMv8uRA,CRG Explains,2025-08-31,28800,culture_entertainment,15,culture_entertainment,channel_latest,FQqXjzV4zqw,The Disaster That Nearly Killed Team Fortress 2,17000,4 months ago,120,1017,https://www.youtube.com/watch?v=FQqXjzV4zqw
UCEy85baRPPw7Ls5HkMv8uRA,CRG Explains,2025-08-31,28800,culture_entertainment,16,culture_entertainment,channel_latest,usGgol1JJwU,The Entire History Of Browser Games,878000,4 months ago,120,1323,https://www.youtube.com/watch?v=usGgol1JJwU
UCEy85baRPPw7Ls5HkMv8uRA,CRG Explains,2025-08-31,28800,culture_entertainment,17,culture_entertainment,channel_latest,2doebPugIzE,The Real Reason Mobile Game Companies Make Fake Ads,1200000,5 months ago,150,968,https://www.youtube.com/watch?v=2doebPugIzE
UCEy85baRPPw7Ls5HkMv8uRA,CRG Explains,2025-08-31,28800,culture_entertainment,18,culture_entertainment,channel_latest,i9AhyMYX6N4,The Story Of The Most Legendary Minecraft Ripoff,12000,5 months ago,150,560,https://www.youtube.com/watch?v=i9AhyMYX6N4
UCEy85baRPPw7Ls5HkMv8uRA,CRG Explains,2025-08-31,28800,culture_entertainment,19,culture_entertainment,channel_latest,BgVqoZnst9k,What Happened To Kingdom Rush?,69000,5 months ago,150,638,https://www.youtube.com/watch?v=BgVqoZnst9k
UCEy85baRPPw7Ls5HkMv8uRA,CRG Explains,2025-08-31,28800,culture_entertainment,20,culture_entertainment,channel_latest,7uRnSXYJ2DU,The Real Reason Shadow Fight FAILED,527000,5 months ago,150,633,https://www.youtube.com/watch?v=7uRnSXYJ2DU
UCEy85baRPPw7Ls5HkMv8uRA,CRG Explains,2025-08-31,28800,culture_entertainment,21,culture_entertainment,channel_latest,M7ZEbzpRe0M,What Makes Support Brawlers So OP?,15000,5 months ago,150,534,https://www.youtube.com/watch?v=M7ZEbzpRe0M
UCEy85baRPPw7Ls5HkMv8uRA,CRG Explains,2025-08-31,28800,culture_entertainment,22,culture_entertainment,channel_latest,zbmuHg8oAtc,"Who Is The MOST ""NO SKILL"" Brawler In Brawl Stars",71000,5 months ago,150,647,https://www.youtube.com/watch?v=zbmuHg8oAtc
UCEy85baRPPw7Ls5HkMv8uRA,CRG Explains,2025-08-31,28800,culture_entertainment,23,culture_entertainment,channel_latest,m8PYjceKP3I,The History Of Speedrunning Clash Royale,4600,5 months ago,150,486,https://www.youtube.com/watch?v=m8PYjceKP3I
UCEy85baRPPw7Ls5HkMv8uRA,CRG Explains,2025-08-31,28800,culture_entertainment,24,culture_entertainment,channel_latest,eTHFOyTGZb8,Will This Update Actually Save Clash Royale?,24000,6 months ago,180,632,https://www.youtube.com/watch?v=eTHFOyTGZb8
UCEy85baRPPw7Ls5HkMv8uRA,CRG Explains,2025-08-31,28800,culture_entertainment,25,culture_entertainment,channel_latest,rZV1xyqiDfA,Boom Beach Should Be Dead By Now,164000,6 months ago,180,846,https://www.youtube.com/watch?v=rZV1xyqiDfA
UCEy85baRPPw7Ls5HkMv8uRA,CRG Explains,2025-08-31,28800,culture_entertainment,26,culture_entertainment,channel_latest,JgKmWuHvwCs,Entire Clash Royale Drama Summarized,118000,6 months ago,180,520,https://www.youtube.com/watch?v=JgKmWuHvwCs
UCEy85baRPPw7Ls5HkMv8uRA,CRG Explains,2025-08-31,28800,culture_entertainment,27,culture_entertainment,channel_latest,kzoHys72RXI,Ranking EVERY Way To Get Banned In Clash Royale,95000,6 months ago,180,984,https://www.youtube.com/watch?v=kzoHys72RXI
UCEy85baRPPw7Ls5HkMv8uRA,CRG Explains,2025-08-31,28800,culture_entertainment,28,culture_entertainment,channel_latest,NAF3EHGhRAk,Clash Of Clans Should Be DEAD By Now,541000,6 months ago,180,856,https://www.youtube.com/watch?v=NAF3EHGhRAk
UCEy85baRPPw7Ls5HkMv8uRA,CRG Explains,2025-08-31,28800,culture_entertainment,29,culture_entertainment,channel_latest,M3CsAVov0tY,Can Supercell Actually NERF THE MINER?,32000,6 months ago,180,721,https://www.youtube.com/watch?v=M3CsAVov0tY
UCEy85baRPPw7Ls5HkMv8uRA,CRG Explains,2025-08-31,28800,culture_entertainment,30,culture_entertainment,channel_latest,e0mPR56rFxQ,What Is The Mathematically PERFECT Deck In Clash Royale?,211000,7 months ago,210,1542,https://www.youtube.com/watch?v=e0mPR56rFxQ
UCufvVan2COV7M3FX5dPdlHA,Old Money Dynasty,2025-08-29,96100,culture_entertainment,1,culture_entertainment,channel_latest,RKipiIdfEnY,The Last Gilded Age Auction: 684 Lots and a House Nobody Wanted,12000,6 days ago,6,2607,https://www.youtube.com/watch?v=RKipiIdfEnY
UCufvVan2COV7M3FX5dPdlHA,Old Money Dynasty,2025-08-29,96100,culture_entertainment,2,culture_entertainment,channel_latest,hsQpUoh004c,The Ruin of Anne Boleyn's Childhood Home,914,11 days ago,11,3261,https://www.youtube.com/watch?v=hsQpUoh004c
UCufvVan2COV7M3FX5dPdlHA,Old Money Dynasty,2025-08-29,96100,culture_entertainment,3,culture_entertainment,channel_latest,qjwV2S3ju9g,The Sad Story of Charles Schwab and the Riverside Mansion Built on Steel and Borrowed Money,5400,13 days ago,13,3157,https://www.youtube.com/watch?v=qjwV2S3ju9g
UCufvVan2COV7M3FX5dPdlHA,Old Money Dynasty,2025-08-29,96100,culture_entertainment,4,culture_entertainment,channel_latest,WdpWIBjSJdE,The House Painter Who Became the Richest Man in Los Angeles,3200,2 weeks ago,14,2918,https://www.youtube.com/watch?v=WdpWIBjSJdE
UCufvVan2COV7M3FX5dPdlHA,Old Money Dynasty,2025-08-29,96100,culture_entertainment,5,culture_entertainment,channel_latest,ptZLVIdZo8U,The Men Who Guarded America's Richest Families and Mansions,4900,3 weeks ago,21,2839,https://www.youtube.com/watch?v=ptZLVIdZo8U
UCufvVan2COV7M3FX5dPdlHA,Old Money Dynasty,2025-08-29,96100,culture_entertainment,6,culture_entertainment,channel_latest,fFU4fTskJEs,The Kodak Billionaire Who Gave Away $100 Million to Strangers,12000,4 weeks ago,28,3471,https://www.youtube.com/watch?v=fFU4fTskJEs
UCufvVan2COV7M3FX5dPdlHA,Old Money Dynasty,2025-08-29,96100,culture_entertainment,7,culture_entertainment,channel_latest,kFRuzHy3qK0,The Twisted Story of C.W. Post and the Cereal Empire Built on Theft and Ruin,11000,1 month ago,30,2797,https://www.youtube.com/watch?v=kFRuzHy3qK0
UCufvVan2COV7M3FX5dPdlHA,Old Money Dynasty,2025-08-29,96100,culture_entertainment,8,culture_entertainment,channel_latest,rQnBHwb0geQ,The $20 Billion Retail Empire Destroyed By One Bad Idea: J.C. Penney,206000,1 month ago,30,2726,https://www.youtube.com/watch?v=rQnBHwb0geQ
UCufvVan2COV7M3FX5dPdlHA,Old Money Dynasty,2025-08-29,96100,culture_entertainment,9,culture_entertainment,channel_latest,2qpCrmZBWlw,The Gilded Age Preacher Who Built America's First Department Store,7800,1 month ago,30,3046,https://www.youtube.com/watch?v=2qpCrmZBWlw
UCufvVan2COV7M3FX5dPdlHA,Old Money Dynasty,2025-08-29,96100,culture_entertainment,10,culture_entertainment,channel_latest,_kRTa3V8ZQM,The Rise and Fall of The Piggly Wiggly Founder and the Mansion Built on Groceries and War,84000,1 month ago,30,2483,https://www.youtube.com/watch?v=_kRTa3V8ZQM
UCufvVan2COV7M3FX5dPdlHA,Old Money Dynasty,2025-08-29,96100,culture_entertainment,11,culture_entertainment,channel_latest,H4GMBHV0Fpw,The Dark Story of How Walt Disney Went From Bankrupt To a $200 Billion Empire,149000,2 months ago,60,2886,https://www.youtube.com/watch?v=H4GMBHV0Fpw
UCufvVan2COV7M3FX5dPdlHA,Old Money Dynasty,2025-08-29,96100,culture_entertainment,12,culture_entertainment,channel_latest,3mfS_gFDxkE,Where The Old Money From Fifth Avenue Actually Went,74000,2 months ago,60,2646,https://www.youtube.com/watch?v=3mfS_gFDxkE
UCufvVan2COV7M3FX5dPdlHA,Old Money Dynasty,2025-08-29,96100,culture_entertainment,13,culture_entertainment,channel_latest,VwywsWHSNDw,The Gilded Age Opera House That Redefined Who Ran New York,13000,2 months ago,60,2338,https://www.youtube.com/watch?v=VwywsWHSNDw
UCufvVan2COV7M3FX5dPdlHA,Old Money Dynasty,2025-08-29,96100,culture_entertainment,14,culture_entertainment,channel_latest,pxS-8nuc4UQ,The Entire Story of Colonel Sanders and His $2 Billion Empire of Fried Chicken and Fury,64000,2 months ago,60,2602,https://www.youtube.com/watch?v=pxS-8nuc4UQ
UCufvVan2COV7M3FX5dPdlHA,Old Money Dynasty,2025-08-29,96100,culture_entertainment,15,culture_entertainment,channel_latest,sqLqAO4QQSQ,The Rise and Fall... AND Rise of Donald Trump's Ancestors,55000,2 months ago,60,2690,https://www.youtube.com/watch?v=sqLqAO4QQSQ
UCufvVan2COV7M3FX5dPdlHA,Old Money Dynasty,2025-08-29,96100,culture_entertainment,16,culture_entertainment,channel_latest,AMKQpkzun0Q,"The Lehman Scandal: $60 Billion, 158 Years, Gone in 72 Hours",6100,2 months ago,60,2231,https://www.youtube.com/watch?v=AMKQpkzun0Q
UCufvVan2COV7M3FX5dPdlHA,Old Money Dynasty,2025-08-29,96100,culture_entertainment,17,culture_entertainment,channel_latest,_vymFQTowRM,The Downfall of Howard Hughes and His $2.5 Billion Empire of Airplanes and Madness,346000,2 months ago,60,2770,https://www.youtube.com/watch?v=_vymFQTowRM
UCufvVan2COV7M3FX5dPdlHA,Old Money Dynasty,2025-08-29,96100,culture_entertainment,18,culture_entertainment,channel_latest,goiY7v9wD3w,The Twisted Story of America's Most Hated Catalog King: Aaron Montgomery Ward,172000,3 months ago,90,2674,https://www.youtube.com/watch?v=goiY7v9wD3w
UCufvVan2COV7M3FX5dPdlHA,Old Money Dynasty,2025-08-29,96100,culture_entertainment,19,culture_entertainment,channel_latest,LnG56AI93e4,He Built The Hilton Hotel Empire Worth Billions. Then He Disinherited His Family: Conrad Hilton,27000,3 months ago,90,2172,https://www.youtube.com/watch?v=LnG56AI93e4
UCufvVan2COV7M3FX5dPdlHA,Old Money Dynasty,2025-08-29,96100,culture_entertainment,20,culture_entertainment,channel_latest,pRQxVt9NGuU,"Inside New York's First, Richest and Darkest Old Money Dynasty",25000,3 months ago,90,2304,https://www.youtube.com/watch?v=pRQxVt9NGuU
UCufvVan2COV7M3FX5dPdlHA,Old Money Dynasty,2025-08-29,96100,culture_entertainment,21,culture_entertainment,channel_latest,-X0uv2m1bbU,The Scandal That Broke One of the Gilded Age's Greatest Dynasties,5200,3 months ago,90,2721,https://www.youtube.com/watch?v=-X0uv2m1bbU
UCufvVan2COV7M3FX5dPdlHA,Old Money Dynasty,2025-08-29,96100,culture_entertainment,22,culture_entertainment,channel_latest,FaeBAJchz4s,The Entire History of The Ringling Bros Circus In 38 Minutes,35000,3 months ago,90,2321,https://www.youtube.com/watch?v=FaeBAJchz4s
UCufvVan2COV7M3FX5dPdlHA,Old Money Dynasty,2025-08-29,96100,culture_entertainment,23,culture_entertainment,channel_latest,NHCWqrQ0iVs,Inside America's Most Famous & Tragic Bloodline: The Kennedys,4000,3 months ago,90,2191,https://www.youtube.com/watch?v=NHCWqrQ0iVs
UCufvVan2COV7M3FX5dPdlHA,Old Money Dynasty,2025-08-29,96100,culture_entertainment,24,culture_entertainment,channel_latest,ELgsWuv_MEE,The Rise and Fall of Chicago's Millionaire Row,17000,4 months ago,120,2162,https://www.youtube.com/watch?v=ELgsWuv_MEE
UCufvVan2COV7M3FX5dPdlHA,Old Money Dynasty,2025-08-29,96100,culture_entertainment,25,culture_entertainment,channel_latest,W2PDTqldzE0,"The Troubled Heinz Empire: Bankruptcy, Ketchup, and the Mansion America Destroyed",41000,4 months ago,120,2146,https://www.youtube.com/watch?v=W2PDTqldzE0
UCufvVan2COV7M3FX5dPdlHA,Old Money Dynasty,2025-08-29,96100,culture_entertainment,26,culture_entertainment,channel_latest,PPwIiLetS2I,The Destroyed Banker Who Accidentally Created a Billion Dollar Dynasty: Edmund McIlhenny,281000,4 months ago,120,3270,https://www.youtube.com/watch?v=PPwIiLetS2I
UCufvVan2COV7M3FX5dPdlHA,Old Money Dynasty,2025-08-29,96100,culture_entertainment,27,culture_entertainment,channel_latest,eTQnh5t4F2s,The Only Gilded Age Mansion Left on Millionaires' Row: Inside Glessner,22000,4 months ago,120,2969,https://www.youtube.com/watch?v=eTQnh5t4F2s
UCufvVan2COV7M3FX5dPdlHA,Old Money Dynasty,2025-08-29,96100,culture_entertainment,28,culture_entertainment,channel_latest,pso08MhhJEY,The Richest Family in America and the Award-Winning Mansion You've Never Seen,85000,5 months ago,150,1918,https://www.youtube.com/watch?v=pso08MhhJEY
UCufvVan2COV7M3FX5dPdlHA,Old Money Dynasty,2025-08-29,96100,culture_entertainment,29,culture_entertainment,channel_latest,GMpfoLBlZZw,The Controversial Rothschild Story: From Filthy Ghetto to Grand Mansions,24000,5 months ago,150,1993,https://www.youtube.com/watch?v=GMpfoLBlZZw
UCufvVan2COV7M3FX5dPdlHA,Old Money Dynasty,2025-08-29,96100,culture_entertainment,30,culture_entertainment,channel_latest,h2NopnBwMxE,The Forgotten Story of the McDonald Brothers Who Invented Fast Food,24000,5 months ago,150,2114,https://www.youtube.com/watch?v=h2NopnBwMxE
UCAKPIc6R4Z0AyIAFaTACCjA,Old Line Power,2025-08-28,33500,history_civilization,1,history_civilization,channel_latest,fsDFcNs6p3A,The Tragic Life of Britain's Most Famous Fugitive Earl: Lord Lucan,7700,6 days ago,6,3647,https://www.youtube.com/watch?v=fsDFcNs6p3A
UCAKPIc6R4Z0AyIAFaTACCjA,Old Line Power,2025-08-28,33500,history_civilization,2,history_civilization,channel_latest,kfqlX_e5DP4,The Entire Story of Jessica Mitford In 60 Minutes,2900,2 weeks ago,14,3629,https://www.youtube.com/watch?v=kfqlX_e5DP4
UCAKPIc6R4Z0AyIAFaTACCjA,Old Line Power,2025-08-28,33500,history_civilization,3,history_civilization,channel_latest,V7ETYg994wU,The Dark Story of the Mother and Daughter Trapped in Grey Gardens,89000,2 weeks ago,14,3437,https://www.youtube.com/watch?v=V7ETYg994wU
UCAKPIc6R4Z0AyIAFaTACCjA,Old Line Power,2025-08-28,33500,history_civilization,4,history_civilization,channel_latest,K9DPyt2QEMo,She Was One of New York's Richest Women. She Spent 24 Years Behind a Locked Door: Ida Wood,7700,1 month ago,30,2793,https://www.youtube.com/watch?v=K9DPyt2QEMo
UCAKPIc6R4Z0AyIAFaTACCjA,Old Line Power,2025-08-28,33500,history_civilization,5,history_civilization,channel_latest,lh4JA3G7kso,The Entire Scandalous Story of Edwina Mountbatten In 50 Minutes,3000,1 month ago,30,3057,https://www.youtube.com/watch?v=lh4JA3G7kso
UCAKPIc6R4Z0AyIAFaTACCjA,Old Line Power,2025-08-28,33500,history_civilization,6,history_civilization,channel_latest,vvocG8JO8Uk,"She Ran Away to Pose For a Communist, Then Came Back to Rule Gilded Age Society: C.Z. Guest",5300,1 month ago,30,2488,https://www.youtube.com/watch?v=vvocG8JO8Uk
UCAKPIc6R4Z0AyIAFaTACCjA,Old Line Power,2025-08-28,33500,history_civilization,7,history_civilization,channel_latest,49kJH4XmqfQ,The Cursed Winchester Heiress and Her $20 Million Secret,3800,1 month ago,30,2935,https://www.youtube.com/watch?v=49kJH4XmqfQ
UCAKPIc6R4Z0AyIAFaTACCjA,Old Line Power,2025-08-28,33500,history_civilization,8,history_civilization,channel_latest,eVlNXGa_mxg,The Dark Story of the Most Expensive Divorce in Gilded Age History,31000,1 month ago,30,3063,https://www.youtube.com/watch?v=eVlNXGa_mxg
UCAKPIc6R4Z0AyIAFaTACCjA,Old Line Power,2025-08-28,33500,history_civilization,9,history_civilization,channel_latest,RW5nNxqd52U,The Most Dangerous Princess of Truman Capote's Swans,3500,2 months ago,60,2581,https://www.youtube.com/watch?v=RW5nNxqd52U
UCAKPIc6R4Z0AyIAFaTACCjA,Old Line Power,2025-08-28,33500,history_civilization,10,history_civilization,channel_latest,SpT5-Om-2OE,The Grand Dame of Newport’s Gilded Age: Mamie Fish,12000,2 months ago,60,2537,https://www.youtube.com/watch?v=SpT5-Om-2OE
UCAKPIc6R4Z0AyIAFaTACCjA,Old Line Power,2025-08-28,33500,history_civilization,11,history_civilization,channel_latest,BjJs1uCLo1I,The Poor Little Rich Girl: The Vanderbilt Custody Trial That Shocked America,2000,2 months ago,60,2539,https://www.youtube.com/watch?v=BjJs1uCLo1I
UCAKPIc6R4Z0AyIAFaTACCjA,Old Line Power,2025-08-28,33500,history_civilization,12,history_civilization,channel_latest,MA9FM0LCQ8E,The American Heiresses Who Redefined European Aristocracy,7400,2 months ago,60,3363,https://www.youtube.com/watch?v=MA9FM0LCQ8E
UCAKPIc6R4Z0AyIAFaTACCjA,Old Line Power,2025-08-28,33500,history_civilization,13,history_civilization,channel_latest,2DplcO6v8G8,The Forbidden Engagement of the Prince of Wales: Lady Rosemary,45000,2 months ago,60,2774,https://www.youtube.com/watch?v=2DplcO6v8G8
UCAKPIc6R4Z0AyIAFaTACCjA,Old Line Power,2025-08-28,33500,history_civilization,14,history_civilization,channel_latest,sENtpv7P9GE,Why the Royal Family Punished Wallis Simpson for Half a Century,10000,2 months ago,60,2672,https://www.youtube.com/watch?v=sENtpv7P9GE
UCAKPIc6R4Z0AyIAFaTACCjA,Old Line Power,2025-08-28,33500,history_civilization,15,history_civilization,channel_latest,uSjdaKAWWuo,The Last Queen Of Fifth Avenue: How Grace Vanderbilt Outlived The Gilded Age,32000,3 months ago,90,2993,https://www.youtube.com/watch?v=uSjdaKAWWuo
UCAKPIc6R4Z0AyIAFaTACCjA,Old Line Power,2025-08-28,33500,history_civilization,16,history_civilization,channel_latest,qTs6SX-BrCE,The Cursed Heiress Andy Warhol Destroyed: Edie Sedgwick,8300,3 months ago,90,2341,https://www.youtube.com/watch?v=qTs6SX-BrCE
UCAKPIc6R4Z0AyIAFaTACCjA,Old Line Power,2025-08-28,33500,history_civilization,17,history_civilization,channel_latest,5IfriQxAWmk,The Entire Story of Nellie Bly In 52 Minutes..,142000,3 months ago,90,3127,https://www.youtube.com/watch?v=5IfriQxAWmk
UCAKPIc6R4Z0AyIAFaTACCjA,Old Line Power,2025-08-28,33500,history_civilization,18,history_civilization,channel_latest,aXT3v4WIlBU,The Rise And Fall Of America's Most Untouchable Sisters: The Cushing Dynasty,277000,3 months ago,90,4233,https://www.youtube.com/watch?v=aXT3v4WIlBU
UCAKPIc6R4Z0AyIAFaTACCjA,Old Line Power,2025-08-28,33500,history_civilization,19,history_civilization,channel_latest,H17CWuGGKYs,The Last Astor Heir Who Survived Titanic and Became Roosevelt's Secret Spy,24000,4 months ago,120,3603,https://www.youtube.com/watch?v=H17CWuGGKYs
UCAKPIc6R4Z0AyIAFaTACCjA,Old Line Power,2025-08-28,33500,history_civilization,20,history_civilization,channel_latest,UYqn05FMYZI,Ward McAllister: The Gatekeeper the Gilded Age Destroyed,19000,4 months ago,120,3663,https://www.youtube.com/watch?v=UYqn05FMYZI
UCAKPIc6R4Z0AyIAFaTACCjA,Old Line Power,2025-08-28,33500,history_civilization,21,history_civilization,channel_latest,rljXf6Hbmec,The Disturbing Truth Behind the Lowell Mill Girls: America's Biggest Factory Scandal,67000,4 months ago,120,2894,https://www.youtube.com/watch?v=rljXf6Hbmec
UCAKPIc6R4Z0AyIAFaTACCjA,Old Line Power,2025-08-28,33500,history_civilization,22,history_civilization,channel_latest,K5pgOuy2T7k,The Dark Story of the Most Expensive Marriage in Gilded Age History: Anna Gould,91000,4 months ago,120,2373,https://www.youtube.com/watch?v=K5pgOuy2T7k
UCAKPIc6R4Z0AyIAFaTACCjA,Old Line Power,2025-08-28,33500,history_civilization,23,history_civilization,channel_latest,ftvZxsdBIGU,The Notorious Guggenheim and Her $3 Billion Secret,243000,5 months ago,150,3330,https://www.youtube.com/watch?v=ftvZxsdBIGU
UCAKPIc6R4Z0AyIAFaTACCjA,Old Line Power,2025-08-28,33500,history_civilization,24,history_civilization,channel_latest,6sCSHXNowZE,The Most Dangerous Aristocrats in England: The Mitford Sisters,448000,5 months ago,150,3425,https://www.youtube.com/watch?v=6sCSHXNowZE
UCAKPIc6R4Z0AyIAFaTACCjA,Old Line Power,2025-08-28,33500,history_civilization,25,history_civilization,channel_latest,EJPQhmQCtX0,"Caroline “Mrs"" Astor: The Lonely End of the Woman Who Ran New York´s Elite For 40 Years",40000,5 months ago,150,2551,https://www.youtube.com/watch?v=EJPQhmQCtX0
UCAKPIc6R4Z0AyIAFaTACCjA,Old Line Power,2025-08-28,33500,history_civilization,26,history_civilization,channel_latest,E6JjkmMGHGM,The Scandalous Heiress Who Ruled India and Died Before She Turned 37: Lady Curzon,65000,5 months ago,150,3462,https://www.youtube.com/watch?v=E6JjkmMGHGM
UCAKPIc6R4Z0AyIAFaTACCjA,Old Line Power,2025-08-28,33500,history_civilization,27,history_civilization,channel_latest,frmUtQWFeC0,How a Brooklyn Socialite Became the Most Powerful Mother in British History,197000,5 months ago,150,3087,https://www.youtube.com/watch?v=frmUtQWFeC0
UCAKPIc6R4Z0AyIAFaTACCjA,Old Line Power,2025-08-28,33500,history_civilization,28,history_civilization,channel_latest,VWl5F4NgSA4,"The Woolworth Heiress Who Married Seven Times and Died With $3,500",249000,6 months ago,180,3484,https://www.youtube.com/watch?v=VWl5F4NgSA4
UCAKPIc6R4Z0AyIAFaTACCjA,Old Line Power,2025-08-28,33500,history_civilization,29,history_civilization,channel_latest,JW82oj8cOs0,The Titanic Widow Who Gave Up a Billion Dollar Fortune for a Tragic Love Story,237000,6 months ago,180,3717,https://www.youtube.com/watch?v=JW82oj8cOs0
UCAKPIc6R4Z0AyIAFaTACCjA,Old Line Power,2025-08-28,33500,history_civilization,30,history_civilization,channel_latest,0yhnKHLtvF0,The Self Made Billionaire Who Controlled The Gilded Age Elite,5000,6 months ago,180,5044,https://www.youtube.com/watch?v=0yhnKHLtvF0
UC4fjzzxyd-osNfUGVaFoXLg,The Drowsy Astronaut,2025-08-25,3160,practical_lifestyle,1,practical_lifestyle,channel_latest,KYv86KbEA2c,Jupiter Has a Storm Bigger Than Earth... Fall Asleep Exploring the Great Red Spot,1000,1 day ago,1,8876,https://www.youtube.com/watch?v=KYv86KbEA2c
UC4fjzzxyd-osNfUGVaFoXLg,The Drowsy Astronaut,2025-08-25,3160,practical_lifestyle,2,practical_lifestyle,channel_latest,tYuikn4vw6U,Your Grandchildren May Live Here... Fall Asleep Exploring 6 Future Habitable Worlds,498,4 days ago,4,11236,https://www.youtube.com/watch?v=tYuikn4vw6U
UC4fjzzxyd-osNfUGVaFoXLg,The Drowsy Astronaut,2025-08-25,3160,practical_lifestyle,3,practical_lifestyle,channel_latest,v0gQvNz-OM4,"Some Planets Rain Glass, Rubies and Iron... Fall Asleep to 200 Relaxing Facts About Exoplanets",3200,5 days ago,5,13400,https://www.youtube.com/watch?v=v0gQvNz-OM4
UC4fjzzxyd-osNfUGVaFoXLg,The Drowsy Astronaut,2025-08-25,3160,practical_lifestyle,4,practical_lifestyle,channel_latest,PVH28mD-NEk,"You're on Mercury, 48 Million Miles From Home... Fall Asleep Exploring Its Extreme Surface",825,6 days ago,6,11040,https://www.youtube.com/watch?v=PVH28mD-NEk
UC4fjzzxyd-osNfUGVaFoXLg,The Drowsy Astronaut,2025-08-25,3160,practical_lifestyle,5,practical_lifestyle,channel_latest,I3uLQaKjBnc,The Night Sky In 4 Billion Years... Fall Asleep Exploring the Andromeda-Milky Way Collision,1000,8 days ago,8,10057,https://www.youtube.com/watch?v=I3uLQaKjBnc
UC4fjzzxyd-osNfUGVaFoXLg,The Drowsy Astronaut,2025-08-25,3160,practical_lifestyle,6,practical_lifestyle,channel_latest,W44NINgTCGw,JWST Found Galaxies That Break Physics... Fall Asleep Exploring the Early Universe,159,10 days ago,10,11041,https://www.youtube.com/watch?v=W44NINgTCGw
UC4fjzzxyd-osNfUGVaFoXLg,The Drowsy Astronaut,2025-08-25,3160,practical_lifestyle,7,practical_lifestyle,channel_latest,KUaCR6wLpQo,Mars Lost an Ocean Larger Than the Arctic... Fall Asleep Exploring Ancient Mars,516,2 weeks ago,14,10451,https://www.youtube.com/watch?v=KUaCR6wLpQo
UC4fjzzxyd-osNfUGVaFoXLg,The Drowsy Astronaut,2025-08-25,3160,practical_lifestyle,8,practical_lifestyle,channel_latest,aE_oCVqPWnM,The Entire Life of a Star... Explained Slowly (Fall Asleep to Science),677,2 weeks ago,14,10057,https://www.youtube.com/watch?v=aE_oCVqPWnM
UC4fjzzxyd-osNfUGVaFoXLg,The Drowsy Astronaut,2025-08-25,3160,practical_lifestyle,9,practical_lifestyle,channel_latest,KjCnePK5Cz8,NASA Flew Through This Moon's Ocean... Fall Asleep Exploring Enceladus,370,3 weeks ago,21,10254,https://www.youtube.com/watch?v=KjCnePK5Cz8
UC4fjzzxyd-osNfUGVaFoXLg,The Drowsy Astronaut,2025-08-25,3160,practical_lifestyle,10,practical_lifestyle,channel_latest,-p_JU2NqWa0,"You're on Pluto, 4 Billion Miles From Home... Fall Asleep Exploring Its Icy Landscapes",3600,3 weeks ago,21,11038,https://www.youtube.com/watch?v=-p_JU2NqWa0
UC4fjzzxyd-osNfUGVaFoXLg,The Drowsy Astronaut,2025-08-25,3160,practical_lifestyle,11,practical_lifestyle,channel_latest,5vFiYrzlijA,"This Star Is Eating Its Planet Alive... Fall Asleep Exploring WASP-12b, the Doomed World",350,3 weeks ago,21,12025,https://www.youtube.com/watch?v=5vFiYrzlijA
UC4fjzzxyd-osNfUGVaFoXLg,The Drowsy Astronaut,2025-08-25,3160,practical_lifestyle,12,practical_lifestyle,channel_latest,Uie4P3kLhoM,100 Most Relaxing Facts About Stars... Fall Asleep Exploring the Hidden Lives of Stars,2300,1 month ago,30,13206,https://www.youtube.com/watch?v=Uie4P3kLhoM
UC4fjzzxyd-osNfUGVaFoXLg,The Drowsy Astronaut,2025-08-25,3160,practical_lifestyle,13,practical_lifestyle,channel_latest,cO8JPkaFN0g,You're Falling Into Saturn... What Happens Next? | Fall Asleep Journeying to Saturn's Core,1600,1 month ago,30,12222,https://www.youtube.com/watch?v=cO8JPkaFN0g
UC4fjzzxyd-osNfUGVaFoXLg,The Drowsy Astronaut,2025-08-25,3160,practical_lifestyle,14,practical_lifestyle,channel_latest,rw3SktNchPg,"26,000 Light Years From Here... Fall Asleep Journeying to the Heart of the Milky Way",2800,1 month ago,30,13205,https://www.youtube.com/watch?v=rw3SktNchPg
UC4fjzzxyd-osNfUGVaFoXLg,The Drowsy Astronaut,2025-08-25,3160,practical_lifestyle,15,practical_lifestyle,channel_latest,_LhMyW-fnL8,Our Moon is Covered in Razor-Sharp Glass… Fall Asleep Exploring the Entire Moon,1400,1 month ago,30,11630,https://www.youtube.com/watch?v=_LhMyW-fnL8
UC4fjzzxyd-osNfUGVaFoXLg,The Drowsy Astronaut,2025-08-25,3160,practical_lifestyle,16,practical_lifestyle,channel_latest,mwZ2QLT3ods,You Could See 6 Other Earths From Here... Fall Asleep Exploring Every TRAPPIST-1 Planet,1100,1 month ago,30,11844,https://www.youtube.com/watch?v=mwZ2QLT3ods
UC4fjzzxyd-osNfUGVaFoXLg,The Drowsy Astronaut,2025-08-25,3160,practical_lifestyle,17,practical_lifestyle,channel_latest,J4AFUSFrc30,You're Climbing Mars' Tallest Mountain... Fall Asleep Summiting Olympus Mons (POV),2400,1 month ago,30,10647,https://www.youtube.com/watch?v=J4AFUSFrc30
UC4fjzzxyd-osNfUGVaFoXLg,The Drowsy Astronaut,2025-08-25,3160,practical_lifestyle,18,practical_lifestyle,channel_latest,glqbnEQpvfE,The Sun Was Born... And It Will Die... Fall Asleep to Our Solar System's Complete Story,2600,1 month ago,30,10450,https://www.youtube.com/watch?v=glqbnEQpvfE
UC4fjzzxyd-osNfUGVaFoXLg,The Drowsy Astronaut,2025-08-25,3160,practical_lifestyle,19,practical_lifestyle,channel_latest,v5C-hR6sO1A,You're Falling Into Jupiter... What Happens Next? | Fall Asleep Exploring the Giant Planet,3600,1 month ago,30,9270,https://www.youtube.com/watch?v=v5C-hR6sO1A
UC4fjzzxyd-osNfUGVaFoXLg,The Drowsy Astronaut,2025-08-25,3160,practical_lifestyle,20,practical_lifestyle,channel_latest,wyQQryoP6bE,"100,000 Galaxies Are Being Pulled Here... Fall Asleep Exploring The Great Attractor",1600,1 month ago,30,8678,https://www.youtube.com/watch?v=wyQQryoP6bE
UC4fjzzxyd-osNfUGVaFoXLg,The Drowsy Astronaut,2025-08-25,3160,practical_lifestyle,21,practical_lifestyle,channel_latest,_LoVYpAQK4A,1 Trillion Stars... 1 Black Hole... Fall Asleep Journeying to the Heart of Andromeda,8000,2 months ago,60,9274,https://www.youtube.com/watch?v=_LoVYpAQK4A
UC4fjzzxyd-osNfUGVaFoXLg,The Drowsy Astronaut,2025-08-25,3160,practical_lifestyle,22,practical_lifestyle,channel_latest,CVzvWVnVen0,100 Most Relaxing Exoplanet Facts... Fall Asleep Exploring Worlds Beyond Our Solar System,4700,2 months ago,60,9863,https://www.youtube.com/watch?v=CVzvWVnVen0
UC4fjzzxyd-osNfUGVaFoXLg,The Drowsy Astronaut,2025-08-25,3160,practical_lifestyle,23,practical_lifestyle,channel_latest,TGDNcDBXJh8,Mars Has 2 Moons... One Will Become a Ring... Fall Asleep Exploring Phobos & Deimos,1400,2 months ago,60,8483,https://www.youtube.com/watch?v=TGDNcDBXJh8
UC4fjzzxyd-osNfUGVaFoXLg,The Drowsy Astronaut,2025-08-25,3160,practical_lifestyle,24,practical_lifestyle,channel_latest,mNierAcGhDo,This Moon Shoots Lava Into Space... 300 Miles High... Fall Asleep Exploring Io,890,2 months ago,60,9074,https://www.youtube.com/watch?v=mNierAcGhDo
UC4fjzzxyd-osNfUGVaFoXLg,The Drowsy Astronaut,2025-08-25,3160,practical_lifestyle,25,practical_lifestyle,channel_latest,XgBlyVMLQng,You're Building the First Human Base on Mars... Fall Asleep Exploring the Red Planet,7200,2 months ago,60,9074,https://www.youtube.com/watch?v=XgBlyVMLQng
UC4fjzzxyd-osNfUGVaFoXLg,The Drowsy Astronaut,2025-08-25,3160,practical_lifestyle,26,practical_lifestyle,channel_latest,VUqlkaRMWSw,This Beast Outshines Our ENTIRE Galaxy... Fall Asleep Exploring Quasars (deeply),2500,2 months ago,60,10444,https://www.youtube.com/watch?v=VUqlkaRMWSw
UC4fjzzxyd-osNfUGVaFoXLg,The Drowsy Astronaut,2025-08-25,3160,practical_lifestyle,27,practical_lifestyle,channel_latest,vlKloWwf9Ho,"3,000 Stars Are Born Here Every Day... Fall Asleep Exploring Starburst Galaxies",1300,2 months ago,60,10823,https://www.youtube.com/watch?v=vlKloWwf9Ho
UC4fjzzxyd-osNfUGVaFoXLg,The Drowsy Astronaut,2025-08-25,3160,practical_lifestyle,28,practical_lifestyle,channel_latest,gFkYwxzSRok,"Uranus Has 28 Moons... Fall Asleep Exploring Miranda, Titania & Every Strange World",4000,2 months ago,60,11232,https://www.youtube.com/watch?v=gFkYwxzSRok
UC4fjzzxyd-osNfUGVaFoXLg,The Drowsy Astronaut,2025-08-25,3160,practical_lifestyle,29,practical_lifestyle,channel_latest,TxCwOU02Ta8,A Planet Where It Rains Gemstones... Fall Asleep Exploring HAT-P-7b's Impossible Weather,676,3 months ago,90,12218,https://www.youtube.com/watch?v=TxCwOU02Ta8
UC4fjzzxyd-osNfUGVaFoXLg,The Drowsy Astronaut,2025-08-25,3160,practical_lifestyle,30,practical_lifestyle,channel_latest,IuVdl9INLMc,This Planet Watches 4 Sunsets Every Night... Fall Asleep Exploring Worlds With Multiple Suns,6200,3 months ago,90,12616,https://www.youtube.com/watch?v=IuVdl9INLMc
UCqW-Q4PRQE5_n2vbAaC1rUg,messyintheusa,2025-08-22,14400,consumer_systems,1,consumer_systems,channel_latest,hgZxHS62piU,WHY Does American JUNK FOOD Taste SO BAD Now?,6100,2 days ago,2,1194,https://www.youtube.com/watch?v=hgZxHS62piU
UCqW-Q4PRQE5_n2vbAaC1rUg,messyintheusa,2025-08-22,14400,consumer_systems,2,consumer_systems,channel_latest,XFGVeBsBEsc,Are Americans WAY Too Addicted To Food Delivery?,5300,9 days ago,9,1251,https://www.youtube.com/watch?v=XFGVeBsBEsc
UCqW-Q4PRQE5_n2vbAaC1rUg,messyintheusa,2025-08-22,14400,consumer_systems,3,consumer_systems,channel_latest,FNl8jysPRSc,Starbucks Added SILICA To Its Drinks?!,6300,13 days ago,13,1030,https://www.youtube.com/watch?v=FNl8jysPRSc
UCqW-Q4PRQE5_n2vbAaC1rUg,messyintheusa,2025-08-22,14400,consumer_systems,4,consumer_systems,channel_latest,yi06vNh4ftA,Fast Food Has NEVER Been THIS Bad…,6600,2 weeks ago,14,906,https://www.youtube.com/watch?v=yi06vNh4ftA
UCqW-Q4PRQE5_n2vbAaC1rUg,messyintheusa,2025-08-22,14400,consumer_systems,5,consumer_systems,channel_latest,eCOgITR0nko,TikTok's BUTTER & FROSTING Trend...Only In AMERICA,9500,2 weeks ago,14,701,https://www.youtube.com/watch?v=eCOgITR0nko
UCqW-Q4PRQE5_n2vbAaC1rUg,messyintheusa,2025-08-22,14400,consumer_systems,6,consumer_systems,channel_latest,0f4scLUhzCQ,These Ingredients Aren't JUST In Your Food...,2600,3 weeks ago,21,810,https://www.youtube.com/watch?v=0f4scLUhzCQ
UCqW-Q4PRQE5_n2vbAaC1rUg,messyintheusa,2025-08-22,14400,consumer_systems,7,consumer_systems,channel_latest,uycy_05Nkjw,"The ""UNMELTABLE"" Ice Cream Taking Over America…",8200,4 weeks ago,28,1065,https://www.youtube.com/watch?v=uycy_05Nkjw
UCqW-Q4PRQE5_n2vbAaC1rUg,messyintheusa,2025-08-22,14400,consumer_systems,8,consumer_systems,channel_latest,zImTsyCOSPQ,AMERICANS Are Putting COTTON CANDY In ALANIS Now…,5900,1 month ago,30,901,https://www.youtube.com/watch?v=zImTsyCOSPQ
UCqW-Q4PRQE5_n2vbAaC1rUg,messyintheusa,2025-08-22,14400,consumer_systems,9,consumer_systems,channel_latest,MhlzY1UhpZ4,The MSG Controversy,3200,1 month ago,30,1113,https://www.youtube.com/watch?v=MhlzY1UhpZ4
UCqW-Q4PRQE5_n2vbAaC1rUg,messyintheusa,2025-08-22,14400,consumer_systems,10,consumer_systems,channel_latest,XlbE-IeUOQs,Dipping BURGERS In COKE & McDonald's FISHY Dirty Sodas?!,3500,1 month ago,30,780,https://www.youtube.com/watch?v=XlbE-IeUOQs
UCqW-Q4PRQE5_n2vbAaC1rUg,messyintheusa,2025-08-22,14400,consumer_systems,11,consumer_systems,channel_latest,29UNaawtxmo,World Cup Tourists Try REAL American Food,35000,1 month ago,30,803,https://www.youtube.com/watch?v=29UNaawtxmo
UCqW-Q4PRQE5_n2vbAaC1rUg,messyintheusa,2025-08-22,14400,consumer_systems,12,consumer_systems,channel_latest,sA1hNGiTfZc,186g of Sugar...In ONE Crumbl Drink?,8900,1 month ago,30,902,https://www.youtube.com/watch?v=sA1hNGiTfZc
UCqW-Q4PRQE5_n2vbAaC1rUg,messyintheusa,2025-08-22,14400,consumer_systems,13,consumer_systems,channel_latest,Wjg5inzzI5o,Europeans Are LOSING IT Over American Food,34000,2 months ago,60,1130,https://www.youtube.com/watch?v=Wjg5inzzI5o
UCqW-Q4PRQE5_n2vbAaC1rUg,messyintheusa,2025-08-22,14400,consumer_systems,14,consumer_systems,channel_latest,3qZgVqGQWA8,Watch THIS Before You Eat FAST FOOD Again...,7000,2 months ago,60,2318,https://www.youtube.com/watch?v=3qZgVqGQWA8
UCqW-Q4PRQE5_n2vbAaC1rUg,messyintheusa,2025-08-22,14400,consumer_systems,15,consumer_systems,channel_latest,FPCm_Gjnf08,How Food LABELS Are TRICKING You,9100,2 months ago,60,1674,https://www.youtube.com/watch?v=FPCm_Gjnf08
UCqW-Q4PRQE5_n2vbAaC1rUg,messyintheusa,2025-08-22,14400,consumer_systems,16,consumer_systems,channel_latest,1KjqZgYn-vU,PIZZA HUT Wants It To Be 1995 Again...,2200,2 months ago,60,1081,https://www.youtube.com/watch?v=1KjqZgYn-vU
UCqW-Q4PRQE5_n2vbAaC1rUg,messyintheusa,2025-08-22,14400,consumer_systems,17,consumer_systems,channel_latest,U_jS4IW0-Uw,Why Americans CAN’T Quit SUGAR,51000,3 months ago,90,1681,https://www.youtube.com/watch?v=U_jS4IW0-Uw
UCqW-Q4PRQE5_n2vbAaC1rUg,messyintheusa,2025-08-22,14400,consumer_systems,18,consumer_systems,channel_latest,9cWRLDBcuTU,American Food Habits Get ROASTED In Europe,51000,3 months ago,90,1979,https://www.youtube.com/watch?v=9cWRLDBcuTU
UCqW-Q4PRQE5_n2vbAaC1rUg,messyintheusa,2025-08-22,14400,consumer_systems,19,consumer_systems,channel_latest,OWH72aRjLS8,Americans Feared FAT…It Backfired (LITERALLY),7700,3 months ago,90,891,https://www.youtube.com/watch?v=OWH72aRjLS8
UCqW-Q4PRQE5_n2vbAaC1rUg,messyintheusa,2025-08-22,14400,consumer_systems,20,consumer_systems,channel_latest,yZ-JvUHSMcE,They’re SUING Foods In YOUR Kitchen?!,5300,3 months ago,90,665,https://www.youtube.com/watch?v=yZ-JvUHSMcE
UCqW-Q4PRQE5_n2vbAaC1rUg,messyintheusa,2025-08-22,14400,consumer_systems,21,consumer_systems,channel_latest,Cv2OCTqnkbk,AMERICANS Are Getting RIPPED OFF Buying BEEF...,4100,3 months ago,90,927,https://www.youtube.com/watch?v=Cv2OCTqnkbk
UCqW-Q4PRQE5_n2vbAaC1rUg,messyintheusa,2025-08-22,14400,consumer_systems,22,consumer_systems,channel_latest,DWNBlNQ-UN8,AMERICANS: LAB-GROWN Chocolate Is Coming...,5900,3 months ago,90,785,https://www.youtube.com/watch?v=DWNBlNQ-UN8
UCqW-Q4PRQE5_n2vbAaC1rUg,messyintheusa,2025-08-22,14400,consumer_systems,23,consumer_systems,channel_latest,ACSuttge5VU,Is Food “GLITCHING” in America?,12000,3 months ago,90,1052,https://www.youtube.com/watch?v=ACSuttge5VU
UCqW-Q4PRQE5_n2vbAaC1rUg,messyintheusa,2025-08-22,14400,consumer_systems,24,consumer_systems,channel_latest,c2Bg94IHBPM,Gen Z & Gen Alpha’s ULTRA-PROCESSED Diets,41000,4 months ago,120,1023,https://www.youtube.com/watch?v=c2Bg94IHBPM
UCqW-Q4PRQE5_n2vbAaC1rUg,messyintheusa,2025-08-22,14400,consumer_systems,25,consumer_systems,channel_latest,ThIuHDhT-mQ,America’s ENERGY DRINK Addiction,19000,4 months ago,120,1118,https://www.youtube.com/watch?v=ThIuHDhT-mQ
UCqW-Q4PRQE5_n2vbAaC1rUg,messyintheusa,2025-08-22,14400,consumer_systems,26,consumer_systems,channel_latest,y1VEFrTIGmM,“NEVER Again”: Americans Are DONE With Fast Food,28000,4 months ago,120,802,https://www.youtube.com/watch?v=y1VEFrTIGmM
UCqW-Q4PRQE5_n2vbAaC1rUg,messyintheusa,2025-08-22,14400,consumer_systems,27,consumer_systems,channel_latest,_dguafYl0hw,America’s PORTION Sizes Have Gone TOO FAR…,109000,4 months ago,120,1152,https://www.youtube.com/watch?v=_dguafYl0hw
UCqW-Q4PRQE5_n2vbAaC1rUg,messyintheusa,2025-08-22,14400,consumer_systems,28,consumer_systems,channel_latest,qCIMG4DVzeQ,Utah’s DIRTY SODA Trend Is SPREADING,11000,4 months ago,120,699,https://www.youtube.com/watch?v=qCIMG4DVzeQ
UCqW-Q4PRQE5_n2vbAaC1rUg,messyintheusa,2025-08-22,14400,consumer_systems,29,consumer_systems,channel_latest,1Uh62TcDb8I,The DYSTOPIAN Future of U.S. Grocery Stores,11000,4 months ago,120,989,https://www.youtube.com/watch?v=1Uh62TcDb8I
UCqW-Q4PRQE5_n2vbAaC1rUg,messyintheusa,2025-08-22,14400,consumer_systems,30,consumer_systems,channel_latest,Oj8O2_PXwh4,The “BOY KIBBLE” Trend Explained,5300,4 months ago,120,732,https://www.youtube.com/watch?v=Oj8O2_PXwh4
UCmHWbnzyRvVvkrSXFdZp7tg,NullSpace,2025-08-21,48700,science_engineering,1,science_engineering,channel_latest,b_nNPk-tr_I,SATURN: The Most Terrifying Planet in the Solar System | 4K,2300,14 hours ago,0,1104,https://www.youtube.com/watch?v=b_nNPk-tr_I
UCmHWbnzyRvVvkrSXFdZp7tg,NullSpace,2025-08-21,48700,science_engineering,2,science_engineering,channel_latest,hh7wfElw4g0,VOYAGER 1: The Story of the Next 10 Trillion Years | 4K,1600000,4 months ago,120,1367,https://www.youtube.com/watch?v=hh7wfElw4g0
UCmHWbnzyRvVvkrSXFdZp7tg,NullSpace,2025-08-21,48700,science_engineering,3,science_engineering,channel_latest,i3GIzBzNAAU,TON 618: The Black Hole That Breaks the Universe | 4K,2100000,9 months ago,270,699,https://www.youtube.com/watch?v=i3GIzBzNAAU
UCmHWbnzyRvVvkrSXFdZp7tg,NullSpace,2025-08-21,48700,science_engineering,4,science_engineering,channel_latest,558OrFuD1_k,ALPHA CENTAURI: A Journey to the Closest Star System | 4K,221000,11 months ago,330,995,https://www.youtube.com/watch?v=558OrFuD1_k
UCwOu8GE6bUcIDfEERFEg8gA,Ittehaaz,2025-08-15,25200,history_civilization,1,history_civilization,channel_latest,AZlwylJSac4,"The French Revolution: Blood, Rebellion & Freedom",7000,5 days ago,5,5167,https://www.youtube.com/watch?v=AZlwylJSac4
UCwOu8GE6bUcIDfEERFEg8gA,Ittehaaz,2025-08-15,25200,history_civilization,2,history_civilization,channel_latest,ZK-7gQ1tjuA,1947 Partition: The Tragedy that Divided India,166000,2 weeks ago,14,4097,https://www.youtube.com/watch?v=ZK-7gQ1tjuA
UCwOu8GE6bUcIDfEERFEg8gA,Ittehaaz,2025-08-15,25200,history_civilization,3,history_civilization,channel_latest,CqeJwQVpfvE,The ODYSSEY - Greek Mythology (Hindi),163000,3 weeks ago,21,5664,https://www.youtube.com/watch?v=CqeJwQVpfvE
UCwOu8GE6bUcIDfEERFEg8gA,Ittehaaz,2025-08-15,25200,history_civilization,4,history_civilization,channel_latest,e5y0F_IXxMs,"Ancient Greece: Birth of Democracy, Philosophy & Science",27000,1 month ago,30,5176,https://www.youtube.com/watch?v=e5y0F_IXxMs
UCwOu8GE6bUcIDfEERFEg8gA,Ittehaaz,2025-08-15,25200,history_civilization,5,history_civilization,channel_latest,BOj6eOg7DJc,History of the Soviet Union (Hindi),12000,1 month ago,30,5917,https://www.youtube.com/watch?v=BOj6eOg7DJc
UCwOu8GE6bUcIDfEERFEg8gA,Ittehaaz,2025-08-15,25200,history_civilization,6,history_civilization,channel_latest,fLZTKc6k8W8,Entire History of the World (Hindi),75000,1 month ago,30,6816,https://www.youtube.com/watch?v=fLZTKc6k8W8
UCwOu8GE6bUcIDfEERFEg8gA,Ittehaaz,2025-08-15,25200,history_civilization,7,history_civilization,channel_latest,SQ9pMP2gVt8,The Silk Road: The Road That Built Empires,79000,1 month ago,30,3939,https://www.youtube.com/watch?v=SQ9pMP2gVt8
UCwOu8GE6bUcIDfEERFEg8gA,Ittehaaz,2025-08-15,25200,history_civilization,8,history_civilization,channel_latest,NkhEtjUSrA8,Islamic Golden Age: 500 Years That Shaped the Modern World,10000,2 months ago,60,6587,https://www.youtube.com/watch?v=NkhEtjUSrA8
UCwOu8GE6bUcIDfEERFEg8gA,Ittehaaz,2025-08-15,25200,history_civilization,9,history_civilization,channel_latest,pFqGlvQwcyM,The Crusades: 200 Years of Holy War | Hindi Documentary,77000,2 months ago,60,3752,https://www.youtube.com/watch?v=pFqGlvQwcyM
UCwOu8GE6bUcIDfEERFEg8gA,Ittehaaz,2025-08-15,25200,history_civilization,10,history_civilization,channel_latest,Me_lrH-Q43I,5000 Years History of CHINA (Hindi),118000,2 months ago,60,2768,https://www.youtube.com/watch?v=Me_lrH-Q43I
UCwOu8GE6bUcIDfEERFEg8gA,Ittehaaz,2025-08-15,25200,history_civilization,11,history_civilization,channel_latest,s6lawT-uFuA,The Industrial Revolution | Hindi Documentary,8900,3 months ago,90,4255,https://www.youtube.com/watch?v=s6lawT-uFuA
UCwOu8GE6bUcIDfEERFEg8gA,Ittehaaz,2025-08-15,25200,history_civilization,12,history_civilization,channel_latest,iKhJEj9p3zM,Sumerians: The World’s First Civilization | Hindi Documentary,64000,3 months ago,90,3346,https://www.youtube.com/watch?v=iKhJEj9p3zM
UCwOu8GE6bUcIDfEERFEg8gA,Ittehaaz,2025-08-15,25200,history_civilization,13,history_civilization,channel_latest,1BDNKn1KeNk,How ISRAEL came into existence | Hindi Documentary,14000,3 months ago,90,3001,https://www.youtube.com/watch?v=1BDNKn1KeNk
UCwOu8GE6bUcIDfEERFEg8gA,Ittehaaz,2025-08-15,25200,history_civilization,14,history_civilization,channel_latest,UgtCIJFLNPU,Entire history of Mongol Empire | Hindi Documentary,26000,4 months ago,120,2855,https://www.youtube.com/watch?v=UgtCIJFLNPU
UCwOu8GE6bUcIDfEERFEg8gA,Ittehaaz,2025-08-15,25200,history_civilization,15,history_civilization,channel_latest,RFXZh36chNs,The entire history of Indus Valley Civilization | Hindi Documentary,38000,4 months ago,120,3725,https://www.youtube.com/watch?v=RFXZh36chNs
UCwOu8GE6bUcIDfEERFEg8gA,Ittehaaz,2025-08-15,25200,history_civilization,16,history_civilization,channel_latest,490DL5qYagQ,Entire History of IRAN | Rise and Fall of Persian Empire | Hindi Documentary,562000,4 months ago,120,3757,https://www.youtube.com/watch?v=490DL5qYagQ
UCwOu8GE6bUcIDfEERFEg8gA,Ittehaaz,2025-08-15,25200,history_civilization,17,history_civilization,channel_latest,pMmfeiD41ds,The Entire History of INDIA | from Ancient to Modern | Hindi,38000,4 months ago,120,2577,https://www.youtube.com/watch?v=pMmfeiD41ds
UCwOu8GE6bUcIDfEERFEg8gA,Ittehaaz,2025-08-15,25200,history_civilization,18,history_civilization,channel_latest,NoL-o13-rWE,Complete History of Ancient Egypt | Hindi Documentary,460000,5 months ago,150,3112,https://www.youtube.com/watch?v=NoL-o13-rWE
UCwOu8GE6bUcIDfEERFEg8gA,Ittehaaz,2025-08-15,25200,history_civilization,19,history_civilization,channel_latest,W8D_hDRngYY,Rise and Fall of ROMAN EMPIRE | Hindi Documentary,208000,5 months ago,150,3610,https://www.youtube.com/watch?v=W8D_hDRngYY
UCwOu8GE6bUcIDfEERFEg8gA,Ittehaaz,2025-08-15,25200,history_civilization,20,history_civilization,channel_latest,n-SwrLpWPyQ,Complete History of JAPAN | Hindi Documentary,39000,5 months ago,150,4483,https://www.youtube.com/watch?v=n-SwrLpWPyQ
UCwOu8GE6bUcIDfEERFEg8gA,Ittehaaz,2025-08-15,25200,history_civilization,21,history_civilization,channel_latest,txvjibqTZZo,Ancient Mesopotamia: The First Civilization | Hindi Documentary,193000,5 months ago,150,4440,https://www.youtube.com/watch?v=txvjibqTZZo
UCwOu8GE6bUcIDfEERFEg8gA,Ittehaaz,2025-08-15,25200,history_civilization,22,history_civilization,channel_latest,hOUBDq9D8xU,The Entire History of Genghis Khan | Hindi Documentary,49000,6 months ago,180,4017,https://www.youtube.com/watch?v=hOUBDq9D8xU
UCwOu8GE6bUcIDfEERFEg8gA,Ittehaaz,2025-08-15,25200,history_civilization,23,history_civilization,channel_latest,f-dEPV0tAm0,The Entire History of Mughal Empire | Hindi Documentary,378000,6 months ago,180,3676,https://www.youtube.com/watch?v=f-dEPV0tAm0
UCwOu8GE6bUcIDfEERFEg8gA,Ittehaaz,2025-08-15,25200,history_civilization,24,history_civilization,channel_latest,755vucn0NeI,The East India Company: The Corporation That Destroyed India,2500,7 months ago,210,1114,https://www.youtube.com/watch?v=755vucn0NeI
UCwOu8GE6bUcIDfEERFEg8gA,Ittehaaz,2025-08-15,25200,history_civilization,25,history_civilization,channel_latest,OeiuG1ORRww,The Rise and fall Of British Empire | Hindi Documentary,10000,7 months ago,210,1235,https://www.youtube.com/watch?v=OeiuG1ORRww
UCwOu8GE6bUcIDfEERFEg8gA,Ittehaaz,2025-08-15,25200,history_civilization,26,history_civilization,channel_latest,FeiZjyqeUIk,The entire History of The Ottoman Empire | Hindi Documentary,199000,8 months ago,240,4698,https://www.youtube.com/watch?v=FeiZjyqeUIk
UCutgizyE1iDZBZQFqte_jHA,Razzu Bolta hai,2025-08-13,80600,nature_animals,1,nature_animals,channel_latest,nv2mgzyVEE4,Plane Crash Ke Baad Shuru Hui Zinda Rehne Ki Jung(Yellowjackets 2021 Movie Explained Hindi/Urdu,399000,1 day ago,1,1695,https://www.youtube.com/watch?v=nv2mgzyVEE4
UCutgizyE1iDZBZQFqte_jHA,Razzu Bolta hai,2025-08-13,80600,nature_animals,2,nature_animals,channel_latest,6z30nbAtYp8,Is Giant Monster Ke Samne Aana Matlab Maut(SWEET HOME 2020 Movie Explained in Hindi Urdu,580000,9 days ago,9,1183,https://www.youtube.com/watch?v=6z30nbAtYp8
UCutgizyE1iDZBZQFqte_jHA,Razzu Bolta hai,2025-08-13,80600,nature_animals,3,nature_animals,channel_latest,TvgVB7hAnfo,Ye Monsters Kisi Ko Zinda Nahi Chhodte(SWEET HOME 2020 Movie Explained in Hindi Urdu,2400000,2 weeks ago,14,1848,https://www.youtube.com/watch?v=TvgVB7hAnfo
UCutgizyE1iDZBZQFqte_jHA,Razzu Bolta hai,2025-08-13,80600,nature_animals,4,nature_animals,channel_latest,H-BoWETLVRk,Plane Crash Ke Baad Shuru Hua Maut Ka Khel(Flight of the Phoenix 2004 Movie Explained in Hindi Urdu,1100000,3 weeks ago,21,958,https://www.youtube.com/watch?v=H-BoWETLVRk
UCutgizyE1iDZBZQFqte_jHA,Razzu Bolta hai,2025-08-13,80600,nature_animals,5,nature_animals,channel_latest,XUn4xX6b6Uk,Is Rahasyamayi Island Par Khatarnaak Monsters Ka Raaj Tha(Lost 2004 Movie Explained in Hindi Urdu,1000000,1 month ago,30,1306,https://www.youtube.com/watch?v=XUn4xX6b6Uk
UCutgizyE1iDZBZQFqte_jHA,Razzu Bolta hai,2025-08-13,80600,nature_animals,6,nature_animals,channel_latest,S1ARZuFmfao,Ye Monster Kisi Ko Zinda Nahi Chhodta(FROM 2022 Movie Explained in Hindi Urdu,5200000,1 month ago,30,1740,https://www.youtube.com/watch?v=S1ARZuFmfao
UCutgizyE1iDZBZQFqte_jHA,Razzu Bolta hai,2025-08-13,80600,nature_animals,7,nature_animals,channel_latest,Nt1Is3jkAos,1 Galti Aur Iska Sir Do Tukdo Me Kat Jata(Jigsaw 2017Movie Explained Hindi Urdu,982000,1 month ago,30,1250,https://www.youtube.com/watch?v=Nt1Is3jkAos
UCutgizyE1iDZBZQFqte_jHA,Razzu Bolta hai,2025-08-13,80600,nature_animals,8,nature_animals,channel_latest,j_SBGn1GmlE,Poori Navy Bhi Is Alien Ship Ko Nahi Rok Saki(Independence Day 1996 Movie Explained Hindi Urdu,963000,1 month ago,30,1176,https://www.youtube.com/watch?v=j_SBGn1GmlE
UCutgizyE1iDZBZQFqte_jHA,Razzu Bolta hai,2025-08-13,80600,nature_animals,9,nature_animals,channel_latest,JWQYHx6xm4E,Jab Yeh Log Duniya Ke Sabse Khatarnak Island Par fas Gye(Lost 2004 Movie Explained in Hindi Urdu,1700000,2 months ago,60,1642,https://www.youtube.com/watch?v=JWQYHx6xm4E
UCutgizyE1iDZBZQFqte_jHA,Razzu Bolta hai,2025-08-13,80600,nature_animals,10,nature_animals,channel_latest,qZKwGtymfdg,Ek Rahasyamayi Baarish Ne Logon Ko Zombie Bana Diya(The Rain 2018 Movie Explained in Hindi Urdu,1500000,2 months ago,60,1517,https://www.youtube.com/watch?v=qZKwGtymfdg
UCutgizyE1iDZBZQFqte_jHA,Razzu Bolta hai,2025-08-13,80600,nature_animals,11,nature_animals,channel_latest,9CvVgtLAqdE,Plane Crash Ke Baad Yeh Log Ek Rahasyamayi Island Par Fas Gye(Lost 2004 Movie Explained Hindi Urdu,5600000,2 months ago,60,1369,https://www.youtube.com/watch?v=9CvVgtLAqdE
UCutgizyE1iDZBZQFqte_jHA,Razzu Bolta hai,2025-08-13,80600,nature_animals,12,nature_animals,channel_latest,dGyftbAP2a8,Yeh Log Galti Se Ek Khatrnak Jungle Me Fas Gaye(The Revanant 2015 Movie Explained Hindi Urdu,1800000,2 months ago,60,1020,https://www.youtube.com/watch?v=dGyftbAP2a8
UCutgizyE1iDZBZQFqte_jHA,Razzu Bolta hai,2025-08-13,80600,nature_animals,13,nature_animals,channel_latest,z1Z3JzgFSTM,Jab Is Sniper Ne 3KM Door Se Target Uda Diya(Shooter 2007 Movie Explained in Hindi/Urdu,1300000,3 months ago,90,1145,https://www.youtube.com/watch?v=z1Z3JzgFSTM
UCutgizyE1iDZBZQFqte_jHA,Razzu Bolta hai,2025-08-13,80600,nature_animals,14,nature_animals,channel_latest,i3bG8kWGfhE,Jab Aliens Insano Par Experiment Karne Lage (The Tomorrow War 2021 Movie Explained in Hindi/Urdu,1400000,3 months ago,90,1132,https://www.youtube.com/watch?v=i3bG8kWGfhE
UCutgizyE1iDZBZQFqte_jHA,Razzu Bolta hai,2025-08-13,80600,nature_animals,15,nature_animals,channel_latest,5FWg-xOgZOo,Jab Puri City Zombies Ka Kaidkhana Ban Gayi (All of us are dead 2022 Movie Explained Hindi/Urdu,4800000,3 months ago,90,1455,https://www.youtube.com/watch?v=5FWg-xOgZOo
UCutgizyE1iDZBZQFqte_jHA,Razzu Bolta hai,2025-08-13,80600,nature_animals,16,nature_animals,channel_latest,8wQIAeWpHco,Jab Yeh Log Galti Se Ek Khatarnaak Island Par Fas Gaye (Send Help 2026 Movie Explained Hindi Urdu,4300000,3 months ago,90,1084,https://www.youtube.com/watch?v=8wQIAeWpHco
UCutgizyE1iDZBZQFqte_jHA,Razzu Bolta hai,2025-08-13,80600,nature_animals,17,nature_animals,channel_latest,ZrxeSWdNFRU,Jab Lakho Zombies Deewar Todkar Bahar Nikal Aaye(All of Us Are Dead 2022 Movie Explained Hindi/Urdu,2400000,4 months ago,120,955,https://www.youtube.com/watch?v=ZrxeSWdNFRU
UCO-K4Bggr246g8Yudin0_7Q,Claw Wildlife ,2025-08-13,30700,nature_animals,1,nature_animals,channel_latest,JYutFIgE1BY,Clash of Africa’s Titans: When Predators Become the Prey | Wildlife Documentary,271,3 hours ago,0,7417,https://www.youtube.com/watch?v=JYutFIgE1BY
UCO-K4Bggr246g8Yudin0_7Q,Claw Wildlife ,2025-08-13,30700,nature_animals,2,nature_animals,channel_latest,ticSUOk5LpY,Ultimate Predators | Africa's Most Dangerous Prey | Wildlife Documentary,19000,2 days ago,2,7950,https://www.youtube.com/watch?v=ticSUOk5LpY
UCO-K4Bggr246g8Yudin0_7Q,Claw Wildlife ,2025-08-13,30700,nature_animals,3,nature_animals,channel_latest,ZB3BdeE0uHE,World's Deadliest Snakes | When Predators Become the Prey | Wildlife Documentary,13000,4 days ago,4,7411,https://www.youtube.com/watch?v=ZB3BdeE0uHE
UCO-K4Bggr246g8Yudin0_7Q,Claw Wildlife ,2025-08-13,30700,nature_animals,4,nature_animals,channel_latest,fe898wR_rV0,Predator vs Prey: Greatest Fights in the Animal Kingdom | Wildlife Documentary,8800,6 days ago,6,6937,https://www.youtube.com/watch?v=fe898wR_rV0
UCO-K4Bggr246g8Yudin0_7Q,Claw Wildlife ,2025-08-13,30700,nature_animals,5,nature_animals,channel_latest,SVwNex2bm7k,Africa's Most Dangerous Prey | When Predators Become the Prey | Wildlife Documentary,74000,8 days ago,8,7497,https://www.youtube.com/watch?v=SVwNex2bm7k
UCO-K4Bggr246g8Yudin0_7Q,Claw Wildlife ,2025-08-13,30700,nature_animals,6,nature_animals,channel_latest,h6P3q2QkT30,Wild Amazon: When Predators Become the Prey | Wildlife Documentary,256000,10 days ago,10,7438,https://www.youtube.com/watch?v=h6P3q2QkT30
UCO-K4Bggr246g8Yudin0_7Q,Claw Wildlife ,2025-08-13,30700,nature_animals,7,nature_animals,channel_latest,cvXRxXATUNU,Africa's Most Dangerous Predators | The Hunt Begins with First Light | Wildlife Documentary,8700,12 days ago,12,7743,https://www.youtube.com/watch?v=cvXRxXATUNU
UCO-K4Bggr246g8Yudin0_7Q,Claw Wildlife ,2025-08-13,30700,nature_animals,8,nature_animals,channel_latest,HXjZxbX4W_8,African Savannah: Why Size Can Change Everything for a Lion Pride | Wildlife Documentaryv,20000,2 weeks ago,14,7460,https://www.youtube.com/watch?v=HXjZxbX4W_8
UCO-K4Bggr246g8Yudin0_7Q,Claw Wildlife ,2025-08-13,30700,nature_animals,9,nature_animals,channel_latest,Ns-sukdV3ng,Rhino vs Lions: When Size Changes the Rules of the Savannah | Wildlife Documentary,5100,2 weeks ago,14,7867,https://www.youtube.com/watch?v=Ns-sukdV3ng
UCO-K4Bggr246g8Yudin0_7Q,Claw Wildlife ,2025-08-13,30700,nature_animals,10,nature_animals,channel_latest,jLEWmQqyLsU,Wild Maasai Mara: When the First Move Changes Everything | Wildlife Documentary,2600,2 weeks ago,14,7275,https://www.youtube.com/watch?v=jLEWmQqyLsU
UCO-K4Bggr246g8Yudin0_7Q,Claw Wildlife ,2025-08-13,30700,nature_animals,11,nature_animals,channel_latest,j5DE8gyOLlg,24 Hours in Wild Africa: How Day and Night Change the Rules of Survival | Wildlife Documentary,2300,2 weeks ago,14,7292,https://www.youtube.com/watch?v=j5DE8gyOLlg
UCO-K4Bggr246g8Yudin0_7Q,Claw Wildlife ,2025-08-13,30700,nature_animals,12,nature_animals,channel_latest,TRpOOMiafYs,Wild Kalahari: How Black-Maned Lions Survive the Desert | Wildlife Documentary,5200,3 weeks ago,21,7655,https://www.youtube.com/watch?v=TRpOOMiafYs
UCO-K4Bggr246g8Yudin0_7Q,Claw Wildlife ,2025-08-13,30700,nature_animals,13,nature_animals,channel_latest,MWFNPV5Kxlw,African Survival: How Animals Protect the Next Generation | Wildlife Documentary,5000,3 weeks ago,21,7638,https://www.youtube.com/watch?v=MWFNPV5Kxlw
UCO-K4Bggr246g8Yudin0_7Q,Claw Wildlife ,2025-08-13,30700,nature_animals,14,nature_animals,channel_latest,Nrh7cFwwqjM,Secrets of Wild Africa: How Predators and Prey Outsmart Each Other | Wildlife Documentary,18000,3 weeks ago,21,7396,https://www.youtube.com/watch?v=Nrh7cFwwqjM
UCO-K4Bggr246g8Yudin0_7Q,Claw Wildlife ,2025-08-13,30700,nature_animals,15,nature_animals,channel_latest,Sxc37KAQP8Y,"Africa’s Predators: Strength, Speed or Strategy—Who Rules the Savannah? | Wildlife Documentary",2500,4 weeks ago,28,7835,https://www.youtube.com/watch?v=Sxc37KAQP8Y
UCO-K4Bggr246g8Yudin0_7Q,Claw Wildlife ,2025-08-13,30700,nature_animals,16,nature_animals,channel_latest,5ON973T8S6Q,Brotherhood of Lions: How Male Coalitions Control the Savannah | Wildlife Documentary,23000,4 weeks ago,28,7414,https://www.youtube.com/watch?v=5ON973T8S6Q
UCO-K4Bggr246g8Yudin0_7Q,Claw Wildlife ,2025-08-13,30700,nature_animals,17,nature_animals,channel_latest,I2XKcc9RkP8,The Law of Survival: Why One Animal Thrives While Others Starve | Wildlife Documentary,3500,1 month ago,30,7438,https://www.youtube.com/watch?v=I2XKcc9RkP8
UCO-K4Bggr246g8Yudin0_7Q,Claw Wildlife ,2025-08-13,30700,nature_animals,18,nature_animals,channel_latest,-rHp7UnG9dY,Wild Africa: When the Food Thief Becomes the Prey | Wildlife Documentary,96000,1 month ago,30,7189,https://www.youtube.com/watch?v=-rHp7UnG9dY
UCO-K4Bggr246g8Yudin0_7Q,Claw Wildlife ,2025-08-13,30700,nature_animals,19,nature_animals,channel_latest,0xMGaZhhRSw,Apex Predators vs Prey: Africa’s Deadliest Battles for Survival | Wildlife Documentary,2700,1 month ago,30,7736,https://www.youtube.com/watch?v=0xMGaZhhRSw
UCO-K4Bggr246g8Yudin0_7Q,Claw Wildlife ,2025-08-13,30700,nature_animals,20,nature_animals,channel_latest,9znGER-cl_Y,Wild Nature Uncovered: Not Every Predator Looks Dangerous | Wildlife Documentary,8900,1 month ago,30,7504,https://www.youtube.com/watch?v=9znGER-cl_Y
UCO-K4Bggr246g8Yudin0_7Q,Claw Wildlife ,2025-08-13,30700,nature_animals,21,nature_animals,channel_latest,y5HIuGfgSIo,Brutal Savannah: Africa’s Fiercest Battles for Survival | Wildlife Documentary,9500,1 month ago,30,7502,https://www.youtube.com/watch?v=y5HIuGfgSIo
UCO-K4Bggr246g8Yudin0_7Q,Claw Wildlife ,2025-08-13,30700,nature_animals,22,nature_animals,channel_latest,2dwQkjvvCBQ,African Savannah: Nature’s Deadliest Battles for Survival | Wildlife Documentary,4500,1 month ago,30,7805,https://www.youtube.com/watch?v=2dwQkjvvCBQ
UCO-K4Bggr246g8Yudin0_7Q,Claw Wildlife ,2025-08-13,30700,nature_animals,23,nature_animals,channel_latest,HdG5vjh4eQM,Wild Africa: How Animals Survive in the Land of Apex Predators | Wildlife Documentary,4100,1 month ago,30,7526,https://www.youtube.com/watch?v=HdG5vjh4eQM
UCO-K4Bggr246g8Yudin0_7Q,Claw Wildlife ,2025-08-13,30700,nature_animals,24,nature_animals,channel_latest,pBGMLGoGwgs,Wild Namibia: The Dangerous Journey to Water in the Desert | Wildlife Documentary,2100,1 month ago,30,7806,https://www.youtube.com/watch?v=pBGMLGoGwgs
UCO-K4Bggr246g8Yudin0_7Q,Claw Wildlife ,2025-08-13,30700,nature_animals,25,nature_animals,channel_latest,v3fTCa1ikxE,Wild Africa: When Survival Turns Their Own Kind into Enemies | Wildlife Documentary,3400,1 month ago,30,7742,https://www.youtube.com/watch?v=v3fTCa1ikxE
UCO-K4Bggr246g8Yudin0_7Q,Claw Wildlife ,2025-08-13,30700,nature_animals,26,nature_animals,channel_latest,9q1zWkozBUg,Wild Africa: The Survival Battles of Nature’s Deadliest Predators | Wildlife Documentary,7300,1 month ago,30,7653,https://www.youtube.com/watch?v=9q1zWkozBUg
UCO-K4Bggr246g8Yudin0_7Q,Claw Wildlife ,2025-08-13,30700,nature_animals,27,nature_animals,channel_latest,BkLTtx8HkWM,Wilderness Battlefield: When Theft Becomes the Ultimate Survival Weapon | Wildlife Documentary,3300,1 month ago,30,7350,https://www.youtube.com/watch?v=BkLTtx8HkWM
UCO-K4Bggr246g8Yudin0_7Q,Claw Wildlife ,2025-08-13,30700,nature_animals,28,nature_animals,channel_latest,9RKfoPnrukc,African Savannah: Apex Predators in the Deadliest Battles for Survival | Wildlife Documentary,4400,1 month ago,30,7304,https://www.youtube.com/watch?v=9RKfoPnrukc
UCO-K4Bggr246g8Yudin0_7Q,Claw Wildlife ,2025-08-13,30700,nature_animals,29,nature_animals,channel_latest,U9vzLv1jP3k,Grassland Survival: Why Herbivores Survive Despite Daily Predation | Nature Animal Documentary,3200,1 month ago,30,7278,https://www.youtube.com/watch?v=U9vzLv1jP3k
UCO-K4Bggr246g8Yudin0_7Q,Claw Wildlife ,2025-08-13,30700,nature_animals,30,nature_animals,channel_latest,jGTvSjPyiaE,Savage Nature: The Gentle Face of a Ruthless Predator | Nature Animal Documentary,12000,1 month ago,30,7594,https://www.youtube.com/watch?v=jGTvSjPyiaE
UCaWj2ql_J2M7Dqd78B5U7yQ,Charles VS The Past,2025-08-12,9380,history_reconstruction,1,history_reconstruction,channel_latest,cKGsGYq7jJw,"8,000 Years at One River Mouth — The Entire History of Galway (AI Reconstruction)",832,1 day ago,1,1412,https://www.youtube.com/watch?v=cKGsGYq7jJw
UCaWj2ql_J2M7Dqd78B5U7yQ,Charles VS The Past,2025-08-12,9380,history_reconstruction,2,history_reconstruction,channel_latest,ZpcTXr7uBMU,The History of Galway's Reinvention (AI Reconstruction),134,3 days ago,3,537,https://www.youtube.com/watch?v=ZpcTXr7uBMU
UCaWj2ql_J2M7Dqd78B5U7yQ,Charles VS The Past,2025-08-12,9380,history_reconstruction,3,history_reconstruction,channel_latest,OqGyl1AIqPA,From Golden Age to Quiet Decline | The History of Galway's Siege (AI Reconstruction),904,5 days ago,5,513,https://www.youtube.com/watch?v=OqGyl1AIqPA
UCaWj2ql_J2M7Dqd78B5U7yQ,Charles VS The Past,2025-08-12,9380,history_reconstruction,4,history_reconstruction,channel_latest,r_pqAs0keuI,2000 Years in One Film - The Entire History of Norwich (AI Reconstruction),17000,8 days ago,8,1493,https://www.youtube.com/watch?v=r_pqAs0keuI
UCaWj2ql_J2M7Dqd78B5U7yQ,Charles VS The Past,2025-08-12,9380,history_reconstruction,5,history_reconstruction,channel_latest,_lT_IGykzws,The History of Norwich's Decline | From Lost Trade to the Blitz (AI Reconstruction),115,10 days ago,10,503,https://www.youtube.com/watch?v=_lT_IGykzws
UCaWj2ql_J2M7Dqd78B5U7yQ,Charles VS The Past,2025-08-12,9380,history_reconstruction,6,history_reconstruction,channel_latest,Vn3bnwGRngg,The History of Norwich's Wool Age | From Cloth Fortune to the Strangers (AI Reconstruction),125,12 days ago,12,617,https://www.youtube.com/watch?v=Vn3bnwGRngg
UCaWj2ql_J2M7Dqd78B5U7yQ,Charles VS The Past,2025-08-12,9380,history_reconstruction,7,history_reconstruction,channel_latest,_AmfXUOyxOM,"2,000 Years in One Film - The Entire History of Southampton (AI Reconstruction)",18000,2 weeks ago,14,1502,https://www.youtube.com/watch?v=_AmfXUOyxOM
UCaWj2ql_J2M7Dqd78B5U7yQ,Charles VS The Past,2025-08-12,9380,history_reconstruction,8,history_reconstruction,channel_latest,tAXuzAEOzxw,Southampton: The Town That Sent Seven Million Men to War (AI Reconstruction),448,2 weeks ago,14,598,https://www.youtube.com/watch?v=tAXuzAEOzxw
UCaWj2ql_J2M7Dqd78B5U7yQ,Charles VS The Past,2025-08-12,9380,history_reconstruction,9,history_reconstruction,channel_latest,dy4BUYvvdQQ,"Five Centuries of Southampton: Wool, the Mayflower, the Titanic (AI Reconstruction)",169,2 weeks ago,14,490,https://www.youtube.com/watch?v=dy4BUYvvdQQ
UCaWj2ql_J2M7Dqd78B5U7yQ,Charles VS The Past,2025-08-12,9380,history_reconstruction,10,history_reconstruction,channel_latest,pjquGpXBPVc,The Real Lady Godiva — And The Story Coventry Chose Instead (AI Reconstruction),284,3 weeks ago,21,491,https://www.youtube.com/watch?v=pjquGpXBPVc
UCaWj2ql_J2M7Dqd78B5U7yQ,Charles VS The Past,2025-08-12,9380,history_reconstruction,11,history_reconstruction,channel_latest,1OtYjTtC9Go,"How One City Survived Four Sieges in Under 1,000 Years - The Complete History of Limerick",9300,3 weeks ago,21,1685,https://www.youtube.com/watch?v=1OtYjTtC9Go
UCaWj2ql_J2M7Dqd78B5U7yQ,Charles VS The Past,2025-08-12,9380,history_reconstruction,12,history_reconstruction,channel_latest,rfjTUszBKbU,"Stab City, the Soviet and the River That Lit a Nation : 1700 to today, Limerick (AI Reconstruction)",2800,3 weeks ago,21,705,https://www.youtube.com/watch?v=rfjTUszBKbU
UCaWj2ql_J2M7Dqd78B5U7yQ,Charles VS The Past,2025-08-12,9380,history_reconstruction,13,history_reconstruction,channel_latest,We8r9NueKzM,The Siege of Limerick: The Broken Treaty That Gave a City Its Name - 1690-1691 (AI Reconstruction),16000,4 weeks ago,28,472,https://www.youtube.com/watch?v=We8r9NueKzM
UCaWj2ql_J2M7Dqd78B5U7yQ,Charles VS The Past,2025-08-12,9380,history_reconstruction,14,history_reconstruction,channel_latest,Vtie8uxtRQ0,"1,350 Years on One Narrow River : The Complete History of Sunderland (AI Reconstruction)",25000,1 month ago,30,1623,https://www.youtube.com/watch?v=Vtie8uxtRQ0
UCaWj2ql_J2M7Dqd78B5U7yQ,Charles VS The Past,2025-08-12,9380,history_reconstruction,15,history_reconstruction,channel_latest,Wd19ZP382IA,"Sunderland's Last Century: The Bombs, the Cup, the Padlock, and What Came After (AI Reconstruction)",368,1 month ago,30,545,https://www.youtube.com/watch?v=Wd19ZP382IA
UCaWj2ql_J2M7Dqd78B5U7yQ,Charles VS The Past,2025-08-12,9380,history_reconstruction,16,history_reconstruction,channel_latest,a2vQCEQ8z7c,Newcastle's Forgotten Rival: How Sunderland Outbuilt the World (AI Reconstruction),618,1 month ago,30,550,https://www.youtube.com/watch?v=a2vQCEQ8z7c
UCaWj2ql_J2M7Dqd78B5U7yQ,Charles VS The Past,2025-08-12,9380,history_reconstruction,17,history_reconstruction,channel_latest,DbvvnpJnYsc,Building the Eiffel Tower in Just 2 YEARS | Construction Timelapse (1887–1889),127,1 month ago,30,387,https://www.youtube.com/watch?v=DbvvnpJnYsc
UCaWj2ql_J2M7Dqd78B5U7yQ,Charles VS The Past,2025-08-12,9380,history_reconstruction,18,history_reconstruction,channel_latest,TPJVW23aS3w,"Evolution of DUBLIN | Fixed-Camera Timelapse: 6,000 Years on the River Liffey in 10 Minutes",3100,1 month ago,30,591,https://www.youtube.com/watch?v=TPJVW23aS3w
UCaWj2ql_J2M7Dqd78B5U7yQ,Charles VS The Past,2025-08-12,9380,history_reconstruction,19,history_reconstruction,channel_latest,LCzW1GpQcCo,"Evolution of SEOUL in 4K | Fixed-Camera Timelapse: 12,000 Years in 13 Minutes",358,1 month ago,30,809,https://www.youtube.com/watch?v=LCzW1GpQcCo
UCaWj2ql_J2M7Dqd78B5U7yQ,Charles VS The Past,2025-08-12,9380,history_reconstruction,20,history_reconstruction,channel_latest,5ko-d8uzevM,"Evolution of LIVERPOOL | Fixed-Camera Timelapse 10,000 Years in 8 Minutes",555,1 month ago,30,523,https://www.youtube.com/watch?v=5ko-d8uzevM
UCaWj2ql_J2M7Dqd78B5U7yQ,Charles VS The Past,2025-08-12,9380,history_reconstruction,21,history_reconstruction,channel_latest,lZDlQK-o3vQ,"The Rise, Fall and Rebirth of Dublin (AI Reconstruction)",1900,2 months ago,60,599,https://www.youtube.com/watch?v=lZDlQK-o3vQ
UCaWj2ql_J2M7Dqd78B5U7yQ,Charles VS The Past,2025-08-12,9380,history_reconstruction,22,history_reconstruction,channel_latest,0cLyFB1gIPM,A 2000-Year Journey Through Time : The History of Bristol,405,2 months ago,60,1281,https://www.youtube.com/watch?v=0cLyFB1gIPM
UCaWj2ql_J2M7Dqd78B5U7yQ,Charles VS The Past,2025-08-12,9380,history_reconstruction,23,history_reconstruction,channel_latest,hOYfFXVYx64,"1,400 Years in One Film: The Entire History of Derry",1100,2 months ago,60,1114,https://www.youtube.com/watch?v=hOYfFXVYx64
UCaWj2ql_J2M7Dqd78B5U7yQ,Charles VS The Past,2025-08-12,9380,history_reconstruction,24,history_reconstruction,channel_latest,-C0fNaESiss,The City That Defied a King: The Entire History of Hull (AI Reconstruction),683,2 months ago,60,1172,https://www.youtube.com/watch?v=-C0fNaESiss
UCaWj2ql_J2M7Dqd78B5U7yQ,Charles VS The Past,2025-08-12,9380,history_reconstruction,25,history_reconstruction,channel_latest,8Ng3sIDMyuM,"500 Years of Empire, Revolution & Survival: The Entire History of Plymouth (AI Reconstruction)",601,2 months ago,60,1134,https://www.youtube.com/watch?v=8Ng3sIDMyuM
UCaWj2ql_J2M7Dqd78B5U7yQ,Charles VS The Past,2025-08-12,9380,history_reconstruction,26,history_reconstruction,channel_latest,w2UbA-5MNYE,"Cotton, Revolution & Rebirth : The Entire History of Manchester (AI Reconstruction)",359,2 months ago,60,1182,https://www.youtube.com/watch?v=w2UbA-5MNYE
UCaWj2ql_J2M7Dqd78B5U7yQ,Charles VS The Past,2025-08-12,9380,history_reconstruction,27,history_reconstruction,channel_latest,Nz9hWXDYQh8,From Roman Fort to Industrial Giant: Newcastle's Complete History (AI Reconstruction),53000,2 months ago,60,1134,https://www.youtube.com/watch?v=Nz9hWXDYQh8
UCaWj2ql_J2M7Dqd78B5U7yQ,Charles VS The Past,2025-08-12,9380,history_reconstruction,28,history_reconstruction,channel_latest,AxwjJlwTLnk,Holy Island Through the Centuries: The Complete Story of Lindisfarne (AI Reconstruction),1500,2 months ago,60,1071,https://www.youtube.com/watch?v=AxwjJlwTLnk
UCaWj2ql_J2M7Dqd78B5U7yQ,Charles VS The Past,2025-08-12,9380,history_reconstruction,29,history_reconstruction,channel_latest,1uOyWNgsBNE,Britain's Erased Catastrophe: Liverpool Under Fire 1940-1941,1800,2 months ago,60,1065,https://www.youtube.com/watch?v=1uOyWNgsBNE
UCaWj2ql_J2M7Dqd78B5U7yQ,Charles VS The Past,2025-08-12,9380,history_reconstruction,30,history_reconstruction,channel_latest,vsfkGkVVCEc,Berwick 1296: Two Days That Erased Scotland's Richest Port,15000,2 months ago,60,1074,https://www.youtube.com/watch?v=vsfkGkVVCEc
UCOBMTKkkVlOi6-zCYg6R9zQ,THE MOVIE ZONE,2025-08-12,35300,speculative_scifi,1,speculative_scifi,channel_latest,qI_vN0b6DSk,Adventures of the Naked Umbrella (2023)  |  FULL COMEDY SCI-FI MOVIE  | THE MOVIE ZONE,17000,3 days ago,3,6101,https://www.youtube.com/watch?v=qI_vN0b6DSk
UCOBMTKkkVlOi6-zCYg6R9zQ,THE MOVIE ZONE,2025-08-12,35300,speculative_scifi,2,speculative_scifi,channel_latest,6RgT9matPSs,Getting That Girl (2014) | FULL TEEN ROMANCE MOVIE | THE MOVIE ZONE,51000,6 days ago,6,5357,https://www.youtube.com/watch?v=6RgT9matPSs
UCOBMTKkkVlOi6-zCYg6R9zQ,THE MOVIE ZONE,2025-08-12,35300,speculative_scifi,3,speculative_scifi,channel_latest,sWFA6QtwpLI,Finding Tony (2024) |  FULL DRAMA MOVIE | THE MOVIE ZONE,1100,13 days ago,13,6415,https://www.youtube.com/watch?v=sWFA6QtwpLI
UCOBMTKkkVlOi6-zCYg6R9zQ,THE MOVIE ZONE,2025-08-12,35300,speculative_scifi,4,speculative_scifi,channel_latest,wZTQbv1HUhg,Chasing Chasing Amy (2023) | FULL LGBTQ+ DOCUMENTARY MOVIE | THE MOVIE ZONE,562,1 month ago,30,5545,https://www.youtube.com/watch?v=wZTQbv1HUhg
UCOBMTKkkVlOi6-zCYg6R9zQ,THE MOVIE ZONE,2025-08-12,35300,speculative_scifi,5,speculative_scifi,channel_latest,9HRVyd344lg,Exit Strategy (2012) | FULL COMEDY MOVIE | THE MOVIE ZONE,161,1 month ago,30,4749,https://www.youtube.com/watch?v=9HRVyd344lg
UCOBMTKkkVlOi6-zCYg6R9zQ,THE MOVIE ZONE,2025-08-12,35300,speculative_scifi,6,speculative_scifi,channel_latest,2Plpup7gkJk,INVASION PLANET EARTH (2019) | FULL ACTION SCI-FI MOVIE | THE MOVIE ZONE,82000,2 months ago,60,5819,https://www.youtube.com/watch?v=2Plpup7gkJk
UCOBMTKkkVlOi6-zCYg6R9zQ,THE MOVIE ZONE,2025-08-12,35300,speculative_scifi,7,speculative_scifi,channel_latest,wkOw7hmqWJ0,Bikini Spring Break (2012) | FULL RAUNCHY COMEDY MOVIE | THE MOVIE ZONE,9200,2 months ago,60,4929,https://www.youtube.com/watch?v=wkOw7hmqWJ0
UCOBMTKkkVlOi6-zCYg6R9zQ,THE MOVIE ZONE,2025-08-12,35300,speculative_scifi,8,speculative_scifi,channel_latest,hkXuZD0NKU4,Biggles: Adventures in Time (1986) | FULL RETRO SCI-FI ADVENTURE MOVIE | THE MOVIE ZONE,591,2 months ago,60,5324,https://www.youtube.com/watch?v=hkXuZD0NKU4
UCOBMTKkkVlOi6-zCYg6R9zQ,THE MOVIE ZONE,2025-08-12,35300,speculative_scifi,9,speculative_scifi,channel_latest,uwqzeG65CIc,Candlelight in Algeria (1944) | FULL CLASSIC WAR MOVIE | THE MOVIE ZONE,425,3 months ago,90,4893,https://www.youtube.com/watch?v=uwqzeG65CIc
UCOBMTKkkVlOi6-zCYg6R9zQ,THE MOVIE ZONE,2025-08-12,35300,speculative_scifi,10,speculative_scifi,channel_latest,vt6MVgUu9I8,The Face at the Window (1939) | FULL CLASSIC HORROR MOVIE | THE MOVIE ZONE,495,3 months ago,90,3888,https://www.youtube.com/watch?v=vt6MVgUu9I8
UCWbM5p20UDzs1VLGa9ku2Jw,Myths-creature,2025-08-09,22900,nature_animals,1,nature_animals,channel_latest,v5mNhDzvocw,7 Extinct Animals Scientists Are Bringing Back to Life !,1900,13 days ago,13,677,https://www.youtube.com/watch?v=v5mNhDzvocw
UCWbM5p20UDzs1VLGa9ku2Jw,Myths-creature,2025-08-09,22900,nature_animals,2,nature_animals,channel_latest,aziC2dce5CM,7 Most Dangerous Animals that are EXTINCT!,30000,4 months ago,120,573,https://www.youtube.com/watch?v=aziC2dce5CM
UCWbM5p20UDzs1VLGa9ku2Jw,Myths-creature,2025-08-09,22900,nature_animals,3,nature_animals,channel_latest,f19EVvA_3Qw,7 Frozen Extinct Animals of ICE AGE,162000,4 months ago,120,616,https://www.youtube.com/watch?v=f19EVvA_3Qw
UCWbM5p20UDzs1VLGa9ku2Jw,Myths-creature,2025-08-09,22900,nature_animals,4,nature_animals,channel_latest,dUJ8yLMT09c,7 Extinct Animals That Might Still Be Alive in the Amazon,1500000,5 months ago,150,593,https://www.youtube.com/watch?v=dUJ8yLMT09c
UCWbM5p20UDzs1VLGa9ku2Jw,Myths-creature,2025-08-09,22900,nature_animals,5,nature_animals,channel_latest,W1sle9pQhEM,7 EXTINCT Animals That Might Still Be ALIVE,3300000,5 months ago,150,517,https://www.youtube.com/watch?v=W1sle9pQhEM
UCWbM5p20UDzs1VLGa9ku2Jw,Myths-creature,2025-08-09,22900,nature_animals,6,nature_animals,channel_latest,K-uADQ5pMfY,12 Terrifying Sea Creatures That Actually Existed!,381000,7 months ago,210,1318,https://www.youtube.com/watch?v=K-uADQ5pMfY
UCWbM5p20UDzs1VLGa9ku2Jw,Myths-creature,2025-08-09,22900,nature_animals,7,nature_animals,channel_latest,VICdJ11iYus,7 Mythical Creatures That Might Have Actually Existed,70000,8 months ago,240,547,https://www.youtube.com/watch?v=VICdJ11iYus
UCWbM5p20UDzs1VLGa9ku2Jw,Myths-creature,2025-08-09,22900,nature_animals,8,nature_animals,channel_latest,AjYLmD8BtkQ,5 Mythical Sea Creatures That Actually Existed,331000,8 months ago,240,397,https://www.youtube.com/watch?v=AjYLmD8BtkQ
UCWbM5p20UDzs1VLGa9ku2Jw,Myths-creature,2025-08-09,22900,nature_animals,9,nature_animals,channel_latest,6K1SfIqHfMA,5 Mythical Creatures that really EXISTED in the World.,1400000,10 months ago,300,444,https://www.youtube.com/watch?v=6K1SfIqHfMA
UCWbM5p20UDzs1VLGa9ku2Jw,Myths-creature,2025-08-09,22900,nature_animals,10,nature_animals,channel_latest,EPE5jhxyxI0,7 Mythical Creatures That Really Existed,63000,11 months ago,330,468,https://www.youtube.com/watch?v=EPE5jhxyxI0
UC6b4NXX4ppECUzdvTsX9Dtw,ancient editions,2025-08-09,19600,history_reconstruction,1,history_reconstruction,channel_latest,M-sfOfshKdc,What Cahokia Really Looked Like at Its Peak (1100 AD),64,2 hours ago,0,1137,https://www.youtube.com/watch?v=M-sfOfshKdc
UC6b4NXX4ppECUzdvTsX9Dtw,ancient editions,2025-08-09,19600,history_reconstruction,2,history_reconstruction,channel_latest,kcTVER8bXf0,What Nineveh Really Looked Like in 650 BC,19000,7 days ago,7,1163,https://www.youtube.com/watch?v=kcTVER8bXf0
UC6b4NXX4ppECUzdvTsX9Dtw,ancient editions,2025-08-09,19600,history_reconstruction,3,history_reconstruction,channel_latest,3jL61hRlXBM,What Ancient Sparta Really Looked Like Before Its Fall,38000,2 weeks ago,14,1255,https://www.youtube.com/watch?v=3jL61hRlXBM
UC6b4NXX4ppECUzdvTsX9Dtw,ancient editions,2025-08-09,19600,history_reconstruction,4,history_reconstruction,channel_latest,GC1X4CT7_2w,What Troy Really Looked Like Before the Trojan War?,36000,3 weeks ago,21,1057,https://www.youtube.com/watch?v=GC1X4CT7_2w
UC6b4NXX4ppECUzdvTsX9Dtw,ancient editions,2025-08-09,19600,history_reconstruction,5,history_reconstruction,channel_latest,AHYxG8-K5B4,What Carthage Really Looked Like in 220 BC,12000,4 weeks ago,28,942,https://www.youtube.com/watch?v=AHYxG8-K5B4
UC6b4NXX4ppECUzdvTsX9Dtw,ancient editions,2025-08-09,19600,history_reconstruction,6,history_reconstruction,channel_latest,HcVyf7EXvGI,What Hadrian's Wall Really Looked Like in 122 AD,236000,1 month ago,30,1031,https://www.youtube.com/watch?v=HcVyf7EXvGI
UC6b4NXX4ppECUzdvTsX9Dtw,ancient editions,2025-08-09,19600,history_reconstruction,7,history_reconstruction,channel_latest,HLHFd8UAKso,What Chicago Really Looked Like in the 1700s,424,1 month ago,30,994,https://www.youtube.com/watch?v=HLHFd8UAKso
UC6b4NXX4ppECUzdvTsX9Dtw,ancient editions,2025-08-09,19600,history_reconstruction,8,history_reconstruction,channel_latest,PZCVqEWMrWc,The Entire History of Ancient Mesopotamia — The Civilization That Built the World,1400,3 months ago,90,1002,https://www.youtube.com/watch?v=PZCVqEWMrWc
UC6b4NXX4ppECUzdvTsX9Dtw,ancient editions,2025-08-09,19600,history_reconstruction,9,history_reconstruction,channel_latest,p_7PyzfrLC4,"What the Indus Valley Civilization Really Looked Like 4,500 Years Ago",2100,3 months ago,90,1070,https://www.youtube.com/watch?v=p_7PyzfrLC4
UC6b4NXX4ppECUzdvTsX9Dtw,ancient editions,2025-08-09,19600,history_reconstruction,10,history_reconstruction,channel_latest,qM3hpKi_744,What It Was Really Like to Live in a Medieval Castle,1100,3 months ago,90,1052,https://www.youtube.com/watch?v=qM3hpKi_744
UC6b4NXX4ppECUzdvTsX9Dtw,ancient editions,2025-08-09,19600,history_reconstruction,11,history_reconstruction,channel_latest,GE55w3345mU,"Why Iran Never Truly Surrendered | 2,500 Years of History",1200,4 months ago,120,1275,https://www.youtube.com/watch?v=GE55w3345mU
UC6b4NXX4ppECUzdvTsX9Dtw,ancient editions,2025-08-09,19600,history_reconstruction,12,history_reconstruction,channel_latest,v-fwewqzfnk,"No Cure, No Escape… Why Medieval Plagues Were So Deadly",302,4 months ago,120,568,https://www.youtube.com/watch?v=v-fwewqzfnk
UC6b4NXX4ppECUzdvTsX9Dtw,ancient editions,2025-08-09,19600,history_reconstruction,13,history_reconstruction,channel_latest,S2SVTLWm2AA,Roman London Revealed (AI Reconstruction),3600,5 months ago,150,782,https://www.youtube.com/watch?v=S2SVTLWm2AA
UC6b4NXX4ppECUzdvTsX9Dtw,ancient editions,2025-08-09,19600,history_reconstruction,14,history_reconstruction,channel_latest,EUYrjG4JRlA,What Anglo-Saxon London Really Looked Like (AI Reconstruction),2600,5 months ago,150,799,https://www.youtube.com/watch?v=EUYrjG4JRlA
UC6b4NXX4ppECUzdvTsX9Dtw,ancient editions,2025-08-09,19600,history_reconstruction,15,history_reconstruction,channel_latest,3KsSxfBjBo4,What Paris Really Looked Like in the 1700s (AI Reconstruction),9100,5 months ago,150,910,https://www.youtube.com/watch?v=3KsSxfBjBo4
UC6b4NXX4ppECUzdvTsX9Dtw,ancient editions,2025-08-09,19600,history_reconstruction,16,history_reconstruction,channel_latest,xrqQJT-sAuk,What Venice Really Looked Like in the 1700s (AI Reconstruction),16000,5 months ago,150,918,https://www.youtube.com/watch?v=xrqQJT-sAuk
UC6b4NXX4ppECUzdvTsX9Dtw,ancient editions,2025-08-09,19600,history_reconstruction,17,history_reconstruction,channel_latest,8zo4uxFEbh8,What Maya Cities Really Looked Like at Their Peak,16000,5 months ago,150,905,https://www.youtube.com/watch?v=8zo4uxFEbh8
UC6b4NXX4ppECUzdvTsX9Dtw,ancient editions,2025-08-09,19600,history_reconstruction,18,history_reconstruction,channel_latest,hVEb_fB-JSM,What 1700s New York Really Looked Like (AI Reconstruction),2500,6 months ago,180,771,https://www.youtube.com/watch?v=hVEb_fB-JSM
UC6b4NXX4ppECUzdvTsX9Dtw,ancient editions,2025-08-09,19600,history_reconstruction,19,history_reconstruction,channel_latest,Zf_oMh-DxRM,What Ancient Rome Really Looked Like at Its Peak,4100,6 months ago,180,1062,https://www.youtube.com/watch?v=Zf_oMh-DxRM
UC6b4NXX4ppECUzdvTsX9Dtw,ancient editions,2025-08-09,19600,history_reconstruction,20,history_reconstruction,channel_latest,qAMzqmp7wno,What Medieval London Really Looked Like (AI Reconstruction),299000,6 months ago,180,824,https://www.youtube.com/watch?v=qAMzqmp7wno
UC6b4NXX4ppECUzdvTsX9Dtw,ancient editions,2025-08-09,19600,history_reconstruction,21,history_reconstruction,channel_latest,rqwdrRuOlIo,"What Petra Looked Like 2,000 Years Ago (AI Reconstruction)",145000,6 months ago,180,952,https://www.youtube.com/watch?v=rqwdrRuOlIo
UC6b4NXX4ppECUzdvTsX9Dtw,ancient editions,2025-08-09,19600,history_reconstruction,22,history_reconstruction,channel_latest,xEp4-zuGR-U,What Machu Picchu Looked Like in the 1400s (AI Reconstruction),249000,6 months ago,180,611,https://www.youtube.com/watch?v=xEp4-zuGR-U
UC6b4NXX4ppECUzdvTsX9Dtw,ancient editions,2025-08-09,19600,history_reconstruction,23,history_reconstruction,channel_latest,UNmz15N89BI,The Entire History of the Oldest City on Earth in 15 Minutes | Jericho,22000,6 months ago,180,937,https://www.youtube.com/watch?v=UNmz15N89BI
UC6b4NXX4ppECUzdvTsX9Dtw,ancient editions,2025-08-09,19600,history_reconstruction,24,history_reconstruction,channel_latest,xZdQgMaW9og,What the Roman Colosseum Really Looked Like in 80 AD,4100,7 months ago,210,849,https://www.youtube.com/watch?v=xZdQgMaW9og
UC6b4NXX4ppECUzdvTsX9Dtw,ancient editions,2025-08-09,19600,history_reconstruction,25,history_reconstruction,channel_latest,cOAw4clXV9k,Ancient Egypt 2000 BC (AI Reconstruction),12000,7 months ago,210,552,https://www.youtube.com/watch?v=cOAw4clXV9k
UC6b4NXX4ppECUzdvTsX9Dtw,ancient editions,2025-08-09,19600,history_reconstruction,26,history_reconstruction,channel_latest,OckmezsBcKE,Lisbon’s Final Hours: 1755 Earthquake — AI Reconstruction,2900,7 months ago,210,643,https://www.youtube.com/watch?v=OckmezsBcKE
UC6b4NXX4ppECUzdvTsX9Dtw,ancient editions,2025-08-09,19600,history_reconstruction,27,history_reconstruction,channel_latest,YbTLCsPCErU,Pompeii’s Final Hours — AI Reconstruction,7200,7 months ago,210,609,https://www.youtube.com/watch?v=YbTLCsPCErU
UC6b4NXX4ppECUzdvTsX9Dtw,ancient editions,2025-08-09,19600,history_reconstruction,28,history_reconstruction,channel_latest,eUOZHfMhrp4,The Fatal Engineering Flaw of the Titanic (AI Visualization),494,7 months ago,210,1434,https://www.youtube.com/watch?v=eUOZHfMhrp4
UC6b4NXX4ppECUzdvTsX9Dtw,ancient editions,2025-08-09,19600,history_reconstruction,29,history_reconstruction,channel_latest,4rW8s-uEkb4,Old London Bridge: 800 Years Through Time (AI Reconstruction),2900,8 months ago,240,532,https://www.youtube.com/watch?v=4rW8s-uEkb4
UC6b4NXX4ppECUzdvTsX9Dtw,ancient editions,2025-08-09,19600,history_reconstruction,30,history_reconstruction,channel_latest,XYPyJhgC-34,"The First Homo Sapiens in the Amazon — 14,000 Years Ago",428,8 months ago,240,571,https://www.youtube.com/watch?v=XYPyJhgC-34
UCZb1qK7zbqUui8Lm1muQNUg,VIVEK SINGH,2025-08-07,1080,crime_scams_mystery,1,crime_scams_mystery,channel_latest,7Ab28o76TR8,I Investigated India's BIGGEST Scam and Here's What I Found,56000,10 months ago,300,2004,https://www.youtube.com/watch?v=7Ab28o76TR8
UCZb1qK7zbqUui8Lm1muQNUg,VIVEK SINGH,2025-08-07,1080,crime_scams_mystery,2,crime_scams_mystery,channel_latest,8Ktou82d68E,Social Media Ban Changed Nepal Forever | Gen Z Protest Explained,855,11 months ago,330,989,https://www.youtube.com/watch?v=8Ktou82d68E
UCZb1qK7zbqUui8Lm1muQNUg,VIVEK SINGH,2025-08-07,1080,crime_scams_mystery,3,crime_scams_mystery,channel_latest,Sq80X59CEy8,Why 9/10 YOUTHS are TRAPPED in Social Media Addiction? INSTAGRAM TRAP,2100,11 months ago,330,995,https://www.youtube.com/watch?v=Sq80X59CEy8
UCO_biEUmMGgKOYvTUfCu4Dw,Geography Explainer,2025-08-05,1440,geography_logistics,1,geography_logistics,channel_latest,cgipAW3msX4,Every US Geography LIE You Still Believe Explained in 10 Minutes,4300,8 months ago,240,657,https://www.youtube.com/watch?v=cgipAW3msX4
UCO_biEUmMGgKOYvTUfCu4Dw,Geography Explainer,2025-08-05,1440,geography_logistics,2,geography_logistics,channel_latest,W7hO8iER7k4,The Weirdest Shaped Countries Explained in 10 Minutes,9800,8 months ago,240,633,https://www.youtube.com/watch?v=W7hO8iER7k4
UCO_biEUmMGgKOYvTUfCu4Dw,Geography Explainer,2025-08-05,1440,geography_logistics,3,geography_logistics,channel_latest,1LFNoy19Nl8,Every Country That Disappeared Overnight Explained in 12 Minutes,2400,9 months ago,270,718,https://www.youtube.com/watch?v=1LFNoy19Nl8
UCO_biEUmMGgKOYvTUfCu4Dw,Geography Explainer,2025-08-05,1440,geography_logistics,4,geography_logistics,channel_latest,OJ5YgrTIl40,The Most Confusing Borders in the World Explained in 10 Minutes,11000,9 months ago,270,628,https://www.youtube.com/watch?v=OJ5YgrTIl40
UCO_biEUmMGgKOYvTUfCu4Dw,Geography Explainer,2025-08-05,1440,geography_logistics,5,geography_logistics,channel_latest,RVzTBK16NZw,Every Weird Country Flag Explained in 12 Minutes,28000,10 months ago,300,726,https://www.youtube.com/watch?v=RVzTBK16NZw
UCO_biEUmMGgKOYvTUfCu4Dw,Geography Explainer,2025-08-05,1440,geography_logistics,6,geography_logistics,channel_latest,jGWuLqKJ1Uk,The Weirdest US State Borders Explained in 12 Minutes,22000,10 months ago,300,678,https://www.youtube.com/watch?v=jGWuLqKJ1Uk
UCO_biEUmMGgKOYvTUfCu4Dw,Geography Explainer,2025-08-05,1440,geography_logistics,7,geography_logistics,channel_latest,osVKkvUt31I,The Strangest Borders on Earth Explained in 10 Minutes,167000,11 months ago,330,580,https://www.youtube.com/watch?v=osVKkvUt31I
UCO_biEUmMGgKOYvTUfCu4Dw,Geography Explainer,2025-08-05,1440,geography_logistics,8,geography_logistics,channel_latest,XfBkB45lxD0,The Most Dangerous Places on Earth Explained in 10 Minutes,805,11 months ago,330,596,https://www.youtube.com/watch?v=XfBkB45lxD0
UCkuaNzAsSERRH5ecamFnf1g,Relationship Decode,2025-08-04,7090,psychology_society,1,psychology_society,channel_latest,w5Q-tuiUzNc,Make Her Think About YOU NONSTOP! 😱 | Female Psychology EXPOSED | Sadia Khan,19000,11 months ago,330,522,https://www.youtube.com/watch?v=w5Q-tuiUzNc
UCkuaNzAsSERRH5ecamFnf1g,Relationship Decode,2025-08-04,7090,psychology_society,2,psychology_society,channel_latest,-pzDvqOVJpw,Why Women Pull Away Even When They LOVE You 😱 | Sadia Khan | Female Psychology,16000,11 months ago,330,671,https://www.youtube.com/watch?v=-pzDvqOVJpw
UCkuaNzAsSERRH5ecamFnf1g,Relationship Decode,2025-08-04,7090,psychology_society,3,psychology_society,channel_latest,2TXe8itDEzY,"When You Go Silent, Her Mind Goes CRAZY 😱 | Female Psychology Revealed!",354000,11 months ago,330,1032,https://www.youtube.com/watch?v=2TXe8itDEzY
UCkuaNzAsSERRH5ecamFnf1g,Relationship Decode,2025-08-04,7090,psychology_society,4,psychology_society,channel_latest,INhVrGeKMBU,The EXACT Moment She Starts MISSING You! 😱 (Female Psychology Revealed) | Sadia Khan,18000,11 months ago,330,473,https://www.youtube.com/watch?v=INhVrGeKMBU
UCkuaNzAsSERRH5ecamFnf1g,Relationship Decode,2025-08-04,7090,psychology_society,5,psychology_society,channel_latest,eYhUsve8ATI,When You Go Silent… This Is What Women Secretly Think 😱 | Sadia Khan,3700,11 months ago,330,360,https://www.youtube.com/watch?v=eYhUsve8ATI
UCkuaNzAsSERRH5ecamFnf1g,Relationship Decode,2025-08-04,7090,psychology_society,6,psychology_society,channel_latest,FTt8ZV5etMA,"""How To Make ANY Woman Want You 😱 Female Psychology Secrets Revealed |Sadia Khan Motivational Speech",75000,11 months ago,330,749,https://www.youtube.com/watch?v=FTt8ZV5etMA
UCkuaNzAsSERRH5ecamFnf1g,Relationship Decode,2025-08-04,7090,psychology_society,7,psychology_society,channel_latest,oJT_PVWmpvQ,5 Things Women Say That Mean You MUST Walk Away! 😱 | Sadia Khan Motivational Speech,836,11 months ago,330,460,https://www.youtube.com/watch?v=oJT_PVWmpvQ
UCkuaNzAsSERRH5ecamFnf1g,Relationship Decode,2025-08-04,7090,psychology_society,8,psychology_society,channel_latest,C-ofRPFTaC4,"If She NEVER Texts You First, Do THIS! 😱 | Sadia Khan Motivational Speech",70000,11 months ago,330,802,https://www.youtube.com/watch?v=C-ofRPFTaC4
UCkuaNzAsSERRH5ecamFnf1g,Relationship Decode,2025-08-04,7090,psychology_society,9,psychology_society,channel_latest,H7gVYzTcCh8,Test a Woman’s Character in SECONDS! 😱 Sadia Khan Reveals 2 Powerful Secrets | Motivational Speech,1200,11 months ago,330,319,https://www.youtube.com/watch?v=H7gVYzTcCh8
UCkuaNzAsSERRH5ecamFnf1g,Relationship Decode,2025-08-04,7090,psychology_society,10,psychology_society,channel_latest,T5KUw5USFAU,She Will Comeback 100% 🚀 | Sadia Khan Motivational Speech | Relationship Advice for Men,35000,11 months ago,330,924,https://www.youtube.com/watch?v=T5KUw5USFAU
UCx4MRJZPmX9rb6Y7PGmU2Bg,Survive Plus,2025-07-28,64000,wildlife_documentaries,1,wildlife_documentaries,channel_latest,nwy63ysqlRU,Colin O'Brady Pushes this Family to their Limit | Survivalists,458,4 days ago,4,3288,https://www.youtube.com/watch?v=nwy63ysqlRU
UCx4MRJZPmX9rb6Y7PGmU2Bg,Survive Plus,2025-07-28,64000,wildlife_documentaries,2,wildlife_documentaries,channel_latest,3pMfXnIAz8c,Off-Road Race to the Flag | The Survivalists,572,7 days ago,7,3291,https://www.youtube.com/watch?v=3pMfXnIAz8c
UCx4MRJZPmX9rb6Y7PGmU2Bg,Survive Plus,2025-07-28,64000,wildlife_documentaries,3,wildlife_documentaries,channel_latest,D4nsi24oIYU,They Risked Everything to Reach the Summit | Ultimate Expedition,9200,11 days ago,11,1807,https://www.youtube.com/watch?v=D4nsi24oIYU
UCx4MRJZPmX9rb6Y7PGmU2Bg,Survive Plus,2025-07-28,64000,wildlife_documentaries,4,wildlife_documentaries,channel_latest,OZjXwRAfrAc,Families Battle It Out on Raging Rapids | The Survivalists,667,13 days ago,13,3289,https://www.youtube.com/watch?v=OZjXwRAfrAc
UCx4MRJZPmX9rb6Y7PGmU2Bg,Survive Plus,2025-07-28,64000,wildlife_documentaries,5,wildlife_documentaries,channel_latest,NQ_yAZPozKY,Stevo's Scariest Moment Yet | Ultimate Expedition,16000,2 weeks ago,14,1808,https://www.youtube.com/watch?v=NQ_yAZPozKY
UCx4MRJZPmX9rb6Y7PGmU2Bg,Survive Plus,2025-07-28,64000,wildlife_documentaries,6,wildlife_documentaries,channel_latest,fVTKI3BUIOY,Can They Make It Across the Lava Fields? | The Survivalists,1000,3 weeks ago,21,3289,https://www.youtube.com/watch?v=fVTKI3BUIOY
UCx4MRJZPmX9rb6Y7PGmU2Bg,Survive Plus,2025-07-28,64000,wildlife_documentaries,7,wildlife_documentaries,channel_latest,2GzX1R8H8Cw,Entering Snake Cave in Darkness | Running Wild ft Scott Eastwood,13000,4 weeks ago,28,2504,https://www.youtube.com/watch?v=2GzX1R8H8Cw
UCx4MRJZPmX9rb6Y7PGmU2Bg,Survive Plus,2025-07-28,64000,wildlife_documentaries,8,wildlife_documentaries,channel_latest,Ebk4Rl2wbUQ,Steve-O's Most Painful Adventure Yet | Ultimate Expedition,46000,1 month ago,30,1808,https://www.youtube.com/watch?v=Ebk4Rl2wbUQ
UCx4MRJZPmX9rb6Y7PGmU2Bg,Survive Plus,2025-07-28,64000,wildlife_documentaries,9,wildlife_documentaries,channel_latest,AhwhJwnU2aE,Surviving a Volcanic Mountain | Running Wild ft Kerry Russell,16000,1 month ago,30,2469,https://www.youtube.com/watch?v=AhwhJwnU2aE
UCx4MRJZPmX9rb6Y7PGmU2Bg,Survive Plus,2025-07-28,64000,wildlife_documentaries,10,wildlife_documentaries,channel_latest,izW6T0BO9ag,The Mountain That Nearly Broke This UFC Legend | Ultimate Expedition,27000,1 month ago,30,1898,https://www.youtube.com/watch?v=izW6T0BO9ag
UCx4MRJZPmX9rb6Y7PGmU2Bg,Survive Plus,2025-07-28,64000,wildlife_documentaries,11,wildlife_documentaries,channel_latest,EHrniIgKjws,Face to Face with a Snake | Running Wild ft Uzo Aduba,8400,1 month ago,30,2464,https://www.youtube.com/watch?v=EHrniIgKjws
UCx4MRJZPmX9rb6Y7PGmU2Bg,Survive Plus,2025-07-28,64000,wildlife_documentaries,12,wildlife_documentaries,channel_latest,tQrJwFDsqsU,Celebrities Struggle for Air | Ultimate Expedition,26000,1 month ago,30,1879,https://www.youtube.com/watch?v=tQrJwFDsqsU
UCx4MRJZPmX9rb6Y7PGmU2Bg,Survive Plus,2025-07-28,64000,wildlife_documentaries,13,wildlife_documentaries,channel_latest,aeFBWx-T4kk,GoT Star Freezes at Sight of Spanish Tarantula | Running Wild,35000,1 month ago,30,2468,https://www.youtube.com/watch?v=aeFBWx-T4kk
UCx4MRJZPmX9rb6Y7PGmU2Bg,Survive Plus,2025-07-28,64000,wildlife_documentaries,14,wildlife_documentaries,channel_latest,Sf3jN2Qe2lI,Steve-O Faces His Greatest Fear Yet | Ultimate Expedition,96000,1 month ago,30,1585,https://www.youtube.com/watch?v=Sf3jN2Qe2lI
UCx4MRJZPmX9rb6Y7PGmU2Bg,Survive Plus,2025-07-28,64000,wildlife_documentaries,15,wildlife_documentaries,channel_latest,VvRNPQC6HbM,Roger Federer Descends a Frozen Waterfall | Running Wild,181000,1 month ago,30,2477,https://www.youtube.com/watch?v=VvRNPQC6HbM
UCx4MRJZPmX9rb6Y7PGmU2Bg,Survive Plus,2025-07-28,64000,wildlife_documentaries,16,wildlife_documentaries,channel_latest,woE9dhF076A,“I Have To Climb Up THAT?” | Ultimate Expedition,30000,1 month ago,30,1830,https://www.youtube.com/watch?v=woE9dhF076A
UCx4MRJZPmX9rb6Y7PGmU2Bg,Survive Plus,2025-07-28,64000,wildlife_documentaries,17,wildlife_documentaries,channel_latest,HF2DRUO8hTU,Bear and Joseph Gordon-Levitt Battle a Crocodile | Running Wild,40000,2 months ago,60,2480,https://www.youtube.com/watch?v=HF2DRUO8hTU
UCx4MRJZPmX9rb6Y7PGmU2Bg,Survive Plus,2025-07-28,64000,wildlife_documentaries,18,wildlife_documentaries,channel_latest,ClPZYzx9tuI,Celebrities Forced Down a Near-Vertical Cliff | Ultimate Expedition,31000,2 months ago,60,1845,https://www.youtube.com/watch?v=ClPZYzx9tuI
UCx4MRJZPmX9rb6Y7PGmU2Bg,Survive Plus,2025-07-28,64000,wildlife_documentaries,19,wildlife_documentaries,channel_latest,ZEzcNCPrPyg,I Found the World's BIGGEST Snake,3700,2 months ago,60,1010,https://www.youtube.com/watch?v=ZEzcNCPrPyg
UCx4MRJZPmX9rb6Y7PGmU2Bg,Survive Plus,2025-07-28,64000,wildlife_documentaries,20,wildlife_documentaries,channel_latest,LKFd5l1E254,High Altitude Impacts the Celebrities | Ultimate Expedition,35000,2 months ago,60,1853,https://www.youtube.com/watch?v=LKFd5l1E254
UCx4MRJZPmX9rb6Y7PGmU2Bg,Survive Plus,2025-07-28,64000,wildlife_documentaries,21,wildlife_documentaries,channel_latest,vj43QbvB4MI,Bear Grylls Pushes Lindsey Vonn to the Edge | Running Wild,61000,2 months ago,60,2480,https://www.youtube.com/watch?v=vj43QbvB4MI
UCx4MRJZPmX9rb6Y7PGmU2Bg,Survive Plus,2025-07-28,64000,wildlife_documentaries,22,wildlife_documentaries,channel_latest,SSZCHRcIWPk,9 Celebrities take on the Peruvian Mountains | Ultimate Expedition,98000,2 months ago,60,1824,https://www.youtube.com/watch?v=SSZCHRcIWPk
UCx4MRJZPmX9rb6Y7PGmU2Bg,Survive Plus,2025-07-28,64000,wildlife_documentaries,23,wildlife_documentaries,channel_latest,heXaQQMzoJE,Bear Grylls and Marshawn Lynch Hunt Wild Boar on Deadly Cliffs,41000,2 months ago,60,2500,https://www.youtube.com/watch?v=heXaQQMzoJE
UCx4MRJZPmX9rb6Y7PGmU2Bg,Survive Plus,2025-07-28,64000,wildlife_documentaries,24,wildlife_documentaries,channel_latest,WOHgpFnFkY4,I Attempted To Track Down THIS Lion's Family...,1200,2 months ago,60,1441,https://www.youtube.com/watch?v=WOHgpFnFkY4
UCx4MRJZPmX9rb6Y7PGmU2Bg,Survive Plus,2025-07-28,64000,wildlife_documentaries,25,wildlife_documentaries,channel_latest,al8nLsS5zx8,Bear Grylls Takes an Emmy-Winning Actor Into the Wild | Running Wild,22000,2 months ago,60,2445,https://www.youtube.com/watch?v=al8nLsS5zx8
UCx4MRJZPmX9rb6Y7PGmU2Bg,Survive Plus,2025-07-28,64000,wildlife_documentaries,26,wildlife_documentaries,channel_latest,JGglDxJIgI4,Bear Grylls Takes Julia Roberts Across Crocodile Waters | Running Wild,203000,3 months ago,90,2291,https://www.youtube.com/watch?v=JGglDxJIgI4
UCx4MRJZPmX9rb6Y7PGmU2Bg,Survive Plus,2025-07-28,64000,wildlife_documentaries,27,wildlife_documentaries,channel_latest,BNQT1ZI6Okk,Bear Grylls Pushes an Extreme Survival Method | Bear Grylls: Mission Survive,15000,3 months ago,90,2771,https://www.youtube.com/watch?v=BNQT1ZI6Okk
UCx4MRJZPmX9rb6Y7PGmU2Bg,Survive Plus,2025-07-28,64000,wildlife_documentaries,28,wildlife_documentaries,channel_latest,WKsOSiYVQDQ,Forced to Eat Eyeballs in the Wild | Bear Grylls: Mission Survive,15000,3 months ago,90,2776,https://www.youtube.com/watch?v=WKsOSiYVQDQ
UCx4MRJZPmX9rb6Y7PGmU2Bg,Survive Plus,2025-07-28,64000,wildlife_documentaries,29,wildlife_documentaries,channel_latest,tQ1nBnOEBjs,The David Attenborough Story,25000,3 months ago,90,3113,https://www.youtube.com/watch?v=tQ1nBnOEBjs
UCx4MRJZPmX9rb6Y7PGmU2Bg,Survive Plus,2025-07-28,64000,wildlife_documentaries,30,wildlife_documentaries,channel_latest,3E0tQUx7gRc,Bear Grylls Eats Raw Worms | Face the Wild,4000,3 months ago,90,1467,https://www.youtube.com/watch?v=3E0tQUx7gRc
UCQdI1zYa-0MvrGpCPNYj2CA,Urban Planner Explained,2025-07-28,57400,geography_logistics|practical_lifestyle|science_engineering,1,geography_logistics|practical_lifestyle|science_engineering,channel_latest,O9YNNm1ajX8,Every Type of City Street Explained in 9 Minutes,2300,8 days ago,8,553,https://www.youtube.com/watch?v=O9YNNm1ajX8
UCQdI1zYa-0MvrGpCPNYj2CA,Urban Planner Explained,2025-07-28,57400,geography_logistics|practical_lifestyle|science_engineering,2,geography_logistics|practical_lifestyle|science_engineering,channel_latest,lEE9k5OhBPY,Every Layer Beneath a City Street Explained,2500,3 weeks ago,21,553,https://www.youtube.com/watch?v=lEE9k5OhBPY
UCQdI1zYa-0MvrGpCPNYj2CA,Urban Planner Explained,2025-07-28,57400,geography_logistics|practical_lifestyle|science_engineering,3,geography_logistics|practical_lifestyle|science_engineering,channel_latest,1_IwgkhpRFQ,Every WORST Designed Highway in America Explained,11000,1 month ago,30,575,https://www.youtube.com/watch?v=1_IwgkhpRFQ
UCQdI1zYa-0MvrGpCPNYj2CA,Urban Planner Explained,2025-07-28,57400,geography_logistics|practical_lifestyle|science_engineering,4,geography_logistics|practical_lifestyle|science_engineering,channel_latest,BNTVHYSPFh8,Every City That's SINKING Right Now Explained,3300,1 month ago,30,544,https://www.youtube.com/watch?v=BNTVHYSPFh8
UCQdI1zYa-0MvrGpCPNYj2CA,Urban Planner Explained,2025-07-28,57400,geography_logistics|practical_lifestyle|science_engineering,5,geography_logistics|practical_lifestyle|science_engineering,channel_latest,Wnr9aDfSwwA,Why Phoenix Shouldn't Exist Explained in 9 Minutes,3000,1 month ago,30,541,https://www.youtube.com/watch?v=Wnr9aDfSwwA
UCQdI1zYa-0MvrGpCPNYj2CA,Urban Planner Explained,2025-07-28,57400,geography_logistics|practical_lifestyle|science_engineering,6,geography_logistics|practical_lifestyle|science_engineering,channel_latest,WSLbE25xSu8,Every 2026 World Cup City RANKED by Urban Design Explained,7700,1 month ago,30,586,https://www.youtube.com/watch?v=WSLbE25xSu8
UCQdI1zYa-0MvrGpCPNYj2CA,Urban Planner Explained,2025-07-28,57400,geography_logistics|practical_lifestyle|science_engineering,7,geography_logistics|practical_lifestyle|science_engineering,channel_latest,CG3lOXGx_vk,Every Insanely Well Designed European City Explained,7900,2 months ago,60,569,https://www.youtube.com/watch?v=CG3lOXGx_vk
UCQdI1zYa-0MvrGpCPNYj2CA,Urban Planner Explained,2025-07-28,57400,geography_logistics|practical_lifestyle|science_engineering,8,geography_logistics|practical_lifestyle|science_engineering,channel_latest,7MXfbHFvWn4,Every Country HUMILIATING America at High Speed Rail Explained,8000,2 months ago,60,589,https://www.youtube.com/watch?v=7MXfbHFvWn4
UCQdI1zYa-0MvrGpCPNYj2CA,Urban Planner Explained,2025-07-28,57400,geography_logistics|practical_lifestyle|science_engineering,9,geography_logistics|practical_lifestyle|science_engineering,channel_latest,e7Hksp8hGpo,Every BEST American House Style Explained in 9 Minutes,6400,2 months ago,60,551,https://www.youtube.com/watch?v=e7Hksp8hGpo
UCQdI1zYa-0MvrGpCPNYj2CA,Urban Planner Explained,2025-07-28,57400,geography_logistics|practical_lifestyle|science_engineering,10,geography_logistics|practical_lifestyle|science_engineering,channel_latest,_gEpiNdCSCg,Every WORST Metro System in the World Explained,38000,3 months ago,90,553,https://www.youtube.com/watch?v=_gEpiNdCSCg
UCQdI1zYa-0MvrGpCPNYj2CA,Urban Planner Explained,2025-07-28,57400,geography_logistics|practical_lifestyle|science_engineering,11,geography_logistics|practical_lifestyle|science_engineering,channel_latest,M5AyQPjEdVY,Every WORST City to Live in Right Now Explained in 9 Minutes,9000,3 months ago,90,575,https://www.youtube.com/watch?v=M5AyQPjEdVY
UCQdI1zYa-0MvrGpCPNYj2CA,Urban Planner Explained,2025-07-28,57400,geography_logistics|practical_lifestyle|science_engineering,12,geography_logistics|practical_lifestyle|science_engineering,channel_latest,zz-876fR-4c,Every WORST American House Style Explained in 9 Minutes,42000,3 months ago,90,567,https://www.youtube.com/watch?v=zz-876fR-4c
UCQdI1zYa-0MvrGpCPNYj2CA,Urban Planner Explained,2025-07-28,57400,geography_logistics|practical_lifestyle|science_engineering,13,geography_logistics|practical_lifestyle|science_engineering,channel_latest,3d7vi4x7vjc,Every Most ADVANCED City Explained in 9 Minutes,8000,3 months ago,90,568,https://www.youtube.com/watch?v=3d7vi4x7vjc
UCQdI1zYa-0MvrGpCPNYj2CA,Urban Planner Explained,2025-07-28,57400,geography_logistics|practical_lifestyle|science_engineering,14,geography_logistics|practical_lifestyle|science_engineering,channel_latest,J-pexPG9iDc,Every City RUINING Itself Right Now Explained in 9 Minutes,47000,4 months ago,120,564,https://www.youtube.com/watch?v=J-pexPG9iDc
UCQdI1zYa-0MvrGpCPNYj2CA,Urban Planner Explained,2025-07-28,57400,geography_logistics|practical_lifestyle|science_engineering,15,geography_logistics|practical_lifestyle|science_engineering,channel_latest,NJBKxwCMS8U,The Most EXPENSIVE Cities to Live Explained in 9 Minutes,14000,4 months ago,120,582,https://www.youtube.com/watch?v=NJBKxwCMS8U
UCQdI1zYa-0MvrGpCPNYj2CA,Urban Planner Explained,2025-07-28,57400,geography_logistics|practical_lifestyle|science_engineering,16,geography_logistics|practical_lifestyle|science_engineering,channel_latest,tMl_wrmsq1A,Every WORST Designed US City Explained in 10 Minutes (Part 2),9200,4 months ago,120,604,https://www.youtube.com/watch?v=tMl_wrmsq1A
UCQdI1zYa-0MvrGpCPNYj2CA,Urban Planner Explained,2025-07-28,57400,geography_logistics|practical_lifestyle|science_engineering,17,geography_logistics|practical_lifestyle|science_engineering,channel_latest,fmrtZnzuFBg,The Strangest ABANDONED Cities Explained in 9 Minutes,6200,4 months ago,120,554,https://www.youtube.com/watch?v=fmrtZnzuFBg
UCQdI1zYa-0MvrGpCPNYj2CA,Urban Planner Explained,2025-07-28,57400,geography_logistics|practical_lifestyle|science_engineering,18,geography_logistics|practical_lifestyle|science_engineering,channel_latest,0LlDSYRgdiE,The Most INSANE City Transformations Explained,13000,4 months ago,120,551,https://www.youtube.com/watch?v=0LlDSYRgdiE
UCQdI1zYa-0MvrGpCPNYj2CA,Urban Planner Explained,2025-07-28,57400,geography_logistics|practical_lifestyle|science_engineering,19,geography_logistics|practical_lifestyle|science_engineering,channel_latest,InjXUtCfcZQ,Every City That Looks WEIRD Explained in 9 Minutes,20000,5 months ago,150,551,https://www.youtube.com/watch?v=InjXUtCfcZQ
UCQdI1zYa-0MvrGpCPNYj2CA,Urban Planner Explained,2025-07-28,57400,geography_logistics|practical_lifestyle|science_engineering,20,geography_logistics|practical_lifestyle|science_engineering,channel_latest,98U8qTxcPR0,Every Iconic Building That CHANGED Cities Explained in 9 Minutes,7200,5 months ago,150,556,https://www.youtube.com/watch?v=98U8qTxcPR0
UCQdI1zYa-0MvrGpCPNYj2CA,Urban Planner Explained,2025-07-28,57400,geography_logistics|practical_lifestyle|science_engineering,21,geography_logistics|practical_lifestyle|science_engineering,channel_latest,_HFOrJpU3yo,Every LEGENDARY Design FAILURE in History Explained,6800,5 months ago,150,545,https://www.youtube.com/watch?v=_HFOrJpU3yo
UCQdI1zYa-0MvrGpCPNYj2CA,Urban Planner Explained,2025-07-28,57400,geography_logistics|practical_lifestyle|science_engineering,22,geography_logistics|practical_lifestyle|science_engineering,channel_latest,doZTjh3USf0,Every Continent's DNA Explained in 9 Minutes,5900,6 months ago,180,556,https://www.youtube.com/watch?v=doZTjh3USf0
UCQdI1zYa-0MvrGpCPNYj2CA,Urban Planner Explained,2025-07-28,57400,geography_logistics|practical_lifestyle|science_engineering,23,geography_logistics|practical_lifestyle|science_engineering,channel_latest,DxgWMNJhTo8,Every Level of Building a PERFECT City Explained in 9 Minutes,22000,6 months ago,180,541,https://www.youtube.com/watch?v=DxgWMNJhTo8
UCQdI1zYa-0MvrGpCPNYj2CA,Urban Planner Explained,2025-07-28,57400,geography_logistics|practical_lifestyle|science_engineering,24,geography_logistics|practical_lifestyle|science_engineering,channel_latest,IlwTt6fYUwI,Every Insanely Well Designed COUNTRY Explained (Part 2),19000,6 months ago,180,554,https://www.youtube.com/watch?v=IlwTt6fYUwI
UCQdI1zYa-0MvrGpCPNYj2CA,Urban Planner Explained,2025-07-28,57400,geography_logistics|practical_lifestyle|science_engineering,25,geography_logistics|practical_lifestyle|science_engineering,channel_latest,odXVdEwi1FI,Every EUROPEAN City ADVANTAGE Over AMERICA Explained,19000,6 months ago,180,547,https://www.youtube.com/watch?v=odXVdEwi1FI
UCQdI1zYa-0MvrGpCPNYj2CA,Urban Planner Explained,2025-07-28,57400,geography_logistics|practical_lifestyle|science_engineering,26,geography_logistics|practical_lifestyle|science_engineering,channel_latest,lDM_Lytdr-s,Every American State FAILING at Urban Planning Explained,30000,7 months ago,210,541,https://www.youtube.com/watch?v=lDM_Lytdr-s
UCQdI1zYa-0MvrGpCPNYj2CA,Urban Planner Explained,2025-07-28,57400,geography_logistics|practical_lifestyle|science_engineering,27,geography_logistics|practical_lifestyle|science_engineering,channel_latest,v1s8Id30cto,Every Roundabout Type Explained in 9 Minutes,59000,7 months ago,210,541,https://www.youtube.com/watch?v=v1s8Id30cto
UCQdI1zYa-0MvrGpCPNYj2CA,Urban Planner Explained,2025-07-28,57400,geography_logistics|practical_lifestyle|science_engineering,28,geography_logistics|practical_lifestyle|science_engineering,channel_latest,Ms5monPzhYA,Every Insanely Well Designed COUNTRY Explained in 9 Minutes,108000,7 months ago,210,554,https://www.youtube.com/watch?v=Ms5monPzhYA
UCQdI1zYa-0MvrGpCPNYj2CA,Urban Planner Explained,2025-07-28,57400,geography_logistics|practical_lifestyle|science_engineering,29,geography_logistics|practical_lifestyle|science_engineering,channel_latest,ufQCdCLXVcI,Every Capital City MISTAKE Explained in 9 Minutes,85000,7 months ago,210,541,https://www.youtube.com/watch?v=ufQCdCLXVcI
UCQdI1zYa-0MvrGpCPNYj2CA,Urban Planner Explained,2025-07-28,57400,geography_logistics|practical_lifestyle|science_engineering,30,geography_logistics|practical_lifestyle|science_engineering,channel_latest,TiWU3ol970c,Every City OPPOSITE of Its Country Explained in 9 Minutes,38000,7 months ago,210,541,https://www.youtube.com/watch?v=TiWU3ol970c
UCQmSfO8cYdSV2Mu3gW4bpAw,Ancestors Civilization,2025-07-28,19400,history_reconstruction,1,history_reconstruction,channel_latest,I6E64Eb90yY,"The Entire History of Italy Explained | 3,000 Years from Rome to Today",7500,6 months ago,180,13132,https://www.youtube.com/watch?v=I6E64Eb90yY
UCQmSfO8cYdSV2Mu3gW4bpAw,Ancestors Civilization,2025-07-28,19400,history_reconstruction,2,history_reconstruction,channel_latest,1MnyQwmQmsY,The Entire History of Austria | From Celtic Tribes to Modern Nation,3800,6 months ago,180,10307,https://www.youtube.com/watch?v=1MnyQwmQmsY
UCQmSfO8cYdSV2Mu3gW4bpAw,Ancestors Civilization,2025-07-28,19400,history_reconstruction,3,history_reconstruction,channel_latest,xKbhbGlGCQ0,Complete History Of Imperial Japan From Origins To Defeat | Complete Documentary,843,7 months ago,210,2952,https://www.youtube.com/watch?v=xKbhbGlGCQ0
UCQmSfO8cYdSV2Mu3gW4bpAw,Ancestors Civilization,2025-07-28,19400,history_reconstruction,4,history_reconstruction,channel_latest,J40gsk7qJIU,The Complete History of the Copper Age Ancient Civilization,1600,7 months ago,210,1761,https://www.youtube.com/watch?v=J40gsk7qJIU
UCQmSfO8cYdSV2Mu3gW4bpAw,Ancestors Civilization,2025-07-28,19400,history_reconstruction,5,history_reconstruction,channel_latest,s-WO2BTIUb8,The Complete History of Coffee From Ethiopia to Modern Cafes,13000,7 months ago,210,5226,https://www.youtube.com/watch?v=s-WO2BTIUb8
UCQmSfO8cYdSV2Mu3gW4bpAw,Ancestors Civilization,2025-07-28,19400,history_reconstruction,6,history_reconstruction,channel_latest,fpAHh1A6cdM,The Entire History of Greece - Full Detailed Documentary,7000,8 months ago,240,10478,https://www.youtube.com/watch?v=fpAHh1A6cdM
UCQmSfO8cYdSV2Mu3gW4bpAw,Ancestors Civilization,2025-07-28,19400,history_reconstruction,7,history_reconstruction,channel_latest,1fU3rm9qUOw,The Entire History of The Pyramids - Full Detailed Docuemtary,1800,8 months ago,240,9565,https://www.youtube.com/watch?v=1fU3rm9qUOw
UCQmSfO8cYdSV2Mu3gW4bpAw,Ancestors Civilization,2025-07-28,19400,history_reconstruction,8,history_reconstruction,channel_latest,aOackyukfd0,The Entire History of Hungary 2 hours full Detailed Documentary,12000,8 months ago,240,10039,https://www.youtube.com/watch?v=aOackyukfd0
UCQmSfO8cYdSV2Mu3gW4bpAw,Ancestors Civilization,2025-07-28,19400,history_reconstruction,9,history_reconstruction,channel_latest,4w0XReQFScU,The Entire History of Harappa - Full Detailed Documentary,5700,8 months ago,240,11676,https://www.youtube.com/watch?v=4w0XReQFScU
UCQmSfO8cYdSV2Mu3gW4bpAw,Ancestors Civilization,2025-07-28,19400,history_reconstruction,10,history_reconstruction,channel_latest,Rbm3UUZrmGc,The Entire History of Finland - Full detailed Documentary,7100,8 months ago,240,9721,https://www.youtube.com/watch?v=Rbm3UUZrmGc
UCQmSfO8cYdSV2Mu3gW4bpAw,Ancestors Civilization,2025-07-28,19400,history_reconstruction,11,history_reconstruction,channel_latest,yNFvDvir-DY,The Entire History of Corinth 2 hours full Detailed Documentary,5800,8 months ago,240,11310,https://www.youtube.com/watch?v=yNFvDvir-DY
UCQmSfO8cYdSV2Mu3gW4bpAw,Ancestors Civilization,2025-07-28,19400,history_reconstruction,12,history_reconstruction,channel_latest,E4Ik1ydejo0,How Britain Built an Empire: A Full Historical Documentary,6900,8 months ago,240,9857,https://www.youtube.com/watch?v=E4Ik1ydejo0
UCQmSfO8cYdSV2Mu3gW4bpAw,Ancestors Civilization,2025-07-28,19400,history_reconstruction,13,history_reconstruction,channel_latest,3wxzC4ElIpc,The Entire History of Germany - Full Detailed Documentary,64000,8 months ago,240,11020,https://www.youtube.com/watch?v=3wxzC4ElIpc
UCQmSfO8cYdSV2Mu3gW4bpAw,Ancestors Civilization,2025-07-28,19400,history_reconstruction,14,history_reconstruction,channel_latest,H7xM-SsIiNI,The Entire History of How the British Empire Ruled the World,7400,8 months ago,240,8535,https://www.youtube.com/watch?v=H7xM-SsIiNI
UCQmSfO8cYdSV2Mu3gW4bpAw,Ancestors Civilization,2025-07-28,19400,history_reconstruction,15,history_reconstruction,channel_latest,6vWfEcUApI0,The ENTIRE Story of the Danish Empire Detailed Documentary,1400,8 months ago,240,10568,https://www.youtube.com/watch?v=6vWfEcUApI0
UCQmSfO8cYdSV2Mu3gW4bpAw,Ancestors Civilization,2025-07-28,19400,history_reconstruction,16,history_reconstruction,channel_latest,73Y-FNF1wLE,The Entire History of Egypt Full Detailed 2 hours long Documentary,11000,8 months ago,240,8357,https://www.youtube.com/watch?v=73Y-FNF1wLE
UCQmSfO8cYdSV2Mu3gW4bpAw,Ancestors Civilization,2025-07-28,19400,history_reconstruction,17,history_reconstruction,channel_latest,Y1eo0blxTBI,The Entire History of Denmark Full Detailed 2 hours long Documentary,17000,8 months ago,240,9404,https://www.youtube.com/watch?v=Y1eo0blxTBI
UCQmSfO8cYdSV2Mu3gW4bpAw,Ancestors Civilization,2025-07-28,19400,history_reconstruction,18,history_reconstruction,channel_latest,UfSoza1ZhY8,The ENTIRE Story of the Empire – Full Detailed Documentary,1000,8 months ago,240,9375,https://www.youtube.com/watch?v=UfSoza1ZhY8
UCQmSfO8cYdSV2Mu3gW4bpAw,Ancestors Civilization,2025-07-28,19400,history_reconstruction,19,history_reconstruction,channel_latest,fscH4av98WI,The ENTIRE Story of the Bulgarian Empire – Full Detailed Documentary,6900,8 months ago,240,8803,https://www.youtube.com/watch?v=fscH4av98WI
UCQmSfO8cYdSV2Mu3gW4bpAw,Ancestors Civilization,2025-07-28,19400,history_reconstruction,20,history_reconstruction,channel_latest,-FlxMqRausQ,The Entire History of Cambodia Empire full Detailed Documentary,6600,8 months ago,240,9264,https://www.youtube.com/watch?v=-FlxMqRausQ
UCQmSfO8cYdSV2Mu3gW4bpAw,Ancestors Civilization,2025-07-28,19400,history_reconstruction,21,history_reconstruction,channel_latest,g3bR9EMgXOg,The ENTIRE Story of the Japanese Empire – Full Detailed Documentary,2800,9 months ago,270,11802,https://www.youtube.com/watch?v=g3bR9EMgXOg
UCQmSfO8cYdSV2Mu3gW4bpAw,Ancestors Civilization,2025-07-28,19400,history_reconstruction,22,history_reconstruction,channel_latest,pNVupNtk65A,The ENTIRE Story of Ancient Mythology – Full Detailed Documentary,1200,9 months ago,270,10236,https://www.youtube.com/watch?v=pNVupNtk65A
UCQmSfO8cYdSV2Mu3gW4bpAw,Ancestors Civilization,2025-07-28,19400,history_reconstruction,23,history_reconstruction,channel_latest,D8-XzyIWVis,The Entire History of France Empire 2 Hours long Detailed Documentary,10000,9 months ago,270,8895,https://www.youtube.com/watch?v=D8-XzyIWVis
UCQmSfO8cYdSV2Mu3gW4bpAw,Ancestors Civilization,2025-07-28,19400,history_reconstruction,24,history_reconstruction,channel_latest,CzqU08jhQAI,The Entire History of Ethiopia Empire 2 Hour long documentary,5000,9 months ago,270,8124,https://www.youtube.com/watch?v=CzqU08jhQAI
UCQmSfO8cYdSV2Mu3gW4bpAw,Ancestors Civilization,2025-07-28,19400,history_reconstruction,25,history_reconstruction,channel_latest,cM_6WKyyIoQ,The Entire History of Afghanistan Empire - Full Detailed Documentary,7100,9 months ago,270,10751,https://www.youtube.com/watch?v=cM_6WKyyIoQ
UCQmSfO8cYdSV2Mu3gW4bpAw,Ancestors Civilization,2025-07-28,19400,history_reconstruction,26,history_reconstruction,channel_latest,1MKkKGau6Zs,The ENTIRE Story of The Israel Empire – Full Detailed Documentary,6300,9 months ago,270,8320,https://www.youtube.com/watch?v=1MKkKGau6Zs
UCQmSfO8cYdSV2Mu3gW4bpAw,Ancestors Civilization,2025-07-28,19400,history_reconstruction,27,history_reconstruction,channel_latest,OabtaCLYsWM,The ENTIRE Story of Colonial America – Full Detailed Documentary,128000,9 months ago,270,10612,https://www.youtube.com/watch?v=OabtaCLYsWM
UCQmSfO8cYdSV2Mu3gW4bpAw,Ancestors Civilization,2025-07-28,19400,history_reconstruction,28,history_reconstruction,channel_latest,yOwMdQZJDkk,The ENTIRE Story of Athens Empire – Full Detailed Documentary,3000,9 months ago,270,10180,https://www.youtube.com/watch?v=yOwMdQZJDkk
UCQmSfO8cYdSV2Mu3gW4bpAw,Ancestors Civilization,2025-07-28,19400,history_reconstruction,29,history_reconstruction,channel_latest,lNO4bAUR1Jk,The ENTIRE Story of the Phoenicians 2 Hours long Sleep Documentary,2500,9 months ago,270,9398,https://www.youtube.com/watch?v=lNO4bAUR1Jk
UCQmSfO8cYdSV2Mu3gW4bpAw,Ancestors Civilization,2025-07-28,19400,history_reconstruction,30,history_reconstruction,channel_latest,LXxPcjoCaag,The ENTIRE Story of the Sumerians,2600,9 months ago,270,9087,https://www.youtube.com/watch?v=LXxPcjoCaag
UCVOKP-_OYHTnKFDSP89NfAQ,Mavora,2025-07-24,44200,nature_animals,1,nature_animals,channel_latest,ltQ7R14zz4E,12 Ancient Monsters That Ruled the Earth,70000,5 days ago,5,1104,https://www.youtube.com/watch?v=ltQ7R14zz4E
UCVOKP-_OYHTnKFDSP89NfAQ,Mavora,2025-07-24,44200,nature_animals,2,nature_animals,channel_latest,lJfrDKOzkCs,7 Last Photos Of Mysterious Creatures.,12000,2 weeks ago,14,585,https://www.youtube.com/watch?v=lJfrDKOzkCs
UCVOKP-_OYHTnKFDSP89NfAQ,Mavora,2025-07-24,44200,nature_animals,3,nature_animals,channel_latest,XPc6gyO9ULQ,42 Extinct Animals That Might Still Be Alive | Full Series,362000,2 weeks ago,14,3373,https://www.youtube.com/watch?v=XPc6gyO9ULQ
UCVOKP-_OYHTnKFDSP89NfAQ,Mavora,2025-07-24,44200,nature_animals,4,nature_animals,channel_latest,Mxg7oGKeBwM,8 Ancient Monsters That Ruled the Ocean,19000,3 weeks ago,21,665,https://www.youtube.com/watch?v=Mxg7oGKeBwM
UCVOKP-_OYHTnKFDSP89NfAQ,Mavora,2025-07-24,44200,nature_animals,5,nature_animals,channel_latest,yBzoaBJqP3s,10 Prehistoric Animals Found Frozen in Siberian Ice,6000,3 weeks ago,21,615,https://www.youtube.com/watch?v=yBzoaBJqP3s
UCVOKP-_OYHTnKFDSP89NfAQ,Mavora,2025-07-24,44200,nature_animals,6,nature_animals,channel_latest,Aiw75eout7U,5 Extinct Animals Scientists Are Bringing Back Before 2035,31000,1 month ago,30,746,https://www.youtube.com/watch?v=Aiw75eout7U
UCVOKP-_OYHTnKFDSP89NfAQ,Mavora,2025-07-24,44200,nature_animals,7,nature_animals,channel_latest,ucbm6q2mXkw,7 Extinct animals That Might STILL Be Alive!,4500,1 month ago,30,548,https://www.youtube.com/watch?v=ucbm6q2mXkw
UCVOKP-_OYHTnKFDSP89NfAQ,Mavora,2025-07-24,44200,nature_animals,8,nature_animals,channel_latest,wl9AdnDcFTw,10 Extinct Animals That Were Found ALIVE !,16000,1 month ago,30,691,https://www.youtube.com/watch?v=wl9AdnDcFTw
UCVOKP-_OYHTnKFDSP89NfAQ,Mavora,2025-07-24,44200,nature_animals,9,nature_animals,channel_latest,HqU2LU9xfio,"10 ""Extinct"" Ice Age Giants That Might STILL Be Alive!",45000,1 month ago,30,730,https://www.youtube.com/watch?v=HqU2LU9xfio
UCVOKP-_OYHTnKFDSP89NfAQ,Mavora,2025-07-24,44200,nature_animals,10,nature_animals,channel_latest,D4muoKy7m-c,7 'Extinct' Animals That Might Still Be Hiding  in the Amazon (2026),85000,1 month ago,30,554,https://www.youtube.com/watch?v=D4muoKy7m-c
UCVOKP-_OYHTnKFDSP89NfAQ,Mavora,2025-07-24,44200,nature_animals,11,nature_animals,channel_latest,tEukuNpBudY,15 Extinct Animals That Might STILL Be Alive Right Now !,1100000,1 month ago,30,1398,https://www.youtube.com/watch?v=tEukuNpBudY
UCVOKP-_OYHTnKFDSP89NfAQ,Mavora,2025-07-24,44200,nature_animals,12,nature_animals,channel_latest,Ro0HBhc55Wo,"7 ""EXTINCT"" Animals That Might Be Alive in the Deep Sea!",137000,2 months ago,60,567,https://www.youtube.com/watch?v=Ro0HBhc55Wo
UCVOKP-_OYHTnKFDSP89NfAQ,Mavora,2025-07-24,44200,nature_animals,13,nature_animals,channel_latest,RZh-V1sEAx0,7 EXTINCT Animals Science Brought Back to life !,279000,2 months ago,60,656,https://www.youtube.com/watch?v=RZh-V1sEAx0
UCVOKP-_OYHTnKFDSP89NfAQ,Mavora,2025-07-24,44200,nature_animals,14,nature_animals,channel_latest,kn0Pn50FlZE,7 Last Photos OF EXTINCT BIRDS | part 2,7600,2 months ago,60,503,https://www.youtube.com/watch?v=kn0Pn50FlZE
UCVOKP-_OYHTnKFDSP89NfAQ,Mavora,2025-07-24,44200,nature_animals,15,nature_animals,channel_latest,79xw2nWpcZc,"10 ""Extinct"" Animals That Might Still Be Alive",1200000,2 months ago,60,942,https://www.youtube.com/watch?v=79xw2nWpcZc
UCVOKP-_OYHTnKFDSP89NfAQ,Mavora,2025-07-24,44200,nature_animals,16,nature_animals,channel_latest,rUr9hbH2Osc,7 last videos of extinct animals from Around the World !,73000,3 months ago,90,735,https://www.youtube.com/watch?v=rUr9hbH2Osc
UCVOKP-_OYHTnKFDSP89NfAQ,Mavora,2025-07-24,44200,nature_animals,17,nature_animals,channel_latest,fvA7_Vl1qyM,7 Final Recordings of EXTINCT Animals,71000,3 months ago,90,726,https://www.youtube.com/watch?v=fvA7_Vl1qyM
UCVOKP-_OYHTnKFDSP89NfAQ,Mavora,2025-07-24,44200,nature_animals,18,nature_animals,channel_latest,cJz0zMBy16Y,Mysterious THYLACINE Videos Caught on Camera (REAL or FAKE?),26000,4 months ago,120,948,https://www.youtube.com/watch?v=cJz0zMBy16Y
UCVOKP-_OYHTnKFDSP89NfAQ,Mavora,2025-07-24,44200,nature_animals,19,nature_animals,channel_latest,xZiWw0P8nK8,6 LAST Photos of EXTINCT Ice Age Animals !,135000,4 months ago,120,597,https://www.youtube.com/watch?v=xZiWw0P8nK8
UCVOKP-_OYHTnKFDSP89NfAQ,Mavora,2025-07-24,44200,nature_animals,20,nature_animals,channel_latest,rhxPoNAkgGE,Mysterious Dinosaur Videos Caught on Camera (Real or Fake?) | Part 2,182000,5 months ago,150,573,https://www.youtube.com/watch?v=rhxPoNAkgGE
UCVOKP-_OYHTnKFDSP89NfAQ,Mavora,2025-07-24,44200,nature_animals,21,nature_animals,channel_latest,9zng2pAArnY,7 LAST Videos of EXTINCT Animals | Part 2,139000,5 months ago,150,709,https://www.youtube.com/watch?v=9zng2pAArnY
UCVOKP-_OYHTnKFDSP89NfAQ,Mavora,2025-07-24,44200,nature_animals,22,nature_animals,channel_latest,HK_781Gyg3U,7 Extinct Animals CAUGHT ALIVE on Camera,184000,5 months ago,150,642,https://www.youtube.com/watch?v=HK_781Gyg3U
UCVOKP-_OYHTnKFDSP89NfAQ,Mavora,2025-07-24,44200,nature_animals,23,nature_animals,channel_latest,Q1tdsTjLgKE,7 last videos of extinct animals,764000,6 months ago,180,727,https://www.youtube.com/watch?v=Q1tdsTjLgKE
UCVOKP-_OYHTnKFDSP89NfAQ,Mavora,2025-07-24,44200,nature_animals,24,nature_animals,channel_latest,0Fu_n-N3Z2Q,Mythical Creatures caught on camera (Real or Fake?),48000,6 months ago,180,672,https://www.youtube.com/watch?v=0Fu_n-N3Z2Q
UCVOKP-_OYHTnKFDSP89NfAQ,Mavora,2025-07-24,44200,nature_animals,25,nature_animals,channel_latest,31QT3OpUyBo,Mysterious Dinosaur Videos Caught on Camera (Real or Fake?),893000,6 months ago,180,554,https://www.youtube.com/watch?v=31QT3OpUyBo
UCVOKP-_OYHTnKFDSP89NfAQ,Mavora,2025-07-24,44200,nature_animals,26,nature_animals,channel_latest,0TtMvYIFWh8,7 LAST Photos of MYSTERIOUS Animals,232000,6 months ago,180,556,https://www.youtube.com/watch?v=0TtMvYIFWh8
UCVOKP-_OYHTnKFDSP89NfAQ,Mavora,2025-07-24,44200,nature_animals,27,nature_animals,channel_latest,L9jgvI_-oPQ,7 Last photos of Mythical creatures,89000,7 months ago,210,617,https://www.youtube.com/watch?v=L9jgvI_-oPQ
UCVOKP-_OYHTnKFDSP89NfAQ,Mavora,2025-07-24,44200,nature_animals,28,nature_animals,channel_latest,LsOpR7ibbU4,28 Last Photos of Extinct Animals | Full Series,6000000,8 months ago,240,2081,https://www.youtube.com/watch?v=LsOpR7ibbU4
UCVOKP-_OYHTnKFDSP89NfAQ,Mavora,2025-07-24,44200,nature_animals,29,nature_animals,channel_latest,yQlqqu4TQrE,7 Last Photos of Sea Creatures,152000,8 months ago,240,515,https://www.youtube.com/watch?v=yQlqqu4TQrE
UCVOKP-_OYHTnKFDSP89NfAQ,Mavora,2025-07-24,44200,nature_animals,30,nature_animals,channel_latest,tVvx4dJFjuM,7 Last Photos of Extinct Animals From Around the World!,1100000,9 months ago,270,560,https://www.youtube.com/watch?v=tVvx4dJFjuM
UCSoRPhBTtQ4ntgOj4RA_XqA,TRUE GLOBE,2025-07-23,142000,nature_animals|practical_lifestyle,1,nature_animals|practical_lifestyle,channel_latest,o-bxOpREiBk,CHINA WONDERS: Geological Wonders Scientists Can’t Explain,1500,1 day ago,1,4124,https://www.youtube.com/watch?v=o-bxOpREiBk
UCSoRPhBTtQ4ntgOj4RA_XqA,TRUE GLOBE,2025-07-23,142000,nature_animals|practical_lifestyle,2,nature_animals|practical_lifestyle,channel_latest,t-AVTPdkM68,HUMAN WONDERS: The Most Extraordinary Structures Ever Built,3500,2 days ago,2,4445,https://www.youtube.com/watch?v=t-AVTPdkM68
UCSoRPhBTtQ4ntgOj4RA_XqA,TRUE GLOBE,2025-07-23,142000,nature_animals|practical_lifestyle,3,nature_animals|practical_lifestyle,channel_latest,GfsntN4H77M,Lost Cities Carved Into Rock: A Global Mystery,3400,5 days ago,5,4751,https://www.youtube.com/watch?v=GfsntN4H77M
UCSoRPhBTtQ4ntgOj4RA_XqA,TRUE GLOBE,2025-07-23,142000,nature_animals|practical_lifestyle,4,nature_animals|practical_lifestyle,channel_latest,pE0JzveN4-I,NATURAL WONDERS: Mysterious Phenomena That Science Cannot Explain,4300,8 days ago,8,3473,https://www.youtube.com/watch?v=pE0JzveN4-I
UCSoRPhBTtQ4ntgOj4RA_XqA,TRUE GLOBE,2025-07-23,142000,nature_animals|practical_lifestyle,5,nature_animals|practical_lifestyle,channel_latest,-PwfT7xhESA,BOLIVIA: The Hidden World Above the Andes Few Ever See | 4K Travel Documentary,4500,9 days ago,9,3090,https://www.youtube.com/watch?v=-PwfT7xhESA
UCSoRPhBTtQ4ntgOj4RA_XqA,TRUE GLOBE,2025-07-23,142000,nature_animals|practical_lifestyle,6,nature_animals|practical_lifestyle,channel_latest,g5bqzDRC2cw,HUMAN WONDERS: Impossible Masterpieces That Defy Time,272000,2 weeks ago,14,4717,https://www.youtube.com/watch?v=g5bqzDRC2cw
UCSoRPhBTtQ4ntgOj4RA_XqA,TRUE GLOBE,2025-07-23,142000,nature_animals|practical_lifestyle,7,nature_animals|practical_lifestyle,channel_latest,fm4eCbf-Uis,AMISH COUNTRY: The Hidden World Living Without Modern Technology | 4K Travel Documentary,9200,2 weeks ago,14,2485,https://www.youtube.com/watch?v=fm4eCbf-Uis
UCSoRPhBTtQ4ntgOj4RA_XqA,TRUE GLOBE,2025-07-23,142000,nature_animals|practical_lifestyle,8,nature_animals|practical_lifestyle,channel_latest,xtmuwfw2rd8,"BERMUDA: No Rivers, No Resources—Yet One of the Richest Places on Earth | 4K Travel Documentary",61000,2 weeks ago,14,3077,https://www.youtube.com/watch?v=xtmuwfw2rd8
UCSoRPhBTtQ4ntgOj4RA_XqA,TRUE GLOBE,2025-07-23,142000,nature_animals|practical_lifestyle,9,nature_animals|practical_lifestyle,channel_latest,VigMoZAUypI,UNSEEN CARIBBEAN: What Lies Beyond the Perfect Beaches | 4K Travel Documentary,11000,3 weeks ago,21,3504,https://www.youtube.com/watch?v=VigMoZAUypI
UCSoRPhBTtQ4ntgOj4RA_XqA,TRUE GLOBE,2025-07-23,142000,nature_animals|practical_lifestyle,10,nature_animals|practical_lifestyle,channel_latest,1dGw2kAMOn8,SLOVENIA: A Hidden Gem of Europe You Haven’t Discovered Yet | 4K Travel Documentary,51000,3 weeks ago,21,3449,https://www.youtube.com/watch?v=1dGw2kAMOn8
UCSoRPhBTtQ4ntgOj4RA_XqA,TRUE GLOBE,2025-07-23,142000,nature_animals|practical_lifestyle,11,nature_animals|practical_lifestyle,channel_latest,PxEI0-NIllM,NEWFOUNDLAND & LABRADOR: The Lost World Hidden on Canada’s Atlantic Edge | 4K Travel Documentary,91000,3 weeks ago,21,2813,https://www.youtube.com/watch?v=PxEI0-NIllM
UCSoRPhBTtQ4ntgOj4RA_XqA,TRUE GLOBE,2025-07-23,142000,nature_animals|practical_lifestyle,12,nature_animals|practical_lifestyle,channel_latest,rEiDwXO5-ig,UNESCO WONDERS: The Strangest Places on Earth You Won’t Believe Exist,182000,4 weeks ago,28,4570,https://www.youtube.com/watch?v=rEiDwXO5-ig
UCSoRPhBTtQ4ntgOj4RA_XqA,TRUE GLOBE,2025-07-23,142000,nature_animals|practical_lifestyle,13,nature_animals|practical_lifestyle,channel_latest,4wpFYt-u9Jk,LOFOTEN: Life on Norway’s Remote Arctic Islands | 4K Travel Documentary,42000,4 weeks ago,28,3093,https://www.youtube.com/watch?v=4wpFYt-u9Jk
UCSoRPhBTtQ4ntgOj4RA_XqA,TRUE GLOBE,2025-07-23,142000,nature_animals|practical_lifestyle,14,nature_animals|practical_lifestyle,channel_latest,_r1JVLA1kNs,MONTANA: The Last Great Wilderness Before It Disappears | 4K Travel Documentary,7300,1 month ago,30,3389,https://www.youtube.com/watch?v=_r1JVLA1kNs
UCSoRPhBTtQ4ntgOj4RA_XqA,TRUE GLOBE,2025-07-23,142000,nature_animals|practical_lifestyle,15,nature_animals|practical_lifestyle,channel_latest,OFycoZhFyBM,WALES: Land of Castles,1600,1 month ago,30,3262,https://www.youtube.com/watch?v=OFycoZhFyBM
UCSoRPhBTtQ4ntgOj4RA_XqA,TRUE GLOBE,2025-07-23,142000,nature_animals|practical_lifestyle,16,nature_animals|practical_lifestyle,channel_latest,irvOYc8rCjI,"SPAIN: After 144 Years, Does a Nation Lose Its Soul? | 4K Travel Documentary",4200,1 month ago,30,3533,https://www.youtube.com/watch?v=irvOYc8rCjI
UCSoRPhBTtQ4ntgOj4RA_XqA,TRUE GLOBE,2025-07-23,142000,nature_animals|practical_lifestyle,17,nature_animals|practical_lifestyle,channel_latest,9s3e75oyVnc,ARGENTINA: The Wild Heart Behind South America’s Most Iconic Nation | 4K Travel Documentary,4500,1 month ago,30,3298,https://www.youtube.com/watch?v=9s3e75oyVnc
UCSoRPhBTtQ4ntgOj4RA_XqA,TRUE GLOBE,2025-07-23,142000,nature_animals|practical_lifestyle,18,nature_animals|practical_lifestyle,channel_latest,z6nJjB-r2QY,MONTANA: Ghost Towns You Never Knew About | 4K Travel Documentary,29000,1 month ago,30,2563,https://www.youtube.com/watch?v=z6nJjB-r2QY
UCSoRPhBTtQ4ntgOj4RA_XqA,TRUE GLOBE,2025-07-23,142000,nature_animals|practical_lifestyle,19,nature_animals|practical_lifestyle,channel_latest,q4I29g1460U,SAINT HELENA: Inside the Isolated World at the Edge of the Atlantic | 4K Travel Documentary,13000,1 month ago,30,2779,https://www.youtube.com/watch?v=q4I29g1460U
UCSoRPhBTtQ4ntgOj4RA_XqA,TRUE GLOBE,2025-07-23,142000,nature_animals|practical_lifestyle,20,nature_animals|practical_lifestyle,channel_latest,QEtnk-0W7LU,WYOMING: America's Last Great Wilderness You May Never See | 4K Travel Documentary,4400,1 month ago,30,3303,https://www.youtube.com/watch?v=QEtnk-0W7LU
UCSoRPhBTtQ4ntgOj4RA_XqA,TRUE GLOBE,2025-07-23,142000,nature_animals|practical_lifestyle,21,nature_animals|practical_lifestyle,channel_latest,2-wl_gBZYUM,CURAÇAO: Inside the Hidden Caribbean World Most People Never See | 4K Travel Documentary,4100,1 month ago,30,2838,https://www.youtube.com/watch?v=2-wl_gBZYUM
UCSoRPhBTtQ4ntgOj4RA_XqA,TRUE GLOBE,2025-07-23,142000,nature_animals|practical_lifestyle,22,nature_animals|practical_lifestyle,channel_latest,retwTHsz_Mw,AZORES: Life on the Isolated Atlantic Islands Most People Never See | 4K Travel Documentary,18000,1 month ago,30,3242,https://www.youtube.com/watch?v=retwTHsz_Mw
UCSoRPhBTtQ4ntgOj4RA_XqA,TRUE GLOBE,2025-07-23,142000,nature_animals|practical_lifestyle,23,nature_animals|practical_lifestyle,channel_latest,4uqVq9ZKKDI,GUYANA: The Most Forgotten Country on Earth That Nobody Talks About | 4K Travel Documentary,3200,1 month ago,30,2495,https://www.youtube.com/watch?v=4uqVq9ZKKDI
UCSoRPhBTtQ4ntgOj4RA_XqA,TRUE GLOBE,2025-07-23,142000,nature_animals|practical_lifestyle,24,nature_animals|practical_lifestyle,channel_latest,nbRf7IkaVpg,FLORIDA KEYS: Life at the Fragile Edge of America | 4K Travel Documentary,1700,1 month ago,30,2949,https://www.youtube.com/watch?v=nbRf7IkaVpg
UCSoRPhBTtQ4ntgOj4RA_XqA,TRUE GLOBE,2025-07-23,142000,nature_animals|practical_lifestyle,25,nature_animals|practical_lifestyle,channel_latest,5JVDXRlefBs,PARAGUAY: The Land Beyond the Headlines You Never Knew | 4K Travel Documentary,17000,1 month ago,30,2728,https://www.youtube.com/watch?v=5JVDXRlefBs
UCSoRPhBTtQ4ntgOj4RA_XqA,TRUE GLOBE,2025-07-23,142000,nature_animals|practical_lifestyle,26,nature_animals|practical_lifestyle,channel_latest,vMIn-OmijdE,BRAZIL: The Wildest Natural Wonders Hidden Deep in South America | 4K Travel Documentary,26000,1 month ago,30,3291,https://www.youtube.com/watch?v=vMIn-OmijdE
UCSoRPhBTtQ4ntgOj4RA_XqA,TRUE GLOBE,2025-07-23,142000,nature_animals|practical_lifestyle,27,nature_animals|practical_lifestyle,channel_latest,WCNo-f6Q1KU,APPALACHIA: The Lost World Hidden in America’s Mountains | 4K Travel Documentary,102000,1 month ago,30,3343,https://www.youtube.com/watch?v=WCNo-f6Q1KU
UCSoRPhBTtQ4ntgOj4RA_XqA,TRUE GLOBE,2025-07-23,142000,nature_animals|practical_lifestyle,28,nature_animals|practical_lifestyle,channel_latest,rHZNu21YQuY,CAPE VERDE: The World's Most Underrated Island Nation? | 4K Travel Documentary,39000,1 month ago,30,2801,https://www.youtube.com/watch?v=rHZNu21YQuY
UCSoRPhBTtQ4ntgOj4RA_XqA,TRUE GLOBE,2025-07-23,142000,nature_animals|practical_lifestyle,29,nature_animals|practical_lifestyle,channel_latest,lERjsRVx1wU,MALTA: The Ancient Island That Time Forgot | 4K Travel Documentary,21000,2 months ago,60,3198,https://www.youtube.com/watch?v=lERjsRVx1wU
UCSoRPhBTtQ4ntgOj4RA_XqA,TRUE GLOBE,2025-07-23,142000,nature_animals|practical_lifestyle,30,nature_animals|practical_lifestyle,channel_latest,l7fpKmYaJPI,THE DARIEN GAP: The Jungle the World Could Never Cross | 4K Travel Documentary,56000,2 months ago,60,2829,https://www.youtube.com/watch?v=l7fpKmYaJPI
UCfi5WDLF5paBigZnKSsPiEw,VICE Vault,2025-07-22,86700,geography_logistics,1,geography_logistics,channel_latest,JQ2szfb0Uh0,2 Chainz & Wale Investigate Sex Dolls & Exclusive Dating Apps | Most Expensivest - S2 Ep.3,10000,2 days ago,2,1355,https://www.youtube.com/watch?v=JQ2szfb0Uh0
UCfi5WDLF5paBigZnKSsPiEw,VICE Vault,2025-07-22,86700,geography_logistics,2,geography_logistics,channel_latest,6RNfs07qNWA,2 Chainz Plays Polo With Rick Ross! | Most Expensivest - S2 Ep.2,53000,4 days ago,4,1355,https://www.youtube.com/watch?v=6RNfs07qNWA
UCfi5WDLF5paBigZnKSsPiEw,VICE Vault,2025-07-22,86700,geography_logistics,3,geography_logistics,channel_latest,Kz1YBmdSID4,Action Bronson Creates Octopus Tacos in Copenhagen! | F**k That's Delicious - S2 Ep.6,121000,6 days ago,6,1407,https://www.youtube.com/watch?v=Kz1YBmdSID4
UCfi5WDLF5paBigZnKSsPiEw,VICE Vault,2025-07-22,86700,geography_logistics,4,geography_logistics,channel_latest,ocoPVM1qymQ,2 Chainz Hangs Out With Mermaids?! | Most Expensivest - S2 Ep.1,69000,9 days ago,9,1355,https://www.youtube.com/watch?v=ocoPVM1qymQ
UCfi5WDLF5paBigZnKSsPiEw,VICE Vault,2025-07-22,86700,geography_logistics,5,geography_logistics,channel_latest,Uk7o8mKYRbA,2 Chainz Finds The More Elegant Finishing Touches | Most Expensivest - S1 Ep.10,43000,11 days ago,11,1274,https://www.youtube.com/watch?v=Uk7o8mKYRbA
UCfi5WDLF5paBigZnKSsPiEw,VICE Vault,2025-07-22,86700,geography_logistics,6,geography_logistics,channel_latest,vXGmPha0Usc,Action Bronson Shows Off His Favorite Burger Truck! | F**k That's Delicious - S2 Ep.3,68000,13 days ago,13,1307,https://www.youtube.com/watch?v=vXGmPha0Usc
UCfi5WDLF5paBigZnKSsPiEw,VICE Vault,2025-07-22,86700,geography_logistics,7,geography_logistics,channel_latest,Dh52Pz_w4sE,2 Chainz Learns How To Stay Fresh During The Apocalypse | Most Expensivest - S1 Ep.9,71000,2 weeks ago,14,1332,https://www.youtube.com/watch?v=Dh52Pz_w4sE
UCfi5WDLF5paBigZnKSsPiEw,VICE Vault,2025-07-22,86700,geography_logistics,8,geography_logistics,channel_latest,N0NDMTxMhig,2 Chainz Explores Extravagance... For The 'Gram | Most Expensivest - S1 Ep.8,114000,2 weeks ago,14,1320,https://www.youtube.com/watch?v=N0NDMTxMhig
UCfi5WDLF5paBigZnKSsPiEw,VICE Vault,2025-07-22,86700,geography_logistics,9,geography_logistics,channel_latest,zJuq4a0ylS8,Action Bronson Has A Paella Cook-off In Barcelona! | F**k That's Delicious - S2 Ep.5,92000,2 weeks ago,14,1351,https://www.youtube.com/watch?v=zJuq4a0ylS8
UCfi5WDLF5paBigZnKSsPiEw,VICE Vault,2025-07-22,86700,geography_logistics,10,geography_logistics,channel_latest,76UkoiKgkA4,2 Chainz Shows How To Woo Your Boo | Most Expensivest - S1 Ep.7,114000,3 weeks ago,21,1262,https://www.youtube.com/watch?v=76UkoiKgkA4
UCfi5WDLF5paBigZnKSsPiEw,VICE Vault,2025-07-22,86700,geography_logistics,11,geography_logistics,channel_latest,Qdl_mIaVoZk,Action Bronson Visits Hawaii! | F**k That's Delicious - S2 Ep.4,243000,3 weeks ago,21,1351,https://www.youtube.com/watch?v=Qdl_mIaVoZk
UCfi5WDLF5paBigZnKSsPiEw,VICE Vault,2025-07-22,86700,geography_logistics,12,geography_logistics,channel_latest,3yEMftuuVAs,2 Chainz Spends Green To Smoke Green | Most Expensivest - S1 Ep.6,787000,1 month ago,30,1263,https://www.youtube.com/watch?v=3yEMftuuVAs
UCfi5WDLF5paBigZnKSsPiEw,VICE Vault,2025-07-22,86700,geography_logistics,13,geography_logistics,channel_latest,RqBDflxTADA,Action Bronson Visits The Most Isolated City In The World | F**k That's Delicious - S2 Ep.2,218000,1 month ago,30,1325,https://www.youtube.com/watch?v=RqBDflxTADA
UCfi5WDLF5paBigZnKSsPiEw,VICE Vault,2025-07-22,86700,geography_logistics,14,geography_logistics,channel_latest,7ojdEj_ruP8,2 Chainz In A $30 Million Poker Game?! | Most Expensivest - S1 Ep.5,232000,1 month ago,30,1372,https://www.youtube.com/watch?v=7ojdEj_ruP8
UCfi5WDLF5paBigZnKSsPiEw,VICE Vault,2025-07-22,86700,geography_logistics,15,geography_logistics,channel_latest,_oHrKjQJBfE,Action Bronson's Decadent Delights From Down Under! | F**k That's Delicious - S2 Ep.1,120000,1 month ago,30,1411,https://www.youtube.com/watch?v=_oHrKjQJBfE
UCfi5WDLF5paBigZnKSsPiEw,VICE Vault,2025-07-22,86700,geography_logistics,16,geography_logistics,channel_latest,UCiRVEXFGqM,High School Drug Dealer To International Queenpin | I Was A Teenage Felon,138000,1 month ago,30,2530,https://www.youtube.com/watch?v=UCiRVEXFGqM
UCfi5WDLF5paBigZnKSsPiEw,VICE Vault,2025-07-22,86700,geography_logistics,17,geography_logistics,channel_latest,S8C3nFufk9M,2 Chainz Balls In Boujee Brooklyn! | Most Expensivest - S1 Ep.4,194000,1 month ago,30,1382,https://www.youtube.com/watch?v=S8C3nFufk9M
UCfi5WDLF5paBigZnKSsPiEw,VICE Vault,2025-07-22,86700,geography_logistics,18,geography_logistics,channel_latest,CRigPouSxH0,The Best Veggie Burger In The World?! | F**k That's Delicious - S1 Ep.8,144000,1 month ago,30,1249,https://www.youtube.com/watch?v=CRigPouSxH0
UCfi5WDLF5paBigZnKSsPiEw,VICE Vault,2025-07-22,86700,geography_logistics,19,geography_logistics,channel_latest,xvOZqYaiT10,The Story of USA's Biggest Jewel Thief | I Was A Teenage Felon,8900,1 month ago,30,2477,https://www.youtube.com/watch?v=xvOZqYaiT10
UCfi5WDLF5paBigZnKSsPiEw,VICE Vault,2025-07-22,86700,geography_logistics,20,geography_logistics,channel_latest,Y41eSD7rH9k,"2 Chainz's Dog Has A $12,000 Cake?! | Most Expensivest - S1 Ep.3",204000,1 month ago,30,1246,https://www.youtube.com/watch?v=Y41eSD7rH9k
UCfi5WDLF5paBigZnKSsPiEw,VICE Vault,2025-07-22,86700,geography_logistics,21,geography_logistics,channel_latest,O046BTiw86Q,Action Bronson Tries REAL Jamaican Food! | F**k That's Delicious - S1 Ep.7,463000,1 month ago,30,1280,https://www.youtube.com/watch?v=O046BTiw86Q
UCfi5WDLF5paBigZnKSsPiEw,VICE Vault,2025-07-22,86700,geography_logistics,22,geography_logistics,channel_latest,t-c9w92wSrc,"Fighting, Dealing & Stealing Since 11 Years Old | I Was A Teenage Felon",3300,1 month ago,30,2496,https://www.youtube.com/watch?v=t-c9w92wSrc
UCfi5WDLF5paBigZnKSsPiEw,VICE Vault,2025-07-22,86700,geography_logistics,23,geography_logistics,channel_latest,ZrdBKaWD9yg,2 Chainz Tries The Most Exclusive Health Care In The World | Most Expensivest - S1 Ep.2,203000,1 month ago,30,1327,https://www.youtube.com/watch?v=ZrdBKaWD9yg
UCfi5WDLF5paBigZnKSsPiEw,VICE Vault,2025-07-22,86700,geography_logistics,24,geography_logistics,channel_latest,BrDGj5fRLMU,Action Bronson's Alaska & Yukon Adventure! | F**k That's Delicious - S1 Ep.6,166000,2 months ago,60,1351,https://www.youtube.com/watch?v=BrDGj5fRLMU
UCfi5WDLF5paBigZnKSsPiEw,VICE Vault,2025-07-22,86700,geography_logistics,25,geography_logistics,channel_latest,RKzCt5gt5jw,How He Became A Kingpin At 19 Years Old | I Was A Teenage Felon,5300,2 months ago,60,2494,https://www.youtube.com/watch?v=RKzCt5gt5jw
UCfi5WDLF5paBigZnKSsPiEw,VICE Vault,2025-07-22,86700,geography_logistics,26,geography_logistics,channel_latest,XNpzg-CDD70,"2 Chainz & Action Bronson Try $10,000 Steak Dinner?! | Most Expensivest - S1 Ep.1",963000,2 months ago,60,1373,https://www.youtube.com/watch?v=XNpzg-CDD70
UCfi5WDLF5paBigZnKSsPiEw,VICE Vault,2025-07-22,86700,geography_logistics,27,geography_logistics,channel_latest,9N7ztddOCME,Action Bronson In The Best Moroccan Markets! | F**k That's Delicious - S1 Ep.5,392000,2 months ago,60,1351,https://www.youtube.com/watch?v=9N7ztddOCME
UCfi5WDLF5paBigZnKSsPiEw,VICE Vault,2025-07-22,86700,geography_logistics,28,geography_logistics,channel_latest,byJbiBpFpRE,Action Bronson Goes Global! | F**k That's Delicious - S1 Ep.4,162000,2 months ago,60,1281,https://www.youtube.com/watch?v=byJbiBpFpRE
UCfi5WDLF5paBigZnKSsPiEw,VICE Vault,2025-07-22,86700,geography_logistics,29,geography_logistics,channel_latest,G5d7usAMy58,The History & Abolition of Apartheid | Rise Up - Ep.6,8400,2 months ago,60,2703,https://www.youtube.com/watch?v=G5d7usAMy58
UCfi5WDLF5paBigZnKSsPiEw,VICE Vault,2025-07-22,86700,geography_logistics,30,geography_logistics,channel_latest,VEyFdeSptwY,Defying The Macho Side of Lucha Libre | The Wrestlers - Ep.10 | Full Episode,5900,2 months ago,60,2757,https://www.youtube.com/watch?v=VEyFdeSptwY
UCjz8uBTLs0f7Fnlxc5nzT5g,Wonny,2025-07-21,432000,culture_entertainment|psychology_society,1,culture_entertainment|psychology_society,channel_latest,qEdtrNpFXkA,Korea’s Disturbing “Face Swap” Reality Show,516000,2 days ago,2,830,https://www.youtube.com/watch?v=qEdtrNpFXkA
UCjz8uBTLs0f7Fnlxc5nzT5g,Wonny,2025-07-21,432000,culture_entertainment|psychology_society,2,culture_entertainment|psychology_society,channel_latest,fGe51LtmCuM,China's Disturbing “Face Dots” Disaster,1000000,9 days ago,9,913,https://www.youtube.com/watch?v=fGe51LtmCuM
UCjz8uBTLs0f7Fnlxc5nzT5g,Wonny,2025-07-21,432000,culture_entertainment|psychology_society,3,culture_entertainment|psychology_society,channel_latest,qdVEeRmvo5U,China’s Deadly “Bubble Forehead” Disaster,1100000,2 weeks ago,14,860,https://www.youtube.com/watch?v=qdVEeRmvo5U
UCjz8uBTLs0f7Fnlxc5nzT5g,Wonny,2025-07-21,432000,culture_entertainment|psychology_society,4,culture_entertainment|psychology_society,channel_latest,_20sNrnixG8,China’s Disturbing “Death Game” Reality Show,890000,3 weeks ago,21,800,https://www.youtube.com/watch?v=_20sNrnixG8
UCjz8uBTLs0f7Fnlxc5nzT5g,Wonny,2025-07-21,432000,culture_entertainment|psychology_society,5,culture_entertainment|psychology_society,channel_latest,RU91NQkleZA,The “Mafia Playboys” of China,670000,4 weeks ago,28,1021,https://www.youtube.com/watch?v=RU91NQkleZA
UCjz8uBTLs0f7Fnlxc5nzT5g,Wonny,2025-07-21,432000,culture_entertainment|psychology_society,6,culture_entertainment|psychology_society,channel_latest,1x8ItQpG8vs,China's Deadly “Bubble Chin” Disaster,2100000,1 month ago,30,909,https://www.youtube.com/watch?v=1x8ItQpG8vs
UCjz8uBTLs0f7Fnlxc5nzT5g,Wonny,2025-07-21,432000,culture_entertainment|psychology_society,7,culture_entertainment|psychology_society,channel_latest,bQYhUejP3yg,China’s Disturbing “Life Swap” Reality Show,1600000,1 month ago,30,1281,https://www.youtube.com/watch?v=bQYhUejP3yg
UCjz8uBTLs0f7Fnlxc5nzT5g,Wonny,2025-07-21,432000,culture_entertainment|psychology_society,8,culture_entertainment|psychology_society,channel_latest,9zQ2fiJV8Wo,China’s Deadly “Gender Swap” Disaster,794000,1 month ago,30,982,https://www.youtube.com/watch?v=9zQ2fiJV8Wo
UCjz8uBTLs0f7Fnlxc5nzT5g,Wonny,2025-07-21,432000,culture_entertainment|psychology_society,9,culture_entertainment|psychology_society,channel_latest,grF6GuOMhPE,China’s Disturbing “Fake Face” Girl,1600000,1 month ago,30,1472,https://www.youtube.com/watch?v=grF6GuOMhPE
UCjz8uBTLs0f7Fnlxc5nzT5g,Wonny,2025-07-21,432000,culture_entertainment|psychology_society,10,culture_entertainment|psychology_society,channel_latest,NeojdBDbJ8s,China’s Deadly “Bubble Eye” Disaster,2200000,2 months ago,60,910,https://www.youtube.com/watch?v=NeojdBDbJ8s
UCjz8uBTLs0f7Fnlxc5nzT5g,Wonny,2025-07-21,432000,culture_entertainment|psychology_society,11,culture_entertainment|psychology_society,channel_latest,0YtTkRuRxVY,The Dangerous “Lover Boys” of China,760000,2 months ago,60,1442,https://www.youtube.com/watch?v=0YtTkRuRxVY
UCjz8uBTLs0f7Fnlxc5nzT5g,Wonny,2025-07-21,432000,culture_entertainment|psychology_society,12,culture_entertainment|psychology_society,channel_latest,CkE0xnuBG98,China’s Deadly “Fox Eye” Obsession,2200000,2 months ago,60,887,https://www.youtube.com/watch?v=CkE0xnuBG98
UCjz8uBTLs0f7Fnlxc5nzT5g,Wonny,2025-07-21,432000,culture_entertainment|psychology_society,13,culture_entertainment|psychology_society,channel_latest,HLkQyLoxJFE,China's Disturbing “Fake Doctors” Disaster,959000,2 months ago,60,758,https://www.youtube.com/watch?v=HLkQyLoxJFE
UCjz8uBTLs0f7Fnlxc5nzT5g,Wonny,2025-07-21,432000,culture_entertainment|psychology_society,14,culture_entertainment|psychology_society,channel_latest,Ry_1sYqyCAY,The Playboy Manipulators of China,2100000,3 months ago,90,1064,https://www.youtube.com/watch?v=Ry_1sYqyCAY
UCjz8uBTLs0f7Fnlxc5nzT5g,Wonny,2025-07-21,432000,culture_entertainment|psychology_society,15,culture_entertainment|psychology_society,channel_latest,yMk1OSSAW28,China’s Deadly “Bubble Face” Disaster,4099999,3 months ago,90,800,https://www.youtube.com/watch?v=yMk1OSSAW28
UCjz8uBTLs0f7Fnlxc5nzT5g,Wonny,2025-07-21,432000,culture_entertainment|psychology_society,16,culture_entertainment|psychology_society,channel_latest,de3f_UkCqoM,China’s Disturbing “Mask Face” Obsession,2400000,3 months ago,90,980,https://www.youtube.com/watch?v=de3f_UkCqoM
UCjz8uBTLs0f7Fnlxc5nzT5g,Wonny,2025-07-21,432000,culture_entertainment|psychology_society,17,culture_entertainment|psychology_society,channel_latest,NZecBhhvOhg,"China's Disturbing ""Frozen Face"" Girl",1900000,3 months ago,90,825,https://www.youtube.com/watch?v=NZecBhhvOhg
UCjz8uBTLs0f7Fnlxc5nzT5g,Wonny,2025-07-21,432000,culture_entertainment|psychology_society,18,culture_entertainment|psychology_society,channel_latest,l9AdRippOyw,"The ""Face Copying"" Hospitals of China",2100000,3 months ago,90,765,https://www.youtube.com/watch?v=l9AdRippOyw
UCjz8uBTLs0f7Fnlxc5nzT5g,Wonny,2025-07-21,432000,culture_entertainment|psychology_society,19,culture_entertainment|psychology_society,channel_latest,0TzeRUraYwg,China's Disturbing “Fixed Smile” Obsession,2800000,4 months ago,120,755,https://www.youtube.com/watch?v=0TzeRUraYwg
UCjz8uBTLs0f7Fnlxc5nzT5g,Wonny,2025-07-21,432000,culture_entertainment|psychology_society,20,culture_entertainment|psychology_society,channel_latest,RGi4rFGu4D0,The Chinese Influencer “Cheating Confrontation” Disaster,875000,4 months ago,120,841,https://www.youtube.com/watch?v=RGi4rFGu4D0
UCjz8uBTLs0f7Fnlxc5nzT5g,Wonny,2025-07-21,432000,culture_entertainment|psychology_society,21,culture_entertainment|psychology_society,channel_latest,kapclQHLG9M,China's Deadly “Broken Waist” Obsession,1300000,4 months ago,120,605,https://www.youtube.com/watch?v=kapclQHLG9M
UCjz8uBTLs0f7Fnlxc5nzT5g,Wonny,2025-07-21,432000,culture_entertainment|psychology_society,22,culture_entertainment|psychology_society,channel_latest,yakHk1zWaJA,China’s Deadly “Skin Bleaching” Obsession,2300000,4 months ago,120,697,https://www.youtube.com/watch?v=yakHk1zWaJA
UCjz8uBTLs0f7Fnlxc5nzT5g,Wonny,2025-07-21,432000,culture_entertainment|psychology_society,23,culture_entertainment|psychology_society,channel_latest,mSj04lwIRsM,"Investigating Chinese ""Livestreamer Training Camps”",1400000,5 months ago,150,966,https://www.youtube.com/watch?v=mSj04lwIRsM
UCjz8uBTLs0f7Fnlxc5nzT5g,Wonny,2025-07-21,432000,culture_entertainment|psychology_society,24,culture_entertainment|psychology_society,channel_latest,4tEKqt7TjyA,"The ""Dating Schools"" of Douyin",672000,5 months ago,150,828,https://www.youtube.com/watch?v=4tEKqt7TjyA
UCjz8uBTLs0f7Fnlxc5nzT5g,Wonny,2025-07-21,432000,culture_entertainment|psychology_society,25,culture_entertainment|psychology_society,channel_latest,pHB7cC_JJXc,"The Deadly ""Neck Workouts"" of China",768000,5 months ago,150,738,https://www.youtube.com/watch?v=pHB7cC_JJXc
UCjz8uBTLs0f7Fnlxc5nzT5g,Wonny,2025-07-21,432000,culture_entertainment|psychology_society,26,culture_entertainment|psychology_society,channel_latest,cecXqSLhs7A,"China's ""Adult Baby"" Obsession",866000,5 months ago,150,663,https://www.youtube.com/watch?v=cecXqSLhs7A
UCjz8uBTLs0f7Fnlxc5nzT5g,Wonny,2025-07-21,432000,culture_entertainment|psychology_society,27,culture_entertainment|psychology_society,channel_latest,A-vbAV7X604,"The Fake ""Body Parts"" of China",2800000,6 months ago,180,609,https://www.youtube.com/watch?v=A-vbAV7X604
UCjz8uBTLs0f7Fnlxc5nzT5g,Wonny,2025-07-21,432000,culture_entertainment|psychology_society,28,culture_entertainment|psychology_society,channel_latest,u0nQDgT9eKs,China’s Celebrity “Face Reveal” Disaster,1500000,6 months ago,180,696,https://www.youtube.com/watch?v=u0nQDgT9eKs
UCjz8uBTLs0f7Fnlxc5nzT5g,Wonny,2025-07-21,432000,culture_entertainment|psychology_society,29,culture_entertainment|psychology_society,channel_latest,k7hq_PmiyiQ,"China's Deadly ""Plastic Head"" Obsession",4099999,6 months ago,180,661,https://www.youtube.com/watch?v=k7hq_PmiyiQ
UCjz8uBTLs0f7Fnlxc5nzT5g,Wonny,2025-07-21,432000,culture_entertainment|psychology_society,30,culture_entertainment|psychology_society,channel_latest,b0Fd5vHyve4,"The ""Female Manipulators"" of Douyin",1500000,6 months ago,180,1222,https://www.youtube.com/watch?v=b0Fd5vHyve4
UCwm2tuDiDGGuULDIx18hEWQ,WildVerse,2025-07-18,30800,wildlife_documentaries,1,wildlife_documentaries,channel_latest,igjpFVC2gxI,AFRICAN SAVANNAH | Greatest Fight for Survival (Full Episode) | Nature Animal Documentary,13000,6 hours ago,0,14117,https://www.youtube.com/watch?v=igjpFVC2gxI
UCwm2tuDiDGGuULDIx18hEWQ,WildVerse,2025-07-18,30800,wildlife_documentaries,2,wildlife_documentaries,channel_latest,-qcjCgyQMuU,Africa’s Deadliest Fights For Survival (Full Episode) | Nature Animal Documentary,152000,3 days ago,3,14260,https://www.youtube.com/watch?v=-qcjCgyQMuU
UCwm2tuDiDGGuULDIx18hEWQ,WildVerse,2025-07-18,30800,wildlife_documentaries,3,wildlife_documentaries,channel_latest,rgq_FZVJZcM,Savannah's Deadliest (FULL EPISODE) | Battle for Survival | Nature Animal Documentary,57000,5 days ago,5,13076,https://www.youtube.com/watch?v=rgq_FZVJZcM
UCwm2tuDiDGGuULDIx18hEWQ,WildVerse,2025-07-18,30800,wildlife_documentaries,4,wildlife_documentaries,channel_latest,FI5BW48n2Es,Only the Strongest Predators Will Survive | FULL EPISODE | Nature Animal Documentary,2000000,7 days ago,7,12690,https://www.youtube.com/watch?v=FI5BW48n2Es
UCwm2tuDiDGGuULDIx18hEWQ,WildVerse,2025-07-18,30800,wildlife_documentaries,5,wildlife_documentaries,channel_latest,86WqEEtt5-s,Africa's Deadliest Fights For Survival | FULL EPISODE | Nature Animal Documentary,73000,10 days ago,10,11937,https://www.youtube.com/watch?v=86WqEEtt5-s
UCwm2tuDiDGGuULDIx18hEWQ,WildVerse,2025-07-18,30800,wildlife_documentaries,6,wildlife_documentaries,channel_latest,fkDbIlBmYX8,AFRICAN LION | Africa's Deadliest Fights For Survival (Full Episode) | Nature Animal Documentary,376000,12 days ago,12,9767,https://www.youtube.com/watch?v=fkDbIlBmYX8
UCwm2tuDiDGGuULDIx18hEWQ,WildVerse,2025-07-18,30800,wildlife_documentaries,7,wildlife_documentaries,channel_latest,FdCwgl5srBg,LION vs BUFFALO | Africa's Brutal Battle for Survival (Full Episode) | Nature Animal Documentary,30000,2 weeks ago,14,14353,https://www.youtube.com/watch?v=FdCwgl5srBg
UCwm2tuDiDGGuULDIx18hEWQ,WildVerse,2025-07-18,30800,wildlife_documentaries,8,wildlife_documentaries,channel_latest,-iJ8Zayhfp0,Africa’s Deadliest Fights For Survival (Full Episode) | Nature Animal Documentary,147000,2 weeks ago,14,10297,https://www.youtube.com/watch?v=-iJ8Zayhfp0
UCwm2tuDiDGGuULDIx18hEWQ,WildVerse,2025-07-18,30800,wildlife_documentaries,9,wildlife_documentaries,channel_latest,lesZV1rBfZE,LION VS HYENA | Africa's Deadliest Rivalry for Survival (Full Episode) #natureanimaldocumentary,38000,2 weeks ago,14,12695,https://www.youtube.com/watch?v=lesZV1rBfZE
UCwm2tuDiDGGuULDIx18hEWQ,WildVerse,2025-07-18,30800,wildlife_documentaries,10,wildlife_documentaries,channel_latest,bDGu7HLyu4E,Greatest Fights In The Animal Kingdom | Fight for Survival | Nature Animal Documentary,73000,3 weeks ago,21,14025,https://www.youtube.com/watch?v=bDGu7HLyu4E
UCwm2tuDiDGGuULDIx18hEWQ,WildVerse,2025-07-18,30800,wildlife_documentaries,11,wildlife_documentaries,channel_latest,Ti7vCy747hM,Wild Savannah | Carnivores vs Herbivores | FULL EPISODE | Nature Animal Documentary,59000,3 weeks ago,21,13471,https://www.youtube.com/watch?v=Ti7vCy747hM
UCwm2tuDiDGGuULDIx18hEWQ,WildVerse,2025-07-18,30800,wildlife_documentaries,12,wildlife_documentaries,channel_latest,paBvCPAyL1M,Africa's Ultimate Predators | Lion vs Buffalo | FULL EPISODE | Nature Animal Documentary,12000,3 weeks ago,21,13775,https://www.youtube.com/watch?v=paBvCPAyL1M
UCwm2tuDiDGGuULDIx18hEWQ,WildVerse,2025-07-18,30800,wildlife_documentaries,13,wildlife_documentaries,channel_latest,hWIZGCOI9Qg,Africa's Ultimate Predators | Kingdom of Giants | FULL EPISODE | Nature Animal Documentary,151000,4 weeks ago,28,14360,https://www.youtube.com/watch?v=hWIZGCOI9Qg
UCwm2tuDiDGGuULDIx18hEWQ,WildVerse,2025-07-18,30800,wildlife_documentaries,14,wildlife_documentaries,channel_latest,WvMch4tJ4_s,LION BATTLE ZONE | When Predators Reach Their Limits | Nature Animal Documentary,56000,1 month ago,30,13488,https://www.youtube.com/watch?v=WvMch4tJ4_s
UCwm2tuDiDGGuULDIx18hEWQ,WildVerse,2025-07-18,30800,wildlife_documentaries,15,wildlife_documentaries,channel_latest,CmEfepkvqW4,Win or Die (FULL EPISODE) | Battles for Survival | Nature Animal Documentary,12000,1 month ago,30,12363,https://www.youtube.com/watch?v=CmEfepkvqW4
UCwm2tuDiDGGuULDIx18hEWQ,WildVerse,2025-07-18,30800,wildlife_documentaries,16,wildlife_documentaries,channel_latest,vkaijVmhJyw,Africa's Deadliest Predators | MEGA EPISODE | Nature Animal Documentary,154000,1 month ago,30,14130,https://www.youtube.com/watch?v=vkaijVmhJyw
UCwm2tuDiDGGuULDIx18hEWQ,WildVerse,2025-07-18,30800,wildlife_documentaries,17,wildlife_documentaries,channel_latest,mGmCmLPh7_g,LION VS BUFFALO | The Brutal Price of Survival | Nature Animal Documentary,12000,1 month ago,30,14245,https://www.youtube.com/watch?v=mGmCmLPh7_g
UCwm2tuDiDGGuULDIx18hEWQ,WildVerse,2025-07-18,30800,wildlife_documentaries,18,wildlife_documentaries,channel_latest,aQdhk7q7YUo,Africa's Most Dangerous Predators | FULL EPISODE | Nature Animal Documentary,28000,1 month ago,30,13743,https://www.youtube.com/watch?v=aQdhk7q7YUo
UCwm2tuDiDGGuULDIx18hEWQ,WildVerse,2025-07-18,30800,wildlife_documentaries,19,wildlife_documentaries,channel_latest,flFs-IGUorI,Africa's Most Dangerous Predators | FULL EPISODE | Nature Animal Documentary,132000,1 month ago,30,10089,https://www.youtube.com/watch?v=flFs-IGUorI
UCwm2tuDiDGGuULDIx18hEWQ,WildVerse,2025-07-18,30800,wildlife_documentaries,20,wildlife_documentaries,channel_latest,sgMWFqS1rN4,African Savannah | The Most Dangerous Predators | FULL EPISODE | Nature Animal Documentary,21000,1 month ago,30,10245,https://www.youtube.com/watch?v=sgMWFqS1rN4
UCwm2tuDiDGGuULDIx18hEWQ,WildVerse,2025-07-18,30800,wildlife_documentaries,21,wildlife_documentaries,channel_latest,FtP_hhiUwS4,Deadliest Predators | Only the Strongest Survive  | FULL EPISODE | Nature Animal Documentary,44000,1 month ago,30,11054,https://www.youtube.com/watch?v=FtP_hhiUwS4
UCwm2tuDiDGGuULDIx18hEWQ,WildVerse,2025-07-18,30800,wildlife_documentaries,22,wildlife_documentaries,channel_latest,IXNjtvcvzL4,African Savannah | Survival Battle In The Predator Kingdom | Nature Animal Documentary,115000,1 month ago,30,14660,https://www.youtube.com/watch?v=IXNjtvcvzL4
UCwm2tuDiDGGuULDIx18hEWQ,WildVerse,2025-07-18,30800,wildlife_documentaries,23,wildlife_documentaries,channel_latest,kEA7SyXEEp4,Win or Die (Full Episode) | Dangerous Predators of Animal Kingdom | Nature Animal Documentary,20000,1 month ago,30,10608,https://www.youtube.com/watch?v=kEA7SyXEEp4
UCwm2tuDiDGGuULDIx18hEWQ,WildVerse,2025-07-18,30800,wildlife_documentaries,24,wildlife_documentaries,channel_latest,jmatZE2bIAc,African Savannah | Deadliest Battles for Survival | Nature Animal Documentary,20000,1 month ago,30,13336,https://www.youtube.com/watch?v=jmatZE2bIAc
UCwm2tuDiDGGuULDIx18hEWQ,WildVerse,2025-07-18,30800,wildlife_documentaries,25,wildlife_documentaries,channel_latest,GaBU0mzkk-c,The Fight for Survival | FULL EPISODE | Nature Animal Documentary,15000,1 month ago,30,12827,https://www.youtube.com/watch?v=GaBU0mzkk-c
UCwm2tuDiDGGuULDIx18hEWQ,WildVerse,2025-07-18,30800,wildlife_documentaries,26,wildlife_documentaries,channel_latest,Ail-rz0jh3s,Greatest Fights In The Animal Kingdom | FULL EPISODE | Nature Animal Documentary,13000,2 months ago,60,7917,https://www.youtube.com/watch?v=Ail-rz0jh3s
UCwm2tuDiDGGuULDIx18hEWQ,WildVerse,2025-07-18,30800,wildlife_documentaries,27,wildlife_documentaries,channel_latest,tu9B0kD-QaI,Nature's Most Extraordinary Moments | FULL EPISODE | Nature Animal Documentary,75000,2 months ago,60,13635,https://www.youtube.com/watch?v=tu9B0kD-QaI
UCwm2tuDiDGGuULDIx18hEWQ,WildVerse,2025-07-18,30800,wildlife_documentaries,28,wildlife_documentaries,channel_latest,f3WJfWEIG6c,Lion's Deadliest FULL EPISODE | No Mercy in the Wild | Wildlife Documentary,441000,2 months ago,60,7110,https://www.youtube.com/watch?v=f3WJfWEIG6c
UCwm2tuDiDGGuULDIx18hEWQ,WildVerse,2025-07-18,30800,wildlife_documentaries,29,wildlife_documentaries,channel_latest,T9fd7bPYWZ4,Win or Die (Full Episode) | Savage Kingdom | Nature Animal Documentary,187000,2 months ago,60,7358,https://www.youtube.com/watch?v=T9fd7bPYWZ4
UCwm2tuDiDGGuULDIx18hEWQ,WildVerse,2025-07-18,30800,wildlife_documentaries,30,wildlife_documentaries,channel_latest,RuSKXLMu0yI,WILD SAVANNAH | Battle for Survival in Predator Territory | Nature Animal Documentary,3100,2 months ago,60,8061,https://www.youtube.com/watch?v=RuSKXLMu0yI
UCrNfRFWnLC3tCy1TnyhVQ7g,Casual Finance,2025-07-16,336000,crime_scams_mystery|technology_ai,1,crime_scams_mystery|technology_ai,channel_latest,OC1yu0L7jT4,The $67 Billion Truth Behind Why We Actually Bailed Out Japan,653000,6 days ago,6,881,https://www.youtube.com/watch?v=OC1yu0L7jT4
UCrNfRFWnLC3tCy1TnyhVQ7g,Casual Finance,2025-07-16,336000,crime_scams_mystery|technology_ai,2,crime_scams_mystery|technology_ai,channel_latest,CxclJzssUoc,"it’s boring, but it’s what bursts the ai bubble",378000,2 weeks ago,14,1078,https://www.youtube.com/watch?v=CxclJzssUoc
UCrNfRFWnLC3tCy1TnyhVQ7g,Casual Finance,2025-07-16,336000,crime_scams_mystery|technology_ai,3,crime_scams_mystery|technology_ai,channel_latest,HXlcMbxzz0U,The AI Bubble Survives on $1.65 Trillion in Hidden Debt,422000,3 weeks ago,21,895,https://www.youtube.com/watch?v=HXlcMbxzz0U
UCrNfRFWnLC3tCy1TnyhVQ7g,Casual Finance,2025-07-16,336000,crime_scams_mystery|technology_ai,4,crime_scams_mystery|technology_ai,channel_latest,kW48sP3rb2o,The Inflation Problem... It's Worse Than You Think,303000,4 weeks ago,28,1012,https://www.youtube.com/watch?v=kW48sP3rb2o
UCrNfRFWnLC3tCy1TnyhVQ7g,Casual Finance,2025-07-16,336000,crime_scams_mystery|technology_ai,5,crime_scams_mystery|technology_ai,channel_latest,JZDpLZG2r6Y,The World's Smartest People Are Sprinting for the Same Exit,514000,1 month ago,30,907,https://www.youtube.com/watch?v=JZDpLZG2r6Y
UCrNfRFWnLC3tCy1TnyhVQ7g,Casual Finance,2025-07-16,336000,crime_scams_mystery|technology_ai,6,crime_scams_mystery|technology_ai,channel_latest,2J2Fb1bBufA,The AI Bubble… We Need to Talk,496000,1 month ago,30,1083,https://www.youtube.com/watch?v=2J2Fb1bBufA
UCrNfRFWnLC3tCy1TnyhVQ7g,Casual Finance,2025-07-16,336000,crime_scams_mystery|technology_ai,7,crime_scams_mystery|technology_ai,channel_latest,-RMZszjZSNE,The Economy's Booming… Just Not For Everyone,181000,2 months ago,60,765,https://www.youtube.com/watch?v=-RMZszjZSNE
UCrNfRFWnLC3tCy1TnyhVQ7g,Casual Finance,2025-07-16,336000,crime_scams_mystery|technology_ai,8,crime_scams_mystery|technology_ai,channel_latest,YEhsWyY_WKQ,The $2.5 Trillion Credit Wave Nobody Sees Coming,675000,2 months ago,60,1055,https://www.youtube.com/watch?v=YEhsWyY_WKQ
UCrNfRFWnLC3tCy1TnyhVQ7g,Casual Finance,2025-07-16,336000,crime_scams_mystery|technology_ai,9,crime_scams_mystery|technology_ai,channel_latest,-X6YzlY_8tM,The SpaceX IPO... It's Worse Than You Think,1700000,3 months ago,90,893,https://www.youtube.com/watch?v=-X6YzlY_8tM
UCrNfRFWnLC3tCy1TnyhVQ7g,Casual Finance,2025-07-16,336000,crime_scams_mystery|technology_ai,10,crime_scams_mystery|technology_ai,channel_latest,WCS1bK3KB3U,if war bad... why stocks go up?,768000,3 months ago,90,610,https://www.youtube.com/watch?v=WCS1bK3KB3U
UCrNfRFWnLC3tCy1TnyhVQ7g,Casual Finance,2025-07-16,336000,crime_scams_mystery|technology_ai,11,crime_scams_mystery|technology_ai,channel_latest,gG239LrksH4,Why the Era of US Dominance is (Mathematically) Over,260000,4 months ago,120,705,https://www.youtube.com/watch?v=gG239LrksH4
UCrNfRFWnLC3tCy1TnyhVQ7g,Casual Finance,2025-07-16,336000,crime_scams_mystery|technology_ai,12,crime_scams_mystery|technology_ai,channel_latest,yViMyIVOHkQ,The Recession's Already Here… Open Your Eyes,470000,4 months ago,120,515,https://www.youtube.com/watch?v=yViMyIVOHkQ
UCrNfRFWnLC3tCy1TnyhVQ7g,Casual Finance,2025-07-16,336000,crime_scams_mystery|technology_ai,13,crime_scams_mystery|technology_ai,channel_latest,Xkk9GnnJHBg,Why the Oil Crisis Is (Secretly) Good...,131000,4 months ago,120,521,https://www.youtube.com/watch?v=Xkk9GnnJHBg
UCrNfRFWnLC3tCy1TnyhVQ7g,Casual Finance,2025-07-16,336000,crime_scams_mystery|technology_ai,14,crime_scams_mystery|technology_ai,channel_latest,dPoDyl9Ys38,Bitcoin Is a Brilliant Scam and I Can Prove It (Again),349000,5 months ago,150,595,https://www.youtube.com/watch?v=dPoDyl9Ys38
UCrNfRFWnLC3tCy1TnyhVQ7g,Casual Finance,2025-07-16,336000,crime_scams_mystery|technology_ai,15,crime_scams_mystery|technology_ai,channel_latest,5umJ63d3rzQ,Brace For Impact.,2000000,5 months ago,150,753,https://www.youtube.com/watch?v=5umJ63d3rzQ
UCrNfRFWnLC3tCy1TnyhVQ7g,Casual Finance,2025-07-16,336000,crime_scams_mystery|technology_ai,16,crime_scams_mystery|technology_ai,channel_latest,KTnp2OlQJHA,this is not financial advice... it's AI,134000,6 months ago,180,634,https://www.youtube.com/watch?v=KTnp2OlQJHA
UCrNfRFWnLC3tCy1TnyhVQ7g,Casual Finance,2025-07-16,336000,crime_scams_mystery|technology_ai,17,crime_scams_mystery|technology_ai,channel_latest,RXFBHYxyqdk,The Stock Market is BROKEN (just accept it),112000,6 months ago,180,541,https://www.youtube.com/watch?v=RXFBHYxyqdk
UCrNfRFWnLC3tCy1TnyhVQ7g,Casual Finance,2025-07-16,336000,crime_scams_mystery|technology_ai,18,crime_scams_mystery|technology_ai,channel_latest,965yZYhY_f4,The $12 Billion Trading Scam That Only Works If You Fail,87000,6 months ago,180,555,https://www.youtube.com/watch?v=965yZYhY_f4
UCrNfRFWnLC3tCy1TnyhVQ7g,Casual Finance,2025-07-16,336000,crime_scams_mystery|technology_ai,19,crime_scams_mystery|technology_ai,channel_latest,Im-N3K9Pnf0,Something Feels Off About 2026...,560000,7 months ago,210,683,https://www.youtube.com/watch?v=Im-N3K9Pnf0
UCrNfRFWnLC3tCy1TnyhVQ7g,Casual Finance,2025-07-16,336000,crime_scams_mystery|technology_ai,20,crime_scams_mystery|technology_ai,channel_latest,eePIUX0Sd6c,WTF Is Happening To Gold?!,388000,7 months ago,210,489,https://www.youtube.com/watch?v=eePIUX0Sd6c
UCrNfRFWnLC3tCy1TnyhVQ7g,Casual Finance,2025-07-16,336000,crime_scams_mystery|technology_ai,21,crime_scams_mystery|technology_ai,channel_latest,IcxhABuHITM,The (Inevitable) United States Debt Crisis,70000,8 months ago,240,789,https://www.youtube.com/watch?v=IcxhABuHITM
UCrNfRFWnLC3tCy1TnyhVQ7g,Casual Finance,2025-07-16,336000,crime_scams_mystery|technology_ai,22,crime_scams_mystery|technology_ai,channel_latest,7K991LgY3tc,America Is Quietly Drowning in Debt,112000,9 months ago,270,606,https://www.youtube.com/watch?v=7K991LgY3tc
UCrNfRFWnLC3tCy1TnyhVQ7g,Casual Finance,2025-07-16,336000,crime_scams_mystery|technology_ai,23,crime_scams_mystery|technology_ai,channel_latest,hbsYaLaN_F8,Crypto Is a Brilliant Scam and I Can Prove It,565000,9 months ago,270,561,https://www.youtube.com/watch?v=hbsYaLaN_F8
UCrNfRFWnLC3tCy1TnyhVQ7g,Casual Finance,2025-07-16,336000,crime_scams_mystery|technology_ai,24,crime_scams_mystery|technology_ai,channel_latest,7uu6qaCGZsY,Private Credit: The Secret Industry Taking Over Wall Street,44000,10 months ago,300,492,https://www.youtube.com/watch?v=7uu6qaCGZsY
UCrNfRFWnLC3tCy1TnyhVQ7g,Casual Finance,2025-07-16,336000,crime_scams_mystery|technology_ai,25,crime_scams_mystery|technology_ai,channel_latest,DKyJABtbF2o,The 1973 Stock Market Crash that Nobody Remembers,1200000,10 months ago,300,530,https://www.youtube.com/watch?v=DKyJABtbF2o
UCrNfRFWnLC3tCy1TnyhVQ7g,Casual Finance,2025-07-16,336000,crime_scams_mystery|technology_ai,26,crime_scams_mystery|technology_ai,channel_latest,kwMHrTFCWUE,Every Type of Investor Explained in 6 Minutes,187000,11 months ago,330,374,https://www.youtube.com/watch?v=kwMHrTFCWUE
UCrNfRFWnLC3tCy1TnyhVQ7g,Casual Finance,2025-07-16,336000,crime_scams_mystery|technology_ai,27,crime_scams_mystery|technology_ai,channel_latest,dlBhLhn8lL0,MicroStrategy: The Crypto Scam Hiding in Plain Sight,47000,1 year ago,365,408,https://www.youtube.com/watch?v=dlBhLhn8lL0
UCrNfRFWnLC3tCy1TnyhVQ7g,Casual Finance,2025-07-16,336000,crime_scams_mystery|technology_ai,28,crime_scams_mystery|technology_ai,channel_latest,o3FQcd91MIs,Why The Dumbest Investors Win (it's not why you think),226000,1 year ago,365,278,https://www.youtube.com/watch?v=o3FQcd91MIs
UCNZegH5HQPx_chNsPqJw1Rw,Sleepy Science Channel,2025-07-09,329000,nature_animals|practical_lifestyle|psychology_society|science_engineering,1,nature_animals|practical_lifestyle|psychology_society|science_engineering,channel_latest,ABLpRB9Rb_U,Hidden Planets | 100 Amazing Facts to Fall Asleep To,14000,21 hours ago,0,10071,https://www.youtube.com/watch?v=ABLpRB9Rb_U
UCNZegH5HQPx_chNsPqJw1Rw,Sleepy Science Channel,2025-07-09,329000,nature_animals|practical_lifestyle|psychology_society|science_engineering,2,nature_animals|practical_lifestyle|psychology_society|science_engineering,channel_latest,LUoetKUMoOA,The Most Relaxing Facts About Ferns to Fall Asleep To — No Adverts,8700,2 days ago,2,8701,https://www.youtube.com/watch?v=LUoetKUMoOA
UCNZegH5HQPx_chNsPqJw1Rw,Sleepy Science Channel,2025-07-09,329000,nature_animals|practical_lifestyle|psychology_society|science_engineering,3,nature_animals|practical_lifestyle|psychology_society|science_engineering,channel_latest,ANJzPJlNilk,Antioxidants — Fascinating Facts to Fall Asleep To — No Adverts,11000,4 days ago,4,8781,https://www.youtube.com/watch?v=ANJzPJlNilk
UCNZegH5HQPx_chNsPqJw1Rw,Sleepy Science Channel,2025-07-09,329000,nature_animals|practical_lifestyle|psychology_society|science_engineering,4,nature_animals|practical_lifestyle|psychology_society|science_engineering,channel_latest,vV9ZEHwgVW0,The Weird World of Cult Psychology | 100 Facts to Fall Asleep To,7200,6 days ago,6,8141,https://www.youtube.com/watch?v=vV9ZEHwgVW0
UCNZegH5HQPx_chNsPqJw1Rw,Sleepy Science Channel,2025-07-09,329000,nature_animals|practical_lifestyle|psychology_society|science_engineering,5,nature_animals|practical_lifestyle|psychology_society|science_engineering,channel_latest,9GINpAPAFrM,100 Rarest Things in The Universe | Fall Asleep To Astrology,45000,7 days ago,7,10394,https://www.youtube.com/watch?v=9GINpAPAFrM
UCNZegH5HQPx_chNsPqJw1Rw,Sleepy Science Channel,2025-07-09,329000,nature_animals|practical_lifestyle|psychology_society|science_engineering,6,nature_animals|practical_lifestyle|psychology_society|science_engineering,channel_latest,RlMd8eJXMd4,The Most Relaxing Facts About Shells to Fall asleep To — No Adverts,13000,9 days ago,9,8758,https://www.youtube.com/watch?v=RlMd8eJXMd4
UCNZegH5HQPx_chNsPqJw1Rw,Sleepy Science Channel,2025-07-09,329000,nature_animals|practical_lifestyle|psychology_society|science_engineering,7,nature_animals|practical_lifestyle|psychology_society|science_engineering,channel_latest,7507Hn0HusA,The Most Relaxing Facts About the Ice Age to Fall Asleep To — No Adverts,42000,11 days ago,11,8301,https://www.youtube.com/watch?v=7507Hn0HusA
UCNZegH5HQPx_chNsPqJw1Rw,Sleepy Science Channel,2025-07-09,329000,nature_animals|practical_lifestyle|psychology_society|science_engineering,8,nature_animals|practical_lifestyle|psychology_society|science_engineering,channel_latest,BA59TWIMNG4,Extreme Cosmic Events | 100 Facts to Fall Asleep To,49000,13 days ago,13,9902,https://www.youtube.com/watch?v=BA59TWIMNG4
UCNZegH5HQPx_chNsPqJw1Rw,Sleepy Science Channel,2025-07-09,329000,nature_animals|practical_lifestyle|psychology_society|science_engineering,9,nature_animals|practical_lifestyle|psychology_society|science_engineering,channel_latest,SGBevSsX1Rc,The Secret Lives of Trees | 100 Facts to Fall Asleep To,14000,2 weeks ago,14,7721,https://www.youtube.com/watch?v=SGBevSsX1Rc
UCNZegH5HQPx_chNsPqJw1Rw,Sleepy Science Channel,2025-07-09,329000,nature_animals|practical_lifestyle|psychology_society|science_engineering,10,nature_animals|practical_lifestyle|psychology_society|science_engineering,channel_latest,36MjxtVza6k,Fall Asleep to 100 Dreamy Facts About Kittens | No Adverts,9400,2 weeks ago,14,8481,https://www.youtube.com/watch?v=36MjxtVza6k
UCNZegH5HQPx_chNsPqJw1Rw,Sleepy Science Channel,2025-07-09,329000,nature_animals|practical_lifestyle|psychology_society|science_engineering,11,nature_animals|practical_lifestyle|psychology_society|science_engineering,channel_latest,b0SyFljyRgk,The Most Relaxing Facts About Life in The Forest to Fall Asleep To,27000,2 weeks ago,14,8581,https://www.youtube.com/watch?v=b0SyFljyRgk
UCNZegH5HQPx_chNsPqJw1Rw,Sleepy Science Channel,2025-07-09,329000,nature_animals|practical_lifestyle|psychology_society|science_engineering,12,nature_animals|practical_lifestyle|psychology_society|science_engineering,channel_latest,9f58qbotu4Q,Holistic Medicine | 100 Amazing Facts to Fall asleep To,23000,2 weeks ago,14,8221,https://www.youtube.com/watch?v=9f58qbotu4Q
UCNZegH5HQPx_chNsPqJw1Rw,Sleepy Science Channel,2025-07-09,329000,nature_animals|practical_lifestyle|psychology_society|science_engineering,13,nature_animals|practical_lifestyle|psychology_society|science_engineering,channel_latest,NZqCtk0RIOo,Ancient Astronomy | 100 Amazing Facts to Fall Asleep To,27000,3 weeks ago,21,8821,https://www.youtube.com/watch?v=NZqCtk0RIOo
UCNZegH5HQPx_chNsPqJw1Rw,Sleepy Science Channel,2025-07-09,329000,nature_animals|practical_lifestyle|psychology_society|science_engineering,14,nature_animals|practical_lifestyle|psychology_society|science_engineering,channel_latest,_Um_GFFEDsg,Life on Mars | 100 Fascinating Facts to Fall Asleep To,23000,3 weeks ago,21,8041,https://www.youtube.com/watch?v=_Um_GFFEDsg
UCNZegH5HQPx_chNsPqJw1Rw,Sleepy Science Channel,2025-07-09,329000,nature_animals|practical_lifestyle|psychology_society|science_engineering,15,nature_animals|practical_lifestyle|psychology_society|science_engineering,channel_latest,KkrsU2tLM4M,100 Dreamy Facts About Pheromones to Fall Asleep To,9700,3 weeks ago,21,8221,https://www.youtube.com/watch?v=KkrsU2tLM4M
UCNZegH5HQPx_chNsPqJw1Rw,Sleepy Science Channel,2025-07-09,329000,nature_animals|practical_lifestyle|psychology_society|science_engineering,16,nature_animals|practical_lifestyle|psychology_society|science_engineering,channel_latest,8OZgkad7LuQ,The Most Relaxing Facts About Puppies to Fall Asleep To — No Adverts,9000,3 weeks ago,21,8341,https://www.youtube.com/watch?v=8OZgkad7LuQ
UCNZegH5HQPx_chNsPqJw1Rw,Sleepy Science Channel,2025-07-09,329000,nature_animals|practical_lifestyle|psychology_society|science_engineering,17,nature_animals|practical_lifestyle|psychology_society|science_engineering,channel_latest,JMeyVZrtXIY,The Most Relaxing Facts About Comets to Fall asleep To,18000,3 weeks ago,21,7101,https://www.youtube.com/watch?v=JMeyVZrtXIY
UCNZegH5HQPx_chNsPqJw1Rw,Sleepy Science Channel,2025-07-09,329000,nature_animals|practical_lifestyle|psychology_society|science_engineering,18,nature_animals|practical_lifestyle|psychology_society|science_engineering,channel_latest,GKmh8jowr1U,The Most Relaxing Astrophysics Facts to Fall Asleep To,66000,4 weeks ago,28,8421,https://www.youtube.com/watch?v=GKmh8jowr1U
UCNZegH5HQPx_chNsPqJw1Rw,Sleepy Science Channel,2025-07-09,329000,nature_animals|practical_lifestyle|psychology_society|science_engineering,19,nature_animals|practical_lifestyle|psychology_society|science_engineering,channel_latest,x1VvxIgzvuA,The Most Relaxing Facts About Spiders to Fall Asleep To — No Adverts,11000,4 weeks ago,28,8341,https://www.youtube.com/watch?v=x1VvxIgzvuA
UCNZegH5HQPx_chNsPqJw1Rw,Sleepy Science Channel,2025-07-09,329000,nature_animals|practical_lifestyle|psychology_society|science_engineering,20,nature_animals|practical_lifestyle|psychology_society|science_engineering,channel_latest,LsZuKGHPe2w,The Most Relaxing Facts About Atomic Physics to Fall Asleep To,22000,1 month ago,30,8681,https://www.youtube.com/watch?v=LsZuKGHPe2w
UCNZegH5HQPx_chNsPqJw1Rw,Sleepy Science Channel,2025-07-09,329000,nature_animals|practical_lifestyle|psychology_society|science_engineering,21,nature_animals|practical_lifestyle|psychology_society|science_engineering,channel_latest,GM92H-uubP8,The Giant Squid | 100 Facts to Fall Asleep To | No Adverts,19000,1 month ago,30,7721,https://www.youtube.com/watch?v=GM92H-uubP8
UCNZegH5HQPx_chNsPqJw1Rw,Sleepy Science Channel,2025-07-09,329000,nature_animals|practical_lifestyle|psychology_society|science_engineering,22,nature_animals|practical_lifestyle|psychology_society|science_engineering,channel_latest,UVRof-dSGEc,How Minds Evolved | 100 Facts to Fall Asleep To | No Adverts,18000,1 month ago,30,8901,https://www.youtube.com/watch?v=UVRof-dSGEc
UCNZegH5HQPx_chNsPqJw1Rw,Sleepy Science Channel,2025-07-09,329000,nature_animals|practical_lifestyle|psychology_society|science_engineering,23,nature_animals|practical_lifestyle|psychology_society|science_engineering,channel_latest,04jMyv9WDNs,Outer space | 100 Facts for Deep Sleep & Relaxation,64000,1 month ago,30,7441,https://www.youtube.com/watch?v=04jMyv9WDNs
UCNZegH5HQPx_chNsPqJw1Rw,Sleepy Science Channel,2025-07-09,329000,nature_animals|practical_lifestyle|psychology_society|science_engineering,24,nature_animals|practical_lifestyle|psychology_society|science_engineering,channel_latest,-aJ8qImUza4,The Most Relaxing Facts About Lava to Fall Asleep To — No Adverts,13000,1 month ago,30,8501,https://www.youtube.com/watch?v=-aJ8qImUza4
UCNZegH5HQPx_chNsPqJw1Rw,Sleepy Science Channel,2025-07-09,329000,nature_animals|practical_lifestyle|psychology_society|science_engineering,25,nature_animals|practical_lifestyle|psychology_society|science_engineering,channel_latest,2O4TVduETUQ,The Dreamy World of Butterflies | 100 Facts to Fall Asleep To,22000,1 month ago,30,7681,https://www.youtube.com/watch?v=2O4TVduETUQ
UCNZegH5HQPx_chNsPqJw1Rw,Sleepy Science Channel,2025-07-09,329000,nature_animals|practical_lifestyle|psychology_society|science_engineering,26,nature_animals|practical_lifestyle|psychology_society|science_engineering,channel_latest,Aj9JFwrBsNM,The Hidden World of Animal Intelligence — 100 Facts to Fall Asleep To,25000,1 month ago,30,8041,https://www.youtube.com/watch?v=Aj9JFwrBsNM
UCNZegH5HQPx_chNsPqJw1Rw,Sleepy Science Channel,2025-07-09,329000,nature_animals|practical_lifestyle|psychology_society|science_engineering,27,nature_animals|practical_lifestyle|psychology_society|science_engineering,channel_latest,87IJ7fjj8HQ,Natural Healing Facts to Fall Asleep To — No Adverts,31000,1 month ago,30,8321,https://www.youtube.com/watch?v=87IJ7fjj8HQ
UCNZegH5HQPx_chNsPqJw1Rw,Sleepy Science Channel,2025-07-09,329000,nature_animals|practical_lifestyle|psychology_society|science_engineering,28,nature_animals|practical_lifestyle|psychology_society|science_engineering,channel_latest,98Tw8YrA9l8,100 Weirdest Planets in The Universe — No Adverts,112000,1 month ago,30,8341,https://www.youtube.com/watch?v=98Tw8YrA9l8
UCNZegH5HQPx_chNsPqJw1Rw,Sleepy Science Channel,2025-07-09,329000,nature_animals|practical_lifestyle|psychology_society|science_engineering,29,nature_animals|practical_lifestyle|psychology_society|science_engineering,channel_latest,21V6GK6xCJw,The Most Relaxing Bison Facts to Fall Asleep To — No Adverts,6900,1 month ago,30,8241,https://www.youtube.com/watch?v=21V6GK6xCJw
UCNZegH5HQPx_chNsPqJw1Rw,Sleepy Science Channel,2025-07-09,329000,nature_animals|practical_lifestyle|psychology_society|science_engineering,30,nature_animals|practical_lifestyle|psychology_society|science_engineering,channel_latest,6nPbIY2-qJM,The Most Relaxing Tsunami Facts to Fall Asleep To — No Adverts,18000,1 month ago,30,8701,https://www.youtube.com/watch?v=6nPbIY2-qJM
UCxsXn1oYJcddzSJ83NIZTPw,Human Survival Files ,2025-07-07,931,nature_animals,1,nature_animals,channel_latest,osgvUaRX_Mw,Trapped in Leningrad for 872 Days — How 2.5 Million Civilians Survived Starvation,76,2 months ago,60,1258,https://www.youtube.com/watch?v=osgvUaRX_Mw
UCxsXn1oYJcddzSJ83NIZTPw,Human Survival Files ,2025-07-07,931,nature_animals,2,nature_animals,channel_latest,BTJ0Ch4TF6M,Shipwrecked on a Sandbank Smaller Than a Football Field — Alone for 8 Years,3300,2 months ago,60,888,https://www.youtube.com/watch?v=BTJ0Ch4TF6M
UCxsXn1oYJcddzSJ83NIZTPw,Human Survival Files ,2025-07-07,931,nature_animals,3,nature_animals,channel_latest,-B3hpQKEl4c,He Walked Into The Alaskan Wilderness Alone — And Never Came Back,496,3 months ago,90,1041,https://www.youtube.com/watch?v=-B3hpQKEl4c
UCxsXn1oYJcddzSJ83NIZTPw,Human Survival Files ,2025-07-07,931,nature_animals,4,nature_animals,channel_latest,bUU3_Ew_qaM,"How a Man Survived 3 days Trapped at the Bottom of the Ocean, Harrison Okene Survival Story",292,3 months ago,90,830,https://www.youtube.com/watch?v=bUU3_Ew_qaM
UCxsXn1oYJcddzSJ83NIZTPw,Human Survival Files ,2025-07-07,931,nature_animals,5,nature_animals,channel_latest,Dd82uWP-xKo,He Went In Headfirst. The Cave Never Let Him Out. The Nutty Putty Tragedy,112,3 months ago,90,1690,https://www.youtube.com/watch?v=Dd82uWP-xKo
UCxsXn1oYJcddzSJ83NIZTPw,Human Survival Files ,2025-07-07,931,nature_animals,6,nature_animals,channel_latest,4ZSTV2W18ac,Leningrad Siege Survivors (1941–44) — Civilians survived starvation for 872 days.,72,4 months ago,120,1149,https://www.youtube.com/watch?v=4ZSTV2W18ac
UCxsXn1oYJcddzSJ83NIZTPw,Human Survival Files ,2025-07-07,931,nature_animals,7,nature_animals,channel_latest,Q9dP61F2v84,"After a Whale Sank Their Ship, Three Men Chose an Island That Had Already Killed Others",21000,4 months ago,120,1061,https://www.youtube.com/watch?v=Q9dP61F2v84
UCxsXn1oYJcddzSJ83NIZTPw,Human Survival Files ,2025-07-07,931,nature_animals,8,nature_animals,channel_latest,vJUbDokU7o4,"Stranded on the Bounty Islands, Sailors Endured Weeks of Storms and Starvation",451,4 months ago,120,835,https://www.youtube.com/watch?v=vJUbDokU7o4
UCxsXn1oYJcddzSJ83NIZTPw,Human Survival Files ,2025-07-07,931,nature_animals,9,nature_animals,channel_latest,10pjusZ5HFM,"Isolated for 60,000 Years on North Sentinel Island, Cut Off From the World",542,4 months ago,120,1179,https://www.youtube.com/watch?v=10pjusZ5HFM
UCxsXn1oYJcddzSJ83NIZTPw,Human Survival Files ,2025-07-07,931,nature_animals,10,nature_animals,channel_latest,LBD6iGmhpso,Trapped in Arctic Ice for Years — How the Franklin Expedition Ended in Starvation,218,4 months ago,120,1281,https://www.youtube.com/watch?v=LBD6iGmhpso
UCxsXn1oYJcddzSJ83NIZTPw,Human Survival Files ,2025-07-07,931,nature_animals,11,nature_animals,channel_latest,JOkDW1RvLk0,"Stranded After the 1790 Mutiny, Nine Men Hid on Pitcairn Island",1100,5 months ago,150,1335,https://www.youtube.com/watch?v=JOkDW1RvLk0
UCxsXn1oYJcddzSJ83NIZTPw,Human Survival Files ,2025-07-07,931,nature_animals,12,nature_animals,channel_latest,Ks7b9fuLzQc,The Girl Who Fell From the Sky — And Woke Up Alone in the Jungle,905,5 months ago,150,1513,https://www.youtube.com/watch?v=Ks7b9fuLzQc
UCxsXn1oYJcddzSJ83NIZTPw,Human Survival Files ,2025-07-07,931,nature_animals,13,nature_animals,channel_latest,giisO8W7SzI,Abandoned on an Island for 4 Years — The True Survival Story of Alexander Selkirk,234000,5 months ago,150,1489,https://www.youtube.com/watch?v=giisO8W7SzI
UCxsXn1oYJcddzSJ83NIZTPw,Human Survival Files ,2025-07-07,931,nature_animals,14,nature_animals,channel_latest,0Wc0cwm06Mo,Alone in the Alaskan Wild for 30 Years,2500,5 months ago,150,1202,https://www.youtube.com/watch?v=0Wc0cwm06Mo
UCxsXn1oYJcddzSJ83NIZTPw,Human Survival Files ,2025-07-07,931,nature_animals,15,nature_animals,channel_latest,YddagLdPKRM,The Sole Survivor: 11 Days Lost in the Amazon After Flight 508,326,5 months ago,150,1185,https://www.youtube.com/watch?v=YddagLdPKRM
UCxsXn1oYJcddzSJ83NIZTPw,Human Survival Files ,2025-07-07,931,nature_animals,16,nature_animals,channel_latest,iTB1o-aJvMw,Abandoned at St. Crispin Reef — The Disappearance of Tom and Eileen Lonergan,133,6 months ago,180,1369,https://www.youtube.com/watch?v=iTB1o-aJvMw
UCxsXn1oYJcddzSJ83NIZTPw,Human Survival Files ,2025-07-07,931,nature_animals,17,nature_animals,channel_latest,bhxRYrggIkU,Stranded 117 Days at Sea After a Storm Destroyed Their Boat,5000,6 months ago,180,1261,https://www.youtube.com/watch?v=bhxRYrggIkU
UCxsXn1oYJcddzSJ83NIZTPw,Human Survival Files ,2025-07-07,931,nature_animals,18,nature_animals,channel_latest,_Oq6HLgcG54,"Lost for 71 Days, Surviving the Outback on Insects",4100,6 months ago,180,1885,https://www.youtube.com/watch?v=_Oq6HLgcG54
UCxsXn1oYJcddzSJ83NIZTPw,Human Survival Files ,2025-07-07,931,nature_animals,19,nature_animals,channel_latest,9UlBZpKfGvk,Trapped Underground for 69 Days After a Mine Collapse,116,6 months ago,180,1530,https://www.youtube.com/watch?v=9UlBZpKfGvk
UCxsXn1oYJcddzSJ83NIZTPw,Human Survival Files ,2025-07-07,931,nature_animals,20,nature_animals,channel_latest,nNixuLXwonc,"In 2018, a Youth Team Remained Hidden Below Ground for Weeks",137,6 months ago,180,1346,https://www.youtube.com/watch?v=nNixuLXwonc
UCxsXn1oYJcddzSJ83NIZTPw,Human Survival Files ,2025-07-07,931,nature_animals,21,nature_animals,channel_latest,Vy1c0IpaeiY,Abandoned on a barren island after a forgotten 1761 shipwreck,754,6 months ago,180,1143,https://www.youtube.com/watch?v=Vy1c0IpaeiY
UCxsXn1oYJcddzSJ83NIZTPw,Human Survival Files ,2025-07-07,931,nature_animals,22,nature_animals,channel_latest,5kY3twlCzeU,"Alone on a Raft, Poon Lim Survived 133 Days at Sea",4700,6 months ago,180,1189,https://www.youtube.com/watch?v=5kY3twlCzeU
UCxsXn1oYJcddzSJ83NIZTPw,Human Survival Files ,2025-07-07,931,nature_animals,23,nature_animals,channel_latest,kDKXiaRw42A,Lost for 72 Days After a Plane Crashed in the Andes,446,6 months ago,180,1476,https://www.youtube.com/watch?v=kDKXiaRw42A
UCxsXn1oYJcddzSJ83NIZTPw,Human Survival Files ,2025-07-07,931,nature_animals,24,nature_animals,channel_latest,QFB8Y72RFOc,A fishing trip ends with 438 days alone on open water,608,6 months ago,180,1048,https://www.youtube.com/watch?v=QFB8Y72RFOc
UCiaQXTGzrFfBCppui4rPDIg,Avoid Flight Bans,2025-07-06,67700,geography_logistics,1,geography_logistics,channel_latest,SICJdzq6Snw,8 Airline Rule Changes Most Travelers Still Don’t Know About,71,2 hours ago,0,766,https://www.youtube.com/watch?v=SICJdzq6Snw
UCiaQXTGzrFfBCppui4rPDIg,Avoid Flight Bans,2025-07-06,67700,geography_logistics,2,geography_logistics,channel_latest,N6VT2JDEpI0,9 Long-Haul Flight Rules Travelers Over 65 MUST Know (Don’t Make This Mistake!),1000,2 days ago,2,840,https://www.youtube.com/watch?v=N6VT2JDEpI0
UCiaQXTGzrFfBCppui4rPDIg,Avoid Flight Bans,2025-07-06,67700,geography_logistics,3,geography_logistics,channel_latest,8ZHU-pQE3p0,Over 65? Don’t Go Through Airport Security Until You Know These Rules,2000,4 days ago,4,740,https://www.youtube.com/watch?v=8ZHU-pQE3p0
UCiaQXTGzrFfBCppui4rPDIg,Avoid Flight Bans,2025-07-06,67700,geography_logistics,4,geography_logistics,channel_latest,rD4wUuw3_g0,Flying After 60? The Business Class Upgrade Secret Airlines Don't Want You to Know,1700,6 days ago,6,867,https://www.youtube.com/watch?v=rD4wUuw3_g0
UCiaQXTGzrFfBCppui4rPDIg,Avoid Flight Bans,2025-07-06,67700,geography_logistics,5,geography_logistics,channel_latest,JGeA2GEElpw,ETIAS Just Got Delayed: Don't Book Your Tickets Until You See This Information,260,9 days ago,9,773,https://www.youtube.com/watch?v=JGeA2GEElpw
UCiaQXTGzrFfBCppui4rPDIg,Avoid Flight Bans,2025-07-06,67700,geography_logistics,6,geography_logistics,channel_latest,JFd_6g7Bsjs,NEVER Do These Things After a Long Flight — They Make Jet Lag Worse,354,10 days ago,10,719,https://www.youtube.com/watch?v=JFd_6g7Bsjs
UCiaQXTGzrFfBCppui4rPDIg,Avoid Flight Bans,2025-07-06,67700,geography_logistics,7,geography_logistics,channel_latest,tbM07sfHyBo,Your Medication Won’t Make It Through Airport Security Unless You Do This,579,12 days ago,12,1051,https://www.youtube.com/watch?v=tbM07sfHyBo
UCiaQXTGzrFfBCppui4rPDIg,Avoid Flight Bans,2025-07-06,67700,geography_logistics,8,geography_logistics,channel_latest,y1U0qdLDTzE,12 Airport Secrets Airlines Use To Trick Passengers (FALL 2026 Update),1800,2 weeks ago,14,1055,https://www.youtube.com/watch?v=y1U0qdLDTzE
UCiaQXTGzrFfBCppui4rPDIg,Avoid Flight Bans,2025-07-06,67700,geography_logistics,9,geography_logistics,channel_latest,0mmyOxxM-wg,How Thieves Choose Their Targets on Planes (Don’t Make This Mistake!),744,2 weeks ago,14,773,https://www.youtube.com/watch?v=0mmyOxxM-wg
UCiaQXTGzrFfBCppui4rPDIg,Avoid Flight Bans,2025-07-06,67700,geography_logistics,10,geography_logistics,channel_latest,0EH9EcZqHwA,You Should NEVER Make These Airport Mistakes (#2 Could Get You Arrested),1200,2 weeks ago,14,1040,https://www.youtube.com/watch?v=0EH9EcZqHwA
UCiaQXTGzrFfBCppui4rPDIg,Avoid Flight Bans,2025-07-06,67700,geography_logistics,11,geography_logistics,channel_latest,F5MtYHv-9-Y,NEW Airport Rules in 2026 You MUST Know Before Your Next Flight,555,2 weeks ago,14,745,https://www.youtube.com/watch?v=F5MtYHv-9-Y
UCiaQXTGzrFfBCppui4rPDIg,Avoid Flight Bans,2025-07-06,67700,geography_logistics,12,geography_logistics,channel_latest,R__4wtaGeyY,Don't Travel Until You Know These 13 Airport Secrets,801,3 weeks ago,21,1106,https://www.youtube.com/watch?v=R__4wtaGeyY
UCiaQXTGzrFfBCppui4rPDIg,Avoid Flight Bans,2025-07-06,67700,geography_logistics,13,geography_logistics,channel_latest,jn5iWkP-Ppo,DO NOT MAKE These 7 Airport Mistakes (Most Travelers Still Make),16000,3 weeks ago,21,715,https://www.youtube.com/watch?v=jn5iWkP-Ppo
UCiaQXTGzrFfBCppui4rPDIg,Avoid Flight Bans,2025-07-06,67700,geography_logistics,14,geography_logistics,channel_latest,wbiFHOYwf1E,New U.S. Airport Rules Starting August 2026 You MUST Know Before Your Next Flight,258000,3 weeks ago,21,779,https://www.youtube.com/watch?v=wbiFHOYwf1E
UCiaQXTGzrFfBCppui4rPDIg,Avoid Flight Bans,2025-07-06,67700,geography_logistics,15,geography_logistics,channel_latest,lG6Cdrz37Dw,"New Europe Travel Rules for 2026 You MUST Know (ETIAS, EES & UK ETA)",797,3 weeks ago,21,869,https://www.youtube.com/watch?v=lG6Cdrz37Dw
UCiaQXTGzrFfBCppui4rPDIg,Avoid Flight Bans,2025-07-06,67700,geography_logistics,16,geography_logistics,channel_latest,PEYy37jLm_Y,17 MUST-KNOW Tips to Survive a Long Flight in Economy in 2026,567,3 weeks ago,21,1202,https://www.youtube.com/watch?v=PEYy37jLm_Y
UCiaQXTGzrFfBCppui4rPDIg,Avoid Flight Bans,2025-07-06,67700,geography_logistics,17,geography_logistics,channel_latest,dfskZbWjB9s,Flight Secrets That Are Never Told To Passengers (What Airlines Hide),15000,4 weeks ago,28,1014,https://www.youtube.com/watch?v=dfskZbWjB9s
UCiaQXTGzrFfBCppui4rPDIg,Avoid Flight Bans,2025-07-06,67700,geography_logistics,18,geography_logistics,channel_latest,Y52gdOAbIaw,9 TSA Secrets They Don't Want Travelers to Know (Updated for 2026),320000,1 month ago,30,831,https://www.youtube.com/watch?v=Y52gdOAbIaw
UCiaQXTGzrFfBCppui4rPDIg,Avoid Flight Bans,2025-07-06,67700,geography_logistics,19,geography_logistics,channel_latest,yIcny_TrMgs,Don't Pack These 6 Everyday Items in 2026 (Airlines Just Banned Them),1500,1 month ago,30,593,https://www.youtube.com/watch?v=yIcny_TrMgs
UCiaQXTGzrFfBCppui4rPDIg,Avoid Flight Bans,2025-07-06,67700,geography_logistics,20,geography_logistics,channel_latest,3zbMPT52Rbc,12 Airport Mistakes Seniors Should Never Make Before Flying,15000,1 month ago,30,1246,https://www.youtube.com/watch?v=3zbMPT52Rbc
UCiaQXTGzrFfBCppui4rPDIg,Avoid Flight Bans,2025-07-06,67700,geography_logistics,21,geography_logistics,channel_latest,O6E94vBWKCk,10 Everyday Items That Can Get You Stopped at Airport Security in 2026,600,1 month ago,30,1337,https://www.youtube.com/watch?v=O6E94vBWKCk
UCiaQXTGzrFfBCppui4rPDIg,Avoid Flight Bans,2025-07-06,67700,geography_logistics,22,geography_logistics,channel_latest,GE557zyRPr0,New Airport Rules for Seniors Starting in 2026 (Don’t Miss These!),3700,1 month ago,30,1052,https://www.youtube.com/watch?v=GE557zyRPr0
UCiaQXTGzrFfBCppui4rPDIg,Avoid Flight Bans,2025-07-06,67700,geography_logistics,23,geography_logistics,channel_latest,-1x1tVPBMUs,8 Airport Secrets Airlines Use To Trick Passengers (Summer 2025 Update),533,1 month ago,30,762,https://www.youtube.com/watch?v=-1x1tVPBMUs
UCiaQXTGzrFfBCppui4rPDIg,Avoid Flight Bans,2025-07-06,67700,geography_logistics,24,geography_logistics,channel_latest,clDGQRlnYiQ,Flying After 60? These Hidden Airport Perks Will Make Flying WAY Easier,846,1 month ago,30,913,https://www.youtube.com/watch?v=clDGQRlnYiQ
UCiaQXTGzrFfBCppui4rPDIg,Avoid Flight Bans,2025-07-06,67700,geography_logistics,25,geography_logistics,channel_latest,Ol1aP4PmNi8,"New Airline Rules Beginning July 2026: Checked Bags, Miles & Surprise Costs",1000,1 month ago,30,903,https://www.youtube.com/watch?v=Ol1aP4PmNi8
UCiaQXTGzrFfBCppui4rPDIg,Avoid Flight Bans,2025-07-06,67700,geography_logistics,26,geography_logistics,channel_latest,cm0mJzRlwBA,14 Airport Secrets Airlines Don’t Want You to Know,8600,1 month ago,30,1182,https://www.youtube.com/watch?v=cm0mJzRlwBA
UCiaQXTGzrFfBCppui4rPDIg,Avoid Flight Bans,2025-07-06,67700,geography_logistics,27,geography_logistics,channel_latest,QqorEWQZJE8,20 Things Passengers Do Before Takeoff That Flight Attendants Hate,2000,1 month ago,30,1074,https://www.youtube.com/watch?v=QqorEWQZJE8
UCiaQXTGzrFfBCppui4rPDIg,Avoid Flight Bans,2025-07-06,67700,geography_logistics,28,geography_logistics,channel_latest,LsI89FG54jA,Flying After 60? Stop Booking These 7 Dangerous Airplane Seats in 2026!,3300,1 month ago,30,895,https://www.youtube.com/watch?v=LsI89FG54jA
UCiaQXTGzrFfBCppui4rPDIg,Avoid Flight Bans,2025-07-06,67700,geography_logistics,29,geography_logistics,channel_latest,0XSHbiOTvl4,10 Suitcase Tricks Airlines Never Tell You (How to Never Lose Your Luggage Again in 2026),1000,1 month ago,30,1113,https://www.youtube.com/watch?v=0XSHbiOTvl4
UCiaQXTGzrFfBCppui4rPDIg,Avoid Flight Bans,2025-07-06,67700,geography_logistics,30,geography_logistics,channel_latest,EDL5S8zXNZo,10 Forgotten Travel Rights for Seniors — No Airport Will Ever Tell You!,492,1 month ago,30,975,https://www.youtube.com/watch?v=EDL5S8zXNZo
UCvv62HsDWDxfwH2oL10ilvQ,Planet Vista 4K,2025-07-02,75600,practical_lifestyle,1,practical_lifestyle,channel_latest,UadSNJWkn5s,JAMAICA: The Hidden Life Almost No Visitor Sees Past the Beach | 4K Travel Documentary,1900,2 days ago,2,3500,https://www.youtube.com/watch?v=UadSNJWkn5s
UCvv62HsDWDxfwH2oL10ilvQ,Planet Vista 4K,2025-07-02,75600,practical_lifestyle,2,practical_lifestyle,channel_latest,Uk4vbE9uix0,"GUAM: The 4,000-Year-Old Island Culture Most Americans Never See | 4K Travel Documentary",2600,4 days ago,4,2698,https://www.youtube.com/watch?v=Uk4vbE9uix0
UCvv62HsDWDxfwH2oL10ilvQ,Planet Vista 4K,2025-07-02,75600,practical_lifestyle,3,practical_lifestyle,channel_latest,bAs6p9JKchs,Living in MANAUS | How 2 Million People Live Deep Inside the Amazon | 4K Travel Documentary,11000,6 days ago,6,2459,https://www.youtube.com/watch?v=bAs6p9JKchs
UCvv62HsDWDxfwH2oL10ilvQ,Planet Vista 4K,2025-07-02,75600,practical_lifestyle,4,practical_lifestyle,channel_latest,5PfYvykE5K4,Living in BELIZE: A Forgotten Multicultural Paradise In Central America | 4K Travel Documentary,20000,8 days ago,8,3359,https://www.youtube.com/watch?v=5PfYvykE5K4
UCvv62HsDWDxfwH2oL10ilvQ,Planet Vista 4K,2025-07-02,75600,practical_lifestyle,5,practical_lifestyle,channel_latest,nBE4DgsYuGc,Living in TUVALU: How People Live on a Strip of Coral in the Pacific | 4K Travel Documentary,6800,11 days ago,11,2688,https://www.youtube.com/watch?v=nBE4DgsYuGc
UCvv62HsDWDxfwH2oL10ilvQ,Planet Vista 4K,2025-07-02,75600,practical_lifestyle,6,practical_lifestyle,channel_latest,SqKhOLpH7hw,Living in COLOMBIA | How People Live Between Two Oceans & a Desert | 4K Travel Documentary,5700,13 days ago,13,3027,https://www.youtube.com/watch?v=SqKhOLpH7hw
UCvv62HsDWDxfwH2oL10ilvQ,Planet Vista 4K,2025-07-02,75600,practical_lifestyle,7,practical_lifestyle,channel_latest,4duDhmNHCQc,Living in MAURITIUS: How People Live on an Island Born From Fire | 4K Travel Documentary,11000,2 weeks ago,14,3544,https://www.youtube.com/watch?v=4duDhmNHCQc
UCvv62HsDWDxfwH2oL10ilvQ,Planet Vista 4K,2025-07-02,75600,practical_lifestyle,8,practical_lifestyle,channel_latest,JoTgaf8mdmI,Living in ST. THOMAS: How People Make a Home From What Washes Ashore | 4K Travel Documentary,27000,2 weeks ago,14,2838,https://www.youtube.com/watch?v=JoTgaf8mdmI
UCvv62HsDWDxfwH2oL10ilvQ,Planet Vista 4K,2025-07-02,75600,practical_lifestyle,9,practical_lifestyle,channel_latest,wXzFyqKbJ8E,Living in BOTSWANA: How People Live Where 70% of the Country Is Desert | 4K Travel Documentary,22000,2 weeks ago,14,2765,https://www.youtube.com/watch?v=wXzFyqKbJ8E
UCvv62HsDWDxfwH2oL10ilvQ,Planet Vista 4K,2025-07-02,75600,practical_lifestyle,10,practical_lifestyle,channel_latest,z1COitJrZWw,Living in Bahrain: The Gulf's Freest Nation Behind a Closed Image | 4K Travel Documentary,60000,3 weeks ago,21,2804,https://www.youtube.com/watch?v=z1COitJrZWw
UCvv62HsDWDxfwH2oL10ilvQ,Planet Vista 4K,2025-07-02,75600,practical_lifestyle,11,practical_lifestyle,channel_latest,vnOswU-1kpk,Living in PUERTO RICO: The Island That Dances With Hurricanes | 4K Travel Documentary,9200,3 weeks ago,21,3387,https://www.youtube.com/watch?v=vnOswU-1kpk
UCvv62HsDWDxfwH2oL10ilvQ,Planet Vista 4K,2025-07-02,75600,practical_lifestyle,12,practical_lifestyle,channel_latest,KCMJcenSaHo,Living in SURINAME: How People Live in South America's Hidden Nation | 4K Travel Documentary,78000,3 weeks ago,21,3158,https://www.youtube.com/watch?v=KCMJcenSaHo
UCvv62HsDWDxfwH2oL10ilvQ,Planet Vista 4K,2025-07-02,75600,practical_lifestyle,13,practical_lifestyle,channel_latest,AUx4l7giLgU,Living in Iran's Bazaars: How People Keep Centuries-Old Markets Alive | 4K Travel Documentary,70000,3 weeks ago,21,3340,https://www.youtube.com/watch?v=AUx4l7giLgU
UCvv62HsDWDxfwH2oL10ilvQ,Planet Vista 4K,2025-07-02,75600,practical_lifestyle,14,practical_lifestyle,channel_latest,96PBS7AnHDo,Living in ARUBA: How People Survive In The Driest Island Of Caribbean | 4K Travel Documentary,15000,4 weeks ago,28,2597,https://www.youtube.com/watch?v=96PBS7AnHDo
UCvv62HsDWDxfwH2oL10ilvQ,Planet Vista 4K,2025-07-02,75600,practical_lifestyle,15,practical_lifestyle,channel_latest,5uzrRPKyftI,Living in Zambia: How People Survive in Africa's Last Wilderness | 4K Travel Documentary,97000,1 month ago,30,2570,https://www.youtube.com/watch?v=5uzrRPKyftI
UCvv62HsDWDxfwH2oL10ilvQ,Planet Vista 4K,2025-07-02,75600,practical_lifestyle,16,practical_lifestyle,channel_latest,H9RO0sleMLY,"Living in MOROCCO | How People Live Where Love Is Measured by the Liver, Not the Heart",10000,1 month ago,30,3417,https://www.youtube.com/watch?v=H9RO0sleMLY
UCvv62HsDWDxfwH2oL10ilvQ,Planet Vista 4K,2025-07-02,75600,practical_lifestyle,17,practical_lifestyle,channel_latest,ub35EJpAqCU,Living in Wales | How People Live Beside Castles Built to Rule Them | 4K Travel Documentary,12000,1 month ago,30,3239,https://www.youtube.com/watch?v=ub35EJpAqCU
UCvv62HsDWDxfwH2oL10ilvQ,Planet Vista 4K,2025-07-02,75600,practical_lifestyle,18,practical_lifestyle,channel_latest,Gyw0skT3qvo,CURAÇAO: Why Spain Abandoned This Caribbean Paradise | 4K Travel Documentary,116000,1 month ago,30,3545,https://www.youtube.com/watch?v=Gyw0skT3qvo
UCvv62HsDWDxfwH2oL10ilvQ,Planet Vista 4K,2025-07-02,75600,practical_lifestyle,19,practical_lifestyle,channel_latest,edYE-j6a_t8,MADEIRA: What It's Like To Live In The Hawaii Of Europe | 4K Travel Documentary,5300,1 month ago,30,3325,https://www.youtube.com/watch?v=edYE-j6a_t8
UCvv62HsDWDxfwH2oL10ilvQ,Planet Vista 4K,2025-07-02,75600,practical_lifestyle,20,practical_lifestyle,channel_latest,ryPNse7uduc,EASTER ISLAND: The Hidden Paradise At The End Of The Pacific Ocean | 4K Travel Documentary,6300,1 month ago,30,2670,https://www.youtube.com/watch?v=ryPNse7uduc
UCvv62HsDWDxfwH2oL10ilvQ,Planet Vista 4K,2025-07-02,75600,practical_lifestyle,21,practical_lifestyle,channel_latest,wVw9TX7hUSk,Living in EGYPT: The Side Most Tourists Will Never See | 4K Travel Documentary,46000,1 month ago,30,2838,https://www.youtube.com/watch?v=wVw9TX7hUSk
UCvv62HsDWDxfwH2oL10ilvQ,Planet Vista 4K,2025-07-02,75600,practical_lifestyle,22,practical_lifestyle,channel_latest,P7aA20J_03U,Saint Helena: The Most Isolated Place on Earth? | 4K Travel Documentary,39000,1 month ago,30,3482,https://www.youtube.com/watch?v=P7aA20J_03U
UCvv62HsDWDxfwH2oL10ilvQ,Planet Vista 4K,2025-07-02,75600,practical_lifestyle,23,practical_lifestyle,channel_latest,YorWa_fwGlE,VENEZUELA: Hidden Worlds and the Rhythm of Resilient Communities | 4K Travel Documentary,3500,1 month ago,30,3597,https://www.youtube.com/watch?v=YorWa_fwGlE
UCvv62HsDWDxfwH2oL10ilvQ,Planet Vista 4K,2025-07-02,75600,practical_lifestyle,24,practical_lifestyle,channel_latest,uqaDitWbgMU,CABO VERDE: Life on the Atlantic’s Most Dangerous Volcanic Islands | 4K Travel Documentary,40000,1 month ago,30,3412,https://www.youtube.com/watch?v=uqaDitWbgMU
UCvv62HsDWDxfwH2oL10ilvQ,Planet Vista 4K,2025-07-02,75600,practical_lifestyle,25,practical_lifestyle,channel_latest,d4XyJekMh9s,BOLIVIA: The Land in Chaos - Living In Earth's Most Dangerous High Altitude | 4K Travel Documentary,209000,1 month ago,30,4600,https://www.youtube.com/watch?v=d4XyJekMh9s
UCvv62HsDWDxfwH2oL10ilvQ,Planet Vista 4K,2025-07-02,75600,practical_lifestyle,26,practical_lifestyle,channel_latest,3PTC6gI-fCg,HAITI: Inside The Most Feared Country In The Caribbean | 4K Travel Documentary,67000,1 month ago,30,3388,https://www.youtube.com/watch?v=3PTC6gI-fCg
UCvv62HsDWDxfwH2oL10ilvQ,Planet Vista 4K,2025-07-02,75600,practical_lifestyle,27,practical_lifestyle,channel_latest,i82F3FKUlrU,SAUDI ARABIA: The Secret Village Life Of World's Biggest Oil Kingdom | 4K Travel Documentary,159000,1 month ago,30,3098,https://www.youtube.com/watch?v=i82F3FKUlrU
UCvv62HsDWDxfwH2oL10ilvQ,Planet Vista 4K,2025-07-02,75600,practical_lifestyle,28,practical_lifestyle,channel_latest,mOrq13SmdKM,INDONESIA: The Most Mysterious and Uncontacted Tribes You Never Knew Existed | 4K Travel Documentary,62000,1 month ago,30,3394,https://www.youtube.com/watch?v=mOrq13SmdKM
UCvv62HsDWDxfwH2oL10ilvQ,Planet Vista 4K,2025-07-02,75600,practical_lifestyle,29,practical_lifestyle,channel_latest,iF21SDAMwjU,IRAN: The Hidden Nomadic Life Almost No One Knows About | 4K Travel Documentary,211000,1 month ago,30,3963,https://www.youtube.com/watch?v=iF21SDAMwjU
UCvv62HsDWDxfwH2oL10ilvQ,Planet Vista 4K,2025-07-02,75600,practical_lifestyle,30,practical_lifestyle,channel_latest,F1XD1gRLmlQ,LIVING IN GUYANA: What It's Like in the World's Fastest-Growing Economy | 4K Travel Documentary,157000,1 month ago,30,2863,https://www.youtube.com/watch?v=F1XD1gRLmlQ
UCHb55meDzFOdxr6UG_ho4iw,ShriGuruCool,2025-07-01,241000,crime_scams_mystery,1,crime_scams_mystery,channel_latest,itwNLHD3cTE,Reading Subscribers👵Dark Dirty Secrets 🤫🫣,210000,3 weeks ago,21,2236,https://www.youtube.com/watch?v=itwNLHD3cTE
UCHb55meDzFOdxr6UG_ho4iw,ShriGuruCool,2025-07-01,241000,crime_scams_mystery,2,crime_scams_mystery,channel_latest,ph-3fTuYmsw,What is Wrong with RAKHI SAWANT,634000,1 month ago,30,4153,https://www.youtube.com/watch?v=ph-3fTuYmsw
UCHb55meDzFOdxr6UG_ho4iw,ShriGuruCool,2025-07-01,241000,crime_scams_mystery,3,crime_scams_mystery,channel_latest,hc14FLg3E7M,Why Did HYBE Actually kick Manon Out of KATSEYE ?,955000,3 months ago,90,3487,https://www.youtube.com/watch?v=hc14FLg3E7M
UCHb55meDzFOdxr6UG_ho4iw,ShriGuruCool,2025-07-01,241000,crime_scams_mystery,4,crime_scams_mystery,channel_latest,0YWmzG7AEDE,What Really Happened to Michael Jackson - The Full Investigation,733000,3 months ago,90,3294,https://www.youtube.com/watch?v=0YWmzG7AEDE
UCHb55meDzFOdxr6UG_ho4iw,ShriGuruCool,2025-07-01,241000,crime_scams_mystery,5,crime_scams_mystery,channel_latest,aOUr-Ui_2nA,Justin Bieber's Dark Secret Before Fame,971000,3 months ago,90,2022,https://www.youtube.com/watch?v=aOUr-Ui_2nA
UCHb55meDzFOdxr6UG_ho4iw,ShriGuruCool,2025-07-01,241000,crime_scams_mystery,6,crime_scams_mystery,channel_latest,Q6hsJplO8Z4,2 Sisters Found in Suitcases -  Cleveland Ohio case,242000,4 months ago,120,803,https://www.youtube.com/watch?v=Q6hsJplO8Z4
UCHb55meDzFOdxr6UG_ho4iw,ShriGuruCool,2025-07-01,241000,crime_scams_mystery,7,crime_scams_mystery,channel_latest,8j8-0QVVRfA,Wife Cried on Camera… But She Planned His Murder | Dhar Case Explained,691000,4 months ago,120,946,https://www.youtube.com/watch?v=8j8-0QVVRfA
UCHb55meDzFOdxr6UG_ho4iw,ShriGuruCool,2025-07-01,241000,crime_scams_mystery,8,crime_scams_mystery,channel_latest,wSC4BqO9GRI,This Chinese Influencer Stole From Her Rich Friends,680000,4 months ago,120,878,https://www.youtube.com/watch?v=wSC4BqO9GRI
UCHb55meDzFOdxr6UG_ho4iw,ShriGuruCool,2025-07-01,241000,crime_scams_mystery,9,crime_scams_mystery,channel_latest,xNRXPQCGdbk,Wife Watched PO*N Next To Dead Husband  - Guntur Murder Case,333000,5 months ago,150,505,https://www.youtube.com/watch?v=xNRXPQCGdbk
UCHb55meDzFOdxr6UG_ho4iw,ShriGuruCool,2025-07-01,241000,crime_scams_mystery,10,crime_scams_mystery,channel_latest,sLUE-43q5-o,Jim Carey Was Cloned (Illuminati Proof),174000,5 months ago,150,2628,https://www.youtube.com/watch?v=sLUE-43q5-o
UCHb55meDzFOdxr6UG_ho4iw,ShriGuruCool,2025-07-01,241000,crime_scams_mystery,11,crime_scams_mystery,channel_latest,jKQnxvOUX78,Holi Balloon Fight Led to Tarun Kumar’s Death Uttam Nagar Murder Case Explained,187000,5 months ago,150,1303,https://www.youtube.com/watch?v=jKQnxvOUX78
UCHb55meDzFOdxr6UG_ho4iw,ShriGuruCool,2025-07-01,241000,crime_scams_mystery,12,crime_scams_mystery,channel_latest,QK3fgxqf-5Q,"""She is Pretty, My MOMMY?"" Korean Girl Caught In Seoul",313000,5 months ago,150,777,https://www.youtube.com/watch?v=QK3fgxqf-5Q
UCHb55meDzFOdxr6UG_ho4iw,ShriGuruCool,2025-07-01,241000,crime_scams_mystery,13,crime_scams_mystery,channel_latest,f1hUFuT6IoU,Wife Planned Husband's M****r With Lover - Praveen Parihar Case,211000,6 months ago,180,610,https://www.youtube.com/watch?v=f1hUFuT6IoU
UCHb55meDzFOdxr6UG_ho4iw,ShriGuruCool,2025-07-01,241000,crime_scams_mystery,14,crime_scams_mystery,channel_latest,VjadIQvVm_0,Black Magic Killer CaughtOn Camera - Nina Berger Case,436000,6 months ago,180,1137,https://www.youtube.com/watch?v=VjadIQvVm_0
UCHb55meDzFOdxr6UG_ho4iw,ShriGuruCool,2025-07-01,241000,crime_scams_mystery,15,crime_scams_mystery,channel_latest,3KbVXuvJA7s,21y.o Girl Married Her Dead Boyfriend - Saksham tate case,219000,7 months ago,210,625,https://www.youtube.com/watch?v=3KbVXuvJA7s
UCHb55meDzFOdxr6UG_ho4iw,ShriGuruCool,2025-07-01,241000,crime_scams_mystery,16,crime_scams_mystery,channel_latest,DdFgUUNLEnI,South Korean Man Killed in India | Greater Noida Murder Case,256000,7 months ago,210,523,https://www.youtube.com/watch?v=DdFgUUNLEnI
UCHb55meDzFOdxr6UG_ho4iw,ShriGuruCool,2025-07-01,241000,crime_scams_mystery,17,crime_scams_mystery,channel_latest,2YHFLRujQsY,The Dehradun Student Case That Shook India | Angel Chakma,182000,7 months ago,210,585,https://www.youtube.com/watch?v=2YHFLRujQsY
UCHb55meDzFOdxr6UG_ho4iw,ShriGuruCool,2025-07-01,241000,crime_scams_mystery,18,crime_scams_mystery,channel_latest,cZ_nkInLYVM,Ghost Wife Caught On Camera - RANJIT KUMAR CASE,1000000,7 months ago,210,1055,https://www.youtube.com/watch?v=cZ_nkInLYVM
UCHb55meDzFOdxr6UG_ho4iw,ShriGuruCool,2025-07-01,241000,crime_scams_mystery,19,crime_scams_mystery,channel_latest,nonyI5Eq2yc,"""He Burned My Daughter"" - Bhawana Yadav Murder Case",443000,8 months ago,240,745,https://www.youtube.com/watch?v=nonyI5Eq2yc
UCHb55meDzFOdxr6UG_ho4iw,ShriGuruCool,2025-07-01,241000,crime_scams_mystery,20,crime_scams_mystery,channel_latest,obTciPs-UJQ,"A Maid, A Knife, Two Mu*d*rs | Mohammadpur Apartment Horror",313000,8 months ago,240,654,https://www.youtube.com/watch?v=obTciPs-UJQ
UCHb55meDzFOdxr6UG_ho4iw,ShriGuruCool,2025-07-01,241000,crime_scams_mystery,21,crime_scams_mystery,channel_latest,fklXWVEL3M0,How an 18-Year-Old Exposed a System’s Dark Truth | The Vithiya Case,343000,8 months ago,240,734,https://www.youtube.com/watch?v=fklXWVEL3M0
UCHb55meDzFOdxr6UG_ho4iw,ShriGuruCool,2025-07-01,241000,crime_scams_mystery,22,crime_scams_mystery,channel_latest,eutw__yuJ3k,Thailand’s Cyanide Serial Killer - Aem Rangsiwuthaporn CASE,674000,8 months ago,240,1588,https://www.youtube.com/watch?v=eutw__yuJ3k
UCHb55meDzFOdxr6UG_ho4iw,ShriGuruCool,2025-07-01,241000,crime_scams_mystery,23,crime_scams_mystery,channel_latest,eldTWKCpqcE,Jalandhar Tragedy : Inside the 13-Year-Old Girl’s Case,923000,8 months ago,240,817,https://www.youtube.com/watch?v=eldTWKCpqcE
UCHb55meDzFOdxr6UG_ho4iw,ShriGuruCool,2025-07-01,241000,crime_scams_mystery,24,crime_scams_mystery,channel_latest,e9s9D6WhSPc,Principal Mu*der*d Husband with Students Help - Shantanu Deshmukh CASE,194000,8 months ago,240,482,https://www.youtube.com/watch?v=e9s9D6WhSPc
UCHb55meDzFOdxr6UG_ho4iw,ShriGuruCool,2025-07-01,241000,crime_scams_mystery,25,crime_scams_mystery,channel_latest,B3ei3rUM3oE,THE ACTUAL TRUTH OF YADNYA CASE,493000,8 months ago,240,358,https://www.youtube.com/watch?v=B3ei3rUM3oE
UCHb55meDzFOdxr6UG_ho4iw,ShriGuruCool,2025-07-01,241000,crime_scams_mystery,26,crime_scams_mystery,channel_latest,YunP_GPAmNk,G@ng R@pe Case of AGRA HOMESTAY CASE,1300000,9 months ago,270,849,https://www.youtube.com/watch?v=YunP_GPAmNk
UCHb55meDzFOdxr6UG_ho4iw,ShriGuruCool,2025-07-01,241000,crime_scams_mystery,27,crime_scams_mystery,channel_latest,MoluXNVFk6g,Killer Uncle Took Her Life - The Vihozhonu Zao Case,450000,9 months ago,270,658,https://www.youtube.com/watch?v=MoluXNVFk6g
UCHb55meDzFOdxr6UG_ho4iw,ShriGuruCool,2025-07-01,241000,crime_scams_mystery,28,crime_scams_mystery,channel_latest,D1X9QO9Yvnk,Dead Husband Caught On Instagram  Reels - Jitendra Kumar Case,909000,9 months ago,270,647,https://www.youtube.com/watch?v=D1X9QO9Yvnk
UCHb55meDzFOdxr6UG_ho4iw,ShriGuruCool,2025-07-01,241000,crime_scams_mystery,29,crime_scams_mystery,channel_latest,ApgrrmpglzQ,Girl She Adopted Killed Her - Shocking Murder of Rajalaxmi Kar,746000,9 months ago,270,844,https://www.youtube.com/watch?v=ApgrrmpglzQ
UCHb55meDzFOdxr6UG_ho4iw,ShriGuruCool,2025-07-01,241000,crime_scams_mystery,30,crime_scams_mystery,channel_latest,u2gNoVi4mBw,Killed By Her BESTFRIEND- JHANVI KUKREJA CASE,1000000,10 months ago,300,1020,https://www.youtube.com/watch?v=u2gNoVi4mBw
UC6LYB8YhQKo2H6EK3q6U6kw,Bedtime & Historian ,2025-07-01,79700,history_civilization,1,history_civilization,channel_latest,QQfGi7BNmIY,The Mary Celeste | The Greatest Ghost Ship Mystery Ever Told | Maritime History,5500,3 days ago,3,5507,https://www.youtube.com/watch?v=QQfGi7BNmIY
UC6LYB8YhQKo2H6EK3q6U6kw,Bedtime & Historian ,2025-07-01,79700,history_civilization,2,history_civilization,channel_latest,h7Yb3U8V3Ts,Pope John XII | Scandal at the Heart of Medieval Rome | Medieval History,3900,6 days ago,6,5537,https://www.youtube.com/watch?v=h7Yb3U8V3Ts
UC6LYB8YhQKo2H6EK3q6U6kw,Bedtime & Historian ,2025-07-01,79700,history_civilization,3,history_civilization,channel_latest,hjKwYWTW1I4,Pope Alexander VI | The Pope Behind the Borgia Family | Renaissance History,6900,8 days ago,8,6905,https://www.youtube.com/watch?v=hjKwYWTW1I4
UC6LYB8YhQKo2H6EK3q6U6kw,Bedtime & Historian ,2025-07-01,79700,history_civilization,4,history_civilization,channel_latest,4OfEIPuc1hs,Pope Stephen VI | The Pope Who Put a Corpse on Trial | Medieval History,3600,10 days ago,10,5990,https://www.youtube.com/watch?v=4OfEIPuc1hs
UC6LYB8YhQKo2H6EK3q6U6kw,Bedtime & Historian ,2025-07-01,79700,history_civilization,5,history_civilization,channel_latest,eapjZ9prLsk,Pope Benedict IX | The Pope Who Ruled Three Times | Medieval History,5300,12 days ago,12,5320,https://www.youtube.com/watch?v=eapjZ9prLsk
UC6LYB8YhQKo2H6EK3q6U6kw,Bedtime & Historian ,2025-07-01,79700,history_civilization,6,history_civilization,channel_latest,fs4ZnhtLFc8,Saint Peter | The Apostle Who Built the Church | Early Christian History,10000,2 weeks ago,14,6159,https://www.youtube.com/watch?v=fs4ZnhtLFc8
UC6LYB8YhQKo2H6EK3q6U6kw,Bedtime & Historian ,2025-07-01,79700,history_civilization,7,history_civilization,channel_latest,AU_NszIGNfY,"Fall Asleep to the ENTIRE Story of Rasputin | Faith, Power, and Mystery | Russian History",65000,2 weeks ago,14,6498,https://www.youtube.com/watch?v=AU_NszIGNfY
UC6LYB8YhQKo2H6EK3q6U6kw,Bedtime & Historian ,2025-07-01,79700,history_civilization,8,history_civilization,channel_latest,ShvadB3fOL0,Fall Asleep to the ENTIRE Story of the Qing Empire — The Last Dynasty of China | Chinese History,16000,2 weeks ago,14,9210,https://www.youtube.com/watch?v=ShvadB3fOL0
UC6LYB8YhQKo2H6EK3q6U6kw,Bedtime & Historian ,2025-07-01,79700,history_civilization,9,history_civilization,channel_latest,mFzOeNVl_Cg,Fall Asleep to the ENTIRE Story of Charles Darwin — The Man Behind Evolution | Modern History,18000,2 weeks ago,14,6589,https://www.youtube.com/watch?v=mFzOeNVl_Cg
UC6LYB8YhQKo2H6EK3q6U6kw,Bedtime & Historian ,2025-07-01,79700,history_civilization,10,history_civilization,channel_latest,g6XPRe-xBwc,Fall Asleep to the ENTIRE Story of Marie Antoinette — The Last Queen Before Revolution,34000,3 weeks ago,21,8274,https://www.youtube.com/watch?v=g6XPRe-xBwc
UC6LYB8YhQKo2H6EK3q6U6kw,Bedtime & Historian ,2025-07-01,79700,history_civilization,11,history_civilization,channel_latest,n9YMYKIWhYE,Fall Asleep to the ENTIRE Story of Winston Churchill — The Man Who Led Britain Through War,35000,3 weeks ago,21,9243,https://www.youtube.com/watch?v=n9YMYKIWhYE
UC6LYB8YhQKo2H6EK3q6U6kw,Bedtime & Historian ,2025-07-01,79700,history_civilization,12,history_civilization,channel_latest,NsJJyLpa0ck,Sir Ernest Shackleton's Endurance Expedition | The Greatest Survival Story Ever Told | Exploration H,14000,3 weeks ago,21,5566,https://www.youtube.com/watch?v=NsJJyLpa0ck
UC6LYB8YhQKo2H6EK3q6U6kw,Bedtime & Historian ,2025-07-01,79700,history_civilization,13,history_civilization,channel_latest,589itgJ4RWo,The American Revolution | George Washington and the War for Freedom | American History,32000,3 weeks ago,21,8054,https://www.youtube.com/watch?v=589itgJ4RWo
UC6LYB8YhQKo2H6EK3q6U6kw,Bedtime & Historian ,2025-07-01,79700,history_civilization,14,history_civilization,channel_latest,dSU723z2Y5Q,The Viking Age | The Rise and Fall of the Norse Warriors | Medieval History,69000,4 weeks ago,28,9418,https://www.youtube.com/watch?v=dSU723z2Y5Q
UC6LYB8YhQKo2H6EK3q6U6kw,Bedtime & Historian ,2025-07-01,79700,history_civilization,15,history_civilization,channel_latest,_aXJP_SFcVE,The Odyssey Explained | The Complete Story of Odysseus' 10 Year Journey Home,268000,1 month ago,30,10739,https://www.youtube.com/watch?v=_aXJP_SFcVE
UC6LYB8YhQKo2H6EK3q6U6kw,Bedtime & Historian ,2025-07-01,79700,history_civilization,16,history_civilization,channel_latest,liuAJBRPlcw,Fall Asleep to the ENTIRE Story of Adolf Hitler — The Rise and Fall of Nazi Germany | Modern History,27000,1 month ago,30,6785,https://www.youtube.com/watch?v=liuAJBRPlcw
UC6LYB8YhQKo2H6EK3q6U6kw,Bedtime & Historian ,2025-07-01,79700,history_civilization,17,history_civilization,channel_latest,UX2Nenk2YLA,Fall Asleep to the ENTIRE Story of Louis XIV — The Sun King of France | European History,33000,1 month ago,30,5405,https://www.youtube.com/watch?v=UX2Nenk2YLA
UC6LYB8YhQKo2H6EK3q6U6kw,Bedtime & Historian ,2025-07-01,79700,history_civilization,18,history_civilization,channel_latest,PrqtfmOGyQA,The Last Crusade (1271–1272) | The End of the Crusading Age | Medieval History,13000,1 month ago,30,5599,https://www.youtube.com/watch?v=PrqtfmOGyQA
UC6LYB8YhQKo2H6EK3q6U6kw,Bedtime & Historian ,2025-07-01,79700,history_civilization,19,history_civilization,channel_latest,m4thCl9nFMQ,The Eighth Crusade (1270) | The King Who Never Reached Jerusalem | Medieval History,6500,1 month ago,30,5381,https://www.youtube.com/watch?v=m4thCl9nFMQ
UC6LYB8YhQKo2H6EK3q6U6kw,Bedtime & Historian ,2025-07-01,79700,history_civilization,20,history_civilization,channel_latest,WXelEzvZmFU,The Seventh Crusade (1248–1254) | The King Who Became a Prisoner | Medieval History,7700,1 month ago,30,5742,https://www.youtube.com/watch?v=WXelEzvZmFU
UC6LYB8YhQKo2H6EK3q6U6kw,Bedtime & Historian ,2025-07-01,79700,history_civilization,21,history_civilization,channel_latest,-fuSk9XpgvQ,The Sixth Crusade (1228–1229) | How Jerusalem Was Reclaimed Without Battle | Medieval History,15000,1 month ago,30,6992,https://www.youtube.com/watch?v=-fuSk9XpgvQ
UC6LYB8YhQKo2H6EK3q6U6kw,Bedtime & Historian ,2025-07-01,79700,history_civilization,22,history_civilization,channel_latest,p1iUl_IYB3Y,The Fifth Crusade (1217–1221) | The Failed Invasion of Egypt | Medieval History,12000,1 month ago,30,5599,https://www.youtube.com/watch?v=p1iUl_IYB3Y
UC6LYB8YhQKo2H6EK3q6U6kw,Bedtime & Historian ,2025-07-01,79700,history_civilization,23,history_civilization,channel_latest,uDKAa5NA0QA,The Fourth Crusade (1202–1204) | When Crusaders Turned on Christians | Medieval History,22000,1 month ago,30,5994,https://www.youtube.com/watch?v=uDKAa5NA0QA
UC6LYB8YhQKo2H6EK3q6U6kw,Bedtime & Historian ,2025-07-01,79700,history_civilization,24,history_civilization,channel_latest,e26KujynJWk,The Third Crusade (1189–1192) | Richard the Lionheart vs  Saladin | Medieval History,47000,1 month ago,30,7107,https://www.youtube.com/watch?v=e26KujynJWk
UC6LYB8YhQKo2H6EK3q6U6kw,Bedtime & Historian ,2025-07-01,79700,history_civilization,25,history_civilization,channel_latest,Qrs5iDnmFk8,The Second Crusade (1147–1149) | The Struggle for the Holy Land Continues | Medieval History,50000,1 month ago,30,7353,https://www.youtube.com/watch?v=Qrs5iDnmFk8
UC6LYB8YhQKo2H6EK3q6U6kw,Bedtime & Historian ,2025-07-01,79700,history_civilization,26,history_civilization,channel_latest,oI7gRvhi-S4,The First Crusade (1096–1099) | The Battle for the Holy Land | Medieval History,290000,1 month ago,30,7993,https://www.youtube.com/watch?v=oI7gRvhi-S4
UC6LYB8YhQKo2H6EK3q6U6kw,Bedtime & Historian ,2025-07-01,79700,history_civilization,27,history_civilization,channel_latest,KkDxZgFsxZc,Fall Asleep to the ENTIRE Story of Hector of Troy — The Greatest Defender of Troy | Greek Mythology,17000,1 month ago,30,5529,https://www.youtube.com/watch?v=KkDxZgFsxZc
UC6LYB8YhQKo2H6EK3q6U6kw,Bedtime & Historian ,2025-07-01,79700,history_civilization,28,history_civilization,channel_latest,cHGIeEwdgb8,Fall Asleep to the ENTIRE Story of Independence Day — From Colonies to a Nation | American History,40000,1 month ago,30,5381,https://www.youtube.com/watch?v=cHGIeEwdgb8
UC6LYB8YhQKo2H6EK3q6U6kw,Bedtime & Historian ,2025-07-01,79700,history_civilization,29,history_civilization,channel_latest,qvHRKVB64wE,Fall Asleep to the ENTIRE Story of the Spanish Empire — The First Global Superpower | Modern History,67000,1 month ago,30,8783,https://www.youtube.com/watch?v=qvHRKVB64wE
UC6LYB8YhQKo2H6EK3q6U6kw,Bedtime & Historian ,2025-07-01,79700,history_civilization,30,history_civilization,channel_latest,WAj-6ppvnYs,Fall Asleep to the ENTIRE Story of Nostradamus — France’s Most Famous Seer | European History,144000,1 month ago,30,6087,https://www.youtube.com/watch?v=WAj-6ppvnYs
UCX2zCrhyNcgpWP5r6mdcuSg,SoulArc Studios,2025-06-27,46100,psychology_society,1,psychology_society,channel_latest,TgrEuKGDKpc,The Power of Your Subconscious Mind | Hindi Audiobook | By Joseph Murphy,5500,1 day ago,1,13282,https://www.youtube.com/watch?v=TgrEuKGDKpc
UCX2zCrhyNcgpWP5r6mdcuSg,SoulArc Studios,2025-06-27,46100,psychology_society,2,psychology_society,channel_latest,8t2adO-7lTg,Zero to One — Audiobook | Peter Thiel | Hindi,16000,8 days ago,8,12528,https://www.youtube.com/watch?v=8t2adO-7lTg
UCX2zCrhyNcgpWP5r6mdcuSg,SoulArc Studios,2025-06-27,46100,psychology_society,3,psychology_society,channel_latest,CwS1eMDmg4c,The 48 Laws of Power in Hindi | Robert Greene |,81000,3 weeks ago,21,16184,https://www.youtube.com/watch?v=CwS1eMDmg4c
UCX2zCrhyNcgpWP5r6mdcuSg,SoulArc Studios,2025-06-27,46100,psychology_society,4,psychology_society,channel_latest,Kc0b2IHvjGo,Mastery Audiobook in Hindi | Robert Greene | Complete Book | Learn the Path to Excellence,16000,1 month ago,30,10098,https://www.youtube.com/watch?v=Kc0b2IHvjGo
UCX2zCrhyNcgpWP5r6mdcuSg,SoulArc Studios,2025-06-27,46100,psychology_society,5,psychology_society,channel_latest,r0GUxrLFo9E,Atomic Habits Explained in Hindi | Life-Changing Habit Building Lessons,128000,1 month ago,30,12453,https://www.youtube.com/watch?v=r0GUxrLFo9E
UCX2zCrhyNcgpWP5r6mdcuSg,SoulArc Studios,2025-06-27,46100,psychology_society,6,psychology_society,channel_latest,S4DQY9VIQzA,"The Art of Seduction | Attraction, Charm & Human Psychology [Hindi]",59000,2 months ago,60,16539,https://www.youtube.com/watch?v=S4DQY9VIQzA
UCX2zCrhyNcgpWP5r6mdcuSg,SoulArc Studios,2025-06-27,46100,psychology_society,7,psychology_society,channel_latest,GrleebzYOl8,The Psychology of Money Explained in Hindi | Life-Changing Money Lessons,1500000,2 months ago,60,13609,https://www.youtube.com/watch?v=GrleebzYOl8
UCX2zCrhyNcgpWP5r6mdcuSg,SoulArc Studios,2025-06-27,46100,psychology_society,8,psychology_society,channel_latest,DsDnTNrHjGY,Think and Grow Rich Explained in Hindi | Success Principles That Work,171000,3 months ago,90,12614,https://www.youtube.com/watch?v=DsDnTNrHjGY
UCX2zCrhyNcgpWP5r6mdcuSg,SoulArc Studios,2025-06-27,46100,psychology_society,9,psychology_society,channel_latest,Pnh9xPs9pVk,The Art of War | Modern Interpretation in Hindi,15000,3 months ago,90,8994,https://www.youtube.com/watch?v=Pnh9xPs9pVk
UCX2zCrhyNcgpWP5r6mdcuSg,SoulArc Studios,2025-06-27,46100,psychology_society,10,psychology_society,channel_latest,ZobULwbOw0A,Understanding Human Nature | Deep Psychological Lessons,971000,6 months ago,180,13534,https://www.youtube.com/watch?v=ZobULwbOw0A
UCpgh3p0dfB73tftHU64PYJA,Mackard,2025-06-24,39400,work_career_education,1,work_career_education,channel_latest,zupAz_9Sy6M,The World's Most Evil Companies,555,4 weeks ago,28,875,https://www.youtube.com/watch?v=zupAz_9Sy6M
UCpgh3p0dfB73tftHU64PYJA,Mackard,2025-06-24,39400,work_career_education,2,work_career_education,channel_latest,39gJyPNtN2I,Why Baby Boomers Ruined Gen Z's Future,910,2 months ago,60,625,https://www.youtube.com/watch?v=39gJyPNtN2I
UCpgh3p0dfB73tftHU64PYJA,Mackard,2025-06-24,39400,work_career_education,3,work_career_education,channel_latest,8C45Qji8tg4,Why Tech Companies Are Quietly Delaying AI Data Centers,24000,2 months ago,60,807,https://www.youtube.com/watch?v=8C45Qji8tg4
UCpgh3p0dfB73tftHU64PYJA,Mackard,2025-06-24,39400,work_career_education,4,work_career_education,channel_latest,_CTnmXlVl08,Why Success Feels Impossible Now,1200,2 months ago,60,598,https://www.youtube.com/watch?v=_CTnmXlVl08
UCpgh3p0dfB73tftHU64PYJA,Mackard,2025-06-24,39400,work_career_education,5,work_career_education,channel_latest,m94UvzBVX74,How AI Fails to Replace Software Engineers,5300,3 months ago,90,636,https://www.youtube.com/watch?v=m94UvzBVX74
UCpgh3p0dfB73tftHU64PYJA,Mackard,2025-06-24,39400,work_career_education,6,work_career_education,channel_latest,k1Rte_Xek1Y,Why No One Wants to Work Anymore,2700,3 months ago,90,482,https://www.youtube.com/watch?v=k1Rte_Xek1Y
UCpgh3p0dfB73tftHU64PYJA,Mackard,2025-06-24,39400,work_career_education,7,work_career_education,channel_latest,TD-niSrSP4g,Why Does the Job Market Feel So Broken?,4200,3 months ago,90,508,https://www.youtube.com/watch?v=TD-niSrSP4g
UCpgh3p0dfB73tftHU64PYJA,Mackard,2025-06-24,39400,work_career_education,8,work_career_education,channel_latest,zBcngQXt6GI,Why Gen Alpha Still Can’t Read,8700,4 months ago,120,612,https://www.youtube.com/watch?v=zBcngQXt6GI
UCpgh3p0dfB73tftHU64PYJA,Mackard,2025-06-24,39400,work_career_education,9,work_career_education,channel_latest,EH7GlCVkRc0,Why Fun Tech Jobs Disappeared,6600,4 months ago,120,493,https://www.youtube.com/watch?v=EH7GlCVkRc0
UCpgh3p0dfB73tftHU64PYJA,Mackard,2025-06-24,39400,work_career_education,10,work_career_education,channel_latest,T_S-0u9rGK4,Why Gen Z is Facing a Job Market Apocalypse,197000,4 months ago,120,484,https://www.youtube.com/watch?v=T_S-0u9rGK4
UCpgh3p0dfB73tftHU64PYJA,Mackard,2025-06-24,39400,work_career_education,11,work_career_education,channel_latest,bNJad6HE23c,Why Replacing Humans with AI is Backfiring,602000,4 months ago,120,481,https://www.youtube.com/watch?v=bNJad6HE23c
UCpgh3p0dfB73tftHU64PYJA,Mackard,2025-06-24,39400,work_career_education,12,work_career_education,channel_latest,f5YoeefpRio,Why the OpenAI Problem is Now OUR Problem,15000,5 months ago,150,508,https://www.youtube.com/watch?v=f5YoeefpRio
UCpgh3p0dfB73tftHU64PYJA,Mackard,2025-06-24,39400,work_career_education,13,work_career_education,channel_latest,9-HffhBSLp4,Why Companies Are Quietly Rehiring the Staff They Fired,205000,5 months ago,150,595,https://www.youtube.com/watch?v=9-HffhBSLp4
UCpgh3p0dfB73tftHU64PYJA,Mackard,2025-06-24,39400,work_career_education,14,work_career_education,channel_latest,Jm5cynWCLqk,Why the Windows 11 Crisis is Driving Users Away,5600,6 months ago,180,481,https://www.youtube.com/watch?v=Jm5cynWCLqk
UCpgh3p0dfB73tftHU64PYJA,Mackard,2025-06-24,39400,work_career_education,15,work_career_education,channel_latest,WfjGZCuxl-U,Why Replacing Developers with AI is Going Horribly Wrong,2800000,6 months ago,180,492,https://www.youtube.com/watch?v=WfjGZCuxl-U
UCpgh3p0dfB73tftHU64PYJA,Mackard,2025-06-24,39400,work_career_education,16,work_career_education,channel_latest,80XErZPQpZk,Why Gen Z is Falling Behind Financially,5800,6 months ago,180,313,https://www.youtube.com/watch?v=80XErZPQpZk
UCpgh3p0dfB73tftHU64PYJA,Mackard,2025-06-24,39400,work_career_education,17,work_career_education,channel_latest,PTPN5m0RXsM,Why AI Is Making Everything More Expensive,2800,7 months ago,210,517,https://www.youtube.com/watch?v=PTPN5m0RXsM
UCpgh3p0dfB73tftHU64PYJA,Mackard,2025-06-24,39400,work_career_education,18,work_career_education,channel_latest,pwPME0SKzkc,Why the Gig Economy Feels Broken,58000,8 months ago,240,483,https://www.youtube.com/watch?v=pwPME0SKzkc
UCpgh3p0dfB73tftHU64PYJA,Mackard,2025-06-24,39400,work_career_education,19,work_career_education,channel_latest,BqMIjh6xh1A,Are We Entering Permanent AI-Driven Unemployment?,2900,8 months ago,240,481,https://www.youtube.com/watch?v=BqMIjh6xh1A
UCpgh3p0dfB73tftHU64PYJA,Mackard,2025-06-24,39400,work_career_education,20,work_career_education,channel_latest,ZqruQJ3B2Ak,Is AI a Threat to the Future of Work?,5500,8 months ago,240,570,https://www.youtube.com/watch?v=ZqruQJ3B2Ak
UCpgh3p0dfB73tftHU64PYJA,Mackard,2025-06-24,39400,work_career_education,21,work_career_education,channel_latest,Tcawo-mBocE,Why is the Job Market on the Brink of Collapse?,422000,9 months ago,270,543,https://www.youtube.com/watch?v=Tcawo-mBocE
UCpgh3p0dfB73tftHU64PYJA,Mackard,2025-06-24,39400,work_career_education,22,work_career_education,channel_latest,A99woCX0JlM,What Does the Future of Machine Learning Actually Look Like?,9500,9 months ago,270,587,https://www.youtube.com/watch?v=A99woCX0JlM
UCpgh3p0dfB73tftHU64PYJA,Mackard,2025-06-24,39400,work_career_education,23,work_career_education,channel_latest,oPiHys7Dwv0,Why Entry Level Jobs Now Need 3-5 Years of Experience?,507000,9 months ago,270,548,https://www.youtube.com/watch?v=oPiHys7Dwv0
UCpgh3p0dfB73tftHU64PYJA,Mackard,2025-06-24,39400,work_career_education,24,work_career_education,channel_latest,XerzK0QNhnM,Why are Tech Layoffs Still Happening?,47000,9 months ago,270,504,https://www.youtube.com/watch?v=XerzK0QNhnM
UCpgh3p0dfB73tftHU64PYJA,Mackard,2025-06-24,39400,work_career_education,25,work_career_education,channel_latest,rXvZ27pMZ1w,Why Even Harvard’s Smartest Graduates Can’t Get a Job Now,653000,9 months ago,270,585,https://www.youtube.com/watch?v=rXvZ27pMZ1w
UCpgh3p0dfB73tftHU64PYJA,Mackard,2025-06-24,39400,work_career_education,26,work_career_education,channel_latest,uyaaHVnUHOs,Why Replacing Humans with AI is a Disaster,259000,10 months ago,300,629,https://www.youtube.com/watch?v=uyaaHVnUHOs
UCpgh3p0dfB73tftHU64PYJA,Mackard,2025-06-24,39400,work_career_education,27,work_career_education,channel_latest,ZWhDUK7kLA0,Quantum Computing: How It Works and Why It Matters,13000,10 months ago,300,978,https://www.youtube.com/watch?v=ZWhDUK7kLA0
UCpgh3p0dfB73tftHU64PYJA,Mackard,2025-06-24,39400,work_career_education,28,work_career_education,channel_latest,4nEXh9Jubpg,The End of H-1B Workers: Is Visa Abuse Over?,9900,10 months ago,300,667,https://www.youtube.com/watch?v=4nEXh9Jubpg
UCpgh3p0dfB73tftHU64PYJA,Mackard,2025-06-24,39400,work_career_education,29,work_career_education,channel_latest,8X548PoxpFM,How Oracle Became AI's Hidden Engine,49000,10 months ago,300,649,https://www.youtube.com/watch?v=8X548PoxpFM
UCpgh3p0dfB73tftHU64PYJA,Mackard,2025-06-24,39400,work_career_education,30,work_career_education,channel_latest,X9v6XmZOCZY,Where Are The Laid Off Tech Workers Going?,97000,11 months ago,330,481,https://www.youtube.com/watch?v=X9v6XmZOCZY
UCvqoIO_6h6xmlSrFOxFNSjA,Prophecy & Stone,2025-06-21,88300,history_civilization,1,history_civilization,channel_latest,dfRclh7MuPI,Third Temple WARNING: Israel’s High Priest Is READY… Daniel’s Prophecy Is Unfolding!,22000,3 days ago,3,810,https://www.youtube.com/watch?v=dfRclh7MuPI
UCvqoIO_6h6xmlSrFOxFNSjA,Prophecy & Stone,2025-06-21,88300,history_civilization,2,history_civilization,channel_latest,VpxYfP8hDhU,Tiny Books OLDER Than Christianity? FOUND In Jordan With a MYSTERIOUS Image Of JESUS!,1400,6 days ago,6,783,https://www.youtube.com/watch?v=VpxYfP8hDhU
UCvqoIO_6h6xmlSrFOxFNSjA,Prophecy & Stone,2025-06-21,88300,history_civilization,3,history_civilization,channel_latest,AA7AtjW2h2o,Something Unexpected Is Unfolding in Jerusalem Right Now!,12000,10 days ago,10,652,https://www.youtube.com/watch?v=AA7AtjW2h2o
UCvqoIO_6h6xmlSrFOxFNSjA,Prophecy & Stone,2025-06-21,88300,history_civilization,4,history_civilization,channel_latest,Rff1tLZf-t8,They Found a Church in Arabia… And It’s Older Than Islam!,162000,13 days ago,13,593,https://www.youtube.com/watch?v=Rff1tLZf-t8
UCvqoIO_6h6xmlSrFOxFNSjA,Prophecy & Stone,2025-06-21,88300,history_civilization,5,history_civilization,channel_latest,s2ycYwBRDwQ,Mass Grave Discovery in Israel SHOCKS the World… The Bible Was Right!,3100,2 weeks ago,14,705,https://www.youtube.com/watch?v=s2ycYwBRDwQ
UCvqoIO_6h6xmlSrFOxFNSjA,Prophecy & Stone,2025-06-21,88300,history_civilization,6,history_civilization,channel_latest,K11bjlMk3ZI,Scientists PANICKING Over New DISCOVERY In Saudi Arabia By Atheists!,27000,3 weeks ago,21,688,https://www.youtube.com/watch?v=K11bjlMk3ZI
UCvqoIO_6h6xmlSrFOxFNSjA,Prophecy & Stone,2025-06-21,88300,history_civilization,7,history_civilization,channel_latest,m3dQ4aIQktQ,Something Strange Is Happening in JERUSALEM... Is This a Sign of Jesus!,5700,4 weeks ago,28,630,https://www.youtube.com/watch?v=m3dQ4aIQktQ
UCvqoIO_6h6xmlSrFOxFNSjA,Prophecy & Stone,2025-06-21,88300,history_civilization,8,history_civilization,channel_latest,PFiLBAmslqk,Ron Wyatt’s Final Interview: Gives Last WARNING To Humanity!,2100,1 month ago,30,622,https://www.youtube.com/watch?v=PFiLBAmslqk
UCvqoIO_6h6xmlSrFOxFNSjA,Prophecy & Stone,2025-06-21,88300,history_civilization,9,history_civilization,channel_latest,LSF-54zEB0Y,BREAKING: The Third Temple Just Moved One Step Closer!,3800,1 month ago,30,692,https://www.youtube.com/watch?v=LSF-54zEB0Y
UCvqoIO_6h6xmlSrFOxFNSjA,Prophecy & Stone,2025-06-21,88300,history_civilization,10,history_civilization,channel_latest,sdrrsuAa4aU,This Pharaoh’s Tomb Contains a Stunning Biblical Clue!,1700,1 month ago,30,680,https://www.youtube.com/watch?v=sdrrsuAa4aU
UCvqoIO_6h6xmlSrFOxFNSjA,Prophecy & Stone,2025-06-21,88300,history_civilization,11,history_civilization,channel_latest,ZYMD3uv3NzE,Rebuilding of the Third Temple in Jerusalem has been Approved!,14000,1 month ago,30,615,https://www.youtube.com/watch?v=ZYMD3uv3NzE
UCvqoIO_6h6xmlSrFOxFNSjA,Prophecy & Stone,2025-06-21,88300,history_civilization,12,history_civilization,channel_latest,rPEvrSGP8qk,Atheists Are STUNNED by What AI Found Inside This Ancient Scroll!,1000,1 month ago,30,675,https://www.youtube.com/watch?v=rPEvrSGP8qk
UCvqoIO_6h6xmlSrFOxFNSjA,Prophecy & Stone,2025-06-21,88300,history_civilization,13,history_civilization,channel_latest,JFUIk4T6mEU,Jerusalem Is Changing Before Our Eyes… Is This What the Bible Foretold?,2300,1 month ago,30,645,https://www.youtube.com/watch?v=JFUIk4T6mEU
UCvqoIO_6h6xmlSrFOxFNSjA,Prophecy & Stone,2025-06-21,88300,history_civilization,14,history_civilization,channel_latest,liZymSUEoCM,They Said There Was NO Evidence for Jesus… Then Archaeologists Found THIS!,44000,1 month ago,30,620,https://www.youtube.com/watch?v=liZymSUEoCM
UCvqoIO_6h6xmlSrFOxFNSjA,Prophecy & Stone,2025-06-21,88300,history_civilization,15,history_civilization,channel_latest,bdJQrbXex64,WARNING: Something Strange Is Happening in Jerusalem Right Now… Is Jesus Returning?,12000,1 month ago,30,665,https://www.youtube.com/watch?v=bdJQrbXex64
UCvqoIO_6h6xmlSrFOxFNSjA,Prophecy & Stone,2025-06-21,88300,history_civilization,16,history_civilization,channel_latest,9UMZRQssc4Y,"Buried for 2,600 Years… The Ancient Silver Scroll Islam Never Expected Christians to Find!",2000,1 month ago,30,649,https://www.youtube.com/watch?v=9UMZRQssc4Y
UCvqoIO_6h6xmlSrFOxFNSjA,Prophecy & Stone,2025-06-21,88300,history_civilization,17,history_civilization,channel_latest,ynYR2eDGyAg,Jesus' Final Warning About the Islamic Beast and Its Kaaba Image!,1000,2 months ago,60,561,https://www.youtube.com/watch?v=ynYR2eDGyAg
UCvqoIO_6h6xmlSrFOxFNSjA,Prophecy & Stone,2025-06-21,88300,history_civilization,18,history_civilization,channel_latest,tyr1wSyoatE,BREAKING NEWS ‼️ Has Zechariah’s Prophecy Begun? The Mount of Olives Is Splitting!,1100,2 months ago,60,581,https://www.youtube.com/watch?v=tyr1wSyoatE
UCvqoIO_6h6xmlSrFOxFNSjA,Prophecy & Stone,2025-06-21,88300,history_civilization,19,history_civilization,channel_latest,lF-exgVOL_M,Atheists PANICKING After This Mysterious Egyptian Papyrus Was Deciphered!,2700,2 months ago,60,582,https://www.youtube.com/watch?v=lF-exgVOL_M
UCvqoIO_6h6xmlSrFOxFNSjA,Prophecy & Stone,2025-06-21,88300,history_civilization,20,history_civilization,channel_latest,kNa5XFIquDs,"The Fallen Angels Are Coming Out"" - The Euphrates Is Drying Up... Is Revelation Unfolding?",1200,2 months ago,60,710,https://www.youtube.com/watch?v=kNa5XFIquDs
UCvqoIO_6h6xmlSrFOxFNSjA,Prophecy & Stone,2025-06-21,88300,history_civilization,21,history_civilization,channel_latest,ZQPz1sOa-bM,A Forgotten Underground Chamber Beneath Jerusalem Was Just Discovered!,1900,3 months ago,90,590,https://www.youtube.com/watch?v=ZQPz1sOa-bM
UCvqoIO_6h6xmlSrFOxFNSjA,Prophecy & Stone,2025-06-21,88300,history_civilization,22,history_civilization,channel_latest,isal7vjq0g4,The Prophecy That SHOCKED the World… Has Now Been FULFILLED In Jerusalem!,3600,4 months ago,120,611,https://www.youtube.com/watch?v=isal7vjq0g4
UCvqoIO_6h6xmlSrFOxFNSjA,Prophecy & Stone,2025-06-21,88300,history_civilization,23,history_civilization,channel_latest,02JNYXkkyO0,Iran Just Made a FATAL MISTAKE... THEY'RE FINISHED!,1400,4 months ago,120,588,https://www.youtube.com/watch?v=02JNYXkkyO0
UCvqoIO_6h6xmlSrFOxFNSjA,Prophecy & Stone,2025-06-21,88300,history_civilization,24,history_civilization,channel_latest,58RokureSJk,This Ancient Stone Says Something Islam Denies!,17000,4 months ago,120,605,https://www.youtube.com/watch?v=58RokureSJk
UCvqoIO_6h6xmlSrFOxFNSjA,Prophecy & Stone,2025-06-21,88300,history_civilization,25,history_civilization,channel_latest,qYKCi1ZcbNg,Why Is the World Suddenly Focused on Jerusalem? The Bible Has an Answer!,4400,4 months ago,120,628,https://www.youtube.com/watch?v=qYKCi1ZcbNg
UCvqoIO_6h6xmlSrFOxFNSjA,Prophecy & Stone,2025-06-21,88300,history_civilization,26,history_civilization,channel_latest,JvMOT6356Ro,Third Temple Update: The Red Heifer Changes Everything!,3000,4 months ago,120,644,https://www.youtube.com/watch?v=JvMOT6356Ro
UCvqoIO_6h6xmlSrFOxFNSjA,Prophecy & Stone,2025-06-21,88300,history_civilization,27,history_civilization,channel_latest,xJVSPOIHeiw,Jerusalem Is Once Again at the Center of the World… Here’s Why It Matters.,21000,4 months ago,120,600,https://www.youtube.com/watch?v=xJVSPOIHeiw
UCvqoIO_6h6xmlSrFOxFNSjA,Prophecy & Stone,2025-06-21,88300,history_civilization,28,history_civilization,channel_latest,TZzAQu5BJtA,They FOUND a Tombstone in Jerusalem… The WARNING on It SHOCKED Everyone!,3000,4 months ago,120,555,https://www.youtube.com/watch?v=TZzAQu5BJtA
UCvqoIO_6h6xmlSrFOxFNSjA,Prophecy & Stone,2025-06-21,88300,history_civilization,29,history_civilization,channel_latest,Xse4l-bIumE,UNBELIEVABLE: This Ancient STONE DESTROYS Islam’s Claim About the Bible!,3800,4 months ago,120,664,https://www.youtube.com/watch?v=Xse4l-bIumE
UCvqoIO_6h6xmlSrFOxFNSjA,Prophecy & Stone,2025-06-21,88300,history_civilization,30,history_civilization,channel_latest,zx4rAxG9IGE,SHOCKING: Jerusalem Events Point To The Second Coming… Are We Ready?,1400,4 months ago,120,582,https://www.youtube.com/watch?v=zx4rAxG9IGE
UCLZyEY5Yj9S3EoxWKiSSh4w,Quera Official,2025-06-20,69300,science_engineering,1,science_engineering,channel_latest,Mqai2tK-xzs,Why Interstellar Feels More Real Than Reality | हिंदी,344000,8 days ago,8,835,https://www.youtube.com/watch?v=Mqai2tK-xzs
UCLZyEY5Yj9S3EoxWKiSSh4w,Quera Official,2025-06-20,69300,science_engineering,2,science_engineering,channel_latest,Rk29kV56MmU,China's Space Master Plan | हिंदी,63000,2 weeks ago,14,825,https://www.youtube.com/watch?v=Rk29kV56MmU
UCLZyEY5Yj9S3EoxWKiSSh4w,Quera Official,2025-06-20,69300,science_engineering,3,science_engineering,channel_latest,md29MGYTdbE,"The $10,000 Quadrillion Asteroid That NASA Is Chasing | हिंदी",31000,3 weeks ago,21,732,https://www.youtube.com/watch?v=md29MGYTdbE
UCLZyEY5Yj9S3EoxWKiSSh4w,Quera Official,2025-06-20,69300,science_engineering,4,science_engineering,channel_latest,Pez0Fe3dB0M,Will an Asteroid Hit Earth in 2028? | हिंदी,55000,1 month ago,30,744,https://www.youtube.com/watch?v=Pez0Fe3dB0M
UCLZyEY5Yj9S3EoxWKiSSh4w,Quera Official,2025-06-20,69300,science_engineering,5,science_engineering,channel_latest,9KCJ_zbDNBo,Planets Which Are Better Than Earth | हिंदी,95000,1 month ago,30,793,https://www.youtube.com/watch?v=9KCJ_zbDNBo
UCLZyEY5Yj9S3EoxWKiSSh4w,Quera Official,2025-06-20,69300,science_engineering,6,science_engineering,channel_latest,BnBPDzIZsU4,How Einstein Proved Newton Was Completely Wrong | हिंदी,29000,1 month ago,30,703,https://www.youtube.com/watch?v=BnBPDzIZsU4
UCLZyEY5Yj9S3EoxWKiSSh4w,Quera Official,2025-06-20,69300,science_engineering,7,science_engineering,channel_latest,PDtwCGbqn7A,Is Time Travel Finally Possible? | हिंदी,477000,1 month ago,30,1062,https://www.youtube.com/watch?v=PDtwCGbqn7A
UCLZyEY5Yj9S3EoxWKiSSh4w,Quera Official,2025-06-20,69300,science_engineering,8,science_engineering,channel_latest,3mmTmcuitKc,Why Do Mars Missions Always Fail? | हिंदी,26000,2 months ago,60,974,https://www.youtube.com/watch?v=3mmTmcuitKc
UCLZyEY5Yj9S3EoxWKiSSh4w,Quera Official,2025-06-20,69300,science_engineering,9,science_engineering,channel_latest,LMSr-zj5cJs,Did we make a mistake giving Voyager to aliens | हिंदी,89000,2 months ago,60,815,https://www.youtube.com/watch?v=LMSr-zj5cJs
UCLZyEY5Yj9S3EoxWKiSSh4w,Quera Official,2025-06-20,69300,science_engineering,10,science_engineering,channel_latest,FWx5_ySQ8dE,Is Pluto Actually Alive? | Part 2 | हिंदी,30000,2 months ago,60,1056,https://www.youtube.com/watch?v=FWx5_ySQ8dE
UCLZyEY5Yj9S3EoxWKiSSh4w,Quera Official,2025-06-20,69300,science_engineering,11,science_engineering,channel_latest,IoMVSltIa9I,Will Earth Survive This Collision | हिंदी,58000,2 months ago,60,648,https://www.youtube.com/watch?v=IoMVSltIa9I
UCLZyEY5Yj9S3EoxWKiSSh4w,Quera Official,2025-06-20,69300,science_engineering,12,science_engineering,channel_latest,7ltpPuI-R7k,What's inside UFO Files? | हिंदी,31000,3 months ago,90,632,https://www.youtube.com/watch?v=7ltpPuI-R7k
UCLZyEY5Yj9S3EoxWKiSSh4w,Quera Official,2025-06-20,69300,science_engineering,13,science_engineering,channel_latest,gIjPjyJU0WI,How Advanced Can Aliens Become? | हिंदी,40000,3 months ago,90,639,https://www.youtube.com/watch?v=gIjPjyJU0WI
UCLZyEY5Yj9S3EoxWKiSSh4w,Quera Official,2025-06-20,69300,science_engineering,14,science_engineering,channel_latest,8sZtecewHrY,Can we Survive on Venus? | हिंदी,122000,3 months ago,90,1267,https://www.youtube.com/watch?v=8sZtecewHrY
UCLZyEY5Yj9S3EoxWKiSSh4w,Quera Official,2025-06-20,69300,science_engineering,15,science_engineering,channel_latest,2oudaV1oMbI,NASA Found Latest Life Signals In Saturn's Moon Enceladus | हिंदी,35000,3 months ago,90,812,https://www.youtube.com/watch?v=2oudaV1oMbI
UCLZyEY5Yj9S3EoxWKiSSh4w,Quera Official,2025-06-20,69300,science_engineering,16,science_engineering,channel_latest,otRWhc_yd7E,Are We Living In A Simulation? | हिंदी,126000,4 months ago,120,1103,https://www.youtube.com/watch?v=otRWhc_yd7E
UCLZyEY5Yj9S3EoxWKiSSh4w,Quera Official,2025-06-20,69300,science_engineering,17,science_engineering,channel_latest,Qbygn5hVuPA,Voyager Into the Void | Part 2 | हिंदी,169000,4 months ago,120,764,https://www.youtube.com/watch?v=Qbygn5hVuPA
UCLZyEY5Yj9S3EoxWKiSSh4w,Quera Official,2025-06-20,69300,science_engineering,18,science_engineering,channel_latest,9STGwS9VcwY,The Reality of Planet 9 | हिंदी,117000,4 months ago,120,634,https://www.youtube.com/watch?v=9STGwS9VcwY
UCLZyEY5Yj9S3EoxWKiSSh4w,Quera Official,2025-06-20,69300,science_engineering,19,science_engineering,channel_latest,AnWkgghYUE4,Was God Actually an Alien? | हिंदी,477000,4 months ago,120,1430,https://www.youtube.com/watch?v=AnWkgghYUE4
UCLZyEY5Yj9S3EoxWKiSSh4w,Quera Official,2025-06-20,69300,science_engineering,20,science_engineering,channel_latest,hF37_OQc4hA,Voyager The 47 Year Old Miracle | Part 1 | हिंदी,374000,4 months ago,120,873,https://www.youtube.com/watch?v=hF37_OQc4hA
UCLZyEY5Yj9S3EoxWKiSSh4w,Quera Official,2025-06-20,69300,science_engineering,21,science_engineering,channel_latest,DB-tD6dleN8,Searching for Life on Titan | हिंदी,87000,5 months ago,150,771,https://www.youtube.com/watch?v=DB-tD6dleN8
UCLZyEY5Yj9S3EoxWKiSSh4w,Quera Official,2025-06-20,69300,science_engineering,22,science_engineering,channel_latest,7rsaqyOyMCk,Pluto The Lost Ninth Planet | हिंदी,2400000,5 months ago,150,823,https://www.youtube.com/watch?v=7rsaqyOyMCk
UCLZyEY5Yj9S3EoxWKiSSh4w,Quera Official,2025-06-20,69300,science_engineering,23,science_engineering,channel_latest,5WeCzUS9ZoA,Can We Survive Mars? | हिंदी,1700000,5 months ago,150,961,https://www.youtube.com/watch?v=5WeCzUS9ZoA
UCLZyEY5Yj9S3EoxWKiSSh4w,Quera Official,2025-06-20,69300,science_engineering,24,science_engineering,channel_latest,CM4pLIHBs_Q,Can Humans Survive Proxima? | हिंदी,457000,5 months ago,150,1030,https://www.youtube.com/watch?v=CM4pLIHBs_Q
UCLZyEY5Yj9S3EoxWKiSSh4w,Quera Official,2025-06-20,69300,science_engineering,25,science_engineering,channel_latest,iwOzoIqiBHU,Moon Colonization by 2050 | हिंदी,474000,6 months ago,180,864,https://www.youtube.com/watch?v=iwOzoIqiBHU
UCLZyEY5Yj9S3EoxWKiSSh4w,Quera Official,2025-06-20,69300,science_engineering,26,science_engineering,channel_latest,SqsLmJXfqRA,He Found Glitch in the Matrix | हिंदी,218000,6 months ago,180,848,https://www.youtube.com/watch?v=SqsLmJXfqRA
UCLZyEY5Yj9S3EoxWKiSSh4w,Quera Official,2025-06-20,69300,science_engineering,27,science_engineering,channel_latest,UQEE8VaADFI,We are Living inside a Blackhole? | हिंदी,56000,6 months ago,180,735,https://www.youtube.com/watch?v=UQEE8VaADFI
UCLZyEY5Yj9S3EoxWKiSSh4w,Quera Official,2025-06-20,69300,science_engineering,28,science_engineering,channel_latest,meGaReHkjN4,This planet change its Colour Everyday | हिंदी,11000,7 months ago,210,482,https://www.youtube.com/watch?v=meGaReHkjN4
UCLZyEY5Yj9S3EoxWKiSSh4w,Quera Official,2025-06-20,69300,science_engineering,29,science_engineering,channel_latest,WeZ_o2HeQjQ,Universe is Made of Something Mysterious | हिंदी,13000,7 months ago,210,541,https://www.youtube.com/watch?v=WeZ_o2HeQjQ
UCLZyEY5Yj9S3EoxWKiSSh4w,Quera Official,2025-06-20,69300,science_engineering,30,science_engineering,channel_latest,snOZsEqYqq8,Have Scientists Discovered a Diamond Planet? | हिंदी,197000,7 months ago,210,608,https://www.youtube.com/watch?v=snOZsEqYqq8
UC16mlRbA6vVaUzDkckHtkGw,Dear Old Blighty,2025-06-20,71700,business_economics,1,business_economics,channel_latest,Wd0pNgfsX4Q,21 British Things That Sound ILLEGAL But Were Totally Real,2800,1 day ago,1,1210,https://www.youtube.com/watch?v=Wd0pNgfsX4Q
UC16mlRbA6vVaUzDkckHtkGw,Dear Old Blighty,2025-06-20,71700,business_economics,2,business_economics,channel_latest,YLKPQG9c_-k,30 Forgotten Cars Your Grandparents Had,1800,2 days ago,2,1386,https://www.youtube.com/watch?v=YLKPQG9c_-k
UC16mlRbA6vVaUzDkckHtkGw,Dear Old Blighty,2025-06-20,71700,business_economics,3,business_economics,channel_latest,FBoSqrhH1-8,21 Things That Are Normal in British Curry House But Nowhere Else,5600,3 days ago,3,998,https://www.youtube.com/watch?v=FBoSqrhH1-8
UC16mlRbA6vVaUzDkckHtkGw,Dear Old Blighty,2025-06-20,71700,business_economics,4,business_economics,channel_latest,LMoTynaT9fc,What Killed Express Dairies: Our Yoghurt We’ll Never Forget,1800,4 days ago,4,1268,https://www.youtube.com/watch?v=LMoTynaT9fc
UC16mlRbA6vVaUzDkckHtkGw,Dear Old Blighty,2025-06-20,71700,business_economics,5,business_economics,channel_latest,nGU7FxuFfM0,30 FILLING Homemade Snacks From 1970s Britain No One Makes Anymore,3300,5 days ago,5,1315,https://www.youtube.com/watch?v=nGU7FxuFfM0
UC16mlRbA6vVaUzDkckHtkGw,Dear Old Blighty,2025-06-20,71700,business_economics,6,business_economics,channel_latest,mjkr3MliTVY,"British Boomer Life Skills, That Are Useless Today",28000,8 days ago,8,1231,https://www.youtube.com/watch?v=mjkr3MliTVY
UC16mlRbA6vVaUzDkckHtkGw,Dear Old Blighty,2025-06-20,71700,business_economics,7,business_economics,channel_latest,bZW19tE8jZs,Brits Were Tougher in the 1970s. Seven Things Changed That,1600,9 days ago,9,1229,https://www.youtube.com/watch?v=bZW19tE8jZs
UC16mlRbA6vVaUzDkckHtkGw,Dear Old Blighty,2025-06-20,71700,business_economics,8,business_economics,channel_latest,TfMfPfG_EnQ,30 Jobs From 1980s Britain Once Necessary Now Completely Obsolete,9000,10 days ago,10,1336,https://www.youtube.com/watch?v=TfMfPfG_EnQ
UC16mlRbA6vVaUzDkckHtkGw,Dear Old Blighty,2025-06-20,71700,business_economics,9,business_economics,channel_latest,zdaWC6WHwAc,21 Pub Features That Are Normal In Britain But Nowhere Else,5200,11 days ago,11,1182,https://www.youtube.com/watch?v=zdaWC6WHwAc
UC16mlRbA6vVaUzDkckHtkGw,Dear Old Blighty,2025-06-20,71700,business_economics,10,business_economics,channel_latest,F8QbN8nJqSg,30 Forgotten Sweets From 1970s Britain,15000,12 days ago,12,1346,https://www.youtube.com/watch?v=F8QbN8nJqSg
UC16mlRbA6vVaUzDkckHtkGw,Dear Old Blighty,2025-06-20,71700,business_economics,11,business_economics,channel_latest,TXQAGpDvW-Q,Back in the 1970s… 100 Things We'll Never See Again,32000,2 weeks ago,14,3545,https://www.youtube.com/watch?v=TXQAGpDvW-Q
UC16mlRbA6vVaUzDkckHtkGw,Dear Old Blighty,2025-06-20,71700,business_economics,12,business_economics,channel_latest,5tj-qxmJadw,21 Garden Features That Are Normal In Britain But Nowhere Else,2100,2 weeks ago,14,1252,https://www.youtube.com/watch?v=5tj-qxmJadw
UC16mlRbA6vVaUzDkckHtkGw,Dear Old Blighty,2025-06-20,71700,business_economics,13,business_economics,channel_latest,k3_RDAG3FZg,30 Things from 1960s Britain Once Necessary Now Completely Obsolete,18000,2 weeks ago,14,1062,https://www.youtube.com/watch?v=k3_RDAG3FZg
UC16mlRbA6vVaUzDkckHtkGw,Dear Old Blighty,2025-06-20,71700,business_economics,14,business_economics,channel_latest,4cv-HM4tPR4,21 Old British Meals That Sound Fake But Were Totally Real,10000,2 weeks ago,14,1265,https://www.youtube.com/watch?v=4cv-HM4tPR4
UC16mlRbA6vVaUzDkckHtkGw,Dear Old Blighty,2025-06-20,71700,business_economics,15,business_economics,channel_latest,RgTZb6HiI3w,The SHOCKING Truth About British Fish & Chip Shops,11000,2 weeks ago,14,1429,https://www.youtube.com/watch?v=RgTZb6HiI3w
UC16mlRbA6vVaUzDkckHtkGw,Dear Old Blighty,2025-06-20,71700,business_economics,16,business_economics,channel_latest,EQ5JLrhmXRI,50 Forgotten Cars From 1960s Britain,90000,3 weeks ago,21,2287,https://www.youtube.com/watch?v=EQ5JLrhmXRI
UC16mlRbA6vVaUzDkckHtkGw,Dear Old Blighty,2025-06-20,71700,business_economics,17,business_economics,channel_latest,ElcfrOqpPhA,21 Things That Are Normal in British Fast Food But Nowhere Else,18000,3 weeks ago,21,1058,https://www.youtube.com/watch?v=ElcfrOqpPhA
UC16mlRbA6vVaUzDkckHtkGw,Dear Old Blighty,2025-06-20,71700,business_economics,18,business_economics,channel_latest,aUulQLqOaRY,1980s Saturday Morning British Cartoons - Nothing Like This Today!,61000,3 weeks ago,21,1256,https://www.youtube.com/watch?v=aUulQLqOaRY
UC16mlRbA6vVaUzDkckHtkGw,Dear Old Blighty,2025-06-20,71700,business_economics,19,business_economics,channel_latest,bhs-7Dvz-yU,80s Britain Were NOTHING Like You Remember - Here's Proof!,10000,3 weeks ago,21,1012,https://www.youtube.com/watch?v=bhs-7Dvz-yU
UC16mlRbA6vVaUzDkckHtkGw,Dear Old Blighty,2025-06-20,71700,business_economics,20,business_economics,channel_latest,DN6tc0J4S1w,30 Things That Are ILLEGAL NOW but Were Normal in 1960s Britain,20000,3 weeks ago,21,1357,https://www.youtube.com/watch?v=DN6tc0J4S1w
UC16mlRbA6vVaUzDkckHtkGw,Dear Old Blighty,2025-06-20,71700,business_economics,21,business_economics,channel_latest,0k7ktFimnUA,30 Forgotten 10 Min Recipes You Could Only Find In British Cookbooks!,29000,4 weeks ago,28,1452,https://www.youtube.com/watch?v=0k7ktFimnUA
UC16mlRbA6vVaUzDkckHtkGw,Dear Old Blighty,2025-06-20,71700,business_economics,22,business_economics,channel_latest,PiZ6EAJDYRc,30 GENIUS British Saving Habits That Have Disappeared,3100,4 weeks ago,28,1401,https://www.youtube.com/watch?v=PiZ6EAJDYRc
UC16mlRbA6vVaUzDkckHtkGw,Dear Old Blighty,2025-06-20,71700,business_economics,23,business_economics,channel_latest,wgH4quAiV8s,What Killed British Coach Holidays? The Summers We'll Never Forget,19000,1 month ago,30,1163,https://www.youtube.com/watch?v=wgH4quAiV8s
UC16mlRbA6vVaUzDkckHtkGw,Dear Old Blighty,2025-06-20,71700,business_economics,24,business_economics,channel_latest,ERYHWgOW86E,30 STRANGE British Foods That Sound Fake But Are Totally Real,2300,1 month ago,30,1493,https://www.youtube.com/watch?v=ERYHWgOW86E
UC16mlRbA6vVaUzDkckHtkGw,Dear Old Blighty,2025-06-20,71700,business_economics,25,business_economics,channel_latest,bQp5cN_iFQE,21 Worst Jobs Only True Brits Remember,1800,1 month ago,30,1288,https://www.youtube.com/watch?v=bQp5cN_iFQE
UC16mlRbA6vVaUzDkckHtkGw,Dear Old Blighty,2025-06-20,71700,business_economics,26,business_economics,channel_latest,BkBeEIUbX3E,British Cars Were Perfect… Until We Let This Happen,15000,1 month ago,30,1183,https://www.youtube.com/watch?v=BkBeEIUbX3E
UC16mlRbA6vVaUzDkckHtkGw,Dear Old Blighty,2025-06-20,71700,business_economics,27,business_economics,channel_latest,mgo8cF1LzX0,30 GENIUS British High Street Features That Have Disappeared,14000,1 month ago,30,1513,https://www.youtube.com/watch?v=mgo8cF1LzX0
UC16mlRbA6vVaUzDkckHtkGw,Dear Old Blighty,2025-06-20,71700,business_economics,28,business_economics,channel_latest,zciBMp5sal0,21 STRANGE British Surnames That Sound Fake But Are Totally Real,1200,1 month ago,30,1190,https://www.youtube.com/watch?v=zciBMp5sal0
UC16mlRbA6vVaUzDkckHtkGw,Dear Old Blighty,2025-06-20,71700,business_economics,29,business_economics,channel_latest,Qb5auaBIvGI,21 Forgotten Grandad Sandwiches  From the 1970s We used to Eat Every Day,5100,1 month ago,30,1189,https://www.youtube.com/watch?v=Qb5auaBIvGI
UC16mlRbA6vVaUzDkckHtkGw,Dear Old Blighty,2025-06-20,71700,business_economics,30,business_economics,channel_latest,SgQQH1qJuMs,30 Things From 1980s Britain Once Necessary Now Completely Obsolete,160000,1 month ago,30,1122,https://www.youtube.com/watch?v=SgQQH1qJuMs
UCFoGLU_SSf812tyOs3XGa_Q,Kee,2025-06-18,217000,psychology_society,1,psychology_society,channel_latest,xDRTeTUzFYU,The Psychology of the Invisible Child,2900,4 weeks ago,28,724,https://www.youtube.com/watch?v=xDRTeTUzFYU
UCFoGLU_SSf812tyOs3XGa_Q,Kee,2025-06-18,217000,psychology_society,2,psychology_society,channel_latest,-qlmREnf-U8,Why Intelligent People Suddenly Disappear From Everyone's Life,6400,1 month ago,30,955,https://www.youtube.com/watch?v=-qlmREnf-U8
UCFoGLU_SSf812tyOs3XGa_Q,Kee,2025-06-18,217000,psychology_society,3,psychology_society,channel_latest,ceKWyRBoKLo,The Psychology of The Man Child,3700,1 month ago,30,1129,https://www.youtube.com/watch?v=ceKWyRBoKLo
UCFoGLU_SSf812tyOs3XGa_Q,Kee,2025-06-18,217000,psychology_society,4,psychology_society,channel_latest,jxsVNXwXBy8,Psychology of People Who Know How To Fix Everything,6500,3 months ago,90,856,https://www.youtube.com/watch?v=jxsVNXwXBy8
UCFoGLU_SSf812tyOs3XGa_Q,Kee,2025-06-18,217000,psychology_society,5,psychology_society,channel_latest,wYH0q0DedII,Psychology of People Who Go Quiet When They're Hurt,8900,4 months ago,120,778,https://www.youtube.com/watch?v=wYH0q0DedII
UCFoGLU_SSf812tyOs3XGa_Q,Kee,2025-06-18,217000,psychology_society,6,psychology_society,channel_latest,tJ0eNMygptU,Psychology of People Who Think Too Much | Psychology explain,6700,4 months ago,120,533,https://www.youtube.com/watch?v=tJ0eNMygptU
UCFoGLU_SSf812tyOs3XGa_Q,Kee,2025-06-18,217000,psychology_society,7,psychology_society,channel_latest,iJEggdah20E,Growing up in a toxic home changes you in ways you don’t noticed,6600,4 months ago,120,585,https://www.youtube.com/watch?v=iJEggdah20E
UCFoGLU_SSf812tyOs3XGa_Q,Kee,2025-06-18,217000,psychology_society,8,psychology_society,channel_latest,g0FltTk3fpw,The Psychology of People Who Easily Forget Names,5300,5 months ago,150,811,https://www.youtube.com/watch?v=g0FltTk3fpw
UCFoGLU_SSf812tyOs3XGa_Q,Kee,2025-06-18,217000,psychology_society,9,psychology_society,channel_latest,B_4vinFoYD0,The Guilt of Outgrowing Others,41000,7 months ago,210,997,https://www.youtube.com/watch?v=B_4vinFoYD0
UCFoGLU_SSf812tyOs3XGa_Q,Kee,2025-06-18,217000,psychology_society,10,psychology_society,channel_latest,8rn77rr4xsA,The Psychology of People Who Cut Everyone Off,27000,7 months ago,210,952,https://www.youtube.com/watch?v=8rn77rr4xsA
UCFoGLU_SSf812tyOs3XGa_Q,Kee,2025-06-18,217000,psychology_society,11,psychology_society,channel_latest,PLOXxLGgsqs,The Psychology of the Undervalued Sibling,12000,7 months ago,210,977,https://www.youtube.com/watch?v=PLOXxLGgsqs
UCFoGLU_SSf812tyOs3XGa_Q,Kee,2025-06-18,217000,psychology_society,12,psychology_society,channel_latest,A7fzOdBd1CQ,The Psychology of People Who Feel Behind in Life,13000,7 months ago,210,1156,https://www.youtube.com/watch?v=A7fzOdBd1CQ
UCFoGLU_SSf812tyOs3XGa_Q,Kee,2025-06-18,217000,psychology_society,13,psychology_society,channel_latest,46HJJyLkslU,The Psychology of People Who Like to Put Others Down,12000,7 months ago,210,903,https://www.youtube.com/watch?v=46HJJyLkslU
UCFoGLU_SSf812tyOs3XGa_Q,Kee,2025-06-18,217000,psychology_society,14,psychology_society,channel_latest,fc74hMveLQI,The Psychology of the Child Who Was Always Compared,5600,8 months ago,240,1052,https://www.youtube.com/watch?v=fc74hMveLQI
UCFoGLU_SSf812tyOs3XGa_Q,Kee,2025-06-18,217000,psychology_society,15,psychology_society,channel_latest,zX_LjrvVRSU,The Psychology of the Child Who Was Never Protected,12000,8 months ago,240,969,https://www.youtube.com/watch?v=zX_LjrvVRSU
UCFoGLU_SSf812tyOs3XGa_Q,Kee,2025-06-18,217000,psychology_society,16,psychology_society,channel_latest,1GhjhQSLaOg,The Psychology of the Emotionally Exhausted Adult,9400,8 months ago,240,945,https://www.youtube.com/watch?v=1GhjhQSLaOg
UCFoGLU_SSf812tyOs3XGa_Q,Kee,2025-06-18,217000,psychology_society,17,psychology_society,channel_latest,J-fgA3NdNA8,The Psychology of People Who Apologize Too Much,7300,8 months ago,240,1263,https://www.youtube.com/watch?v=J-fgA3NdNA8
UCFoGLU_SSf812tyOs3XGa_Q,Kee,2025-06-18,217000,psychology_society,18,psychology_society,channel_latest,W08MrJF6SIk,The Psychology Of People Who Cut Off Their Family,13000,8 months ago,240,1283,https://www.youtube.com/watch?v=W08MrJF6SIk
UCFoGLU_SSf812tyOs3XGa_Q,Kee,2025-06-18,217000,psychology_society,19,psychology_society,channel_latest,y3VVi_6-5WM,Psychology of People Who Feel Invisible in Groups,8300,8 months ago,240,860,https://www.youtube.com/watch?v=y3VVi_6-5WM
UCFoGLU_SSf812tyOs3XGa_Q,Kee,2025-06-18,217000,psychology_society,20,psychology_society,channel_latest,Nb7V2rvLqBs,"If You Have Few Or No Friends, You Probably Have These Traits",11000,8 months ago,240,1365,https://www.youtube.com/watch?v=Nb7V2rvLqBs
UCFoGLU_SSf812tyOs3XGa_Q,Kee,2025-06-18,217000,psychology_society,21,psychology_society,channel_latest,UhCbiCqatUg,The Psychology Of People Who Grew Up In the 1970s,5000,8 months ago,240,1179,https://www.youtube.com/watch?v=UhCbiCqatUg
UCFoGLU_SSf812tyOs3XGa_Q,Kee,2025-06-18,217000,psychology_society,22,psychology_society,channel_latest,WRm_kZZy7e0,The Psychology of the Adult Who Avoids Connection,7300,8 months ago,240,1521,https://www.youtube.com/watch?v=WRm_kZZy7e0
UCFoGLU_SSf812tyOs3XGa_Q,Kee,2025-06-18,217000,psychology_society,23,psychology_society,channel_latest,DYXBr4Ymm_o,The Psychology of People Who Fake Confidence,5800,8 months ago,240,1313,https://www.youtube.com/watch?v=DYXBr4Ymm_o
UCFoGLU_SSf812tyOs3XGa_Q,Kee,2025-06-18,217000,psychology_society,24,psychology_society,channel_latest,TLOcqmHKOgo,The Psychology of People Who Can’t Say No,7700,8 months ago,240,1438,https://www.youtube.com/watch?v=TLOcqmHKOgo
UCFoGLU_SSf812tyOs3XGa_Q,Kee,2025-06-18,217000,psychology_society,25,psychology_society,channel_latest,mRMdU3r8X5g,Your Childhood Shapes Your Entire Life Till The End,9300,8 months ago,240,1119,https://www.youtube.com/watch?v=mRMdU3r8X5g
UCFoGLU_SSf812tyOs3XGa_Q,Kee,2025-06-18,217000,psychology_society,26,psychology_society,channel_latest,dmVVCFyr-3o,The Psychology Of People Who Don’t Post Their Photos,13000,8 months ago,240,1514,https://www.youtube.com/watch?v=dmVVCFyr-3o
UCFoGLU_SSf812tyOs3XGa_Q,Kee,2025-06-18,217000,psychology_society,27,psychology_society,channel_latest,FFlrJe0NXMI,The Psychology Of People Who Hate People,30000,8 months ago,240,1498,https://www.youtube.com/watch?v=FFlrJe0NXMI
UCFoGLU_SSf812tyOs3XGa_Q,Kee,2025-06-18,217000,psychology_society,28,psychology_society,channel_latest,Kf6_R5yzRNw,The Psychology of People Who Have Gone Through Too Much,314000,8 months ago,240,1387,https://www.youtube.com/watch?v=Kf6_R5yzRNw
UCFoGLU_SSf812tyOs3XGa_Q,Kee,2025-06-18,217000,psychology_society,29,psychology_society,channel_latest,xwi5gfFV4hw,The Psychology of the Excluded Child,13000,9 months ago,270,1137,https://www.youtube.com/watch?v=xwi5gfFV4hw
UCFoGLU_SSf812tyOs3XGa_Q,Kee,2025-06-18,217000,psychology_society,30,psychology_society,channel_latest,3jSy7-3UQKw,The Psychology Of People Who Are Always Late,18000,9 months ago,270,1598,https://www.youtube.com/watch?v=3jSy7-3UQKw
UCoKOHg2lt4gHxQ7zS3nRZiQ,Lost American History,2025-06-18,44400,history_civilization,1,history_civilization,channel_latest,I9u_kYposJw,The Hidden Side of Early America: Stories the Textbooks Skipped,10000,5 months ago,150,7969,https://www.youtube.com/watch?v=I9u_kYposJw
UCoKOHg2lt4gHxQ7zS3nRZiQ,Lost American History,2025-06-18,44400,history_civilization,2,history_civilization,channel_latest,v3SwKeQkQP0,Inside American Intelligence: A History of the Secrets Now Public,4600,5 months ago,150,7937,https://www.youtube.com/watch?v=v3SwKeQkQP0
UCoKOHg2lt4gHxQ7zS3nRZiQ,Lost American History,2025-06-18,44400,history_civilization,3,history_civilization,channel_latest,32ta4-_WZ5Q,Civil War Histories: 101 Secrets Buried for Years,13000,5 months ago,150,7812,https://www.youtube.com/watch?v=32ta4-_WZ5Q
UCoKOHg2lt4gHxQ7zS3nRZiQ,Lost American History,2025-06-18,44400,history_civilization,4,history_civilization,channel_latest,PSOyXG7NyBI,Cold Cases of History: 25 Questions Time Never Answered,16000,5 months ago,150,7859,https://www.youtube.com/watch?v=PSOyXG7NyBI
UCoKOHg2lt4gHxQ7zS3nRZiQ,Lost American History,2025-06-18,44400,history_civilization,5,history_civilization,channel_latest,ZHmvhMxSVtk,101 Forbidden Truths About American Freemasonry,4200,5 months ago,150,9285,https://www.youtube.com/watch?v=ZHmvhMxSVtk
UCoKOHg2lt4gHxQ7zS3nRZiQ,Lost American History,2025-06-18,44400,history_civilization,6,history_civilization,channel_latest,1cIOswL-2so,The Curious Eating Habits of American Presidents,7200,5 months ago,150,7331,https://www.youtube.com/watch?v=1cIOswL-2so
UCoKOHg2lt4gHxQ7zS3nRZiQ,Lost American History,2025-06-18,44400,history_civilization,7,history_civilization,channel_latest,Xy6ZlNssCS8,The U.S. Constitution: 99 Secret Stories Behind the Document,62000,5 months ago,150,7765,https://www.youtube.com/watch?v=Xy6ZlNssCS8
UCoKOHg2lt4gHxQ7zS3nRZiQ,Lost American History,2025-06-18,44400,history_civilization,8,history_civilization,channel_latest,BhsGaR4FSXU,40 Forgotten Wars and Conflicts America Fought That Schools Rarely Teach,5600,6 months ago,180,7868,https://www.youtube.com/watch?v=BhsGaR4FSXU
UCoKOHg2lt4gHxQ7zS3nRZiQ,Lost American History,2025-06-18,44400,history_civilization,9,history_civilization,channel_latest,P_J2yYBfla4,The Private Lives of American Presidents | 13 Secrets Revealed,15000,6 months ago,180,7478,https://www.youtube.com/watch?v=P_J2yYBfla4
UCoKOHg2lt4gHxQ7zS3nRZiQ,Lost American History,2025-06-18,44400,history_civilization,10,history_civilization,channel_latest,Fcl3yB5wb-U,Forgotten by Design: 17 Events That Slipped From the Record,53000,6 months ago,180,7730,https://www.youtube.com/watch?v=Fcl3yB5wb-U
UCoKOHg2lt4gHxQ7zS3nRZiQ,Lost American History,2025-06-18,44400,history_civilization,11,history_civilization,channel_latest,kAlcINWtN_8,Crises That Nearly Ended the American Experiment,11000,6 months ago,180,7464,https://www.youtube.com/watch?v=kAlcINWtN_8
UCoKOHg2lt4gHxQ7zS3nRZiQ,Lost American History,2025-06-18,44400,history_civilization,12,history_civilization,channel_latest,Ig1Hxsui2u8,Beneath the Gilded Age:  25 Dark Secrets They Never Taught You in School,5900,6 months ago,180,7980,https://www.youtube.com/watch?v=Ig1Hxsui2u8
UCoKOHg2lt4gHxQ7zS3nRZiQ,Lost American History,2025-06-18,44400,history_civilization,13,history_civilization,channel_latest,IZAvucgRYQI,The Personal Vices of American Presidents (Ranked),14000,6 months ago,180,7184,https://www.youtube.com/watch?v=IZAvucgRYQI
UCoKOHg2lt4gHxQ7zS3nRZiQ,Lost American History,2025-06-18,44400,history_civilization,14,history_civilization,channel_latest,qsx8byzIyP0,How Many Presidents Were Actually Broke When They Died? (Ranked),6900,6 months ago,180,7275,https://www.youtube.com/watch?v=qsx8byzIyP0
UCoKOHg2lt4gHxQ7zS3nRZiQ,Lost American History,2025-06-18,44400,history_civilization,15,history_civilization,channel_latest,ucRimFXCs1I,40 Strange Facts About America in the Roaring Twenties They Never Taught You in School,8000,6 months ago,180,7953,https://www.youtube.com/watch?v=ucRimFXCs1I
UCoKOHg2lt4gHxQ7zS3nRZiQ,Lost American History,2025-06-18,44400,history_civilization,16,history_civilization,channel_latest,mh8eobjA3fo,25 Near-Misses That Almost Ended America,6600,7 months ago,210,6659,https://www.youtube.com/watch?v=mh8eobjA3fo
UCoKOHg2lt4gHxQ7zS3nRZiQ,Lost American History,2025-06-18,44400,history_civilization,17,history_civilization,channel_latest,JqhPot617KA,33 Bold Decisions That Shaped America More Than Wars,28000,7 months ago,210,6876,https://www.youtube.com/watch?v=JqhPot617KA
UCoKOHg2lt4gHxQ7zS3nRZiQ,Lost American History,2025-06-18,44400,history_civilization,18,history_civilization,channel_latest,k5BWEVwL42k,50 Unbelievable U.S. History Coincidences They Never Taught You,5000,7 months ago,210,7273,https://www.youtube.com/watch?v=k5BWEVwL42k
UCoKOHg2lt4gHxQ7zS3nRZiQ,Lost American History,2025-06-18,44400,history_civilization,19,history_civilization,channel_latest,J5DQKreX-GA,99 Most Unknown U.S. President Facts They Never Taught You in School,6500,7 months ago,210,8410,https://www.youtube.com/watch?v=J5DQKreX-GA
UCoKOHg2lt4gHxQ7zS3nRZiQ,Lost American History,2025-06-18,44400,history_civilization,20,history_civilization,channel_latest,a0TaLcOSNc8,Every U.S. President’s Greatest Accomplishment,9500,7 months ago,210,7736,https://www.youtube.com/watch?v=a0TaLcOSNc8
UCoKOHg2lt4gHxQ7zS3nRZiQ,Lost American History,2025-06-18,44400,history_civilization,21,history_civilization,channel_latest,5QHvuyGmHA4,15 U.S. Presidents Who Secretly Hated Being President,8000,7 months ago,210,6550,https://www.youtube.com/watch?v=5QHvuyGmHA4
UCoKOHg2lt4gHxQ7zS3nRZiQ,Lost American History,2025-06-18,44400,history_civilization,22,history_civilization,channel_latest,VyJmWnnYAfQ,40 Decisions Hidden from the Public That Still Shape America Today,25000,7 months ago,210,7550,https://www.youtube.com/watch?v=VyJmWnnYAfQ
UCoKOHg2lt4gHxQ7zS3nRZiQ,Lost American History,2025-06-18,44400,history_civilization,23,history_civilization,channel_latest,Kqbst1qT3G8,15 Powerful Americans Who Secretly Ran the Country,17000,7 months ago,210,6976,https://www.youtube.com/watch?v=Kqbst1qT3G8
UCoKOHg2lt4gHxQ7zS3nRZiQ,Lost American History,2025-06-18,44400,history_civilization,24,history_civilization,channel_latest,Xh9dy-umh_Q,17 U.S. Presidents Nobody Expected to Win — And How They Actually Did,4200,7 months ago,210,6943,https://www.youtube.com/watch?v=Xh9dy-umh_Q
UCoKOHg2lt4gHxQ7zS3nRZiQ,Lost American History,2025-06-18,44400,history_civilization,25,history_civilization,channel_latest,SBvVqF5io9k,100 Moments in US History That Changed Everything Forever,15000,7 months ago,210,8324,https://www.youtube.com/watch?v=SBvVqF5io9k
UCoKOHg2lt4gHxQ7zS3nRZiQ,Lost American History,2025-06-18,44400,history_civilization,26,history_civilization,channel_latest,dJShImHFI1g,15 U.S. Vice Presidents Who Caused More Trouble Than You Realized,31000,7 months ago,210,7197,https://www.youtube.com/watch?v=dJShImHFI1g
UCoKOHg2lt4gHxQ7zS3nRZiQ,Lost American History,2025-06-18,44400,history_civilization,27,history_civilization,channel_latest,6xjysz5ndXc,45 Awkward Moments in U.S. Presidential History You’ve Probably Never Heard About,3700,7 months ago,210,6837,https://www.youtube.com/watch?v=6xjysz5ndXc
UCoKOHg2lt4gHxQ7zS3nRZiQ,Lost American History,2025-06-18,44400,history_civilization,28,history_civilization,channel_latest,lU5JiQ2S7a8,50 Strangest U.S.  Laws That Actually Existed,8000,7 months ago,210,7335,https://www.youtube.com/watch?v=lU5JiQ2S7a8
UCoKOHg2lt4gHxQ7zS3nRZiQ,Lost American History,2025-06-18,44400,history_civilization,29,history_civilization,channel_latest,PzyL2wFoSaE,20 Times the White House Was Caught Completely Unprepared,6200,7 months ago,210,6670,https://www.youtube.com/watch?v=PzyL2wFoSaE
UCoKOHg2lt4gHxQ7zS3nRZiQ,Lost American History,2025-06-18,44400,history_civilization,30,history_civilization,channel_latest,9CVm6rmAypw,The 12 Biggest Lies About US History Everyone Still Believes,13000,7 months ago,210,7266,https://www.youtube.com/watch?v=9CVm6rmAypw
UCzuV3Y_9Bhp1nGLgCd3XkNA,Ammarify,2025-06-16,15300,culture_entertainment,1,culture_entertainment,channel_latest,FGquXzXWGTA,Why YANGO is Failing in Pakistan? | Ammarify,4300,3 months ago,90,483,https://www.youtube.com/watch?v=FGquXzXWGTA
UCzuV3Y_9Bhp1nGLgCd3XkNA,Ammarify,2025-06-16,15300,culture_entertainment,2,culture_entertainment,channel_latest,UDeQiqnpmD0,The Untold Story of Tariq Jameel’s Business Success | Ammarify,2600,4 months ago,120,601,https://www.youtube.com/watch?v=UDeQiqnpmD0
UCzuV3Y_9Bhp1nGLgCd3XkNA,Ammarify,2025-06-16,15300,culture_entertainment,3,culture_entertainment,channel_latest,jyo2uTUXLwg,The Untold Story of Student Biryani | From Street Stall to Global Brand | Ammarify,6200,5 months ago,150,482,https://www.youtube.com/watch?v=jyo2uTUXLwg
UCzuV3Y_9Bhp1nGLgCd3XkNA,Ammarify,2025-06-16,15300,culture_entertainment,4,culture_entertainment,channel_latest,YZQRV90B0BU,The Untold Story of Pakistan’s Hotel King | Sadruddin Hashwani | Ammarify,3400,5 months ago,150,529,https://www.youtube.com/watch?v=YZQRV90B0BU
UCzuV3Y_9Bhp1nGLgCd3XkNA,Ammarify,2025-06-16,15300,culture_entertainment,5,culture_entertainment,channel_latest,gmTJ4CjTgKU,72 Hours That Shook the Middle East! | Iran vs Israel | Ammarify,578,5 months ago,150,547,https://www.youtube.com/watch?v=gmTJ4CjTgKU
UCzuV3Y_9Bhp1nGLgCd3XkNA,Ammarify,2025-06-16,15300,culture_entertainment,6,culture_entertainment,channel_latest,3sx0S_Xjegg,How Saudi Aramco Became the World’s Largest Oil Producer | Ammarify,2000,6 months ago,180,776,https://www.youtube.com/watch?v=3sx0S_Xjegg
UCzuV3Y_9Bhp1nGLgCd3XkNA,Ammarify,2025-06-16,15300,culture_entertainment,7,culture_entertainment,channel_latest,2uURPXLNbms,Why Kurleez Suddenly Disappeared? | The Rise and Fall of Pakistan's Most Famous Snacks | Ammarify,13000,7 months ago,210,543,https://www.youtube.com/watch?v=2uURPXLNbms
UCzuV3Y_9Bhp1nGLgCd3XkNA,Ammarify,2025-06-16,15300,culture_entertainment,8,culture_entertainment,channel_latest,MPQPRsKIHxw,Bhoja Air Flight 213 Tragedy | The Untold Story Behind Bhoja Airlines Downfall | Ammarify,825,7 months ago,210,607,https://www.youtube.com/watch?v=MPQPRsKIHxw
UCzuV3Y_9Bhp1nGLgCd3XkNA,Ammarify,2025-06-16,15300,culture_entertainment,9,culture_entertainment,channel_latest,U8yIZl6uch0,How a Pakistani Built FIFA Footballs | Forward Sports Story | Ammarify,20000,7 months ago,210,885,https://www.youtube.com/watch?v=U8yIZl6uch0
UCzuV3Y_9Bhp1nGLgCd3XkNA,Ammarify,2025-06-16,15300,culture_entertainment,10,culture_entertainment,channel_latest,DdMdLyYkZ-0,Faisal Movers Success Story - How 5 Brothers Built Pakistan's Biggest Transport Empire | Ammarify,139000,8 months ago,240,937,https://www.youtube.com/watch?v=DdMdLyYkZ-0
UCzuV3Y_9Bhp1nGLgCd3XkNA,Ammarify,2025-06-16,15300,culture_entertainment,11,culture_entertainment,channel_latest,L7kBGDaNlyY,Sukkur Rail Disaster 1990 : Pakistan's worst Train Crash Incident | Ammarify,14000,8 months ago,240,512,https://www.youtube.com/watch?v=L7kBGDaNlyY
UCzuV3Y_9Bhp1nGLgCd3XkNA,Ammarify,2025-06-16,15300,culture_entertainment,12,culture_entertainment,channel_latest,gqG2_ZbV8rE,Why Tarang Failed? Inside the Collapse of Pakistan’s No.1 Tea Whitener | Ammarify,50000,8 months ago,240,541,https://www.youtube.com/watch?v=gqG2_ZbV8rE
UCzuV3Y_9Bhp1nGLgCd3XkNA,Ammarify,2025-06-16,15300,culture_entertainment,13,culture_entertainment,channel_latest,010n7saHglA,The Dedicated Downfall of Shaheen Airlines | From National Pride to Crisis | Ammarify,23000,9 months ago,270,693,https://www.youtube.com/watch?v=010n7saHglA
UCzuV3Y_9Bhp1nGLgCd3XkNA,Ammarify,2025-06-16,15300,culture_entertainment,14,culture_entertainment,channel_latest,_nWPjY--z6U,Khaadi: The Story of Pakistan's Biggest Fashion Brand | Ammarify,21000,9 months ago,270,639,https://www.youtube.com/watch?v=_nWPjY--z6U
UCzuV3Y_9Bhp1nGLgCd3XkNA,Ammarify,2025-06-16,15300,culture_entertainment,15,culture_entertainment,channel_latest,rpUr3g78uCQ,How a Pakistani Student Built K&N’s Chicken Brand | The Untold Success Story | Ammarify,140000,9 months ago,270,720,https://www.youtube.com/watch?v=rpUr3g78uCQ
UCzuV3Y_9Bhp1nGLgCd3XkNA,Ammarify,2025-06-16,15300,culture_entertainment,16,culture_entertainment,channel_latest,n_C0rckKhJ4,The Untold Story of Gourmet Foods | How a Small Lahore Bakery Became a Global Brand | Ammarify,6500,9 months ago,270,529,https://www.youtube.com/watch?v=n_C0rckKhJ4
UCzuV3Y_9Bhp1nGLgCd3XkNA,Ammarify,2025-06-16,15300,culture_entertainment,17,culture_entertainment,channel_latest,kDVdRdTsJoA,EBM Peak Freans Success Story – From a Small Factory to Pakistan’s Biscuit Empire | Ammarify,20000,10 months ago,300,608,https://www.youtube.com/watch?v=kDVdRdTsJoA
UCzuV3Y_9Bhp1nGLgCd3XkNA,Ammarify,2025-06-16,15300,culture_entertainment,18,culture_entertainment,channel_latest,MWXPQvxk9VM,Sazgar Motors Success Story - How a Pakistani Company Beat Global Auto Giants | Ammarify,27000,10 months ago,300,563,https://www.youtube.com/watch?v=MWXPQvxk9VM
UCzuV3Y_9Bhp1nGLgCd3XkNA,Ammarify,2025-06-16,15300,culture_entertainment,19,culture_entertainment,channel_latest,ysc1yIR2Y1c,Airblue - The Rise and Fall of Pakistan Most Promising Airline | Ammarify,130000,10 months ago,300,605,https://www.youtube.com/watch?v=ysc1yIR2Y1c
UCzuV3Y_9Bhp1nGLgCd3XkNA,Ammarify,2025-06-16,15300,culture_entertainment,20,culture_entertainment,channel_latest,fWlcBJh24NM,The Untold Story of Junaid Jamshed | From Popstar to Business Icon | Ammarify,464000,10 months ago,300,523,https://www.youtube.com/watch?v=fWlcBJh24NM
UCzuV3Y_9Bhp1nGLgCd3XkNA,Ammarify,2025-06-16,15300,culture_entertainment,21,culture_entertainment,channel_latest,yRDvYuelxJE,Chase Up Success Story - How Bashir Family build 200 Crores Retail Empire | Ammarify,6900,10 months ago,300,421,https://www.youtube.com/watch?v=yRDvYuelxJE
UCzuV3Y_9Bhp1nGLgCd3XkNA,Ammarify,2025-06-16,15300,culture_entertainment,22,culture_entertainment,channel_latest,creHPjp-X7Q,Ronin Success Story - How it Became Pakistan's No.1 Tech Brand | Ammarify,2100,11 months ago,330,556,https://www.youtube.com/watch?v=creHPjp-X7Q
UCzuV3Y_9Bhp1nGLgCd3XkNA,Ammarify,2025-06-16,15300,culture_entertainment,23,culture_entertainment,channel_latest,XP6je5lvql4,How PakWheels Became Pakistan’s No.1 Online Car Marketplace | Ammarify,4500,11 months ago,330,558,https://www.youtube.com/watch?v=XP6je5lvql4
UCzuV3Y_9Bhp1nGLgCd3XkNA,Ammarify,2025-06-16,15300,culture_entertainment,24,culture_entertainment,channel_latest,jMB7IRAwFIE,How Meme Marketing Strategy Build Crumble Cookies Pakistan | Ammarify,3600,11 months ago,330,543,https://www.youtube.com/watch?v=jMB7IRAwFIE
UCzuV3Y_9Bhp1nGLgCd3XkNA,Ammarify,2025-06-16,15300,culture_entertainment,25,culture_entertainment,channel_latest,9E-9r72YMOk,Ali sheikhani - The Boy Who Left Karachi and Built a $600 Million Empire | Ammarify,36000,11 months ago,330,608,https://www.youtube.com/watch?v=9E-9r72YMOk
UCzuV3Y_9Bhp1nGLgCd3XkNA,Ammarify,2025-06-16,15300,culture_entertainment,26,culture_entertainment,channel_latest,mD8iKfrDcIo,Waqar Zaka Success Story | From Pakistani TV Star to Cryptocurrency Millionaire | Ammarify,26000,1 year ago,365,506,https://www.youtube.com/watch?v=mD8iKfrDcIo
UCzuV3Y_9Bhp1nGLgCd3XkNA,Ammarify,2025-06-16,15300,culture_entertainment,27,culture_entertainment,channel_latest,ECoEUQeQ02I,Malik Riaz - The Untold Story of Bahria Town's Rise & Controversies | Ammarify,21000,1 year ago,365,500,https://www.youtube.com/watch?v=ECoEUQeQ02I
UCzuV3Y_9Bhp1nGLgCd3XkNA,Ammarify,2025-06-16,15300,culture_entertainment,28,culture_entertainment,channel_latest,ALTK8e4H5eA,How Imtiaz Abbasi Built Pakistan’s Biggest Superstore Empire | Ammarify,406000,1 year ago,365,482,https://www.youtube.com/watch?v=ALTK8e4H5eA
UCzuV3Y_9Bhp1nGLgCd3XkNA,Ammarify,2025-06-16,15300,culture_entertainment,29,culture_entertainment,channel_latest,qg87hh2viXE,How a Pakistani Built a $3 Billion Company | Careem’s Full Story,5700,1 year ago,365,347,https://www.youtube.com/watch?v=qg87hh2viXE
UCzuV3Y_9Bhp1nGLgCd3XkNA,Ammarify,2025-06-16,15300,culture_entertainment,30,culture_entertainment,channel_latest,_bvCu8vVXuk,The Inspiring Rise of Cola Next 🇵🇰| A Pakistani Brand’s 10-Year Struggle Against Giants! | Ammarify,109000,1 year ago,365,511,https://www.youtube.com/watch?v=_bvCu8vVXuk
UC99tXyh_OHorW4DafgVc3pQ,Animata Historia,2025-06-12,16400,history_reconstruction,1,history_reconstruction,channel_latest,RLcidhpxGvU,"The First Generation EVER Photographed, 1843-1863 | RARE Daguerreotypes Colourized and Reanimated",5900,3 days ago,3,893,https://www.youtube.com/watch?v=RLcidhpxGvU
UC99tXyh_OHorW4DafgVc3pQ,Animata Historia,2025-06-12,16400,history_reconstruction,2,history_reconstruction,channel_latest,mDULHmorwds,"The Great Klondike Gold Rush, 1897-1899 | RARE Historic Photos Colourized and Brought to Life",526,9 days ago,9,1409,https://www.youtube.com/watch?v=mDULHmorwds
UC99tXyh_OHorW4DafgVc3pQ,Animata Historia,2025-06-12,16400,history_reconstruction,3,history_reconstruction,channel_latest,kqaExgSs-So,"REAL Victorian Children Sent to Prison | Newcastle Gaol Police Mugshots, 1870–1873",17000,2 weeks ago,14,987,https://www.youtube.com/watch?v=kqaExgSs-So
UC99tXyh_OHorW4DafgVc3pQ,Animata Historia,2025-06-12,16400,history_reconstruction,4,history_reconstruction,channel_latest,lzwAZWROKZ4,"19th Century People Around the World | RARE Historic Photos from The Carpenter Collection, 1880-1925",1100,3 weeks ago,21,1395,https://www.youtube.com/watch?v=lzwAZWROKZ4
UC99tXyh_OHorW4DafgVc3pQ,Animata Historia,2025-06-12,16400,history_reconstruction,5,history_reconstruction,channel_latest,GM-j0oywAeI,19th Century New York Street Life | RARE Alice Austen Photos Colourized and Brought to Life,3600,4 weeks ago,28,1528,https://www.youtube.com/watch?v=GM-j0oywAeI
UC99tXyh_OHorW4DafgVc3pQ,Animata Historia,2025-06-12,16400,history_reconstruction,6,history_reconstruction,channel_latest,DjSS4G7m63o,Everyday Life During World War One | Rare Photographs Colourised and Brought to Life,7800,2 months ago,60,1401,https://www.youtube.com/watch?v=DjSS4G7m63o
UC99tXyh_OHorW4DafgVc3pQ,Animata Historia,2025-06-12,16400,history_reconstruction,7,history_reconstruction,channel_latest,oOKHVVUepIQ,"Real Village Life 120 Years Ago | Rare Photos of 1900s Brittany, France Brought to Life",8600,2 months ago,60,2002,https://www.youtube.com/watch?v=oOKHVVUepIQ
UC99tXyh_OHorW4DafgVc3pQ,Animata Historia,2025-06-12,16400,history_reconstruction,8,history_reconstruction,channel_latest,TlKuIhnI6RM,Rural Life in Victorian England | P.H. Emerson Photographs Brought to Life,18000,2 months ago,60,1243,https://www.youtube.com/watch?v=TlKuIhnI6RM
UC99tXyh_OHorW4DafgVc3pQ,Animata Historia,2025-06-12,16400,history_reconstruction,9,history_reconstruction,channel_latest,ghFCFs0U-Yk,How Victorian England Looked in the 1890s | Rare Colour Postcards Brought to Life,9700,2 months ago,60,1501,https://www.youtube.com/watch?v=ghFCFs0U-Yk
UC99tXyh_OHorW4DafgVc3pQ,Animata Historia,2025-06-12,16400,history_reconstruction,10,history_reconstruction,channel_latest,G-Cfhk-PYPQ,Life in England in the 1920s | Rare Colour Photographs from National Geographic Magazine,109000,3 months ago,90,1181,https://www.youtube.com/watch?v=G-Cfhk-PYPQ
UC99tXyh_OHorW4DafgVc3pQ,Animata Historia,2025-06-12,16400,history_reconstruction,11,history_reconstruction,channel_latest,3NZV7Cbeamw,Undercover in Victorian London’s East End Slums | Jack London's Photos of 'The People of the Abyss',37000,3 months ago,90,1359,https://www.youtube.com/watch?v=3NZV7Cbeamw
UC99tXyh_OHorW4DafgVc3pQ,Animata Historia,2025-06-12,16400,history_reconstruction,12,history_reconstruction,channel_latest,mokq6Rtpehs,Real London Street Life in the 1920s | Rare Donald McLeish Photos of Interwar London (1926–1927),34000,3 months ago,90,1398,https://www.youtube.com/watch?v=mokq6Rtpehs
UC99tXyh_OHorW4DafgVc3pQ,Animata Historia,2025-06-12,16400,history_reconstruction,13,history_reconstruction,channel_latest,rOSrRvNrksQ,Victorian London’s Poorest Children | Life in the East End Slums of Spitalfields,60000,4 months ago,120,1351,https://www.youtube.com/watch?v=rOSrRvNrksQ
UC99tXyh_OHorW4DafgVc3pQ,Animata Historia,2025-06-12,16400,history_reconstruction,14,history_reconstruction,channel_latest,pZpW4J3Qxs4,"Victorians Secretly Caught on Camera, 1893–1897 | Carl Størmer's Hidden Camera Street Photography",42000,4 months ago,120,720,https://www.youtube.com/watch?v=pZpW4J3Qxs4
UC99tXyh_OHorW4DafgVc3pQ,Animata Historia,2025-06-12,16400,history_reconstruction,15,history_reconstruction,channel_latest,c68HRydH8ms,Victorian London Street Life 1892-1896 | Rare Candid Paul Martin Photographs Colourized & Reanimated,195000,5 months ago,150,733,https://www.youtube.com/watch?v=c68HRydH8ms
UC99tXyh_OHorW4DafgVc3pQ,Animata Historia,2025-06-12,16400,history_reconstruction,16,history_reconstruction,channel_latest,H1vDpb6sUHw,Rare Mugshots of Australian Criminals & Gangsters in the 1920s | Reanimated with AI,1300,5 months ago,150,805,https://www.youtube.com/watch?v=H1vDpb6sUHw
UC99tXyh_OHorW4DafgVc3pQ,Animata Historia,2025-06-12,16400,history_reconstruction,17,history_reconstruction,channel_latest,yTrPkdW_xSI,"The First People EVER Photographed Brought to Life | Rare Mathew Brady Daguerreotypes, 1844-1860",2700,5 months ago,150,955,https://www.youtube.com/watch?v=yTrPkdW_xSI
UC99tXyh_OHorW4DafgVc3pQ,Animata Historia,2025-06-12,16400,history_reconstruction,18,history_reconstruction,channel_latest,-BRg-tLRTF4,"The First Artists Ever Photographed Part Two | Van Gogh, Renoir, Munch, Matisse, Klimt and Cezanne",2400,6 months ago,180,1096,https://www.youtube.com/watch?v=-BRg-tLRTF4
UC99tXyh_OHorW4DafgVc3pQ,Animata Historia,2025-06-12,16400,history_reconstruction,19,history_reconstruction,channel_latest,PDgKhY4p9xE,"The First Artists Ever Photographed | Monet, Turner, Courbet, Waterhouse, Millais and Manet",1800,6 months ago,180,1067,https://www.youtube.com/watch?v=PDgKhY4p9xE
UC99tXyh_OHorW4DafgVc3pQ,Animata Historia,2025-06-12,16400,history_reconstruction,20,history_reconstruction,channel_latest,wKDQU7BHvSw,What Victorians REALLY Wore in the 1800s | Colourized and Reanimated Vintage Photographs,11000,6 months ago,180,1308,https://www.youtube.com/watch?v=wKDQU7BHvSw
UC99tXyh_OHorW4DafgVc3pQ,Animata Historia,2025-06-12,16400,history_reconstruction,21,history_reconstruction,channel_latest,gwYTwoP8Ol4,The Oldest Generation Ever Photographed | Authentic Daguerreotypes of People Born in the 1700s,70000,6 months ago,180,958,https://www.youtube.com/watch?v=gwYTwoP8Ol4
UC99tXyh_OHorW4DafgVc3pQ,Animata Historia,2025-06-12,16400,history_reconstruction,22,history_reconstruction,channel_latest,kxwILjb_rTs,The Harsh Reality of the GREAT DEPRESSION | Life in the Dust Bowl in 1930s America,11000,7 months ago,210,1789,https://www.youtube.com/watch?v=kxwILjb_rTs
UC99tXyh_OHorW4DafgVc3pQ,Animata Historia,2025-06-12,16400,history_reconstruction,23,history_reconstruction,channel_latest,n6gHYf_XUbQ,"Lost Jobs of the Past | Human Radar, Knocker-Uppers, Chimney Sweeps, Milkmen and Ice Workers",1700,7 months ago,210,1237,https://www.youtube.com/watch?v=n6gHYf_XUbQ
UC99tXyh_OHorW4DafgVc3pQ,Animata Historia,2025-06-12,16400,history_reconstruction,24,history_reconstruction,channel_latest,GNItvAEl3RQ,The First Colour Photographs in History | The Oldest Autochromes in the World Vol. 3,9100,7 months ago,210,1107,https://www.youtube.com/watch?v=GNItvAEl3RQ
UC99tXyh_OHorW4DafgVc3pQ,Animata Historia,2025-06-12,16400,history_reconstruction,25,history_reconstruction,channel_latest,98FmkqFOcXM,"REAL Child Criminals in VICTORIAN LONDON | Police Mugshots from Wandsworth Prison, December 1872",44000,8 months ago,240,1267,https://www.youtube.com/watch?v=98FmkqFOcXM
UC99tXyh_OHorW4DafgVc3pQ,Animata Historia,2025-06-12,16400,history_reconstruction,26,history_reconstruction,channel_latest,vsfTaWg6At8,How Bad Were the SLUMS of NEW YORK? The 19th Century Photography of Jacob Riis,127000,8 months ago,240,1165,https://www.youtube.com/watch?v=vsfTaWg6At8
UC99tXyh_OHorW4DafgVc3pQ,Animata Historia,2025-06-12,16400,history_reconstruction,27,history_reconstruction,channel_latest,QzmZ5JV-osM,The Truth Behind the Legendary Wild West Outlaws | How Wild Were They REALLY?,12000,8 months ago,240,1150,https://www.youtube.com/watch?v=QzmZ5JV-osM
UC99tXyh_OHorW4DafgVc3pQ,Animata Historia,2025-06-12,16400,history_reconstruction,28,history_reconstruction,channel_latest,LIikqZU0w0E,The First Ellis Island Immigrants of New York (1892-1914),3000,9 months ago,270,888,https://www.youtube.com/watch?v=LIikqZU0w0E
UC99tXyh_OHorW4DafgVc3pQ,Animata Historia,2025-06-12,16400,history_reconstruction,29,history_reconstruction,channel_latest,DY3taOB5X2s,Forgotten Stars of the Silent Film Era | A Tribute to the Female Actors of the Early 1900s,3500,9 months ago,270,1002,https://www.youtube.com/watch?v=DY3taOB5X2s
UC99tXyh_OHorW4DafgVc3pQ,Animata Historia,2025-06-12,16400,history_reconstruction,30,history_reconstruction,channel_latest,FIGX1mqb91k,The Origins of Halloween | Vintage Halloween Costumes and Traditions from the 1900s,1000,9 months ago,270,945,https://www.youtube.com/watch?v=FIGX1mqb91k
UCYoTbrSPXlwRMh8SEopZ1-g,History on a Fork,2025-06-06,112000,everyday_history,1,everyday_history,channel_latest,9GrcLvvxAZ0,I Cooked 250 Years of 4th of July Food,56000,1 month ago,30,739,https://www.youtube.com/watch?v=9GrcLvvxAZ0
UCYoTbrSPXlwRMh8SEopZ1-g,History on a Fork,2025-06-06,112000,everyday_history,2,everyday_history,channel_latest,DUHmIItI430,I Cooked 250 Years of US Army Food,587000,2 months ago,60,1285,https://www.youtube.com/watch?v=DUHmIItI430
UCYoTbrSPXlwRMh8SEopZ1-g,History on a Fork,2025-06-06,112000,everyday_history,3,everyday_history,channel_latest,rJssbYREf2E,Why Mussolini HATED His Last Meal,126000,5 months ago,150,1011,https://www.youtube.com/watch?v=rJssbYREf2E
UCYoTbrSPXlwRMh8SEopZ1-g,History on a Fork,2025-06-06,112000,everyday_history,4,everyday_history,channel_latest,3eSIlZGPMoQ,Did Stalin’s Last Meal Kill Him?,46000,6 months ago,180,852,https://www.youtube.com/watch?v=3eSIlZGPMoQ
UCYoTbrSPXlwRMh8SEopZ1-g,History on a Fork,2025-06-06,112000,everyday_history,5,everyday_history,channel_latest,MDOqaGc8ekU,What Did Thomas Jefferson Eat? 5 Real Foods.,6600,11 months ago,330,701,https://www.youtube.com/watch?v=MDOqaGc8ekU
UCYoTbrSPXlwRMh8SEopZ1-g,History on a Fork,2025-06-06,112000,everyday_history,6,everyday_history,channel_latest,67B3k8qaMuY,What Did George Washington Eat? 5 Real Foods.,9300,11 months ago,330,827,https://www.youtube.com/watch?v=67B3k8qaMuY
UCZmv8aMKJ_NyS5uFJK_R8lg,Dabby,2025-06-05,73500,practical_lifestyle,1,practical_lifestyle,channel_latest,WCSgShORMj0,ALL OF FASTING in 9 Minutes (No BS),5500,4 weeks ago,28,541,https://www.youtube.com/watch?v=WCSgShORMj0
UCZmv8aMKJ_NyS5uFJK_R8lg,Dabby,2025-06-05,73500,practical_lifestyle,2,practical_lifestyle,channel_latest,piVhAJDWVzM,100 Hours Researching PRODUCTIVITY COMPOUNDS in 8 Minutes. F*ck It,10000,2 months ago,60,482,https://www.youtube.com/watch?v=piVhAJDWVzM
UCZmv8aMKJ_NyS5uFJK_R8lg,Dabby,2025-06-05,73500,practical_lifestyle,3,practical_lifestyle,channel_latest,QmpK2FQ5CdU,5 habits for perfect sleep (actually easy),5800,2 months ago,60,449,https://www.youtube.com/watch?v=QmpK2FQ5CdU
UCZmv8aMKJ_NyS5uFJK_R8lg,Dabby,2025-06-05,73500,practical_lifestyle,4,practical_lifestyle,channel_latest,gmONp0vsw1Y,Your Brain Is Shrinking. Here's Why.,50000,3 months ago,90,94,https://www.youtube.com/watch?v=gmONp0vsw1Y
UCZmv8aMKJ_NyS5uFJK_R8lg,Dabby,2025-06-05,73500,practical_lifestyle,5,practical_lifestyle,channel_latest,gx2R81MkvsI,Biology of Hair Loss Nobody Talks About,8000,4 months ago,120,550,https://www.youtube.com/watch?v=gx2R81MkvsI
UCZmv8aMKJ_NyS5uFJK_R8lg,Dabby,2025-06-05,73500,practical_lifestyle,6,practical_lifestyle,channel_latest,C9WQoD_zWEU,Every Major HORMONES Explained in 8 Minutes (No BS),22000,5 months ago,150,512,https://www.youtube.com/watch?v=C9WQoD_zWEU
UCZmv8aMKJ_NyS5uFJK_R8lg,Dabby,2025-06-05,73500,practical_lifestyle,7,practical_lifestyle,channel_latest,3YnNhLdUfKk,The Science of Every FAT LOSS Method (No BS),17000,6 months ago,180,789,https://www.youtube.com/watch?v=3YnNhLdUfKk
UCZmv8aMKJ_NyS5uFJK_R8lg,Dabby,2025-06-05,73500,practical_lifestyle,8,practical_lifestyle,channel_latest,QVgeB5iWcBc,ALL OF NUTRITION SCIENCE in 13 Minutes (No BS),2100000,7 months ago,210,784,https://www.youtube.com/watch?v=QVgeB5iWcBc
UCZmv8aMKJ_NyS5uFJK_R8lg,Dabby,2025-06-05,73500,practical_lifestyle,9,practical_lifestyle,channel_latest,bMs4OTdra5A,Gut Health Explained in 5 minutes (No BS),370000,8 months ago,240,312,https://www.youtube.com/watch?v=bMs4OTdra5A
UCZmv8aMKJ_NyS5uFJK_R8lg,Dabby,2025-06-05,73500,practical_lifestyle,10,practical_lifestyle,channel_latest,YW_8Lxzp6Po,The Truth About Every FAT You Eat (in 5 Minutes),35000,9 months ago,270,325,https://www.youtube.com/watch?v=YW_8Lxzp6Po
UCZmv8aMKJ_NyS5uFJK_R8lg,Dabby,2025-06-05,73500,practical_lifestyle,11,practical_lifestyle,channel_latest,XjtEyG-lxaE,Protein Explained in 3 Minutes,15000,9 months ago,270,228,https://www.youtube.com/watch?v=XjtEyG-lxaE
UCZmv8aMKJ_NyS5uFJK_R8lg,Dabby,2025-06-05,73500,practical_lifestyle,12,practical_lifestyle,channel_latest,kmyOY3tjtgY,Every Essential MINERAL Explained in 8 Minutes (No BS),779000,10 months ago,300,493,https://www.youtube.com/watch?v=kmyOY3tjtgY
UCZmv8aMKJ_NyS5uFJK_R8lg,Dabby,2025-06-05,73500,practical_lifestyle,13,practical_lifestyle,channel_latest,Z85ShOxiP7k,How risky could one beer be?,12000,10 months ago,300,339,https://www.youtube.com/watch?v=Z85ShOxiP7k
UCZmv8aMKJ_NyS5uFJK_R8lg,Dabby,2025-06-05,73500,practical_lifestyle,14,practical_lifestyle,channel_latest,bYfZ5k83msg,What Happens When You QUIT SUGAR ?,19000,11 months ago,330,225,https://www.youtube.com/watch?v=bYfZ5k83msg
UCZmv8aMKJ_NyS5uFJK_R8lg,Dabby,2025-06-05,73500,practical_lifestyle,15,practical_lifestyle,channel_latest,5aqUpmk6X6A,How ChatGPT actually works??? (Simplified),6800,11 months ago,330,287,https://www.youtube.com/watch?v=5aqUpmk6X6A
UCZmv8aMKJ_NyS5uFJK_R8lg,Dabby,2025-06-05,73500,practical_lifestyle,16,practical_lifestyle,channel_latest,6oSVj9IYjBM,Every Vitamin Explained in 5 Minutes (No BS),154000,11 months ago,330,313,https://www.youtube.com/watch?v=6oSVj9IYjBM
UCt8F7pkSZK56hWBHWZLzQVw,Mike's POV History,2025-05-25,13600,history_reconstruction,1,history_reconstruction,channel_latest,TtSAu70V_G8,Are These The Best Images Of 17th Century Britain?,337,2 days ago,2,561,https://www.youtube.com/watch?v=TtSAu70V_G8
UCt8F7pkSZK56hWBHWZLzQVw,Mike's POV History,2025-05-25,13600,history_reconstruction,2,history_reconstruction,channel_latest,moOxn_G9Lbs,Why The Colosseum Survived For 2000 Years,268,10 days ago,10,722,https://www.youtube.com/watch?v=moOxn_G9Lbs
UCt8F7pkSZK56hWBHWZLzQVw,Mike's POV History,2025-05-25,13600,history_reconstruction,3,history_reconstruction,channel_latest,AmzKqlZluqI,The Real History Behind Every Monster in the Odyssey,847,4 weeks ago,28,1081,https://www.youtube.com/watch?v=AmzKqlZluqI
UCt8F7pkSZK56hWBHWZLzQVw,Mike's POV History,2025-05-25,13600,history_reconstruction,4,history_reconstruction,channel_latest,Ls8vALd1J9Y,Pompeii | Inside the Best Preserved Roman City (AI Reconstruction),1800,1 month ago,30,1451,https://www.youtube.com/watch?v=Ls8vALd1J9Y
UCt8F7pkSZK56hWBHWZLzQVw,Mike's POV History,2025-05-25,13600,history_reconstruction,5,history_reconstruction,channel_latest,TVnyiiB4hHg,17th Century London | The City Before Disaster,952,1 month ago,30,1995,https://www.youtube.com/watch?v=TVnyiiB4hHg
UCt8F7pkSZK56hWBHWZLzQVw,Mike's POV History,2025-05-25,13600,history_reconstruction,6,history_reconstruction,channel_latest,8Fm2E7aPliU,The Entire History of Edinburgh (AI Reconstruction),2900,1 month ago,30,2205,https://www.youtube.com/watch?v=8Fm2E7aPliU
UCt8F7pkSZK56hWBHWZLzQVw,Mike's POV History,2025-05-25,13600,history_reconstruction,7,history_reconstruction,channel_latest,AlF2WjV70lM,The Entire History of Liverpool (AI Reconstruction),1300,2 months ago,60,1864,https://www.youtube.com/watch?v=AlF2WjV70lM
UCt8F7pkSZK56hWBHWZLzQVw,Mike's POV History,2025-05-25,13600,history_reconstruction,8,history_reconstruction,channel_latest,BhrKUf-C36A,The Roman Britain You Never See,12000,3 months ago,90,1685,https://www.youtube.com/watch?v=BhrKUf-C36A
UCt8F7pkSZK56hWBHWZLzQVw,Mike's POV History,2025-05-25,13600,history_reconstruction,9,history_reconstruction,channel_latest,zqscOuf6BZs,The Entire History of Chester (AI Reconstruction),79000,3 months ago,90,2428,https://www.youtube.com/watch?v=zqscOuf6BZs
UCt8F7pkSZK56hWBHWZLzQVw,Mike's POV History,2025-05-25,13600,history_reconstruction,10,history_reconstruction,channel_latest,JUXXZ-Qc6hk,When Pirates Ruled: Inside the Golden Age of Piracy,1400,4 months ago,120,1498,https://www.youtube.com/watch?v=JUXXZ-Qc6hk
UCt8F7pkSZK56hWBHWZLzQVw,Mike's POV History,2025-05-25,13600,history_reconstruction,11,history_reconstruction,channel_latest,k4bH2fAXFZo,Tudor Palaces That Vanished From History,39000,4 months ago,120,1117,https://www.youtube.com/watch?v=k4bH2fAXFZo
UCt8F7pkSZK56hWBHWZLzQVw,Mike's POV History,2025-05-25,13600,history_reconstruction,12,history_reconstruction,channel_latest,efjxR_xOYf8,The Entire History of Kingston Upon Hull (AI Reconstruction),88000,4 months ago,120,1594,https://www.youtube.com/watch?v=efjxR_xOYf8
UCt8F7pkSZK56hWBHWZLzQVw,Mike's POV History,2025-05-25,13600,history_reconstruction,13,history_reconstruction,channel_latest,HQo0fbAzdAg,The Rise and Fall of Roman Britain (AI Reconstruction),190000,5 months ago,150,1833,https://www.youtube.com/watch?v=HQo0fbAzdAg
UCt8F7pkSZK56hWBHWZLzQVw,Mike's POV History,2025-05-25,13600,history_reconstruction,14,history_reconstruction,channel_latest,ADPZFem9BDg,Victorian Nottingham Reconstructed — See the City Transform Before Your Eyes,72000,5 months ago,150,1721,https://www.youtube.com/watch?v=ADPZFem9BDg
UCt8F7pkSZK56hWBHWZLzQVw,Mike's POV History,2025-05-25,13600,history_reconstruction,15,history_reconstruction,channel_latest,ZiAW3TCO5Ic,London Docklands 1800s (AI Reconstruction) | How Trade Built an Empire,2100,6 months ago,180,1549,https://www.youtube.com/watch?v=ZiAW3TCO5Ic
UCt8F7pkSZK56hWBHWZLzQVw,Mike's POV History,2025-05-25,13600,history_reconstruction,16,history_reconstruction,channel_latest,zU0GyqSVHPk,San Francisco 1906 Earthquake | Before and After the Disaster,3200,6 months ago,180,657,https://www.youtube.com/watch?v=zU0GyqSVHPk
UCt8F7pkSZK56hWBHWZLzQVw,Mike's POV History,2025-05-25,13600,history_reconstruction,17,history_reconstruction,channel_latest,RCgoTapNV3w,Step Inside 19th Century Istanbul (AI Reconstruction),22000,6 months ago,180,1020,https://www.youtube.com/watch?v=RCgoTapNV3w
UCt8F7pkSZK56hWBHWZLzQVw,Mike's POV History,2025-05-25,13600,history_reconstruction,18,history_reconstruction,channel_latest,I7mptbfN2zE,Hadrian's Wall AI Reconstruction | Inside Roman Britain's Greatest Fortress,507000,7 months ago,210,657,https://www.youtube.com/watch?v=I7mptbfN2zE
UCt8F7pkSZK56hWBHWZLzQVw,Mike's POV History,2025-05-25,13600,history_reconstruction,19,history_reconstruction,channel_latest,CoTI_54XScA,York 1700s: How an English City Worked Before Industry (AI Reconstruction),38000,7 months ago,210,861,https://www.youtube.com/watch?v=CoTI_54XScA
UCt8F7pkSZK56hWBHWZLzQVw,Mike's POV History,2025-05-25,13600,history_reconstruction,20,history_reconstruction,channel_latest,6CB95Vr5tYc,Birmingham 1800s: Britain’s Industrial Engine (AI Reconstruction),77000,7 months ago,210,1063,https://www.youtube.com/watch?v=6CB95Vr5tYc
UCt8F7pkSZK56hWBHWZLzQVw,Mike's POV History,2025-05-25,13600,history_reconstruction,21,history_reconstruction,channel_latest,O3yOLoVrr1Q,Manchester 1850s: Britain's Workshop (AI Reconstruction),188000,7 months ago,210,759,https://www.youtube.com/watch?v=O3yOLoVrr1Q
UCt8F7pkSZK56hWBHWZLzQVw,Mike's POV History,2025-05-25,13600,history_reconstruction,22,history_reconstruction,channel_latest,2Khdh7qzkd0,London 1800s (AI Reconstruction),79000,8 months ago,240,563,https://www.youtube.com/watch?v=2Khdh7qzkd0
UCAksyQw6LlPRw-rYhEPADMA,First Humans ,2025-05-24,36300,science_engineering,1,science_engineering,channel_latest,Lmm973lUiEs,`King Richard III and the Princes in the Tower Mystery Finally Solved After 540 Years`,2600,17 hours ago,0,537,https://www.youtube.com/watch?v=Lmm973lUiEs
UCAksyQw6LlPRw-rYhEPADMA,First Humans ,2025-05-24,36300,science_engineering,2,science_engineering,channel_latest,SEgmd9eqGAI,The Amelia Earhart Mystery Solved - With Proof,127000,4 days ago,4,895,https://www.youtube.com/watch?v=SEgmd9eqGAI
UCAksyQw6LlPRw-rYhEPADMA,First Humans ,2025-05-24,36300,science_engineering,3,science_engineering,channel_latest,WIUfIcDpHF4,The Roanoke Colony Mystery Finally Solved — With Proof,27000,7 days ago,7,651,https://www.youtube.com/watch?v=WIUfIcDpHF4
UCAksyQw6LlPRw-rYhEPADMA,First Humans ,2025-05-24,36300,science_engineering,4,science_engineering,channel_latest,0X6MxjN2YC4,The Dyatlov Pass Mystery Solved - With Proof,488000,2 weeks ago,14,965,https://www.youtube.com/watch?v=0X6MxjN2YC4
UCAksyQw6LlPRw-rYhEPADMA,First Humans ,2025-05-24,36300,science_engineering,5,science_engineering,channel_latest,CA7xOTBDL3s,"The Ramesses Mystery Solved - After 3,000 Years",63000,1 month ago,30,481,https://www.youtube.com/watch?v=CA7xOTBDL3s
UCAksyQw6LlPRw-rYhEPADMA,First Humans ,2025-05-24,36300,science_engineering,6,science_engineering,channel_latest,7k_awsfDYss,AI Just Solved the Alcatraz Escape After 64 Years — With Proof,1100000,1 month ago,30,576,https://www.youtube.com/watch?v=7k_awsfDYss
UCAksyQw6LlPRw-rYhEPADMA,First Humans ,2025-05-24,36300,science_engineering,7,science_engineering,channel_latest,HkHusM-KtI8,The Baltic Sea Anomaly Mystery Solved - With Proof,260000,1 month ago,30,524,https://www.youtube.com/watch?v=HkHusM-KtI8
UCAksyQw6LlPRw-rYhEPADMA,First Humans ,2025-05-24,36300,science_engineering,8,science_engineering,channel_latest,XHyWDzBCQi8,"Scientists Opened a Cave Sealed for 40,000 Years — What Was Inside Rewrites History",53000,1 month ago,30,483,https://www.youtube.com/watch?v=XHyWDzBCQi8
UCAksyQw6LlPRw-rYhEPADMA,First Humans ,2025-05-24,36300,science_engineering,9,science_engineering,channel_latest,xhLpoONXVHc,Scientists Finally Solved The Napoleon Mummification Mystery,3700,1 month ago,30,523,https://www.youtube.com/watch?v=xhLpoONXVHc
UCAksyQw6LlPRw-rYhEPADMA,First Humans ,2025-05-24,36300,science_engineering,10,science_engineering,channel_latest,cUjzWq9UPBk,Scientists Finally Reveal What Tesla Built Beneath Wardenclyffe Tower,10000,1 month ago,30,481,https://www.youtube.com/watch?v=cUjzWq9UPBk
UCAksyQw6LlPRw-rYhEPADMA,First Humans ,2025-05-24,36300,science_engineering,11,science_engineering,channel_latest,QKPc4xoZHiU,Scientists Scanned The Nefertiti Bust — And Exposed a Secret,151000,1 month ago,30,587,https://www.youtube.com/watch?v=QKPc4xoZHiU
UCAksyQw6LlPRw-rYhEPADMA,First Humans ,2025-05-24,36300,science_engineering,12,science_engineering,channel_latest,AbQK3MJsgHU,Scientists Finally Uncovered What the Terracotta Army Was Built To Hide — But Refuse to Open It,48000,1 month ago,30,522,https://www.youtube.com/watch?v=AbQK3MJsgHU
UCAksyQw6LlPRw-rYhEPADMA,First Humans ,2025-05-24,36300,science_engineering,13,science_engineering,channel_latest,JAgzCITzc-E,New Study Cracks the Stonehenge Mystery and Reveals Hidden Order,21000,1 month ago,30,500,https://www.youtube.com/watch?v=JAgzCITzc-E
UCAksyQw6LlPRw-rYhEPADMA,First Humans ,2025-05-24,36300,science_engineering,14,science_engineering,channel_latest,JHQv1S14FqE,Tracing the Genetic Heritage of the Netherlands,3700,2 months ago,60,520,https://www.youtube.com/watch?v=JHQv1S14FqE
UCAksyQw6LlPRw-rYhEPADMA,First Humans ,2025-05-24,36300,science_engineering,15,science_engineering,channel_latest,REV_9oqbvOU,The DNA of the Most Isolated Tribe on Earth is Rewriting Human History,84000,2 months ago,60,597,https://www.youtube.com/watch?v=REV_9oqbvOU
UCAksyQw6LlPRw-rYhEPADMA,First Humans ,2025-05-24,36300,science_engineering,16,science_engineering,channel_latest,AcK4fkPgLZc,AI Finally Decoded the Antikythera Computer’s Missing Half — This Shouldn't Exist,28000,2 months ago,60,551,https://www.youtube.com/watch?v=AcK4fkPgLZc
UCAksyQw6LlPRw-rYhEPADMA,First Humans ,2025-05-24,36300,science_engineering,17,science_engineering,channel_latest,mFqnZ1kuNsU,Baalbek Megalithic Structure Mystery Finally Solved — No Human Could Ever Build,101000,2 months ago,60,516,https://www.youtube.com/watch?v=mFqnZ1kuNsU
UCAksyQw6LlPRw-rYhEPADMA,First Humans ,2025-05-24,36300,science_engineering,18,science_engineering,channel_latest,hPzWq3RnOxU,The D.B. Cooper Mystery Solved - With Proof,29000,3 months ago,90,572,https://www.youtube.com/watch?v=hPzWq3RnOxU
UCAksyQw6LlPRw-rYhEPADMA,First Humans ,2025-05-24,36300,science_engineering,19,science_engineering,channel_latest,bzs_An0jtZU,DNA Reveals a Hidden Truth About Abraham Lincoln's Mother's Ancestry,73000,3 months ago,90,530,https://www.youtube.com/watch?v=bzs_An0jtZU
UCAksyQw6LlPRw-rYhEPADMA,First Humans ,2025-05-24,36300,science_engineering,20,science_engineering,channel_latest,zvTHV3AQXow,"7,000-Year-Old DNA Reveals Shocking Truth That Rewrites Human History",2500,3 months ago,90,558,https://www.youtube.com/watch?v=zvTHV3AQXow
UCAksyQw6LlPRw-rYhEPADMA,First Humans ,2025-05-24,36300,science_engineering,21,science_engineering,channel_latest,ko8n-mihUPI,The Hidden Truth Behind the 1518 Dancing Plague,4900,3 months ago,90,570,https://www.youtube.com/watch?v=ko8n-mihUPI
UCAksyQw6LlPRw-rYhEPADMA,First Humans ,2025-05-24,36300,science_engineering,22,science_engineering,channel_latest,cUc3uz9RmCA,Scientists Finally Solved The Roanoke Colony Mystery - After 400 Years,2300000,4 months ago,120,528,https://www.youtube.com/watch?v=cUc3uz9RmCA
UCAksyQw6LlPRw-rYhEPADMA,First Humans ,2025-05-24,36300,science_engineering,23,science_engineering,channel_latest,0gpv3iPpUqU,Researchers Uncovered the Hidden Fate of Rome's 9th Legion,312000,4 months ago,120,542,https://www.youtube.com/watch?v=0gpv3iPpUqU
UCAksyQw6LlPRw-rYhEPADMA,First Humans ,2025-05-24,36300,science_engineering,24,science_engineering,channel_latest,TQNFWJpvr0I,Ancient Egyptian Granite Cutting Mystery Finally Solved - With Proof,235000,4 months ago,120,520,https://www.youtube.com/watch?v=TQNFWJpvr0I
UCAksyQw6LlPRw-rYhEPADMA,First Humans ,2025-05-24,36300,science_engineering,25,science_engineering,channel_latest,mI4YJqfDQ_E,Scientists Scanned The Shroud of Turin — And Found Something They Couldn't Explain,11000,4 months ago,120,510,https://www.youtube.com/watch?v=mI4YJqfDQ_E
UCAksyQw6LlPRw-rYhEPADMA,First Humans ,2025-05-24,36300,science_engineering,26,science_engineering,channel_latest,qsnmKUfTPm4,King Richard III's DNA Reveals a Shocking Truth That Rewrites 500 Years of History,754000,4 months ago,120,525,https://www.youtube.com/watch?v=qsnmKUfTPm4
UCAksyQw6LlPRw-rYhEPADMA,First Humans ,2025-05-24,36300,science_engineering,27,science_engineering,channel_latest,5jZZPy85kuw,Modern DNA Analysis Unmasked the Real Jack the Ripper,58000,5 months ago,150,542,https://www.youtube.com/watch?v=5jZZPy85kuw
UCAksyQw6LlPRw-rYhEPADMA,First Humans ,2025-05-24,36300,science_engineering,28,science_engineering,channel_latest,qu-ney-p9vs,What DNA Revealed About The Melungeons Changes Everything We Know About American History,86000,5 months ago,150,556,https://www.youtube.com/watch?v=qu-ney-p9vs
UCAksyQw6LlPRw-rYhEPADMA,First Humans ,2025-05-24,36300,science_engineering,29,science_engineering,channel_latest,H7C6yb-JugE,Scientists Finally Solve the Mystery of the Mummy Found in a California Garage,16000,5 months ago,150,543,https://www.youtube.com/watch?v=H7C6yb-JugE
UCAksyQw6LlPRw-rYhEPADMA,First Humans ,2025-05-24,36300,science_engineering,30,science_engineering,channel_latest,bKbaTBMZmkY,"130,000-Year-Old Mastodon Bone Mystery Reveals Who the REAL First Americans Were",50000,5 months ago,150,487,https://www.youtube.com/watch?v=bKbaTBMZmkY
UCb9gttCzPcabOnq1nFYPwsw,Cryton,2025-05-17,107000,crime_scams_mystery,1,crime_scams_mystery,channel_latest,zvfYEWy6OH8,Roblox: The Internet’s Most Disturbing Kids Game,96000,2 weeks ago,14,7105,https://www.youtube.com/watch?v=zvfYEWy6OH8
UCb9gttCzPcabOnq1nFYPwsw,Cryton,2025-05-17,107000,crime_scams_mystery,2,crime_scams_mystery,channel_latest,pJTCZhpC33Q,The Darkest Moments Ever Caught on Camera,36000,3 months ago,90,2198,https://www.youtube.com/watch?v=pJTCZhpC33Q
UCb9gttCzPcabOnq1nFYPwsw,Cryton,2025-05-17,107000,crime_scams_mystery,3,crime_scams_mystery,channel_latest,cOAaonpTLlc,The Hunt for Lux: The Internet’s Most Disturbed User,3000000,5 months ago,150,2175,https://www.youtube.com/watch?v=cOAaonpTLlc
UCb9gttCzPcabOnq1nFYPwsw,Cryton,2025-05-17,107000,crime_scams_mystery,4,crime_scams_mystery,channel_latest,arIS3FByNYk,764: The Internet's Most Disturbing Cult,2300000,7 months ago,210,3602,https://www.youtube.com/watch?v=arIS3FByNYk
UCb9gttCzPcabOnq1nFYPwsw,Cryton,2025-05-17,107000,crime_scams_mystery,5,crime_scams_mystery,channel_latest,V_RNfWlpadI,When Discord Users Literally Defeated an Entire Country's Government,50000,9 months ago,270,1289,https://www.youtube.com/watch?v=V_RNfWlpadI
UCb9gttCzPcabOnq1nFYPwsw,Cryton,2025-05-17,107000,crime_scams_mystery,6,crime_scams_mystery,channel_latest,0kVp1YxrDbg,sister hong: The Internet’s Most Disturbed User,1600000,11 months ago,330,798,https://www.youtube.com/watch?v=0kVp1YxrDbg
UCb9gttCzPcabOnq1nFYPwsw,Cryton,2025-05-17,107000,crime_scams_mystery,7,crime_scams_mystery,channel_latest,lfviEHwmgm4,Dona Paz: The Darkest Event in Maritime History,38000,1 year ago,365,1065,https://www.youtube.com/watch?v=lfviEHwmgm4
UCb9gttCzPcabOnq1nFYPwsw,Cryton,2025-05-17,107000,crime_scams_mystery,8,crime_scams_mystery,channel_latest,f0gG76KSmmI,Paria: The World's Most Disturbing Company,31000,1 year ago,365,1739,https://www.youtube.com/watch?v=f0gG76KSmmI
UCb9gttCzPcabOnq1nFYPwsw,Cryton,2025-05-17,107000,crime_scams_mystery,9,crime_scams_mystery,channel_latest,FSRcDUw_SWs,The Seattle Samurai vs 100 Cops,16000,1 year ago,365,737,https://www.youtube.com/watch?v=FSRcDUw_SWs
UCb9gttCzPcabOnq1nFYPwsw,Cryton,2025-05-17,107000,crime_scams_mystery,10,crime_scams_mystery,channel_latest,PYROjYr-WsA,The Disturbing Website Iceberg Explained,520000,1 year ago,365,3309,https://www.youtube.com/watch?v=PYROjYr-WsA
UCPx37Sxf0nrTzd8JA2DHGwg,History After Dark,2025-05-17,70200,history_civilization,1,history_civilization,channel_latest,tKArx2kZFJU,The Spanish Civil War: The Forgotten War That Changed Everything | History Documentary,25000,4 weeks ago,28,7841,https://www.youtube.com/watch?v=tKArx2kZFJU
UCPx37Sxf0nrTzd8JA2DHGwg,History After Dark,2025-05-17,70200,history_civilization,2,history_civilization,channel_latest,s-64pCT9MZ8,Walter Benjamin: The Genius the Nazis Wanted Dead | History Documentary,70000,1 month ago,30,7488,https://www.youtube.com/watch?v=s-64pCT9MZ8
UCPx37Sxf0nrTzd8JA2DHGwg,History After Dark,2025-05-17,70200,history_civilization,3,history_civilization,channel_latest,5IdG9EFmgEA,Toussaint Louverture: The Slave Who Defeated Napoleon | History Documentary,128000,2 months ago,60,6844,https://www.youtube.com/watch?v=5IdG9EFmgEA
UCPx37Sxf0nrTzd8JA2DHGwg,History After Dark,2025-05-17,70200,history_civilization,4,history_civilization,channel_latest,9Y9O1v-09FE,Patrice Lumumba: The Most Dangerous Man in Africa | A Bedtime History Documentary,222000,3 months ago,90,7066,https://www.youtube.com/watch?v=9Y9O1v-09FE
UCPx37Sxf0nrTzd8JA2DHGwg,History After Dark,2025-05-17,70200,history_civilization,5,history_civilization,channel_latest,b1NqUduv7i0,How Hannah Arendt Exposed How Evil Really Works | A Bedtime History Story,180000,3 months ago,90,7782,https://www.youtube.com/watch?v=b1NqUduv7i0
UCPx37Sxf0nrTzd8JA2DHGwg,History After Dark,2025-05-17,70200,history_civilization,6,history_civilization,channel_latest,7eYNwTv6DTA,Frantz Fanon: The Most Dangerous Doctor in History | A Bedtime History Documentary,170000,3 months ago,90,6628,https://www.youtube.com/watch?v=7eYNwTv6DTA
UCPx37Sxf0nrTzd8JA2DHGwg,History After Dark,2025-05-17,70200,history_civilization,7,history_civilization,channel_latest,w2jCdE8RnI0,Fidel Castro: The Revolutionary Who Outlasted the American Empire | A Bedtime History Documentary,103000,3 months ago,90,6623,https://www.youtube.com/watch?v=w2jCdE8RnI0
UCPx37Sxf0nrTzd8JA2DHGwg,History After Dark,2025-05-17,70200,history_civilization,8,history_civilization,channel_latest,i45CUvshZ1g,How Ho Chi Minh Defeated the American Empire | A Bedtime History Documentary,246000,4 months ago,120,6063,https://www.youtube.com/watch?v=i45CUvshZ1g
UCPx37Sxf0nrTzd8JA2DHGwg,History After Dark,2025-05-17,70200,history_civilization,9,history_civilization,channel_latest,iWH_gpbci5U,The Madness and Genius of Leo Tolstoy | A Bedtime History Documentary,30000,4 months ago,120,6106,https://www.youtube.com/watch?v=iWH_gpbci5U
UCPx37Sxf0nrTzd8JA2DHGwg,History After Dark,2025-05-17,70200,history_civilization,10,history_civilization,channel_latest,fbt2zdiinHg,How the Industrial Revolution Destroyed the Old World Forever | A Bedtime History Documentary,59000,4 months ago,120,6908,https://www.youtube.com/watch?v=fbt2zdiinHg
UCPx37Sxf0nrTzd8JA2DHGwg,History After Dark,2025-05-17,70200,history_civilization,11,history_civilization,channel_latest,nyql_ZoLxAc,How Napoleon Destroyed the Old World Order  | A Bedtime History Documentary,84000,4 months ago,120,8529,https://www.youtube.com/watch?v=nyql_ZoLxAc
UCPx37Sxf0nrTzd8JA2DHGwg,History After Dark,2025-05-17,70200,history_civilization,12,history_civilization,channel_latest,BVuF7VXCT-s,How Malcolm X Became the Most Dangerous Man in America | A Bedtime History Documentary,288000,5 months ago,150,6115,https://www.youtube.com/watch?v=BVuF7VXCT-s
UCPx37Sxf0nrTzd8JA2DHGwg,History After Dark,2025-05-17,70200,history_civilization,13,history_civilization,channel_latest,hvw1ulja4Hg,1917: When the Peasants Brought Down an Empire  | A Bedtime History Documentary,44000,5 months ago,150,6558,https://www.youtube.com/watch?v=hvw1ulja4Hg
UCPx37Sxf0nrTzd8JA2DHGwg,History After Dark,2025-05-17,70200,history_civilization,14,history_civilization,channel_latest,TcrdzOo1NXw,How Adam Smith Accidentally Invented the Modern World | A Bedtime History Documentary,165000,6 months ago,180,6034,https://www.youtube.com/watch?v=TcrdzOo1NXw
UCPx37Sxf0nrTzd8JA2DHGwg,History After Dark,2025-05-17,70200,history_civilization,15,history_civilization,channel_latest,cfyMncHzbZU,Rosa Luxemburg: The Darkest Betrayal in History | A Bedtime History Documentary,30000,6 months ago,180,6950,https://www.youtube.com/watch?v=cfyMncHzbZU
UCPx37Sxf0nrTzd8JA2DHGwg,History After Dark,2025-05-17,70200,history_civilization,16,history_civilization,channel_latest,zDxjw14d9D8,Nietzsche: The Philosopher Who Predicted the Modern World  | A Bedtime History Documentary,54000,7 months ago,210,8232,https://www.youtube.com/watch?v=zDxjw14d9D8
UCPx37Sxf0nrTzd8JA2DHGwg,History After Dark,2025-05-17,70200,history_civilization,17,history_civilization,channel_latest,qtFbduvbgec,The Communist Manifesto: The Most Dangerous Book in History | A Bedtime History Documentary,79000,8 months ago,240,6731,https://www.youtube.com/watch?v=qtFbduvbgec
UCPx37Sxf0nrTzd8JA2DHGwg,History After Dark,2025-05-17,70200,history_civilization,18,history_civilization,channel_latest,tir0PFgAVII,Why They Couldn't Break Nelson Mandela | A Bedtime History Documentary,78000,8 months ago,240,6847,https://www.youtube.com/watch?v=tir0PFgAVII
UCPx37Sxf0nrTzd8JA2DHGwg,History After Dark,2025-05-17,70200,history_civilization,19,history_civilization,channel_latest,cPZMO2cuKdo,Why Theodor Adorno's Darkest Ideas Were Right | A Bedtime History Documentary,32000,8 months ago,240,7573,https://www.youtube.com/watch?v=cPZMO2cuKdo
UCPx37Sxf0nrTzd8JA2DHGwg,History After Dark,2025-05-17,70200,history_civilization,20,history_civilization,channel_latest,h8-oPk4TLzs,Why Mussolini Feared Antonio Gramsci | A Bedtime History Documentary,44000,8 months ago,240,7209,https://www.youtube.com/watch?v=h8-oPk4TLzs
UCPx37Sxf0nrTzd8JA2DHGwg,History After Dark,2025-05-17,70200,history_civilization,21,history_civilization,channel_latest,XsuD0YlxFrQ,Everything You Know About Early Human History is Wrong | A Bedtime History Documentary,21000,9 months ago,270,8187,https://www.youtube.com/watch?v=XsuD0YlxFrQ
UCPx37Sxf0nrTzd8JA2DHGwg,History After Dark,2025-05-17,70200,history_civilization,22,history_civilization,channel_latest,irkXAtTJFUQ,Gandhi: The Most Dangerous Pacifist in Human History | A Bedtime History Documentary,139000,10 months ago,300,8471,https://www.youtube.com/watch?v=irkXAtTJFUQ
UCPx37Sxf0nrTzd8JA2DHGwg,History After Dark,2025-05-17,70200,history_civilization,23,history_civilization,channel_latest,5WyHzsQgv0U,How Colonialism Changed the World Forever | A Bedtime History Documentary,34000,10 months ago,300,6917,https://www.youtube.com/watch?v=5WyHzsQgv0U
UCPx37Sxf0nrTzd8JA2DHGwg,History After Dark,2025-05-17,70200,history_civilization,24,history_civilization,channel_latest,rdDJAbW24ks,What Daily Life Was Really Like in the Soviet Union | A Bedtime History Documentary,35000,11 months ago,330,5466,https://www.youtube.com/watch?v=rdDJAbW24ks
UCPx37Sxf0nrTzd8JA2DHGwg,History After Dark,2025-05-17,70200,history_civilization,25,history_civilization,channel_latest,I68dFW4fgpI,Why We Can't Stop Thinking About Mark Fisher | A Bedtime History Documentary,21000,11 months ago,330,5328,https://www.youtube.com/watch?v=I68dFW4fgpI
UCPx37Sxf0nrTzd8JA2DHGwg,History After Dark,2025-05-17,70200,history_civilization,26,history_civilization,channel_latest,YFYbhaDoo3E,The Unforgivable Life of Joseph Stalin | A Bedtime History Documentary,56000,11 months ago,330,6508,https://www.youtube.com/watch?v=YFYbhaDoo3E
UCPx37Sxf0nrTzd8JA2DHGwg,History After Dark,2025-05-17,70200,history_civilization,27,history_civilization,channel_latest,rg5E6OvwkZQ,How Capitalism Changed the World Forever | A Bedtime History Documentary,124000,11 months ago,330,7213,https://www.youtube.com/watch?v=rg5E6OvwkZQ
UCPx37Sxf0nrTzd8JA2DHGwg,History After Dark,2025-05-17,70200,history_civilization,28,history_civilization,channel_latest,YO3TzYcx43E,The Tragic Genius of Leon Trotsky | Bedtime History Documentary,76000,11 months ago,330,6206,https://www.youtube.com/watch?v=YO3TzYcx43E
UCPx37Sxf0nrTzd8JA2DHGwg,History After Dark,2025-05-17,70200,history_civilization,29,history_civilization,channel_latest,-eyuCQfBBH4,How European Greed Destroyed the Aztec Empire | Bedtime History Stories Documentary,20000,11 months ago,330,5024,https://www.youtube.com/watch?v=-eyuCQfBBH4
UCPx37Sxf0nrTzd8JA2DHGwg,History After Dark,2025-05-17,70200,history_civilization,30,history_civilization,channel_latest,QI7avTcPFkI,Why Carl Jung's Ideas Still Haunt Us | Bedtime History Stories Documentary,211000,11 months ago,330,5560,https://www.youtube.com/watch?v=QI7avTcPFkI
UC3yjkp0I99OrcMqT83K8vPw,Filmaya,2025-05-14,654000,crime_scams_mystery|practical_lifestyle,1,crime_scams_mystery|practical_lifestyle,channel_latest,93_i_BzYMiU,Jab Zombies Ne Puri Duniya Ko Apni Lapait Me Le Liya ( THE GIRL WITH ALL THE GIFTS Movie Explained,268000,1 day ago,1,1644,https://www.youtube.com/watch?v=93_i_BzYMiU
UC3yjkp0I99OrcMqT83K8vPw,Filmaya,2025-05-14,654000,crime_scams_mystery|practical_lifestyle,2,crime_scams_mystery|practical_lifestyle,channel_latest,fYqDGMGeXsg,Dusri Duniya Se Aya Hua Na Marne Wala Monster ( PREDATOR BADLANDS Movie Explained in Hindi/Urdu,577000,6 days ago,6,1467,https://www.youtube.com/watch?v=fYqDGMGeXsg
UC3yjkp0I99OrcMqT83K8vPw,Filmaya,2025-05-14,654000,crime_scams_mystery|practical_lifestyle,3,crime_scams_mystery|practical_lifestyle,channel_latest,jqPggSEnGi4,Ye MASTERMIND Qaidi Kisi Bhi Jail Ko Break Kar Sakta He ( MECHANIC RESURRECTION Movie Explained,1300000,11 days ago,11,1427,https://www.youtube.com/watch?v=jqPggSEnGi4
UC3yjkp0I99OrcMqT83K8vPw,Filmaya,2025-05-14,654000,crime_scams_mystery|practical_lifestyle,4,crime_scams_mystery|practical_lifestyle,channel_latest,h31N7gsMwE8,Ek Experiment Ne Is Aadmi Ko Monster Bana Diya ( X-MEN ORIGINS Movie Explained in Hindi/Urdu,387000,2 weeks ago,14,1536,https://www.youtube.com/watch?v=h31N7gsMwE8
UC3yjkp0I99OrcMqT83K8vPw,Filmaya,2025-05-14,654000,crime_scams_mystery|practical_lifestyle,5,crime_scams_mystery|practical_lifestyle,channel_latest,Eb6oKKR2Xbo,Ye Do Ladkiyan 2000 Feet Onchay Tower Ke Top Par Phans Gayi ( FALL 2022 Movie Explained,813000,3 weeks ago,21,1499,https://www.youtube.com/watch?v=Eb6oKKR2Xbo
UC3yjkp0I99OrcMqT83K8vPw,Filmaya,2025-05-14,654000,crime_scams_mystery|practical_lifestyle,6,crime_scams_mystery|practical_lifestyle,channel_latest,MTY2hv5LEjw,Ye Alag He LEVEL Ka SUPERHERO He ( HANCOCK 2008 Movie Explained in Hindi/Urdu,330000,3 weeks ago,21,1830,https://www.youtube.com/watch?v=MTY2hv5LEjw
UC3yjkp0I99OrcMqT83K8vPw,Filmaya,2025-05-14,654000,crime_scams_mystery|practical_lifestyle,7,crime_scams_mystery|practical_lifestyle,channel_latest,RL7FewGMvhQ,"Ye Ladki Jahan Jaati, Wahan Sirf Laashein Reh Jaati He ( SUMALA Movie Explained in Hindi) Urdu",3800000,1 month ago,30,2082,https://www.youtube.com/watch?v=RL7FewGMvhQ
UC3yjkp0I99OrcMqT83K8vPw,Filmaya,2025-05-14,654000,crime_scams_mystery|practical_lifestyle,8,crime_scams_mystery|practical_lifestyle,channel_latest,kqzvTQczZqE,Ye Ladka Akela Puri Gang Par Bhari He ( SUNFLOWER Movie Explained in Hindi Urdu,2600000,1 month ago,30,1526,https://www.youtube.com/watch?v=kqzvTQczZqE
UC3yjkp0I99OrcMqT83K8vPw,Filmaya,2025-05-14,654000,crime_scams_mystery|practical_lifestyle,9,crime_scams_mystery|practical_lifestyle,channel_latest,Zi2N_hto5jE,Is Qaidi Ko Koi Jail Rok Nahi Sakti ( THE GREEN MILE Movie Explained in Hindi Urdu,1000000,1 month ago,30,1481,https://www.youtube.com/watch?v=Zi2N_hto5jE
UC3yjkp0I99OrcMqT83K8vPw,Filmaya,2025-05-14,654000,crime_scams_mystery|practical_lifestyle,10,crime_scams_mystery|practical_lifestyle,channel_latest,OaWu5HnrPF4,Jab Hamari Duniya Par Zombies Ne Qabza Kar Liya ( I AM LEGEND Movie Explained in Hindi Urdu,1500000,1 month ago,30,1499,https://www.youtube.com/watch?v=OaWu5HnrPF4
UC3yjkp0I99OrcMqT83K8vPw,Filmaya,2025-05-14,654000,crime_scams_mystery|practical_lifestyle,11,crime_scams_mystery|practical_lifestyle,channel_latest,7_cCBN0B5kI,Ye Gangster Apne Dushmano Ko Chun Chun Kar Marta He ( THE GANGSTER Movie Explained in Hindi Urdu,713000,1 month ago,30,1406,https://www.youtube.com/watch?v=7_cCBN0B5kI
UC3yjkp0I99OrcMqT83K8vPw,Filmaya,2025-05-14,654000,crime_scams_mystery|practical_lifestyle,12,crime_scams_mystery|practical_lifestyle,channel_latest,Us6RVq2GmDk,Dunya Ka Sab Se Smartest Killer Jisay Koi Nahi Pakad Sakta ( THE MECHANIC Movie Explained,860000,1 month ago,30,1691,https://www.youtube.com/watch?v=Us6RVq2GmDk
UC3yjkp0I99OrcMqT83K8vPw,Filmaya,2025-05-14,654000,crime_scams_mystery|practical_lifestyle,13,crime_scams_mystery|practical_lifestyle,channel_latest,TB1M56fccxI,"Sirf ""No"" Kehne Par Ye Larka Maut Ke Khel Ka Hissa Ban Gaya ( THE LOVED ONES Movie Explained",783000,2 months ago,60,1310,https://www.youtube.com/watch?v=TB1M56fccxI
UC3yjkp0I99OrcMqT83K8vPw,Filmaya,2025-05-14,654000,crime_scams_mystery|practical_lifestyle,14,crime_scams_mystery|practical_lifestyle,channel_latest,fOhy4Jgk6y8,Ye Master Mind Qaidi Kisi Bhi Jail Ko Break Kar Sakta He ( ESCAPE FROM PRETORIA Movie Explained,1100000,2 months ago,60,1985,https://www.youtube.com/watch?v=fOhy4Jgk6y8
UC3yjkp0I99OrcMqT83K8vPw,Filmaya,2025-05-14,654000,crime_scams_mystery|practical_lifestyle,15,crime_scams_mystery|practical_lifestyle,channel_latest,DYvQLfAcAgY,Is Fighter Ke Samne 100 Fighters Ki Koi Auqaat Nahi ( FEARLESS 2006 Movie Explained in Hindi/Urdu,1000000,2 months ago,60,1589,https://www.youtube.com/watch?v=DYvQLfAcAgY
UC3yjkp0I99OrcMqT83K8vPw,Filmaya,2025-05-14,654000,crime_scams_mystery|practical_lifestyle,16,crime_scams_mystery|practical_lifestyle,channel_latest,9Mprknp6UZw,Jab ik Giant Monster Dosri Duniya Se Zameen Par Aa Gaya ( PREDATOR 2010 Movie Explained,1500000,2 months ago,60,1432,https://www.youtube.com/watch?v=9Mprknp6UZw
UC3yjkp0I99OrcMqT83K8vPw,Filmaya,2025-05-14,654000,crime_scams_mystery|practical_lifestyle,17,crime_scams_mystery|practical_lifestyle,channel_latest,nyTrO92ZI9w,Jab Zameen Par Zombies Ki Tsunami Aa Gayi ( DOWN OF THE DEAD Movie Explained in Hindi/Urdu,884000,2 months ago,60,1575,https://www.youtube.com/watch?v=nyTrO92ZI9w
UC3yjkp0I99OrcMqT83K8vPw,Filmaya,2025-05-14,654000,crime_scams_mystery|practical_lifestyle,18,crime_scams_mystery|practical_lifestyle,channel_latest,44IxaBeKXnc,Jab Ek Normal Gorilla Experiment Se Giant Monster Ban Gaya ( RAMPAGE Movie Explained in Hindi/Urdu,1000000,3 months ago,90,1647,https://www.youtube.com/watch?v=44IxaBeKXnc
UC3yjkp0I99OrcMqT83K8vPw,Filmaya,2025-05-14,654000,crime_scams_mystery|practical_lifestyle,19,crime_scams_mystery|practical_lifestyle,channel_latest,556M0fFtXAU,Jo Bhi Is Silent Killer Ke Samne Aya Wo Apni Jaan Se Haath Dho Betha ( DON'T BREATH Movie Explained,659000,3 months ago,90,1546,https://www.youtube.com/watch?v=556M0fFtXAU
UC3yjkp0I99OrcMqT83K8vPw,Filmaya,2025-05-14,654000,crime_scams_mystery|practical_lifestyle,20,crime_scams_mystery|practical_lifestyle,channel_latest,8Jj-7PQXWTs,Jo Is Ship Par Gaya Wo Wapas Zinda Nahi Aya ( POSEIDON Movie Explained in Hindi/Urdu,5800000,3 months ago,90,1403,https://www.youtube.com/watch?v=8Jj-7PQXWTs
UC3yjkp0I99OrcMqT83K8vPw,Filmaya,2025-05-14,654000,crime_scams_mystery|practical_lifestyle,21,crime_scams_mystery|practical_lifestyle,channel_latest,fGFsS0-h9XY,Ye Saanp Jungle Me Aane Walay Har Ek Aadmi Ko Maar Deta He ( ANACONDA 2 Movie Explained,1100000,3 months ago,90,1414,https://www.youtube.com/watch?v=fGFsS0-h9XY
UC3yjkp0I99OrcMqT83K8vPw,Filmaya,2025-05-14,654000,crime_scams_mystery|practical_lifestyle,22,crime_scams_mystery|practical_lifestyle,channel_latest,nP0X6Xhklmk,14 Jailen Todhne Wala Mastermind Qaidi ( ESCAPE PLAN Movie Explained in Hindi/Urdu,3600000,3 months ago,90,1731,https://www.youtube.com/watch?v=nP0X6Xhklmk
UC3yjkp0I99OrcMqT83K8vPw,Filmaya,2025-05-14,654000,crime_scams_mystery|practical_lifestyle,23,crime_scams_mystery|practical_lifestyle,channel_latest,ftTTKg40tyQ,Ek Virus Ne Poore Shehar Ko Monster Bana Diya ( PARASYTE 1+ 2 Movie Explained in Hindi/Urdu,4200000,4 months ago,120,2103,https://www.youtube.com/watch?v=ftTTKg40tyQ
UC3yjkp0I99OrcMqT83K8vPw,Filmaya,2025-05-14,654000,crime_scams_mystery|practical_lifestyle,24,crime_scams_mystery|practical_lifestyle,channel_latest,1AO8cmJJMt0,Jab Mastermind Zombies Ne Poori Duniya Ko Control Kar Liya ( DAYLIGHTS END Movie Explained,4300000,4 months ago,120,1726,https://www.youtube.com/watch?v=1AO8cmJJMt0
UC3yjkp0I99OrcMqT83K8vPw,Filmaya,2025-05-14,654000,crime_scams_mystery|practical_lifestyle,25,crime_scams_mystery|practical_lifestyle,channel_latest,0mCdPaQyjCY,Ye Sniper Kisi Ko Zinda Nahi Chorta ( THE AMERICAN 2010 Movie Explained in Hindi/Urdu,1500000,4 months ago,120,1781,https://www.youtube.com/watch?v=0mCdPaQyjCY
UC3yjkp0I99OrcMqT83K8vPw,Filmaya,2025-05-14,654000,crime_scams_mystery|practical_lifestyle,26,crime_scams_mystery|practical_lifestyle,channel_latest,Mec-Qjy9Bn8,Ye Saanp Is Island Par Kisi Ko Bhi Zinda Nahi Chorta ( SNAKE CAVE 2023 Movie Explained in Hindi/Urdu,5600000,4 months ago,120,1435,https://www.youtube.com/watch?v=Mec-Qjy9Bn8
UC3yjkp0I99OrcMqT83K8vPw,Filmaya,2025-05-14,654000,crime_scams_mystery|practical_lifestyle,27,crime_scams_mystery|practical_lifestyle,channel_latest,jvhShYlBbcA,Ek Aisi Jail Jahan Se Bhagna Impossible He ( JAILBREAK PACT Movie explained in Hindi/Urdu,5500000,5 months ago,150,1508,https://www.youtube.com/watch?v=jvhShYlBbcA
UC3yjkp0I99OrcMqT83K8vPw,Filmaya,2025-05-14,654000,crime_scams_mystery|practical_lifestyle,28,crime_scams_mystery|practical_lifestyle,channel_latest,4BkgGO1OnPY,Ye Fighter Akela Poori Jail Par Bhari Par Gaya ( Undisputed III: Redemption Movie explained in Hindi,4300000,5 months ago,150,1426,https://www.youtube.com/watch?v=4BkgGO1OnPY
UC3yjkp0I99OrcMqT83K8vPw,Filmaya,2025-05-14,654000,crime_scams_mystery|practical_lifestyle,29,crime_scams_mystery|practical_lifestyle,channel_latest,QRRzphiguJc,Duniya Se Chupi Hui ik Khofnaak Secret Jagah ( BEAUTY AND THE BEAST Movie explained in Hindi/Urdu,2200000,5 months ago,150,1574,https://www.youtube.com/watch?v=QRRzphiguJc
UC3yjkp0I99OrcMqT83K8vPw,Filmaya,2025-05-14,654000,crime_scams_mystery|practical_lifestyle,30,crime_scams_mystery|practical_lifestyle,channel_latest,QjWHsHQJs4I,Jab ik Ladkay Ka Jungle Ka Sab Se Khatarnak Janwar Dost Ban Gaya  ( DUMA MOVIE Explained in Hindi,3200000,5 months ago,150,1506,https://www.youtube.com/watch?v=QjWHsHQJs4I
UC_iEmYXdZJvjxdUMehwSXqw,Asian Dad Energy,2025-05-13,124000,work_career_education,1,work_career_education,channel_latest,Wv4Y1Rcaj5c,You’re Not Supposed to Live Like This?,57000,5 days ago,5,692,https://www.youtube.com/watch?v=Wv4Y1Rcaj5c
UC_iEmYXdZJvjxdUMehwSXqw,Asian Dad Energy,2025-05-13,124000,work_career_education,2,work_career_education,channel_latest,OyGvmRm87fg,NVIDIA Is a Dead Man Walking? Here’s Why.,282000,13 days ago,13,791,https://www.youtube.com/watch?v=OyGvmRm87fg
UC_iEmYXdZJvjxdUMehwSXqw,Asian Dad Energy,2025-05-13,124000,work_career_education,3,work_career_education,channel_latest,5XBGa48WTPY,Nobody Wants You to Own a Home?,42000,2 weeks ago,14,919,https://www.youtube.com/watch?v=5XBGa48WTPY
UC_iEmYXdZJvjxdUMehwSXqw,Asian Dad Energy,2025-05-13,124000,work_career_education,4,work_career_education,channel_latest,BwiGjoeZ66k,No Money? Here’s How You Escape the Permanent Underclass,132000,3 weeks ago,21,692,https://www.youtube.com/watch?v=BwiGjoeZ66k
UC_iEmYXdZJvjxdUMehwSXqw,Asian Dad Energy,2025-05-13,124000,work_career_education,5,work_career_education,channel_latest,xKuDvRRE7Bc,AI Is About to Crash. Here’s Why.,511000,1 month ago,30,761,https://www.youtube.com/watch?v=xKuDvRRE7Bc
UC_iEmYXdZJvjxdUMehwSXqw,Asian Dad Energy,2025-05-13,124000,work_career_education,6,work_career_education,channel_latest,5jgJUzn7ZAs,Time Is Going By Too Fast... Here's Why,34000,1 month ago,30,709,https://www.youtube.com/watch?v=5jgJUzn7ZAs
UC_iEmYXdZJvjxdUMehwSXqw,Asian Dad Energy,2025-05-13,124000,work_career_education,7,work_career_education,channel_latest,tkom6A2GbCc,Your Job Won't Remember You. Your Family Will.,26000,1 month ago,30,125,https://www.youtube.com/watch?v=tkom6A2GbCc
UC_iEmYXdZJvjxdUMehwSXqw,Asian Dad Energy,2025-05-13,124000,work_career_education,8,work_career_education,channel_latest,0onG0TkZGiQ,The College System Is About to Collapse?,278000,1 month ago,30,772,https://www.youtube.com/watch?v=0onG0TkZGiQ
UC_iEmYXdZJvjxdUMehwSXqw,Asian Dad Energy,2025-05-13,124000,work_career_education,9,work_career_education,channel_latest,zjp4BlV4Sw0,"I Got Laid Off... Now I Make $11,000 a Month Doing Whatever I Want",400000,1 month ago,30,887,https://www.youtube.com/watch?v=zjp4BlV4Sw0
UC_iEmYXdZJvjxdUMehwSXqw,Asian Dad Energy,2025-05-13,124000,work_career_education,10,work_career_education,channel_latest,Dl6Slg8NgvM,Why Everyone SEEMS to Have More Money Than Me?,83000,1 month ago,30,744,https://www.youtube.com/watch?v=Dl6Slg8NgvM
UC_iEmYXdZJvjxdUMehwSXqw,Asian Dad Energy,2025-05-13,124000,work_career_education,11,work_career_education,channel_latest,grKvoLLG6bk,The AI Coding Revolution Has a Huge Problem?,58000,2 months ago,60,854,https://www.youtube.com/watch?v=grKvoLLG6bk
UC_iEmYXdZJvjxdUMehwSXqw,Asian Dad Energy,2025-05-13,124000,work_career_education,12,work_career_education,channel_latest,lrPi_3an5ug,Something Is Seriously Wrong With People?,49000,2 months ago,60,773,https://www.youtube.com/watch?v=lrPi_3an5ug
UC_iEmYXdZJvjxdUMehwSXqw,Asian Dad Energy,2025-05-13,124000,work_career_education,13,work_career_education,channel_latest,zaTAtMBfMkw,I Think We're Losing Control Of AI,54000,2 months ago,60,777,https://www.youtube.com/watch?v=zaTAtMBfMkw
UC_iEmYXdZJvjxdUMehwSXqw,Asian Dad Energy,2025-05-13,124000,work_career_education,14,work_career_education,channel_latest,09YaAU3d4y4,The Hidden Cost Of Working Nobody Warns You About,151000,2 months ago,60,938,https://www.youtube.com/watch?v=09YaAU3d4y4
UC_iEmYXdZJvjxdUMehwSXqw,Asian Dad Energy,2025-05-13,124000,work_career_education,15,work_career_education,channel_latest,MNI89jIL-7Q,Everyone Says AI Is Too Expensive. They're Wrong.,39000,2 months ago,60,853,https://www.youtube.com/watch?v=MNI89jIL-7Q
UC_iEmYXdZJvjxdUMehwSXqw,Asian Dad Energy,2025-05-13,124000,work_career_education,16,work_career_education,channel_latest,JAHt9hxaBp4,AI Is Destroying India's Outsourcing Industry?,171000,2 months ago,60,976,https://www.youtube.com/watch?v=JAHt9hxaBp4
UC_iEmYXdZJvjxdUMehwSXqw,Asian Dad Energy,2025-05-13,124000,work_career_education,17,work_career_education,channel_latest,IGSJiMb2RXQ,How I’m Preparing My Family for a Changing World Order (WW3?),73000,2 months ago,60,1029,https://www.youtube.com/watch?v=IGSJiMb2RXQ
UC_iEmYXdZJvjxdUMehwSXqw,Asian Dad Energy,2025-05-13,124000,work_career_education,18,work_career_education,channel_latest,ivLy_73u8C8,The Real Reason They're Racing To Build AI?,31000,3 months ago,90,809,https://www.youtube.com/watch?v=ivLy_73u8C8
UC_iEmYXdZJvjxdUMehwSXqw,Asian Dad Energy,2025-05-13,124000,work_career_education,19,work_career_education,channel_latest,w-PnxzSUdtA,The Tech Layoff Crisis No One Wants to Talk About,78000,3 months ago,90,778,https://www.youtube.com/watch?v=w-PnxzSUdtA
UC_iEmYXdZJvjxdUMehwSXqw,Asian Dad Energy,2025-05-13,124000,work_career_education,20,work_career_education,channel_latest,GBTpLsZzsT8,I Never Understood This Kind Of Love… Until I Had A Daughter,15000,3 months ago,90,332,https://www.youtube.com/watch?v=GBTpLsZzsT8
UC_iEmYXdZJvjxdUMehwSXqw,Asian Dad Energy,2025-05-13,124000,work_career_education,21,work_career_education,channel_latest,Xvavyf_i9lc,Quantum Computing Is a Lie (Here’s What I Discovered),179000,3 months ago,90,769,https://www.youtube.com/watch?v=Xvavyf_i9lc
UC_iEmYXdZJvjxdUMehwSXqw,Asian Dad Energy,2025-05-13,124000,work_career_education,22,work_career_education,channel_latest,KZFoDy5TSFc,The Career Advice You Grew Up With Is Dead in the Age of AI,143000,3 months ago,90,969,https://www.youtube.com/watch?v=KZFoDy5TSFc
UC_iEmYXdZJvjxdUMehwSXqw,Asian Dad Energy,2025-05-13,124000,work_career_education,23,work_career_education,channel_latest,mlukRm6ywnA,Why Are So Many People Secretly Losing Interest in Everything?,133000,4 months ago,120,571,https://www.youtube.com/watch?v=mlukRm6ywnA
UC_iEmYXdZJvjxdUMehwSXqw,Asian Dad Energy,2025-05-13,124000,work_career_education,24,work_career_education,channel_latest,M4lqyeA7Vow,STOP Paying for Subscriptions — Build This Homelab Instead,48000,4 months ago,120,1459,https://www.youtube.com/watch?v=M4lqyeA7Vow
UC_iEmYXdZJvjxdUMehwSXqw,Asian Dad Energy,2025-05-13,124000,work_career_education,25,work_career_education,channel_latest,8bnzaG9QRG4,AI Doomerism Is Getting Out of Control — Let’s Break the Myths Apart One by One,36000,4 months ago,120,669,https://www.youtube.com/watch?v=8bnzaG9QRG4
UC_iEmYXdZJvjxdUMehwSXqw,Asian Dad Energy,2025-05-13,124000,work_career_education,26,work_career_education,channel_latest,fapm2OG3Jx8,This Is All You Need to Retire Early (Shocking Math),181000,4 months ago,120,707,https://www.youtube.com/watch?v=fapm2OG3Jx8
UC_iEmYXdZJvjxdUMehwSXqw,Asian Dad Energy,2025-05-13,124000,work_career_education,27,work_career_education,channel_latest,FbSu7yB0VB8,100 Days After My Layoff as an Engineer… The Truth,139000,4 months ago,120,681,https://www.youtube.com/watch?v=FbSu7yB0VB8
UC_iEmYXdZJvjxdUMehwSXqw,Asian Dad Energy,2025-05-13,124000,work_career_education,28,work_career_education,channel_latest,W-pIx9neH0U,Tech Layoffs EXPOSE the Dark Truth About H1B Workers,79000,4 months ago,120,985,https://www.youtube.com/watch?v=W-pIx9neH0U
UC_iEmYXdZJvjxdUMehwSXqw,Asian Dad Energy,2025-05-13,124000,work_career_education,29,work_career_education,channel_latest,wrMrtmfn0MA,AI Is Making Software Worthless Faster Than Anyone Realizes,90000,5 months ago,150,565,https://www.youtube.com/watch?v=wrMrtmfn0MA
UC_iEmYXdZJvjxdUMehwSXqw,Asian Dad Energy,2025-05-13,124000,work_career_education,30,work_career_education,channel_latest,sej4OP1r-l0,At 5AM I Passed Out at Work… Then Everything Changed,34000,5 months ago,150,875,https://www.youtube.com/watch?v=sej4OP1r-l0
UCDGrKOtVH1kWDD-DrkTm0ew,Hidden Planet TV,2025-05-10,20200,nature_animals,1,nature_animals,channel_latest,WS3uHMQtYB0,AFRICAN SAVANNAH | Brutal Territory Wars in the Animal Kingdom | WILDLIFE DOCUMENTARY,15,1 hour ago,0,10717,https://www.youtube.com/watch?v=WS3uHMQtYB0
UCDGrKOtVH1kWDD-DrkTm0ew,Hidden Planet TV,2025-05-10,20200,nature_animals,2,nature_animals,channel_latest,x8bBS0uATyQ,MEDITERRANEAN MYSTERIES | The Deadliest Predators Beneath the Waves | WILDLIFE DOCUMENTARY,46,2 days ago,2,7916,https://www.youtube.com/watch?v=x8bBS0uATyQ
UCDGrKOtVH1kWDD-DrkTm0ew,Hidden Planet TV,2025-05-10,20200,nature_animals,3,nature_animals,channel_latest,0sDAGA9_hEc,BRUTAL AFRICA | The Fiercest Wildlife Battles Ever Witnessed | WILDLIFE DOCUMENTARY,199,6 days ago,6,7258,https://www.youtube.com/watch?v=0sDAGA9_hEc
UCDGrKOtVH1kWDD-DrkTm0ew,Hidden Planet TV,2025-05-10,20200,nature_animals,4,nature_animals,channel_latest,obeP04G5h-Q,KENIA SALVAJE | El Salvaje Choque entre un León y una Manada de Babuinos | WILDLIFE DOCUMENTARY,435,10 days ago,10,7926,https://www.youtube.com/watch?v=obeP04G5h-Q
UCDGrKOtVH1kWDD-DrkTm0ew,Hidden Planet TV,2025-05-10,20200,nature_animals,5,nature_animals,channel_latest,nMWd_bG8aIg,WILD AFRICA | Nature's Most Incredible Wildlife Moments | WILDLIFE DOCUMENTARY,365,13 days ago,13,11194,https://www.youtube.com/watch?v=nMWd_bG8aIg
UCDGrKOtVH1kWDD-DrkTm0ew,Hidden Planet TV,2025-05-10,20200,nature_animals,6,nature_animals,channel_latest,Cd1T5yYnGoQ,WILD VIETNAM | SURVIVAL IN THE MOST UNTAMED TROPICAL RAINFOREST | WILDLIFE DOCUMENTARY,190,2 weeks ago,14,7952,https://www.youtube.com/watch?v=Cd1T5yYnGoQ
UCDGrKOtVH1kWDD-DrkTm0ew,Hidden Planet TV,2025-05-10,20200,nature_animals,7,nature_animals,channel_latest,gPFUawKyUUE,WILD AFRICA | THE ETERNAL BATTLE FOR SURVIVAL | WILDLIFE DOCUMENTARY,264,3 weeks ago,21,30977,https://www.youtube.com/watch?v=gPFUawKyUUE
UCDGrKOtVH1kWDD-DrkTm0ew,Hidden Planet TV,2025-05-10,20200,nature_animals,8,nature_animals,channel_latest,S8monKJ8omk,WILD CANADA | THE KINGDOM OF THE PLANET'S FIERCEST PREDATORS | WILDLIFE DOCUMENTARY,261,3 weeks ago,21,7687,https://www.youtube.com/watch?v=S8monKJ8omk
UCDGrKOtVH1kWDD-DrkTm0ew,Hidden Planet TV,2025-05-10,20200,nature_animals,9,nature_animals,channel_latest,zkGrUsoDr4Q,WILD AFRICA | The Antelope's Desperate Escape from the Lion's Claws | WILDLIFE DOCUMENTARY,498,1 month ago,30,11236,https://www.youtube.com/watch?v=zkGrUsoDr4Q
UCDGrKOtVH1kWDD-DrkTm0ew,Hidden Planet TV,2025-05-10,20200,nature_animals,10,nature_animals,channel_latest,rWwo23fDB6I,WIN OR DIE | Africa's Wildest Battles | WILDLIFE DOCUMENTARY,420,1 month ago,30,12055,https://www.youtube.com/watch?v=rWwo23fDB6I
UCDGrKOtVH1kWDD-DrkTm0ew,Hidden Planet TV,2025-05-10,20200,nature_animals,11,nature_animals,channel_latest,468mxq5d9hs,Wild Africa | The Fury of Buffalo That Even Lions Fear | Nature Animal Documentary #Mix,459,1 month ago,30,33968,https://www.youtube.com/watch?v=468mxq5d9hs
UCDGrKOtVH1kWDD-DrkTm0ew,Hidden Planet TV,2025-05-10,20200,nature_animals,12,nature_animals,channel_latest,lIOA1KCK9Bk,DEADLY RIVER | A Desperate Escape from a Crocodile's Jaws | WILDLIFE DOCUMENTARY,298,1 month ago,30,11673,https://www.youtube.com/watch?v=lIOA1KCK9Bk
UCDGrKOtVH1kWDD-DrkTm0ew,Hidden Planet TV,2025-05-10,20200,nature_animals,13,nature_animals,channel_latest,ZCMGU7VQwkw,WILD SAVANNA | The Battle of the Fiercest Giants | WILDLIFE DOCUMENTARY,276,1 month ago,30,33181,https://www.youtube.com/watch?v=ZCMGU7VQwkw
UCDGrKOtVH1kWDD-DrkTm0ew,Hidden Planet TV,2025-05-10,20200,nature_animals,14,nature_animals,channel_latest,Zkpro-B6t7Q,SURVIVAL ROUTES – When Predators Reach Their Limits | Warthog Attacks Lion  | WILDLIFE DOCUMENTARY,288,1 month ago,30,11257,https://www.youtube.com/watch?v=Zkpro-B6t7Q
UCDGrKOtVH1kWDD-DrkTm0ew,Hidden Planet TV,2025-05-10,20200,nature_animals,15,nature_animals,channel_latest,YGOBeEOWP1A,WILD SAVANNAH | The Lion's Attack Didn't Go as Planned | WILDLIFE DOCUMENTARY,1300,1 month ago,30,11103,https://www.youtube.com/watch?v=YGOBeEOWP1A
UCDGrKOtVH1kWDD-DrkTm0ew,Hidden Planet TV,2025-05-10,20200,nature_animals,16,nature_animals,channel_latest,fsZ2LiAFgNM,ULTIMATE LIONS: White Kings of the Savannah | Nature Animal Documentary,552,1 month ago,30,10750,https://www.youtube.com/watch?v=fsZ2LiAFgNM
UCDGrKOtVH1kWDD-DrkTm0ew,Hidden Planet TV,2025-05-10,20200,nature_animals,17,nature_animals,channel_latest,EIxB1ItX5RU,ZEBRA fight LION - The Most Ferocious Battles in Africa | Nature Animal Documentary #Mix,892,1 month ago,30,28676,https://www.youtube.com/watch?v=EIxB1ItX5RU
UCDGrKOtVH1kWDD-DrkTm0ew,Hidden Planet TV,2025-05-10,20200,nature_animals,18,nature_animals,channel_latest,4mAKCn-O7uI,WHITE LION KING | Africa's Rarest King Faces an Epic Battle | WILDLIFE DOCUMENTARY,4400,1 month ago,30,11371,https://www.youtube.com/watch?v=4mAKCn-O7uI
UCDGrKOtVH1kWDD-DrkTm0ew,Hidden Planet TV,2025-05-10,20200,nature_animals,19,nature_animals,channel_latest,eYuUO-XP2nU,WILD AFRICA | Africa's Most Fearsome Predators | WILDLIFE DOCUMENTARY,1100,1 month ago,30,11061,https://www.youtube.com/watch?v=eYuUO-XP2nU
UCDGrKOtVH1kWDD-DrkTm0ew,Hidden Planet TV,2025-05-10,20200,nature_animals,20,nature_animals,channel_latest,2ZTH1M_Ks8U,LION VS WARTHOG  Nature's Most Relentless Pursuit  WILDLIFE DOCUMENTARY,1800,1 month ago,30,11276,https://www.youtube.com/watch?v=2ZTH1M_Ks8U
UCDGrKOtVH1kWDD-DrkTm0ew,Hidden Planet TV,2025-05-10,20200,nature_animals,21,nature_animals,channel_latest,c6Ywowj5qP4,WILD AFRICA | The Savage World of Africa's Top Predators | WILDLIFE DOCUMENTARY,3100,1 month ago,30,7383,https://www.youtube.com/watch?v=c6Ywowj5qP4
UCDGrKOtVH1kWDD-DrkTm0ew,Hidden Planet TV,2025-05-10,20200,nature_animals,22,nature_animals,channel_latest,cF_WSTmilnM,"When a Lion Is Attacked by Long Horns, What Happens Next? | WILDLIFE DOCUMENTARY #MIX",4500,1 month ago,30,22027,https://www.youtube.com/watch?v=cF_WSTmilnM
UCDGrKOtVH1kWDD-DrkTm0ew,Hidden Planet TV,2025-05-10,20200,nature_animals,23,nature_animals,channel_latest,BEeqHRYr7mQ,HIPPOPOTAMUS VS LION | Africa's Ultimate Clash of Titans | WILDLIFE DOCUMENTARY,1000,1 month ago,30,10017,https://www.youtube.com/watch?v=BEeqHRYr7mQ
UCDGrKOtVH1kWDD-DrkTm0ew,Hidden Planet TV,2025-05-10,20200,nature_animals,24,nature_animals,channel_latest,Uhm5gsdrquc,PANTANAL | South America's Most Dangerous Wilderness | WILDLIFE DOCUMENTARY,629,1 month ago,30,7225,https://www.youtube.com/watch?v=Uhm5gsdrquc
UCDGrKOtVH1kWDD-DrkTm0ew,Hidden Planet TV,2025-05-10,20200,nature_animals,25,nature_animals,channel_latest,dz1MmRVbb38,The Revenge of the Cape Buffalo | A Lion's Worst Nightmare | WILDLIFE DOCUMENTARY,1900,1 month ago,30,7417,https://www.youtube.com/watch?v=dz1MmRVbb38
UCDGrKOtVH1kWDD-DrkTm0ew,Hidden Planet TV,2025-05-10,20200,nature_animals,26,nature_animals,channel_latest,2S1umsAKIXc,MATERNAL INSTINCT | A Mother's Brutal Fight Against Predators | FULL EPISODE | WILDLIFE DOCUMENTARY,3500,2 months ago,60,7386,https://www.youtube.com/watch?v=2S1umsAKIXc
UCDGrKOtVH1kWDD-DrkTm0ew,Hidden Planet TV,2025-05-10,20200,nature_animals,27,nature_animals,channel_latest,gb7xzwmEazk,SAVANNAH LAWS | Life and Death on the African Plains | FULL EPISODE | WILDLIFE DOCUMENTARY,660,2 months ago,60,28182,https://www.youtube.com/watch?v=gb7xzwmEazk
UCDGrKOtVH1kWDD-DrkTm0ew,Hidden Planet TV,2025-05-10,20200,nature_animals,28,nature_animals,channel_latest,l6BDEXkzHjw,WORLD'S DEADLIEST | The Untold Story of Africa's Top Hunter | FULL EPISODE | WILDLIFE DOCUMENTARY,2700,2 months ago,60,7021,https://www.youtube.com/watch?v=l6BDEXkzHjw
UCDGrKOtVH1kWDD-DrkTm0ew,Hidden Planet TV,2025-05-10,20200,nature_animals,29,nature_animals,channel_latest,iS94WoGBMYE,AFRICA'S MOST FEARED PREDATORS | FULL EPISODE | WILDLIFE DOCUMENTARY,2300,2 months ago,60,31430,https://www.youtube.com/watch?v=iS94WoGBMYE
UCDGrKOtVH1kWDD-DrkTm0ew,Hidden Planet TV,2025-05-10,20200,nature_animals,30,nature_animals,channel_latest,8KuQGPfy0qk,PREDATOR VS PREY | Nature’s Most Savage African Clash | WILDLIFE DOCUMENTARY,2200,2 months ago,60,11305,https://www.youtube.com/watch?v=8KuQGPfy0qk
UCdBjCBrh6gvcf7N1n9kjMiQ,Ancient History,2025-05-09,21500,culture_entertainment|history_civilization,1,culture_entertainment|history_civilization,channel_latest,hk2TnMSq1Gg,The Entire History of World War 2 | WWII 1939–1945 Full Hindi Documentary,1900,13 days ago,13,8363,https://www.youtube.com/watch?v=hk2TnMSq1Gg
UCdBjCBrh6gvcf7N1n9kjMiQ,Ancient History,2025-05-09,21500,culture_entertainment|history_civilization,2,culture_entertainment|history_civilization,channel_latest,LSqXdOHhLJQ,East India Company Full Documentary: How a Trading Company Conquered India,19000,2 weeks ago,14,10612,https://www.youtube.com/watch?v=LSqXdOHhLJQ
UCdBjCBrh6gvcf7N1n9kjMiQ,Ancient History,2025-05-09,21500,culture_entertainment|history_civilization,3,culture_entertainment|history_civilization,channel_latest,c5mH-omYPqo,The Complete Life of Prophet Muhammad ﷺ | Full Story (570–632 CE) | 3.5 Hours,4500,1 month ago,30,14123,https://www.youtube.com/watch?v=c5mH-omYPqo
UCdBjCBrh6gvcf7N1n9kjMiQ,Ancient History,2025-05-09,21500,culture_entertainment|history_civilization,4,culture_entertainment|history_civilization,channel_latest,yETwN0E0UGc,India: The Entire History | From Ancient Civilization to Modern India,2300,1 month ago,30,16445,https://www.youtube.com/watch?v=yETwN0E0UGc
UCdBjCBrh6gvcf7N1n9kjMiQ,Ancient History,2025-05-09,21500,culture_entertainment|history_civilization,5,culture_entertainment|history_civilization,channel_latest,vra2rEduT5c,Rome: The Entire History | From a Small City to the Greatest Empire | Hindi Documentary,5600,1 month ago,30,8529,https://www.youtube.com/watch?v=vra2rEduT5c
UCdBjCBrh6gvcf7N1n9kjMiQ,Ancient History,2025-05-09,21500,culture_entertainment|history_civilization,6,culture_entertainment|history_civilization,channel_latest,6EcqRzKnFpA,Entire History of Egypt: From Rise of Pyramids to Suez Crisis | Full Documentary,50000,1 month ago,30,11534,https://www.youtube.com/watch?v=6EcqRzKnFpA
UCdBjCBrh6gvcf7N1n9kjMiQ,Ancient History,2025-05-09,21500,culture_entertainment|history_civilization,7,culture_entertainment|history_civilization,channel_latest,T3X_12jCdfQ,Entire History of Canada: From Ice Age Civilizations to Global Power (Full Documentary),6300,1 month ago,30,8205,https://www.youtube.com/watch?v=T3X_12jCdfQ
UCdBjCBrh6gvcf7N1n9kjMiQ,Ancient History,2025-05-09,21500,culture_entertainment|history_civilization,8,culture_entertainment|history_civilization,channel_latest,Amt6L2poQoM,Entire History of Christianity: From Jesus to the Age of Conquest | Full Documentary,13000,1 month ago,30,10359,https://www.youtube.com/watch?v=Amt6L2poQoM
UCdBjCBrh6gvcf7N1n9kjMiQ,Ancient History,2025-05-09,21500,culture_entertainment|history_civilization,9,culture_entertainment|history_civilization,channel_latest,tnFH7h74jT4,The Entire History of the Vikings: From Odin's Warriors to the Fall | Full Documentary,70000,2 months ago,60,5695,https://www.youtube.com/watch?v=tnFH7h74jT4
UCdBjCBrh6gvcf7N1n9kjMiQ,Ancient History,2025-05-09,21500,culture_entertainment|history_civilization,10,culture_entertainment|history_civilization,channel_latest,S7PvBPmuqjI,Entire History of United States: From Native Americans to Future Superpower | Full Documentary,27000,2 months ago,60,9851,https://www.youtube.com/watch?v=S7PvBPmuqjI
UCdBjCBrh6gvcf7N1n9kjMiQ,Ancient History,2025-05-09,21500,culture_entertainment|history_civilization,11,culture_entertainment|history_civilization,channel_latest,CCZZ9ngzgmw,The ENTIRE History of Islam Explained | From Mecca to Modern Middle East (Full Documentary),397000,2 months ago,60,6825,https://www.youtube.com/watch?v=CCZZ9ngzgmw
UCdBjCBrh6gvcf7N1n9kjMiQ,Ancient History,2025-05-09,21500,culture_entertainment|history_civilization,12,culture_entertainment|history_civilization,channel_latest,c87bd1qUZEA,The Entire History of the British Empire | Rise & Fall of the Empire Full Hindi Documentary,146000,2 months ago,60,7668,https://www.youtube.com/watch?v=c87bd1qUZEA
UCdBjCBrh6gvcf7N1n9kjMiQ,Ancient History,2025-05-09,21500,culture_entertainment|history_civilization,13,culture_entertainment|history_civilization,channel_latest,TWQ9hkdH0O8,History of Carthage: The Empire Rome Feared Most | Full Hindi Documentary,5700,3 months ago,90,5072,https://www.youtube.com/watch?v=TWQ9hkdH0O8
UCdBjCBrh6gvcf7N1n9kjMiQ,Ancient History,2025-05-09,21500,culture_entertainment|history_civilization,14,culture_entertainment|history_civilization,channel_latest,2ntr0bQfCv0,History of Iran: From Persian Empire to Modern Revolution | Full Hindi Documentary,6800,3 months ago,90,4660,https://www.youtube.com/watch?v=2ntr0bQfCv0
UCdBjCBrh6gvcf7N1n9kjMiQ,Ancient History,2025-05-09,21500,culture_entertainment|history_civilization,15,culture_entertainment|history_civilization,channel_latest,7YydBeShTqE,Napoleon Bonaparte: The Entire History of the World's Greatest Conqueror | Full Hindi Documentary,43000,3 months ago,90,4943,https://www.youtube.com/watch?v=7YydBeShTqE
UCdBjCBrh6gvcf7N1n9kjMiQ,Ancient History,2025-05-09,21500,culture_entertainment|history_civilization,16,culture_entertainment|history_civilization,channel_latest,zNwx4aMyi3I,The Entire History of Assyrian Empire: World's First Military Superpower | Full Hindi Documentary,16000,4 months ago,120,4766,https://www.youtube.com/watch?v=zNwx4aMyi3I
UCdBjCBrh6gvcf7N1n9kjMiQ,Ancient History,2025-05-09,21500,culture_entertainment|history_civilization,17,culture_entertainment|history_civilization,channel_latest,FOQoW9sFrgo,Suleiman the Magnificent: Full History 1494 to 1566 (The Greatest Ottoman Sultan),151000,5 months ago,150,6968,https://www.youtube.com/watch?v=FOQoW9sFrgo
UCdBjCBrh6gvcf7N1n9kjMiQ,Ancient History,2025-05-09,21500,culture_entertainment|history_civilization,18,culture_entertainment|history_civilization,channel_latest,4_fVYbc0ndU,The Entire History of Alexander: The Man Who Wanted the World | Full Hindi Documentary,155000,5 months ago,150,6702,https://www.youtube.com/watch?v=4_fVYbc0ndU
UCdBjCBrh6gvcf7N1n9kjMiQ,Ancient History,2025-05-09,21500,culture_entertainment|history_civilization,19,culture_entertainment|history_civilization,channel_latest,UOPBKlWdrKE,The Entire History of China: 5000 Years in One Video | Full Hindi Documentary,72000,5 months ago,150,12119,https://www.youtube.com/watch?v=UOPBKlWdrKE
UCdBjCBrh6gvcf7N1n9kjMiQ,Ancient History,2025-05-09,21500,culture_entertainment|history_civilization,20,culture_entertainment|history_civilization,channel_latest,rdR39rHKNJQ,The Entire History of Genghis Khan: The Man Who Killed 10% of World | Full Hindi Documentary,120000,6 months ago,180,4485,https://www.youtube.com/watch?v=rdR39rHKNJQ
UCdBjCBrh6gvcf7N1n9kjMiQ,Ancient History,2025-05-09,21500,culture_entertainment|history_civilization,21,culture_entertainment|history_civilization,channel_latest,pebYuqUTTRc,History of The Silk Road: How China Connected the World (Ancient to Modern),48000,6 months ago,180,3904,https://www.youtube.com/watch?v=pebYuqUTTRc
UCdBjCBrh6gvcf7N1n9kjMiQ,Ancient History,2025-05-09,21500,culture_entertainment|history_civilization,22,culture_entertainment|history_civilization,channel_latest,ry21aTQqzVw,The Entire History of the Roman Empire | Rise and Fall | Full Documentary,22000,6 months ago,180,5179,https://www.youtube.com/watch?v=ry21aTQqzVw
UCdBjCBrh6gvcf7N1n9kjMiQ,Ancient History,2025-05-09,21500,culture_entertainment|history_civilization,23,culture_entertainment|history_civilization,channel_latest,VxUfBwSSl4A,The Entire History of Nazi Germany | Adolf Hitler Rise & Fall Full Hindi Documentary,543000,6 months ago,180,5549,https://www.youtube.com/watch?v=VxUfBwSSl4A
UCdBjCBrh6gvcf7N1n9kjMiQ,Ancient History,2025-05-09,21500,culture_entertainment|history_civilization,24,culture_entertainment|history_civilization,channel_latest,oDkb8t-vt9k,"The Entire History of Persia | Rise, Fall & Alexander the Great Full Hindi Documentary",26000,7 months ago,210,3497,https://www.youtube.com/watch?v=oDkb8t-vt9k
UCdBjCBrh6gvcf7N1n9kjMiQ,Ancient History,2025-05-09,21500,culture_entertainment|history_civilization,25,culture_entertainment|history_civilization,channel_latest,6vWMpICsRhs,The Entire History of the Ottoman Empire | From Osman to World War | Full Hindi Documentary,64000,7 months ago,210,5355,https://www.youtube.com/watch?v=6vWMpICsRhs
UCdBjCBrh6gvcf7N1n9kjMiQ,Ancient History,2025-05-09,21500,culture_entertainment|history_civilization,26,culture_entertainment|history_civilization,channel_latest,dYuJwksWdyI,The Entire History of Israel | From Promised Land to Endless War | Hindi Documentary,90000,7 months ago,210,5105,https://www.youtube.com/watch?v=dYuJwksWdyI
UCdBjCBrh6gvcf7N1n9kjMiQ,Ancient History,2025-05-09,21500,culture_entertainment|history_civilization,27,culture_entertainment|history_civilization,channel_latest,Q0nmxwZX3ng,The Entire History of the Mali Empire | Mansa Musa Full Hindi Documentary,442000,7 months ago,210,5066,https://www.youtube.com/watch?v=Q0nmxwZX3ng
UCdBjCBrh6gvcf7N1n9kjMiQ,Ancient History,2025-05-09,21500,culture_entertainment|history_civilization,28,culture_entertainment|history_civilization,channel_latest,AFVEyIpX5rI,Maratha Empire: शिवाजी से पेशवा तक (The Full History) | Ancient History 4K Hindi Documentary,78000,9 months ago,270,1382,https://www.youtube.com/watch?v=AFVEyIpX5rI
UCdBjCBrh6gvcf7N1n9kjMiQ,Ancient History,2025-05-09,21500,culture_entertainment|history_civilization,29,culture_entertainment|history_civilization,channel_latest,JyZHwPOTi4o,Mughal Empire: Full History 1526 to 1857 (Babur to Bahadur Shah Zafar) | मुगल साम्राज्य का इतिहास,8200,10 months ago,300,3187,https://www.youtube.com/watch?v=JyZHwPOTi4o
UCdBjCBrh6gvcf7N1n9kjMiQ,Ancient History,2025-05-09,21500,culture_entertainment|history_civilization,30,culture_entertainment|history_civilization,channel_latest,YHtP70B4iKo,Mughal Empire: Full 4K Documentary - The Rise and Fall (Babur to Aurangzeb) Part 1,386000,1 year ago,365,4478,https://www.youtube.com/watch?v=YHtP70B4iKo
UCjkPT5n571CsTwxykFZghSw,Banana Planet TV,2025-05-06,30000,nature_animals,1,nature_animals,channel_latest,oKt9rIbT_lg,UNSEEN INDIA: World's Most Breathtaking Place You You Can't See on TV ! 4K Travel,3800,2 months ago,60,7309,https://www.youtube.com/watch?v=oKt9rIbT_lg
UCjkPT5n571CsTwxykFZghSw,Banana Planet TV,2025-05-06,30000,nature_animals,2,nature_animals,channel_latest,xIGXwa0wS4Y,UNSEEN BURUNDI | The World's POOREST Country You Won't Forget What You Saw,4400,2 months ago,60,7511,https://www.youtube.com/watch?v=xIGXwa0wS4Y
UCjkPT5n571CsTwxykFZghSw,Banana Planet TV,2025-05-06,30000,nature_animals,3,nature_animals,channel_latest,cQbZ96t6ySE,The World's Most Dangerous Roads And Railways Challenge Your Driving Skills,119000,2 months ago,60,11151,https://www.youtube.com/watch?v=cQbZ96t6ySE
UCjkPT5n571CsTwxykFZghSw,Banana Planet TV,2025-05-06,30000,nature_animals,4,nature_animals,channel_latest,el3E1nO8CoQ,Impossible Places | The Most Dangerous Houses on Earth Challenge You to Visit | 4K  Documentary,12000,2 months ago,60,11359,https://www.youtube.com/watch?v=el3E1nO8CoQ
UCjkPT5n571CsTwxykFZghSw,Banana Planet TV,2025-05-06,30000,nature_animals,5,nature_animals,channel_latest,YCY8d-UfE0I,Unseen Planet | Most Beautiful Dangerous Places on Earth You Should Not Visit Alone,41000,3 months ago,90,11052,https://www.youtube.com/watch?v=YCY8d-UfE0I
UCjkPT5n571CsTwxykFZghSw,Banana Planet TV,2025-05-06,30000,nature_animals,6,nature_animals,channel_latest,PlgREP7eYIE,The World’s Strangest Places You Won’t Believe Exist | 4K Documentary,3400,3 months ago,90,11169,https://www.youtube.com/watch?v=PlgREP7eYIE
UCjkPT5n571CsTwxykFZghSw,Banana Planet TV,2025-05-06,30000,nature_animals,7,nature_animals,channel_latest,I2q-okFJkX4,UNSEEN HIMALAYAS | World's Most Impossible Places That Look Unbelieable | 4K Travel Documentary,6500,3 months ago,90,11169,https://www.youtube.com/watch?v=I2q-okFJkX4
UCjkPT5n571CsTwxykFZghSw,Banana Planet TV,2025-05-06,30000,nature_animals,8,nature_animals,channel_latest,QFxMr0bxcEI,Unseen Planet | Secret Natural Wonders of the World Doesn’t Talk About | Travel Video 4K,3800,3 months ago,90,11112,https://www.youtube.com/watch?v=QFxMr0bxcEI
UCjkPT5n571CsTwxykFZghSw,Banana Planet TV,2025-05-06,30000,nature_animals,9,nature_animals,channel_latest,EVKvSQ4IcD8,Impossible Places | The World's Most Dangerous Railway Lines That Shouldn't Exist | 4K Travel,55000,3 months ago,90,11169,https://www.youtube.com/watch?v=EVKvSQ4IcD8
UCjkPT5n571CsTwxykFZghSw,Banana Planet TV,2025-05-06,30000,nature_animals,10,nature_animals,channel_latest,ahAHN61fUsU,Unseen Planet | The Most Beautiful World Heritage Sites on the Planet Will Amaze You | 4K Travel,21000,3 months ago,90,7724,https://www.youtube.com/watch?v=ahAHN61fUsU
UCjkPT5n571CsTwxykFZghSw,Banana Planet TV,2025-05-06,30000,nature_animals,11,nature_animals,channel_latest,eCsbV9mYN4o,UNSEEN Nepal |The Most Impossible Country on Earth You’ve Never Seen Before | 4K Documentary,3200,3 months ago,90,11169,https://www.youtube.com/watch?v=eCsbV9mYN4o
UCjkPT5n571CsTwxykFZghSw,Banana Planet TV,2025-05-06,30000,nature_animals,12,nature_animals,channel_latest,LFYiTZMgxEM,Impossible Places | The Most Extreme Towns in the World That Nobody Believes Exist | 4K Documentary,5200,3 months ago,90,10838,https://www.youtube.com/watch?v=LFYiTZMgxEM
UCjkPT5n571CsTwxykFZghSw,Banana Planet TV,2025-05-06,30000,nature_animals,13,nature_animals,channel_latest,3cOD6LWi9F4,UNREAL PLACES | The Most Unbelievable Wonders of Planet Earth You Should visit  | Travel Video 4K,25000,3 months ago,90,11170,https://www.youtube.com/watch?v=3cOD6LWi9F4
UCjkPT5n571CsTwxykFZghSw,Banana Planet TV,2025-05-06,30000,nature_animals,14,nature_animals,channel_latest,AZkcxfLXF1c,Impossible Places | Hidden Medieval Towns Look Amazing You Won't Believe Exist  | Travel Video 4K,16000,3 months ago,90,11056,https://www.youtube.com/watch?v=AZkcxfLXF1c
UCjkPT5n571CsTwxykFZghSw,Banana Planet TV,2025-05-06,30000,nature_animals,15,nature_animals,channel_latest,YzfQQEGCCWk,UNSEEN Viet Nam | Hidden Wonders and Secret Places You Won’t Believe Exist | 4K Travel Documentary,158000,3 months ago,90,11178,https://www.youtube.com/watch?v=YzfQQEGCCWk
UCjkPT5n571CsTwxykFZghSw,Banana Planet TV,2025-05-06,30000,nature_animals,16,nature_animals,channel_latest,AI3j32KaL34,Impossible Places | Incredible Natural Places You Won't Believe Exist | Travel Video 4K,3000,3 months ago,90,11169,https://www.youtube.com/watch?v=AI3j32KaL34
UCjkPT5n571CsTwxykFZghSw,Banana Planet TV,2025-05-06,30000,nature_animals,17,nature_animals,channel_latest,QA2nJX8dtnw,Impossible Places | The World's Most Dangerous Roads That Challenge Your Driving | 4K Documentary,114000,3 months ago,90,10948,https://www.youtube.com/watch?v=QA2nJX8dtnw
UCjkPT5n571CsTwxykFZghSw,Banana Planet TV,2025-05-06,30000,nature_animals,18,nature_animals,channel_latest,SM2HcWg9zqQ,Unseen Planet | The REAL Natural Wonders Most People Will Never See | 4K Travel Documentary,4500,3 months ago,90,10518,https://www.youtube.com/watch?v=SM2HcWg9zqQ
UCjkPT5n571CsTwxykFZghSw,Banana Planet TV,2025-05-06,30000,nature_animals,19,nature_animals,channel_latest,LBpBKT7pgoU,UNSEEN AMAZON: Nature’s Most Dangerous Paradise Most People Will Never See | 4K Travel Documentary,85000,4 months ago,120,11169,https://www.youtube.com/watch?v=LBpBKT7pgoU
UCjkPT5n571CsTwxykFZghSw,Banana Planet TV,2025-05-06,30000,nature_animals,20,nature_animals,channel_latest,hvtsB0ZKF_0,Impossible Places | World's Most Dangerous Roads & Railroads Shouldn't Exist | 4K Travel Documentary,59000,4 months ago,120,11114,https://www.youtube.com/watch?v=hvtsB0ZKF_0
UCjkPT5n571CsTwxykFZghSw,Banana Planet TV,2025-05-06,30000,nature_animals,21,nature_animals,channel_latest,Wo4JHaoiD_8,The Strait of Hormuz: Inside the World’s Most Vulnerable Energy Corridor | 4K Documentary,2200,4 months ago,120,11169,https://www.youtube.com/watch?v=Wo4JHaoiD_8
UCjkPT5n571CsTwxykFZghSw,Banana Planet TV,2025-05-06,30000,nature_animals,22,nature_animals,channel_latest,tZ8RllPeoVY,Unseen Planet | 40 UNESCO World Heritage Sites You Need to Visit Before You Die | Travel Video 4K,7000,4 months ago,120,11169,https://www.youtube.com/watch?v=tZ8RllPeoVY
UCjkPT5n571CsTwxykFZghSw,Banana Planet TV,2025-05-06,30000,nature_animals,23,nature_animals,channel_latest,09QzeQA9_rs,Impossible Places | Top 30 World Biggest Bridges You Won't Believe Exist | 4K Travel Documentary,18000,4 months ago,120,10895,https://www.youtube.com/watch?v=09QzeQA9_rs
UCjkPT5n571CsTwxykFZghSw,Banana Planet TV,2025-05-06,30000,nature_animals,24,nature_animals,channel_latest,7lYGrHhw8Ug,Unseen Planet: Most Beautiful Dangerous Places on Earth Should Not Visit Alone | Travel Video 4K,7200,4 months ago,120,11052,https://www.youtube.com/watch?v=7lYGrHhw8Ug
UCjkPT5n571CsTwxykFZghSw,Banana Planet TV,2025-05-06,30000,nature_animals,25,nature_animals,channel_latest,SR20_y0a3H4,Impossible Places | World’s Most Dangerous Roads Bridges No One Dare To Touch | 4K Documentary,72000,4 months ago,120,11169,https://www.youtube.com/watch?v=SR20_y0a3H4
UCjkPT5n571CsTwxykFZghSw,Banana Planet TV,2025-05-06,30000,nature_animals,26,nature_animals,channel_latest,3kuYDfoBCHU,Unseen Wonders | World's Most Hidden Corners of Nature Wonders | 4K Travel Documentary,13000,4 months ago,120,11026,https://www.youtube.com/watch?v=3kuYDfoBCHU
UCjkPT5n571CsTwxykFZghSw,Banana Planet TV,2025-05-06,30000,nature_animals,27,nature_animals,channel_latest,IecO_JiLzPo,Impossible Places | World’s Most Dangerous Roads Bridges Dare You to Driving On | 4K Documentary,66000,4 months ago,120,11170,https://www.youtube.com/watch?v=IecO_JiLzPo
UCjkPT5n571CsTwxykFZghSw,Banana Planet TV,2025-05-06,30000,nature_animals,28,nature_animals,channel_latest,A3CZeZAewts,Unseen Planet | 50 Most Magnificent Places In The World You Won’t Believe Exist | Travel 4K,336000,4 months ago,120,11051,https://www.youtube.com/watch?v=A3CZeZAewts
UCjkPT5n571CsTwxykFZghSw,Banana Planet TV,2025-05-06,30000,nature_animals,29,nature_animals,channel_latest,5kvPREXKZ4M,Unseen Iran | The Misunderstood Place You Were Never Shown! 4K Travel Documentary,562000,4 months ago,120,11170,https://www.youtube.com/watch?v=5kvPREXKZ4M
UCjkPT5n571CsTwxykFZghSw,Banana Planet TV,2025-05-06,30000,nature_animals,30,nature_animals,channel_latest,fSuZF-Pa2Bg,UNSEEN WONDERS | The Most Unusual Locations on Earth Dare You To Come | Travel 4K,30000,4 months ago,120,11156,https://www.youtube.com/watch?v=fSuZF-Pa2Bg
UCMVhLAn7fXvYKlwM0ytKNmQ,Vincent Perez  Films,2025-05-03,11900,speculative_scifi,1,speculative_scifi,channel_latest,deLxB6oXjIU,The Hunt  - Prologue 1 -  The Tyron Bounty,763,4 days ago,4,329,https://www.youtube.com/watch?v=deLxB6oXjIU
UCMVhLAn7fXvYKlwM0ytKNmQ,Vincent Perez  Films,2025-05-03,11900,speculative_scifi,2,speculative_scifi,channel_latest,Ldko8Gdrb7M,Echoes of the Silent Planet  - Chapter Two:  The Cyclops Hunt - Sci-Fi Series,10000,2 weeks ago,14,975,https://www.youtube.com/watch?v=Ldko8Gdrb7M
UCMVhLAn7fXvYKlwM0ytKNmQ,Vincent Perez  Films,2025-05-03,11900,speculative_scifi,3,speculative_scifi,channel_latest,tQqPRHHze4c,Echoes of the Silent Planet - Part II | Official Trailer | Award-Winning Sci-Fi Series,2800,1 month ago,30,65,https://www.youtube.com/watch?v=tQqPRHHze4c
UCMVhLAn7fXvYKlwM0ytKNmQ,Vincent Perez  Films,2025-05-03,11900,speculative_scifi,4,speculative_scifi,channel_latest,yrOTWKWp6xA,Echoes of the Silent Planet | Sci Fi Short Film | Finalist AI London Film Festival & Cannes 2026,183000,2 months ago,60,782,https://www.youtube.com/watch?v=yrOTWKWp6xA
UCMVhLAn7fXvYKlwM0ytKNmQ,Vincent Perez  Films,2025-05-03,11900,speculative_scifi,5,speculative_scifi,channel_latest,x47QcGm8Om0,The Legend of Maelor  -  The Birth of a Warrior  - Finalist AI Film Festival Seoul International,21000,3 months ago,90,1256,https://www.youtube.com/watch?v=x47QcGm8Om0
UCMVhLAn7fXvYKlwM0ytKNmQ,Vincent Perez  Films,2025-05-03,11900,speculative_scifi,6,speculative_scifi,channel_latest,gWLUOutOtGs,The Legend of Maelor – The Fall,1100,4 months ago,120,377,https://www.youtube.com/watch?v=gWLUOutOtGs
UCMVhLAn7fXvYKlwM0ytKNmQ,Vincent Perez  Films,2025-05-03,11900,speculative_scifi,7,speculative_scifi,channel_latest,e5vKzYYDM0M,The Legened of MaeloR - The Birth of a Warrior - Teaser Trailer,1500,5 months ago,150,90,https://www.youtube.com/watch?v=e5vKzYYDM0M
UCMVhLAn7fXvYKlwM0ytKNmQ,Vincent Perez  Films,2025-05-03,11900,speculative_scifi,8,speculative_scifi,channel_latest,V4PIMmoUBkQ,The Legend Of Maelor – The birth of a warrior | Official Cinematic Trailer (2026),2000,5 months ago,150,220,https://www.youtube.com/watch?v=V4PIMmoUBkQ
UCMVhLAn7fXvYKlwM0ytKNmQ,Vincent Perez  Films,2025-05-03,11900,speculative_scifi,9,speculative_scifi,channel_latest,iUROt7PdDr4,War of Beasts 2 – Rise of the Zhar’Thul - Chapter 1,18000,9 months ago,270,484,https://www.youtube.com/watch?v=iUROt7PdDr4
UCMVhLAn7fXvYKlwM0ytKNmQ,Vincent Perez  Films,2025-05-03,11900,speculative_scifi,10,speculative_scifi,channel_latest,zRRc1z7Ru44,Hunters Of Flesh – Full Movie – Complete Season 1  (All Episodes),18000,10 months ago,300,713,https://www.youtube.com/watch?v=zRRc1z7Ru44
UCMVhLAn7fXvYKlwM0ytKNmQ,Vincent Perez  Films,2025-05-03,11900,speculative_scifi,11,speculative_scifi,channel_latest,gEHd6fDLMUA,Hunters Of Flesh – Vol.2 – Full Movie – Complete Season 2,12000,10 months ago,300,1326,https://www.youtube.com/watch?v=gEHd6fDLMUA
UCMVhLAn7fXvYKlwM0ytKNmQ,Vincent Perez  Films,2025-05-03,11900,speculative_scifi,12,speculative_scifi,channel_latest,ZpXcyZNLcDU,Hunters of Flesh Vol.2 - Official Trailer,4000,11 months ago,330,117,https://www.youtube.com/watch?v=ZpXcyZNLcDU
UCMVhLAn7fXvYKlwM0ytKNmQ,Vincent Perez  Films,2025-05-03,11900,speculative_scifi,13,speculative_scifi,channel_latest,WTFi77gMgwE,The Giants  -  Best Series Award 2025 - Full Movie,5500,11 months ago,330,729,https://www.youtube.com/watch?v=WTFi77gMgwE
UCMVhLAn7fXvYKlwM0ytKNmQ,Vincent Perez  Films,2025-05-03,11900,speculative_scifi,14,speculative_scifi,channel_latest,T3Lssa7uKdQ,War of Beasts – Full Movie – Complete Season 1  (All Episodes),738000,11 months ago,330,1372,https://www.youtube.com/watch?v=T3Lssa7uKdQ
UCMVhLAn7fXvYKlwM0ytKNmQ,Vincent Perez  Films,2025-05-03,11900,speculative_scifi,15,speculative_scifi,channel_latest,fsajgiOp3u4,"The First Europeans  - Atapuerca – 800,000 Years Ago (Short Film)",5900,1 year ago,365,737,https://www.youtube.com/watch?v=fsajgiOp3u4
UCMVhLAn7fXvYKlwM0ytKNmQ,Vincent Perez  Films,2025-05-03,11900,speculative_scifi,16,speculative_scifi,channel_latest,xA6kwCPCS4U,War of Beasts | Chapter 6: The Shadow Rises | Season Finale,17000,1 year ago,365,179,https://www.youtube.com/watch?v=xA6kwCPCS4U
UCMVhLAn7fXvYKlwM0ytKNmQ,Vincent Perez  Films,2025-05-03,11900,speculative_scifi,17,speculative_scifi,channel_latest,x2NwIx8EGVw,War of Beasts | Chapter 5 | Aftermath of War,14000,1 year ago,365,166,https://www.youtube.com/watch?v=x2NwIx8EGVw
UCMVhLAn7fXvYKlwM0ytKNmQ,Vincent Perez  Films,2025-05-03,11900,speculative_scifi,18,speculative_scifi,channel_latest,oD6Ga0QYXnw,War of Beasts | Chapter 4 | Ai short film,19000,1 year ago,365,248,https://www.youtube.com/watch?v=oD6Ga0QYXnw
UCMVhLAn7fXvYKlwM0ytKNmQ,Vincent Perez  Films,2025-05-03,11900,speculative_scifi,19,speculative_scifi,channel_latest,c39luDMtZ-4,War of Beasts | Chapter 3 | Ai short film,22000,1 year ago,365,204,https://www.youtube.com/watch?v=c39luDMtZ-4
UCMVhLAn7fXvYKlwM0ytKNmQ,Vincent Perez  Films,2025-05-03,11900,speculative_scifi,20,speculative_scifi,channel_latest,Nb29Srkbq_U,War of Beasts | Chapter 2 | Ai short film,73000,1 year ago,365,192,https://www.youtube.com/watch?v=Nb29Srkbq_U
UCMVhLAn7fXvYKlwM0ytKNmQ,Vincent Perez  Films,2025-05-03,11900,speculative_scifi,21,speculative_scifi,channel_latest,infDOUAMeq4,War of Beasts | Chapter 1 | Ai short film,274000,1 year ago,365,257,https://www.youtube.com/watch?v=infDOUAMeq4
UCMVhLAn7fXvYKlwM0ytKNmQ,Vincent Perez  Films,2025-05-03,11900,speculative_scifi,22,speculative_scifi,channel_latest,JwuD7tL5kY8,War of Beasts | Chapter 0 | Ai short film,23000,1 year ago,365,129,https://www.youtube.com/watch?v=JwuD7tL5kY8
UCMVhLAn7fXvYKlwM0ytKNmQ,Vincent Perez  Films,2025-05-03,11900,speculative_scifi,23,speculative_scifi,channel_latest,QkgcY7f29aA,Zone X – Chapter 2 | The Snare Line | Short Film,2100,1 year ago,365,124,https://www.youtube.com/watch?v=QkgcY7f29aA
UCMVhLAn7fXvYKlwM0ytKNmQ,Vincent Perez  Films,2025-05-03,11900,speculative_scifi,24,speculative_scifi,channel_latest,iLaK_Ffk8DM,WaR Of BeastS | Official Trailer | Short Film,22000,1 year ago,365,117,https://www.youtube.com/watch?v=iLaK_Ffk8DM
UCMVhLAn7fXvYKlwM0ytKNmQ,Vincent Perez  Films,2025-05-03,11900,speculative_scifi,25,speculative_scifi,channel_latest,kZMYzOWY7nQ,Zone X – Chapter 1 | The Convoy of Shadows | Short Film,1200,1 year ago,365,95,https://www.youtube.com/watch?v=kZMYzOWY7nQ
UCMVhLAn7fXvYKlwM0ytKNmQ,Vincent Perez  Films,2025-05-03,11900,speculative_scifi,26,speculative_scifi,channel_latest,iN9aVBigXts,Zone X – Chapter 0 | The Beginning of Chaos | Short film,2100,1 year ago,365,263,https://www.youtube.com/watch?v=iN9aVBigXts
UCMVhLAn7fXvYKlwM0ytKNmQ,Vincent Perez  Films,2025-05-03,11900,speculative_scifi,27,speculative_scifi,channel_latest,S13C2-5M0bk,Hunters of Flesh | Official Trailer – Season 1 | AI Short Film,46000,1 year ago,365,114,https://www.youtube.com/watch?v=S13C2-5M0bk
UCMVhLAn7fXvYKlwM0ytKNmQ,Vincent Perez  Films,2025-05-03,11900,speculative_scifi,28,speculative_scifi,channel_latest,-2EbkrTdFgg,Hunters of Flesh | Final Chapter – Season 1 | AI Short Film,52000,1 year ago,365,174,https://www.youtube.com/watch?v=-2EbkrTdFgg
UCMVhLAn7fXvYKlwM0ytKNmQ,Vincent Perez  Films,2025-05-03,11900,speculative_scifi,29,speculative_scifi,channel_latest,iRc1Wg8UWXM,Hunters of flesh | Chapter 2 | Ai short film,58000,1 year ago,365,260,https://www.youtube.com/watch?v=iRc1Wg8UWXM
UCMVhLAn7fXvYKlwM0ytKNmQ,Vincent Perez  Films,2025-05-03,11900,speculative_scifi,30,speculative_scifi,channel_latest,bsvUEe8tCXk,Hunters of flesh | Chapter 1 | Ai short film,19000,1 year ago,365,134,https://www.youtube.com/watch?v=bsvUEe8tCXk
UCUIzUlxA9OvY5SjXv51tDpw,Fat Rat,2025-05-01,14700,history_civilization,1,history_civilization,channel_latest,9JNnQOrDmOM,"The Death of Cuba: How Fidel Castro, Batista and America Destroyed Cuba",556,3 weeks ago,21,1868,https://www.youtube.com/watch?v=9JNnQOrDmOM
UCUIzUlxA9OvY5SjXv51tDpw,Fat Rat,2025-05-01,14700,history_civilization,2,history_civilization,channel_latest,X0Yfzrmc4U8,Che Guevara: The Controversial Story of the World’s Most Famous Rebel,748,2 months ago,60,1699,https://www.youtube.com/watch?v=X0Yfzrmc4U8
UCUIzUlxA9OvY5SjXv51tDpw,Fat Rat,2025-05-01,14700,history_civilization,3,history_civilization,channel_latest,4T1oZcJVvYs,The Brutal Dictatorship Behind South Korea's Success: Park Chung-hee,4400,2 months ago,60,1533,https://www.youtube.com/watch?v=4T1oZcJVvYs
UCUIzUlxA9OvY5SjXv51tDpw,Fat Rat,2025-05-01,14700,history_civilization,4,history_civilization,channel_latest,OFNZW6dlKl4,The Man Who Lifted 1 Billion People Out of Poverty: Deng Xiaoping's Chinese Miracle,2700,3 months ago,90,1204,https://www.youtube.com/watch?v=OFNZW6dlKl4
UCUIzUlxA9OvY5SjXv51tDpw,Fat Rat,2025-05-01,14700,history_civilization,5,history_civilization,channel_latest,IcpcAO2zil0,"Pepe Mujica: The President with a Heart of Gold, The Poorest President",478,3 months ago,90,620,https://www.youtube.com/watch?v=IcpcAO2zil0
UCUIzUlxA9OvY5SjXv51tDpw,Fat Rat,2025-05-01,14700,history_civilization,6,history_civilization,channel_latest,iQAv7V7iasQ,Pol Pot: Year Zero — The Most Brutal Dictatorship in History | Khmer Rouge,688,4 months ago,120,958,https://www.youtube.com/watch?v=iQAv7V7iasQ
UCUIzUlxA9OvY5SjXv51tDpw,Fat Rat,2025-05-01,14700,history_civilization,7,history_civilization,channel_latest,NPOt52Rc25c,Saddam against the world: The destruction of Iraq,655,4 months ago,120,1327,https://www.youtube.com/watch?v=NPOt52Rc25c
UCUIzUlxA9OvY5SjXv51tDpw,Fat Rat,2025-05-01,14700,history_civilization,8,history_civilization,channel_latest,Dj_z3vOZ9bU,Gaddafi against the world: The destruction of Lybia,2000,6 months ago,180,1420,https://www.youtube.com/watch?v=Dj_z3vOZ9bU
UCUIzUlxA9OvY5SjXv51tDpw,Fat Rat,2025-05-01,14700,history_civilization,9,history_civilization,channel_latest,663tu4sBSUA,How a Tiny Country Humiliated the Soviet Superpower,598,6 months ago,180,1200,https://www.youtube.com/watch?v=663tu4sBSUA
UCUIzUlxA9OvY5SjXv51tDpw,Fat Rat,2025-05-01,14700,history_civilization,10,history_civilization,channel_latest,QL_Ms6gRD70,When Australia Went to War With Billions of Rabbits,958,7 months ago,210,808,https://www.youtube.com/watch?v=QL_Ms6gRD70
UCUIzUlxA9OvY5SjXv51tDpw,Fat Rat,2025-05-01,14700,history_civilization,11,history_civilization,channel_latest,V9ukXKCMnJ8,"Idi Amin: The Butcher of Uganda, Africa’s Most Insane Dictatorship",6300,8 months ago,240,1133,https://www.youtube.com/watch?v=V9ukXKCMnJ8
UCUIzUlxA9OvY5SjXv51tDpw,Fat Rat,2025-05-01,14700,history_civilization,12,history_civilization,channel_latest,B-jecCcBnBc,The End of Communist Romania: Rise and Fall of Ceaușescu,36000,9 months ago,270,1393,https://www.youtube.com/watch?v=B-jecCcBnBc
UCUIzUlxA9OvY5SjXv51tDpw,Fat Rat,2025-05-01,14700,history_civilization,13,history_civilization,channel_latest,Keorwi61Zxo,The Leader Who Successfully Starved His People: Kim Jong-Il's North Korea,7200,10 months ago,300,909,https://www.youtube.com/watch?v=Keorwi61Zxo
UCUIzUlxA9OvY5SjXv51tDpw,Fat Rat,2025-05-01,14700,history_civilization,14,history_civilization,channel_latest,aH4cFOB2V5c,How Lee Kuan Yew Built Singapore: The World’s Most Successful Dictatorship,2700000,10 months ago,300,907,https://www.youtube.com/watch?v=aH4cFOB2V5c
UCUIzUlxA9OvY5SjXv51tDpw,Fat Rat,2025-05-01,14700,history_civilization,15,history_civilization,channel_latest,sUI_Jcr8Vn4,Life in the World's Most Isolated Place (and its Terrifying Crimes): Pitcairn Island,16000,11 months ago,330,823,https://www.youtube.com/watch?v=sUI_Jcr8Vn4
UCUIzUlxA9OvY5SjXv51tDpw,Fat Rat,2025-05-01,14700,history_civilization,16,history_civilization,channel_latest,sw4YjlVRs2Q,The Dictator Who Sacrificed His Life For His People: Thomas Sankara,15000,11 months ago,330,864,https://www.youtube.com/watch?v=sw4YjlVRs2Q
UCUIzUlxA9OvY5SjXv51tDpw,Fat Rat,2025-05-01,14700,history_civilization,17,history_civilization,channel_latest,JnNRbw0hDGA,When Israel saved 100 hostages in the heart of Africa: Entebbe 1976,2200,1 year ago,365,628,https://www.youtube.com/watch?v=JnNRbw0hDGA
UCUIzUlxA9OvY5SjXv51tDpw,Fat Rat,2025-05-01,14700,history_civilization,18,history_civilization,channel_latest,rJe4XRh4kF4,She Stole 10% of Vietnam's Economy,3000,1 year ago,365,700,https://www.youtube.com/watch?v=rJe4XRh4kF4
UCWfnMYXFqLjJdu8wEsKL2OQ,DatingtoWin,2025-04-30,9010,internet_mysteries,1,internet_mysteries,channel_latest,fABXCONLtuU,How I Was Targeted by a Romance Scammer After Losing My Husband,3800,1 day ago,1,4378,https://www.youtube.com/watch?v=fABXCONLtuU
UCWfnMYXFqLjJdu8wEsKL2OQ,DatingtoWin,2025-04-30,9010,internet_mysteries,2,internet_mysteries,channel_latest,UEb-FcIHr_U,Republican vs. Democrat: Why We Can't Date Anymore,82,5 days ago,5,643,https://www.youtube.com/watch?v=UEb-FcIHr_U
UCWfnMYXFqLjJdu8wEsKL2OQ,DatingtoWin,2025-04-30,9010,internet_mysteries,3,internet_mysteries,channel_latest,uP6L_CsTQPk,She Helped Patients Heal While Her Addiction Consumed Her | Meg Parsons,173,2 weeks ago,14,3346,https://www.youtube.com/watch?v=uP6L_CsTQPk
UCWfnMYXFqLjJdu8wEsKL2OQ,DatingtoWin,2025-04-30,9010,internet_mysteries,4,internet_mysteries,channel_latest,UPASjyF4a7I,When Intelligence Doesn’t Protect You From a Romance Scam | Jonathan Farley Story,4700,3 weeks ago,21,3898,https://www.youtube.com/watch?v=UPASjyF4a7I
UCWfnMYXFqLjJdu8wEsKL2OQ,DatingtoWin,2025-04-30,9010,internet_mysteries,5,internet_mysteries,channel_latest,19kNZdKW7Ng,Why Modern Dating Feels So Broken | A Therapist Explains,1800,4 weeks ago,28,3221,https://www.youtube.com/watch?v=19kNZdKW7Ng
UCWfnMYXFqLjJdu8wEsKL2OQ,DatingtoWin,2025-04-30,9010,internet_mysteries,6,internet_mysteries,channel_latest,YPOLX8PyGAc,I’m Turning 60… Here’s What I Wish I Understood Sooner,230,1 month ago,30,639,https://www.youtube.com/watch?v=YPOLX8PyGAc
UCWfnMYXFqLjJdu8wEsKL2OQ,DatingtoWin,2025-04-30,9010,internet_mysteries,7,internet_mysteries,channel_latest,D8jS8aB0RB0,"Scammed… Autistic Scientist Lost $400,000 to One Decision | Why Trust Backfired",1500,1 month ago,30,3050,https://www.youtube.com/watch?v=D8jS8aB0RB0
UCWfnMYXFqLjJdu8wEsKL2OQ,DatingtoWin,2025-04-30,9010,internet_mysteries,8,internet_mysteries,channel_latest,1cgrsD8Pk_w,"Profile, Body, Paycheck—What’s Wrong With This Picture?",435,1 month ago,30,964,https://www.youtube.com/watch?v=1cgrsD8Pk_w
UCWfnMYXFqLjJdu8wEsKL2OQ,DatingtoWin,2025-04-30,9010,internet_mysteries,9,internet_mysteries,channel_latest,JgR51ZXBWK8,They Look Like Romance Scammers but Run Billion-Dollar Crime Networks | Erin West,3900,1 month ago,30,3794,https://www.youtube.com/watch?v=JgR51ZXBWK8
UCWfnMYXFqLjJdu8wEsKL2OQ,DatingtoWin,2025-04-30,9010,internet_mysteries,10,internet_mysteries,channel_latest,mhJYwF8xB_M,Can You Spot the Scam? 5 Deceptive Messages Exposed,487,1 month ago,30,539,https://www.youtube.com/watch?v=mhJYwF8xB_M
UCWfnMYXFqLjJdu8wEsKL2OQ,DatingtoWin,2025-04-30,9010,internet_mysteries,11,internet_mysteries,channel_latest,BEtqvdEvzyM,I Lost Half a Million to Online Dating. Here's How It Happened,8000,2 months ago,60,2441,https://www.youtube.com/watch?v=BEtqvdEvzyM
UCWfnMYXFqLjJdu8wEsKL2OQ,DatingtoWin,2025-04-30,9010,internet_mysteries,12,internet_mysteries,channel_latest,-dKp_dW0iE4,"When He Doesn't Get His Way, Watch for These Red Flags",331,2 months ago,60,834,https://www.youtube.com/watch?v=-dKp_dW0iE4
UCWfnMYXFqLjJdu8wEsKL2OQ,DatingtoWin,2025-04-30,9010,internet_mysteries,13,internet_mysteries,channel_latest,hoLF6N1yAs4,Don't Fall Victim: The New AI Dating Scam Exposed,4700,2 months ago,60,1037,https://www.youtube.com/watch?v=hoLF6N1yAs4
UCWfnMYXFqLjJdu8wEsKL2OQ,DatingtoWin,2025-04-30,9010,internet_mysteries,14,internet_mysteries,channel_latest,xPY_AIc9cWc,Romance Scam Victim Lost $1.6 Million Dollars in Crypto Scam | Lang’s Interview,100000,2 months ago,60,3234,https://www.youtube.com/watch?v=xPY_AIc9cWc
UCWfnMYXFqLjJdu8wEsKL2OQ,DatingtoWin,2025-04-30,9010,internet_mysteries,15,internet_mysteries,channel_latest,Hs5b3md4_kk,"Is It Love or Is He Just After Your Assets? Dating over 50, You be the Judge",731,2 months ago,60,772,https://www.youtube.com/watch?v=Hs5b3md4_kk
UCWfnMYXFqLjJdu8wEsKL2OQ,DatingtoWin,2025-04-30,9010,internet_mysteries,16,internet_mysteries,channel_latest,u2Oc0USwKZs,Personality Is Everything in Dating: Why Looks Aren’t Enough,258,3 months ago,90,1285,https://www.youtube.com/watch?v=u2Oc0USwKZs
UCWfnMYXFqLjJdu8wEsKL2OQ,DatingtoWin,2025-04-30,9010,internet_mysteries,17,internet_mysteries,channel_latest,sOrlMvfjBNQ,The Romance Scam That Destroyed Her Life | Jennifer's Story,121000,3 months ago,90,3497,https://www.youtube.com/watch?v=sOrlMvfjBNQ
UCWfnMYXFqLjJdu8wEsKL2OQ,DatingtoWin,2025-04-30,9010,internet_mysteries,18,internet_mysteries,channel_latest,CAuEGUyDYzA,You Have Friends But Still Feel Alone? Here’s Why,348,3 months ago,90,1069,https://www.youtube.com/watch?v=CAuEGUyDYzA
UCWfnMYXFqLjJdu8wEsKL2OQ,DatingtoWin,2025-04-30,9010,internet_mysteries,19,internet_mysteries,channel_latest,t5X4E1Pqvd8,Your Marriage Feels Like Roommates? Here's What's Really Happening,238,3 months ago,90,969,https://www.youtube.com/watch?v=t5X4E1Pqvd8
UCWfnMYXFqLjJdu8wEsKL2OQ,DatingtoWin,2025-04-30,9010,internet_mysteries,20,internet_mysteries,channel_latest,ggM3yzTubMk,Dating Scammers Exposed: The Victims They Target Most,43000,3 months ago,90,2940,https://www.youtube.com/watch?v=ggM3yzTubMk
UCWfnMYXFqLjJdu8wEsKL2OQ,DatingtoWin,2025-04-30,9010,internet_mysteries,21,internet_mysteries,channel_latest,mxbsp2DdqV8,Tired of Your Situationship? Do This Instead (5 Signs It’s Not Going Anywhere),230,3 months ago,90,356,https://www.youtube.com/watch?v=mxbsp2DdqV8
UCWfnMYXFqLjJdu8wEsKL2OQ,DatingtoWin,2025-04-30,9010,internet_mysteries,22,internet_mysteries,channel_latest,JM8NG3rCfas,These Dating Questions Expose What's Actually Broken Right Now,251,4 months ago,120,473,https://www.youtube.com/watch?v=JM8NG3rCfas
UCWfnMYXFqLjJdu8wEsKL2OQ,DatingtoWin,2025-04-30,9010,internet_mysteries,23,internet_mysteries,channel_latest,3WrZM-U6XVA,I Lost Half a Million to Online Dating. Here's How It Happened,107000,4 months ago,120,2133,https://www.youtube.com/watch?v=3WrZM-U6XVA
UCWfnMYXFqLjJdu8wEsKL2OQ,DatingtoWin,2025-04-30,9010,internet_mysteries,24,internet_mysteries,channel_latest,MdIrl1en_nY,Millions Lost to Romance Scams Every Year… You Could Be Next,412,4 months ago,120,347,https://www.youtube.com/watch?v=MdIrl1en_nY
UCWfnMYXFqLjJdu8wEsKL2OQ,DatingtoWin,2025-04-30,9010,internet_mysteries,25,internet_mysteries,channel_latest,3qfWP8GLJqM,Your Relationship is Already Over... You Just Don't Know It,116,4 months ago,120,321,https://www.youtube.com/watch?v=3qfWP8GLJqM
UCWfnMYXFqLjJdu8wEsKL2OQ,DatingtoWin,2025-04-30,9010,internet_mysteries,26,internet_mysteries,channel_latest,oCDU-Q88kuw,Emotionally Unavailable? Here's What's Actually Happening,125,4 months ago,120,379,https://www.youtube.com/watch?v=oCDU-Q88kuw
UCWfnMYXFqLjJdu8wEsKL2OQ,DatingtoWin,2025-04-30,9010,internet_mysteries,27,internet_mysteries,channel_latest,oFLsbydLwJU,I Tested Zodiac Compatibility and Here's What Happened,122,4 months ago,120,320,https://www.youtube.com/watch?v=oFLsbydLwJU
UCWfnMYXFqLjJdu8wEsKL2OQ,DatingtoWin,2025-04-30,9010,internet_mysteries,28,internet_mysteries,channel_latest,eGmR0843_yk,4 Signs They’re Emotionally Cheating (Without Actually Cheating),181,4 months ago,120,392,https://www.youtube.com/watch?v=eGmR0843_yk
UCWfnMYXFqLjJdu8wEsKL2OQ,DatingtoWin,2025-04-30,9010,internet_mysteries,29,internet_mysteries,channel_latest,UKfZlgXrIiI,Why You’re Not Happy Even When Life Looks Good,109,4 months ago,120,301,https://www.youtube.com/watch?v=UKfZlgXrIiI
UCWfnMYXFqLjJdu8wEsKL2OQ,DatingtoWin,2025-04-30,9010,internet_mysteries,30,internet_mysteries,channel_latest,IFlIDW7U0JA,Why You Keep Making This Dating Profile Mistake,75,5 months ago,150,407,https://www.youtube.com/watch?v=IFlIDW7U0JA
UChS4VG1jXDcxDnUvwcMcxtg,Neu,2025-04-19,36000,geography_logistics,1,geography_logistics,channel_latest,sBlIa7e1TJ8,Why Ships get Paid to do Nothing,18000,7 days ago,7,853,https://www.youtube.com/watch?v=sBlIa7e1TJ8
UChS4VG1jXDcxDnUvwcMcxtg,Neu,2025-04-19,36000,geography_logistics,2,geography_logistics,channel_latest,1UrJiz6yGis,Why Europe Has a Monopoly on Cruise Ships,61000,12 days ago,12,526,https://www.youtube.com/watch?v=1UrJiz6yGis
UChS4VG1jXDcxDnUvwcMcxtg,Neu,2025-04-19,36000,geography_logistics,3,geography_logistics,channel_latest,q8-O04ztONg,Why Europe Can’t Afford to Lose This Port,39000,2 weeks ago,14,508,https://www.youtube.com/watch?v=q8-O04ztONg
UChS4VG1jXDcxDnUvwcMcxtg,Neu,2025-04-19,36000,geography_logistics,4,geography_logistics,channel_latest,rqTJoriWdFk,How This Port Dominates Global Shipping,129000,3 weeks ago,21,528,https://www.youtube.com/watch?v=rqTJoriWdFk
UChS4VG1jXDcxDnUvwcMcxtg,Neu,2025-04-19,36000,geography_logistics,5,geography_logistics,channel_latest,rDe9wmDfwGo,Why China is Building Nuclear Icebreakers,8800,4 weeks ago,28,488,https://www.youtube.com/watch?v=rDe9wmDfwGo
UChS4VG1jXDcxDnUvwcMcxtg,Neu,2025-04-19,36000,geography_logistics,6,geography_logistics,channel_latest,vQCNXbm2jjU,How Pirates Get Paid,7200,1 month ago,30,565,https://www.youtube.com/watch?v=vQCNXbm2jjU
UChS4VG1jXDcxDnUvwcMcxtg,Neu,2025-04-19,36000,geography_logistics,7,geography_logistics,channel_latest,uMZ9CkmzYMc,The Broken Economics of Oil Tankers,78000,1 month ago,30,571,https://www.youtube.com/watch?v=uMZ9CkmzYMc
UChS4VG1jXDcxDnUvwcMcxtg,Neu,2025-04-19,36000,geography_logistics,8,geography_logistics,channel_latest,KXpsQ2orL1E,Why the World Suddenly Has Too Many Ships,157000,1 month ago,30,605,https://www.youtube.com/watch?v=KXpsQ2orL1E
UChS4VG1jXDcxDnUvwcMcxtg,Neu,2025-04-19,36000,geography_logistics,9,geography_logistics,channel_latest,IQSVWDM3RNc,Why Cruise Industry Made This Insane Move,19000,2 months ago,60,529,https://www.youtube.com/watch?v=IQSVWDM3RNc
UChS4VG1jXDcxDnUvwcMcxtg,Neu,2025-04-19,36000,geography_logistics,10,geography_logistics,channel_latest,OoyblSwp0dU,The Broken Economics of Abandoned Ships,9200,2 months ago,60,502,https://www.youtube.com/watch?v=OoyblSwp0dU
UChS4VG1jXDcxDnUvwcMcxtg,Neu,2025-04-19,36000,geography_logistics,11,geography_logistics,channel_latest,nwrs2mz7FYw,Why the World's Biggest Ships are Intentionally Going Slow,96000,2 months ago,60,498,https://www.youtube.com/watch?v=nwrs2mz7FYw
UChS4VG1jXDcxDnUvwcMcxtg,Neu,2025-04-19,36000,geography_logistics,12,geography_logistics,channel_latest,z_NsHfC93yE,Why Icebreakers are So Expensive,102000,3 months ago,90,515,https://www.youtube.com/watch?v=z_NsHfC93yE
UChS4VG1jXDcxDnUvwcMcxtg,Neu,2025-04-19,36000,geography_logistics,13,geography_logistics,channel_latest,WCa2PUyZCrg,Why the Global Shipping Industry loves Chaos,12000,3 months ago,90,555,https://www.youtube.com/watch?v=WCa2PUyZCrg
UChS4VG1jXDcxDnUvwcMcxtg,Neu,2025-04-19,36000,geography_logistics,14,geography_logistics,channel_latest,c5xQuVIkN58,The Economics of Owning A Plane,57000,3 months ago,90,534,https://www.youtube.com/watch?v=c5xQuVIkN58
UChS4VG1jXDcxDnUvwcMcxtg,Neu,2025-04-19,36000,geography_logistics,15,geography_logistics,channel_latest,eTAPxhmye1M,The Broken Economics of Cruise Industry,91000,4 months ago,120,548,https://www.youtube.com/watch?v=eTAPxhmye1M
UChS4VG1jXDcxDnUvwcMcxtg,Neu,2025-04-19,36000,geography_logistics,16,geography_logistics,channel_latest,cQ4f-24Lp0U,The Economics of Owning A Ship,592000,4 months ago,120,490,https://www.youtube.com/watch?v=cQ4f-24Lp0U
UChS4VG1jXDcxDnUvwcMcxtg,Neu,2025-04-19,36000,geography_logistics,17,geography_logistics,channel_latest,KpHgb1NPQUY,Why Only Three Shipping Container Alliances Control Almost All Global Trade,49000,4 months ago,120,603,https://www.youtube.com/watch?v=KpHgb1NPQUY
UChS4VG1jXDcxDnUvwcMcxtg,Neu,2025-04-19,36000,geography_logistics,18,geography_logistics,channel_latest,qNRKgpr3hpw,Why The World Keeps Building Bigger Ships,207000,5 months ago,150,500,https://www.youtube.com/watch?v=qNRKgpr3hpw
UChS4VG1jXDcxDnUvwcMcxtg,Neu,2025-04-19,36000,geography_logistics,19,geography_logistics,channel_latest,iqTeS52JF_0,Who Actually Built Dubai Islands,15000,5 months ago,150,508,https://www.youtube.com/watch?v=iqTeS52JF_0
UChS4VG1jXDcxDnUvwcMcxtg,Neu,2025-04-19,36000,geography_logistics,20,geography_logistics,channel_latest,QjZ-GtFTvjs,The Weird Logic Behind Ships Waiting,86000,5 months ago,150,566,https://www.youtube.com/watch?v=QjZ-GtFTvjs
UChS4VG1jXDcxDnUvwcMcxtg,Neu,2025-04-19,36000,geography_logistics,21,geography_logistics,channel_latest,aaKDi3Z8EL8,The Broken Logistics of German Economy,12000,5 months ago,150,540,https://www.youtube.com/watch?v=aaKDi3Z8EL8
UChS4VG1jXDcxDnUvwcMcxtg,Neu,2025-04-19,36000,geography_logistics,22,geography_logistics,channel_latest,y03rAhUB0NA,Why Container Prices are Kinda Rigged,12000,5 months ago,150,582,https://www.youtube.com/watch?v=y03rAhUB0NA
UChS4VG1jXDcxDnUvwcMcxtg,Neu,2025-04-19,36000,geography_logistics,23,geography_logistics,channel_latest,cRP_IkyaptA,Why The World's Most Important Cargo Isn't in Containers,22000,5 months ago,150,606,https://www.youtube.com/watch?v=cRP_IkyaptA
UChS4VG1jXDcxDnUvwcMcxtg,Neu,2025-04-19,36000,geography_logistics,24,geography_logistics,channel_latest,HyUjsfhX4-Y,The World's Largest Ship Graveyard,1000000,6 months ago,180,554,https://www.youtube.com/watch?v=HyUjsfhX4-Y
UChS4VG1jXDcxDnUvwcMcxtg,Neu,2025-04-19,36000,geography_logistics,25,geography_logistics,channel_latest,4iZ75mbX6mY,A Single Company Dominates Almost All Global Shipbuilding,44000,6 months ago,180,509,https://www.youtube.com/watch?v=4iZ75mbX6mY
UChS4VG1jXDcxDnUvwcMcxtg,Neu,2025-04-19,36000,geography_logistics,26,geography_logistics,channel_latest,W9UbEhvaRAk,Why Every Ship Needs Permission From This Company,15000,6 months ago,180,531,https://www.youtube.com/watch?v=W9UbEhvaRAk
UChS4VG1jXDcxDnUvwcMcxtg,Neu,2025-04-19,36000,geography_logistics,27,geography_logistics,channel_latest,pqDK5H6BLH8,This Single Company Controls Almost Container Ports,42000,6 months ago,180,626,https://www.youtube.com/watch?v=pqDK5H6BLH8
UChS4VG1jXDcxDnUvwcMcxtg,Neu,2025-04-19,36000,geography_logistics,28,geography_logistics,channel_latest,ZxWT4cEaKTU,Even You Can Track Every Ship Around the World,30000,6 months ago,180,552,https://www.youtube.com/watch?v=ZxWT4cEaKTU
UChS4VG1jXDcxDnUvwcMcxtg,Neu,2025-04-19,36000,geography_logistics,29,geography_logistics,channel_latest,BLN_qIGujlQ,The Invisible Landlords of The Ocean,182000,6 months ago,180,548,https://www.youtube.com/watch?v=BLN_qIGujlQ
UChS4VG1jXDcxDnUvwcMcxtg,Neu,2025-04-19,36000,geography_logistics,30,geography_logistics,channel_latest,ueZcDQAVofk,Why Only Three Companies Control Almost All Shipping Containers,393000,6 months ago,180,520,https://www.youtube.com/watch?v=ueZcDQAVofk
UCzQ2FFVe7m8yIgzXMZtlSjg,Steve Eisman,2025-04-03,191000,technology_ai,1,technology_ai,channel_latest,hg2yuB7bsXA,"The AI Trade, Rising Rates, and Why the Market Is Still Standing | The Real Eisman Playbook Ep 73",142000,7 days ago,7,2729,https://www.youtube.com/watch?v=hg2yuB7bsXA
UCzQ2FFVe7m8yIgzXMZtlSjg,Steve Eisman,2025-04-03,191000,technology_ai,2,technology_ai,channel_latest,sQCnVoHrN58,AI’s Achilles’ Heel: Why Everything Hinges on Anthropic & OpenAI | The Weekly Wrap,70000,9 days ago,9,1838,https://www.youtube.com/watch?v=sQCnVoHrN58
UCzQ2FFVe7m8yIgzXMZtlSjg,Steve Eisman,2025-04-03,191000,technology_ai,3,technology_ai,channel_latest,ekn2WneOEBA,Private Credit's Clock is Ticking w/ Glenn Schorr & Ken Worthington | The Real Eisman Playbook Ep 72,73000,2 weeks ago,14,3066,https://www.youtube.com/watch?v=ekn2WneOEBA
UCzQ2FFVe7m8yIgzXMZtlSjg,Steve Eisman,2025-04-03,191000,technology_ai,4,technology_ai,channel_latest,85JeTkJ-fZU,"SpaceX Disappoints, AI's Free Cash Flow Shrinks, Meta Struggles | The Weekly Wrap",62000,2 weeks ago,14,1114,https://www.youtube.com/watch?v=85JeTkJ-fZU
UCzQ2FFVe7m8yIgzXMZtlSjg,Steve Eisman,2025-04-03,191000,technology_ai,5,technology_ai,channel_latest,IyhTh8CMLBM,"250 Years of American Capitalism: Hamilton, the GFC, & the AI Boom | The Real Eisman Playbook Ep 71",49000,3 weeks ago,21,3053,https://www.youtube.com/watch?v=IyhTh8CMLBM
UCzQ2FFVe7m8yIgzXMZtlSjg,Steve Eisman,2025-04-03,191000,technology_ai,6,technology_ai,channel_latest,yUP_5Hcffak,"The AI Debate Gets More Complicated: Microsoft Has a Win, Meta Stumbles | The Weekly Wrap",78000,3 weeks ago,21,1481,https://www.youtube.com/watch?v=yUP_5Hcffak
UCzQ2FFVe7m8yIgzXMZtlSjg,Steve Eisman,2025-04-03,191000,technology_ai,7,technology_ai,channel_latest,SWEzkOMe4tY,"The AI Revolution: Who Wins, Who Loses & the SaaSpocalypse | The Real Eisman Playbook Ep 70",102000,4 weeks ago,28,3116,https://www.youtube.com/watch?v=SWEzkOMe4tY
UCzQ2FFVe7m8yIgzXMZtlSjg,Steve Eisman,2025-04-03,191000,technology_ai,8,technology_ai,channel_latest,983SbhP0aRs,Google's Negative Cash Flow and the AI Capex Reckoning | The Weekly Wrap,97000,4 weeks ago,28,1309,https://www.youtube.com/watch?v=983SbhP0aRs
UCzQ2FFVe7m8yIgzXMZtlSjg,Steve Eisman,2025-04-03,191000,technology_ai,9,technology_ai,channel_latest,Z6-ManuYFPo,AI Has a Power Problem: Why the U.S. Power Grid Can't Keep Up | The Real Eisman Playbook Ep 69,56000,1 month ago,30,2962,https://www.youtube.com/watch?v=Z6-ManuYFPo
UCzQ2FFVe7m8yIgzXMZtlSjg,Steve Eisman,2025-04-03,191000,technology_ai,10,technology_ai,channel_latest,X-vRzvyjGUQ,Bank Earnings Just Gave the Market a Much Needed Confidence Boost | The Weekly Wrap,50000,1 month ago,30,1428,https://www.youtube.com/watch?v=X-vRzvyjGUQ
UCzQ2FFVe7m8yIgzXMZtlSjg,Steve Eisman,2025-04-03,191000,technology_ai,11,technology_ai,channel_latest,xrduTt2651c,AI Dominates Economy and Markets with Torsten Slok | The Real Eisman Playbook Ep 68,72000,1 month ago,30,3384,https://www.youtube.com/watch?v=xrduTt2651c
UCzQ2FFVe7m8yIgzXMZtlSjg,Steve Eisman,2025-04-03,191000,technology_ai,12,technology_ai,channel_latest,SBjuK-vyti0,Why the Entire Market Is Now a Single Bet on AI | The Weekly Wrap,82000,1 month ago,30,1231,https://www.youtube.com/watch?v=SBjuK-vyti0
UCzQ2FFVe7m8yIgzXMZtlSjg,Steve Eisman,2025-04-03,191000,technology_ai,13,technology_ai,channel_latest,co2Omyo7Ryo,Who Wins the Midterms & What It Means for Markets with Dan Clifton | The Real Eisman Playbook Ep 67,51000,1 month ago,30,2726,https://www.youtube.com/watch?v=co2Omyo7Ryo
UCzQ2FFVe7m8yIgzXMZtlSjg,Steve Eisman,2025-04-03,191000,technology_ai,14,technology_ai,channel_latest,mQXXlrL13Gs,The Market's Biggest Warning Signs Right Now with Todd Sohn | The Real Eisman Playbook Ep 66,81000,1 month ago,30,2768,https://www.youtube.com/watch?v=mQXXlrL13Gs
UCzQ2FFVe7m8yIgzXMZtlSjg,Steve Eisman,2025-04-03,191000,technology_ai,15,technology_ai,channel_latest,L2ThXVJ-cFk,"The Q2 2026 Report Card: Who Won, Who Lost, and Why | The Weekly Wrap",86000,1 month ago,30,1209,https://www.youtube.com/watch?v=L2ThXVJ-cFk
UCzQ2FFVe7m8yIgzXMZtlSjg,Steve Eisman,2025-04-03,191000,technology_ai,16,technology_ai,channel_latest,yDoSu0BCSiU,The Consumer Stocks To Own & Avoid with Evercore's Top Analysts | The Real Eisman Playbook Ep 65,100000,2 months ago,60,4167,https://www.youtube.com/watch?v=yDoSu0BCSiU
UCzQ2FFVe7m8yIgzXMZtlSjg,Steve Eisman,2025-04-03,191000,technology_ai,17,technology_ai,channel_latest,7_VVWHa6Rz8,Anthropic Gets Shut Down By the Government and the AI Story Gets More Complicated | The Weekly Wrap,67000,2 months ago,60,1190,https://www.youtube.com/watch?v=7_VVWHa6Rz8
UCzQ2FFVe7m8yIgzXMZtlSjg,Steve Eisman,2025-04-03,191000,technology_ai,18,technology_ai,channel_latest,8lsoSdCuFfI,Is Private Equity Destroying the Life Insurance Industry? | The Real Eisman Playbook Ep 64,40000,2 months ago,60,2995,https://www.youtube.com/watch?v=8lsoSdCuFfI
UCzQ2FFVe7m8yIgzXMZtlSjg,Steve Eisman,2025-04-03,191000,technology_ai,19,technology_ai,channel_latest,ZJcROsc9j8o,Google Raises $85 Billion and the Market Finally Wakes Up | The Weekly Wrap,142000,2 months ago,60,1372,https://www.youtube.com/watch?v=ZJcROsc9j8o
UCzQ2FFVe7m8yIgzXMZtlSjg,Steve Eisman,2025-04-03,191000,technology_ai,20,technology_ai,channel_latest,imrBSvXepYI,The AI Semiconductor Boom and What Could End It with Stacy Rasgon | The Real Eisman Playbook Ep 63,95000,2 months ago,60,3546,https://www.youtube.com/watch?v=imrBSvXepYI
UCzQ2FFVe7m8yIgzXMZtlSjg,Steve Eisman,2025-04-03,191000,technology_ai,21,technology_ai,channel_latest,CYKc3YFcsnE,"SpaceX's Exploding Capex, AI Addiction Lawsuits, and the Reality of ""TokenMaxxing"" | The Weekly Wrap",88000,2 months ago,60,1341,https://www.youtube.com/watch?v=CYKc3YFcsnE
UCzQ2FFVe7m8yIgzXMZtlSjg,Steve Eisman,2025-04-03,191000,technology_ai,22,technology_ai,channel_latest,NRSvQqG6BgE,The AI All-You-Can-Eat Buffet Is Ending with Gary Marcus | The Real Eisman Playbook Ep 62,131000,2 months ago,60,2909,https://www.youtube.com/watch?v=NRSvQqG6BgE
UCzQ2FFVe7m8yIgzXMZtlSjg,Steve Eisman,2025-04-03,191000,technology_ai,23,technology_ai,channel_latest,2nEIndpBgYQ,The SpaceX IPO: Science Fiction or Serious Investment? | The Weekly Wrap,102000,2 months ago,60,1107,https://www.youtube.com/watch?v=2nEIndpBgYQ
UCzQ2FFVe7m8yIgzXMZtlSjg,Steve Eisman,2025-04-03,191000,technology_ai,24,technology_ai,channel_latest,VElWGgso2FY,How Silicon Valley Took Over the Defense Industry with Peter Arment | The Real Eisman Playbook Ep 61,51000,2 months ago,60,4085,https://www.youtube.com/watch?v=VElWGgso2FY
UCzQ2FFVe7m8yIgzXMZtlSjg,Steve Eisman,2025-04-03,191000,technology_ai,25,technology_ai,channel_latest,kawAj8dl2F0,Walmart & Target Signal Consumer Stress as the 10-Year Yield Hits 4.6% | The Weekly Wrap,73000,3 months ago,90,1222,https://www.youtube.com/watch?v=kawAj8dl2F0
UCzQ2FFVe7m8yIgzXMZtlSjg,Steve Eisman,2025-04-03,191000,technology_ai,26,technology_ai,channel_latest,dFGIXqpyVzA,Why Energy Stocks Are Down When They Should Be Up with Bob Brackett | The Real Eisman Playbook Ep 60,81000,3 months ago,90,4986,https://www.youtube.com/watch?v=dFGIXqpyVzA
UCzQ2FFVe7m8yIgzXMZtlSjg,Steve Eisman,2025-04-03,191000,technology_ai,27,technology_ai,channel_latest,FQNexJivqL0,Why This Market “Melt-Up” is Making Me Nervous | The Weekly Wrap,87000,3 months ago,90,1292,https://www.youtube.com/watch?v=FQNexJivqL0
UCzQ2FFVe7m8yIgzXMZtlSjg,Steve Eisman,2025-04-03,191000,technology_ai,28,technology_ai,channel_latest,PL5bLlPAoOk,FICO’s Monopoly is Fading & Consumers Are the Winners w/ Kelsey Zhu | The Real Eisman Playbook Ep 59,41000,3 months ago,90,4260,https://www.youtube.com/watch?v=PL5bLlPAoOk
UCzQ2FFVe7m8yIgzXMZtlSjg,Steve Eisman,2025-04-03,191000,technology_ai,29,technology_ai,channel_latest,_tyrxy_VdqA,S&P Hits New Highs as Tech Earnings Crush Recession Fears | The Weekly Wrap,100000,3 months ago,90,1661,https://www.youtube.com/watch?v=_tyrxy_VdqA
UCzQ2FFVe7m8yIgzXMZtlSjg,Steve Eisman,2025-04-03,191000,technology_ai,30,technology_ai,channel_latest,8hBLilYOp_U,Is a Market Melt-Up Coming? Why Tech & Semis Are Dominating Again | The Real Eisman Playbook Ep 58,98000,3 months ago,90,2318,https://www.youtube.com/watch?v=8hBLilYOp_U
UCP9RPj_BG0vit2TNM7LuRxA,Crayon Capital,2025-03-31,245000,business_economics|crime_scams_mystery,1,business_economics|crime_scams_mystery,channel_latest,aDCKVS8aA8E,TSMC: The Most Important Company You've Never Heard Of,23000,2 days ago,2,1235,https://www.youtube.com/watch?v=aDCKVS8aA8E
UCP9RPj_BG0vit2TNM7LuRxA,Crayon Capital,2025-03-31,245000,business_economics|crime_scams_mystery,2,business_economics|crime_scams_mystery,channel_latest,npoPedEq3hs,How Elon Musk Actually Became a Trillionaire,98000,13 days ago,13,1150,https://www.youtube.com/watch?v=npoPedEq3hs
UCP9RPj_BG0vit2TNM7LuRxA,Crayon Capital,2025-03-31,245000,business_economics|crime_scams_mystery,3,business_economics|crime_scams_mystery,channel_latest,ybP8g6xzCIs,Ozempic Explained Like You're 5,58000,3 weeks ago,21,761,https://www.youtube.com/watch?v=ybP8g6xzCIs
UCP9RPj_BG0vit2TNM7LuRxA,Crayon Capital,2025-03-31,245000,business_economics|crime_scams_mystery,4,business_economics|crime_scams_mystery,channel_latest,AKrjI9m6fpk,Epstein Situation Explained Like You're 5,43000,1 month ago,30,753,https://www.youtube.com/watch?v=AKrjI9m6fpk
UCP9RPj_BG0vit2TNM7LuRxA,Crayon Capital,2025-03-31,245000,business_economics|crime_scams_mystery,5,business_economics|crime_scams_mystery,channel_latest,1GowFTjbUnk,NVIDIA Explained Like You're 5,334000,1 month ago,30,870,https://www.youtube.com/watch?v=1GowFTjbUnk
UCP9RPj_BG0vit2TNM7LuRxA,Crayon Capital,2025-03-31,245000,business_economics|crime_scams_mystery,6,business_economics|crime_scams_mystery,channel_latest,GdpGd0U2wmo,The Greatest Slave System Ever Created,34000,1 month ago,30,738,https://www.youtube.com/watch?v=GdpGd0U2wmo
UCP9RPj_BG0vit2TNM7LuRxA,Crayon Capital,2025-03-31,245000,business_economics|crime_scams_mystery,7,business_economics|crime_scams_mystery,channel_latest,GpapVTX1umU,The $7.9 Trillion Company You've Never Heard Of,150000,2 months ago,60,938,https://www.youtube.com/watch?v=GpapVTX1umU
UCP9RPj_BG0vit2TNM7LuRxA,Crayon Capital,2025-03-31,245000,business_economics|crime_scams_mystery,8,business_economics|crime_scams_mystery,channel_latest,A_wtItX_kIE,The Economic Secret of WW2,44000,3 months ago,90,802,https://www.youtube.com/watch?v=A_wtItX_kIE
UCP9RPj_BG0vit2TNM7LuRxA,Crayon Capital,2025-03-31,245000,business_economics|crime_scams_mystery,9,business_economics|crime_scams_mystery,channel_latest,9r-45QPLl-Y,Petrodollar Explained Like You're 5,229000,3 months ago,90,680,https://www.youtube.com/watch?v=9r-45QPLl-Y
UCP9RPj_BG0vit2TNM7LuRxA,Crayon Capital,2025-03-31,245000,business_economics|crime_scams_mystery,10,business_economics|crime_scams_mystery,channel_latest,wu1GfDhAYvE,Iran War Explained Like You're 5,154000,4 months ago,120,731,https://www.youtube.com/watch?v=wu1GfDhAYvE
UCP9RPj_BG0vit2TNM7LuRxA,Crayon Capital,2025-03-31,245000,business_economics|crime_scams_mystery,11,business_economics|crime_scams_mystery,channel_latest,adpt6KW4Jb4,Margin Call Scandal Explained Like You're 5,230000,4 months ago,120,825,https://www.youtube.com/watch?v=adpt6KW4Jb4
UCP9RPj_BG0vit2TNM7LuRxA,Crayon Capital,2025-03-31,245000,business_economics|crime_scams_mystery,12,business_economics|crime_scams_mystery,channel_latest,wOjdbltaXSQ,The Worst Time to be Rich as a Human,448000,5 months ago,150,1229,https://www.youtube.com/watch?v=wOjdbltaXSQ
UCP9RPj_BG0vit2TNM7LuRxA,Crayon Capital,2025-03-31,245000,business_economics|crime_scams_mystery,13,business_economics|crime_scams_mystery,channel_latest,sMH8WchxQR8,Rockefeller: The First Confirmed Billionaire (And How He Did It),1200000,5 months ago,150,1216,https://www.youtube.com/watch?v=sMH8WchxQR8
UCP9RPj_BG0vit2TNM7LuRxA,Crayon Capital,2025-03-31,245000,business_economics|crime_scams_mystery,14,business_economics|crime_scams_mystery,channel_latest,RB-DTXw1Yzw,Xi Jinping Explained Like You’re 5,227000,6 months ago,180,1261,https://www.youtube.com/watch?v=RB-DTXw1Yzw
UCP9RPj_BG0vit2TNM7LuRxA,Crayon Capital,2025-03-31,245000,business_economics|crime_scams_mystery,15,business_economics|crime_scams_mystery,channel_latest,GPgaG9D7S6I,5000 Years of Gold Explained in 16 Minutes,148000,6 months ago,180,966,https://www.youtube.com/watch?v=GPgaG9D7S6I
UCP9RPj_BG0vit2TNM7LuRxA,Crayon Capital,2025-03-31,245000,business_economics|crime_scams_mystery,16,business_economics|crime_scams_mystery,channel_latest,GSkySDNmjV8,Palantir Technologies Explained Like You’re 5,763000,7 months ago,210,919,https://www.youtube.com/watch?v=GSkySDNmjV8
UCP9RPj_BG0vit2TNM7LuRxA,Crayon Capital,2025-03-31,245000,business_economics|crime_scams_mystery,17,business_economics|crime_scams_mystery,channel_latest,y51JjcymEAY,The Man Who Built Singapore in One Generation,921000,7 months ago,210,969,https://www.youtube.com/watch?v=y51JjcymEAY
UCP9RPj_BG0vit2TNM7LuRxA,Crayon Capital,2025-03-31,245000,business_economics|crime_scams_mystery,18,business_economics|crime_scams_mystery,channel_latest,kx_okFl98Vw,The AI Bubble Explained Like You're 5,417000,8 months ago,240,733,https://www.youtube.com/watch?v=kx_okFl98Vw
UCP9RPj_BG0vit2TNM7LuRxA,Crayon Capital,2025-03-31,245000,business_economics|crime_scams_mystery,19,business_economics|crime_scams_mystery,channel_latest,rSgS4wNLLDM,How Jeff Bezos Actually Built Amazon,956000,8 months ago,240,1213,https://www.youtube.com/watch?v=rSgS4wNLLDM
UCP9RPj_BG0vit2TNM7LuRxA,Crayon Capital,2025-03-31,245000,business_economics|crime_scams_mystery,20,business_economics|crime_scams_mystery,channel_latest,CCXYfrAfW6g,The Dot-Com Bubble Explained Like You're 5,375000,9 months ago,270,729,https://www.youtube.com/watch?v=CCXYfrAfW6g
UCP9RPj_BG0vit2TNM7LuRxA,Crayon Capital,2025-03-31,245000,business_economics|crime_scams_mystery,21,business_economics|crime_scams_mystery,channel_latest,HawmGu7oNrc,The Wolf of Wall Street Scam Explained Like You're 5,4099999,10 months ago,300,993,https://www.youtube.com/watch?v=HawmGu7oNrc
UCP9RPj_BG0vit2TNM7LuRxA,Crayon Capital,2025-03-31,245000,business_economics|crime_scams_mystery,22,business_economics|crime_scams_mystery,channel_latest,p9x9s_-IOOM,Theranos Scandal Explained Like You're 5,223000,11 months ago,330,981,https://www.youtube.com/watch?v=p9x9s_-IOOM
UCP9RPj_BG0vit2TNM7LuRxA,Crayon Capital,2025-03-31,245000,business_economics|crime_scams_mystery,23,business_economics|crime_scams_mystery,channel_latest,LuEcoqizj0o,The Great Depression Explained Like You’re 5,2600000,1 year ago,365,989,https://www.youtube.com/watch?v=LuEcoqizj0o
UCP9RPj_BG0vit2TNM7LuRxA,Crayon Capital,2025-03-31,245000,business_economics|crime_scams_mystery,24,business_economics|crime_scams_mystery,channel_latest,VSbO8vmZNm0,The $63 BILLION Company That Sold Nothing,883000,1 year ago,365,793,https://www.youtube.com/watch?v=VSbO8vmZNm0
UCP9RPj_BG0vit2TNM7LuRxA,Crayon Capital,2025-03-31,245000,business_economics|crime_scams_mystery,25,business_economics|crime_scams_mystery,channel_latest,_pUOpoihjA4,Bitcoin Explained Like You're 5,111000,1 year ago,365,615,https://www.youtube.com/watch?v=_pUOpoihjA4
UCP9RPj_BG0vit2TNM7LuRxA,Crayon Capital,2025-03-31,245000,business_economics|crime_scams_mystery,26,business_economics|crime_scams_mystery,channel_latest,EedHneVKmpo,The Rise of Paypal Explained Like You're 5,103000,1 year ago,365,756,https://www.youtube.com/watch?v=EedHneVKmpo
UCP9RPj_BG0vit2TNM7LuRxA,Crayon Capital,2025-03-31,245000,business_economics|crime_scams_mystery,27,business_economics|crime_scams_mystery,channel_latest,KE-WJevx-7c,The 2008 Financial Crisis Explained Like You’re 5,2200000,1 year ago,365,806,https://www.youtube.com/watch?v=KE-WJevx-7c
UCP9RPj_BG0vit2TNM7LuRxA,Crayon Capital,2025-03-31,245000,business_economics|crime_scams_mystery,28,business_economics|crime_scams_mystery,channel_latest,xhbukTTkwJY,How One Man Pulled Off a $65 Billion Scam,196000,1 year ago,365,694,https://www.youtube.com/watch?v=xhbukTTkwJY
UCP9RPj_BG0vit2TNM7LuRxA,Crayon Capital,2025-03-31,245000,business_economics|crime_scams_mystery,29,business_economics|crime_scams_mystery,channel_latest,KHLY6SyLvgQ,Every Financial Crisis Explained in 10 Minutes,67000,1 year ago,365,654,https://www.youtube.com/watch?v=KHLY6SyLvgQ
UCdwrzLH6HnkyWSCcY_d4eXA,Found In Africa,2025-03-31,60200,culture_entertainment,1,culture_entertainment,channel_latest,rBRL4NauXXc,How Onyango Tate Escaped The Matrix,19000,3 days ago,3,1335,https://www.youtube.com/watch?v=rBRL4NauXXc
UCdwrzLH6HnkyWSCcY_d4eXA,Found In Africa,2025-03-31,60200,culture_entertainment,2,culture_entertainment,channel_latest,Odnxe-wmt58,Behind the Toxic Masclunity: The Untold Truth of Andrew Kibe,49000,13 days ago,13,1234,https://www.youtube.com/watch?v=Odnxe-wmt58
UCdwrzLH6HnkyWSCcY_d4eXA,Found In Africa,2025-03-31,60200,culture_entertainment,3,culture_entertainment,channel_latest,BgPZq240MDo,The Hidden Story Behind Kenya's Most Disturbing Murder,52000,3 weeks ago,21,1779,https://www.youtube.com/watch?v=BgPZq240MDo
UCdwrzLH6HnkyWSCcY_d4eXA,Found In Africa,2025-03-31,60200,culture_entertainment,4,culture_entertainment,channel_latest,VrU6MzuF2HQ,"The Dark World of Forex Trading: Lies, Scams & Fake Millionaires",488000,1 month ago,30,2636,https://www.youtube.com/watch?v=VrU6MzuF2HQ
UCdwrzLH6HnkyWSCcY_d4eXA,Found In Africa,2025-03-31,60200,culture_entertainment,5,culture_entertainment,channel_latest,XujdFnFvO-E,The Seth Mwabe Betting Heist: It’s Deeper Than You Think,277000,11 months ago,330,693,https://www.youtube.com/watch?v=XujdFnFvO-E
UCdwrzLH6HnkyWSCcY_d4eXA,Found In Africa,2025-03-31,60200,culture_entertainment,6,culture_entertainment,channel_latest,JDHbQn6iB8o,The Hidden DARK Side of Kenyan Music Fame,268000,11 months ago,330,1243,https://www.youtube.com/watch?v=JDHbQn6iB8o
UCdwrzLH6HnkyWSCcY_d4eXA,Found In Africa,2025-03-31,60200,culture_entertainment,7,culture_entertainment,channel_latest,QtldcS5Yyws,Mungai Eve Deserves Her Failure,415000,11 months ago,330,983,https://www.youtube.com/watch?v=QtldcS5Yyws
UCdwrzLH6HnkyWSCcY_d4eXA,Found In Africa,2025-03-31,60200,culture_entertainment,8,culture_entertainment,channel_latest,m8xLY-p9Y5g,The DARK Truth of KENYAN PRINCE - Genius Forex Trader or Scammer?,386000,1 year ago,365,1240,https://www.youtube.com/watch?v=m8xLY-p9Y5g
UCdwrzLH6HnkyWSCcY_d4eXA,Found In Africa,2025-03-31,60200,culture_entertainment,9,culture_entertainment,channel_latest,mLm6CcWeudQ,The Gospel of Greed: The True Story Behind Kenya’s Fake Pastors,268000,1 year ago,365,1426,https://www.youtube.com/watch?v=mLm6CcWeudQ
UCdwrzLH6HnkyWSCcY_d4eXA,Found In Africa,2025-03-31,60200,culture_entertainment,10,culture_entertainment,channel_latest,Yd9-mznn0EM,Fake Pastors | Official Trailer,2400,1 year ago,365,60,https://www.youtube.com/watch?v=Yd9-mznn0EM
UCdwrzLH6HnkyWSCcY_d4eXA,Found In Africa,2025-03-31,60200,culture_entertainment,11,culture_entertainment,channel_latest,y4eeGoR_Kl8,The Dubai Dream That Turned Into a NIGHTMARE: The FAll of Samuel Onuha,86000,1 year ago,365,1164,https://www.youtube.com/watch?v=y4eeGoR_Kl8
UCdwrzLH6HnkyWSCcY_d4eXA,Found In Africa,2025-03-31,60200,culture_entertainment,12,culture_entertainment,channel_latest,D3iZ0eCzvps,The INSANE Story of Kenya’s Phone Scam Empire,102000,1 year ago,365,1022,https://www.youtube.com/watch?v=D3iZ0eCzvps
UCdwrzLH6HnkyWSCcY_d4eXA,Found In Africa,2025-03-31,60200,culture_entertainment,13,culture_entertainment,channel_latest,O-gCH73SWJg,From Fake Gold to a Body in a Penthouse: The Untold Gold Scam Story,56000,1 year ago,365,1123,https://www.youtube.com/watch?v=O-gCH73SWJg
UCdwrzLH6HnkyWSCcY_d4eXA,Found In Africa,2025-03-31,60200,culture_entertainment,14,culture_entertainment,channel_latest,yW9_RcBpThc,How Kenya’s Biggest FRAUDSTER Met His End,438000,1 year ago,365,995,https://www.youtube.com/watch?v=yW9_RcBpThc
UCdwrzLH6HnkyWSCcY_d4eXA,Found In Africa,2025-03-31,60200,culture_entertainment,15,culture_entertainment,channel_latest,rRIaku4Rlxc,The Banking Betrayal That’s Keeping Kenyans Poor!,52000,1 year ago,365,2233,https://www.youtube.com/watch?v=rRIaku4Rlxc
UCdwrzLH6HnkyWSCcY_d4eXA,Found In Africa,2025-03-31,60200,culture_entertainment,16,culture_entertainment,channel_latest,Kvjvjp1MLMU,"Exposing the HIDDEN HELL of Influencer FAME: Scams, Lies & Manipulation",666000,1 year ago,365,1298,https://www.youtube.com/watch?v=Kvjvjp1MLMU
UCdwrzLH6HnkyWSCcY_d4eXA,Found In Africa,2025-03-31,60200,culture_entertainment,17,culture_entertainment,channel_latest,lNiXbcQTnn4,The Evil Business of The Aviator Game!,661000,1 year ago,365,1092,https://www.youtube.com/watch?v=lNiXbcQTnn4
UCdwrzLH6HnkyWSCcY_d4eXA,Found In Africa,2025-03-31,60200,culture_entertainment,18,culture_entertainment,channel_latest,kg-2Ny1fafc,The Dark World of Forex Trading,1200000,1 year ago,365,2301,https://www.youtube.com/watch?v=kg-2Ny1fafc
UCdwrzLH6HnkyWSCcY_d4eXA,Found In Africa,2025-03-31,60200,culture_entertainment,19,culture_entertainment,channel_latest,XMliOC1opzY,The Disturbing History of M-PESA,150000,1 year ago,365,1155,https://www.youtube.com/watch?v=XMliOC1opzY
UCdwrzLH6HnkyWSCcY_d4eXA,Found In Africa,2025-03-31,60200,culture_entertainment,20,culture_entertainment,channel_latest,azQBlp6-_DM,The Most Embarrassing Downfall in Kenya's History - Khalif Kairo Kenya's Most Controversial Tycoon,183000,1 year ago,365,1075,https://www.youtube.com/watch?v=azQBlp6-_DM
UC0ra0vN_iF5AwwU7G8q79rw,Majestic Studios,2025-03-19,230000,history_civilization,1,history_civilization,channel_latest,Evd9zeRcmbI,The Entire History of The Cotswolds in 36 Minutes,0,4w ago,,2178,https://www.youtube.com/watch?v=Evd9zeRcmbI
UC0ra0vN_iF5AwwU7G8q79rw,Majestic Studios,2025-03-19,230000,history_civilization,2,history_civilization,channel_latest,PV3r6BINlsM,The Entire History of Rome in 44 Minutes,0,2mo ago,,2673,https://www.youtube.com/watch?v=PV3r6BINlsM
UC0ra0vN_iF5AwwU7G8q79rw,Majestic Studios,2025-03-19,230000,history_civilization,3,history_civilization,channel_latest,T9ZKcM_dIgw,The Entire History of Edinburgh in 39 Minutes,0,4mo ago,,2365,https://www.youtube.com/watch?v=T9ZKcM_dIgw
UC0ra0vN_iF5AwwU7G8q79rw,Majestic Studios,2025-03-19,230000,history_civilization,4,history_civilization,channel_latest,2jh61fi3r3o,The Entire History of Oxford in 32 Minutes,0,5mo ago,,1944,https://www.youtube.com/watch?v=2jh61fi3r3o
UC0ra0vN_iF5AwwU7G8q79rw,Majestic Studios,2025-03-19,230000,history_civilization,5,history_civilization,channel_latest,3IZOrjwxyJE,The Entire History of Paris in 37 Minutes,0,6mo ago,,2250,https://www.youtube.com/watch?v=3IZOrjwxyJE
UC0ra0vN_iF5AwwU7G8q79rw,Majestic Studios,2025-03-19,230000,history_civilization,6,history_civilization,channel_latest,DX_gaRsTgAs,The Entire History of York in 32 Minutes,0,7mo ago,,1965,https://www.youtube.com/watch?v=DX_gaRsTgAs
UC0ra0vN_iF5AwwU7G8q79rw,Majestic Studios,2025-03-19,230000,history_civilization,7,history_civilization,channel_latest,WvUd5Z-xMhc,The Entire History of Manchester in 28 Minutes,0,7mo ago,,1684,https://www.youtube.com/watch?v=WvUd5Z-xMhc
UC0ra0vN_iF5AwwU7G8q79rw,Majestic Studios,2025-03-19,230000,history_civilization,8,history_civilization,channel_latest,6-xs_mXiANM,The Entire History of London in 24 Minutes,0,7mo ago,,1443,https://www.youtube.com/watch?v=6-xs_mXiANM
UC0ra0vN_iF5AwwU7G8q79rw,Majestic Studios,2025-03-19,230000,history_civilization,9,history_civilization,channel_latest,A6xxO9Sk_CE,A Tour of Amsterdam in the 1600s (AI Reconstruction),0,7mo ago,,815,https://www.youtube.com/watch?v=A6xxO9Sk_CE
UC0ra0vN_iF5AwwU7G8q79rw,Majestic Studios,2025-03-19,230000,history_civilization,10,history_civilization,channel_latest,YPuv3AInCmQ,A Tour of Paris in the 1700s (AI Reconstruction),0,8mo ago,,1097,https://www.youtube.com/watch?v=YPuv3AInCmQ
UC0ra0vN_iF5AwwU7G8q79rw,Majestic Studios,2025-03-19,230000,history_civilization,11,history_civilization,channel_latest,hXvUw7mnSho,A Tour of Liverpool in the Early 1800s (AI Reconstruction),0,8mo ago,,618,https://www.youtube.com/watch?v=hXvUw7mnSho
UC0ra0vN_iF5AwwU7G8q79rw,Majestic Studios,2025-03-19,230000,history_civilization,12,history_civilization,channel_latest,GVWpFcVRPxo,A Tour of London in the 1700s (AI Reconstruction),0,8mo ago,,536,https://www.youtube.com/watch?v=GVWpFcVRPxo
UC0ra0vN_iF5AwwU7G8q79rw,Majestic Studios,2025-03-19,230000,history_civilization,13,history_civilization,channel_latest,z1m93bnmUs0,The Entire History of Henry VIII's 6 Wives,0,8mo ago,,2251,https://www.youtube.com/watch?v=z1m93bnmUs0
UC0ra0vN_iF5AwwU7G8q79rw,Majestic Studios,2025-03-19,230000,history_civilization,14,history_civilization,channel_latest,T789bsr_LWo,Every English Monarch Explained in 36 Minutes,0,9mo ago,,2168,https://www.youtube.com/watch?v=T789bsr_LWo
UC0ra0vN_iF5AwwU7G8q79rw,Majestic Studios,2025-03-19,230000,history_civilization,15,history_civilization,channel_latest,isMrH_Vep8w,Every Anglo-Saxon King’s CRAZIEST Story,0,9mo ago,,1517,https://www.youtube.com/watch?v=isMrH_Vep8w
UC0ra0vN_iF5AwwU7G8q79rw,Majestic Studios,2025-03-19,230000,history_civilization,16,history_civilization,channel_latest,_x5hLRvP0TE,Every UK Prime Minister Explained in 33 Minutes,0,9mo ago,,2021,https://www.youtube.com/watch?v=_x5hLRvP0TE
UC0ra0vN_iF5AwwU7G8q79rw,Majestic Studios,2025-03-19,230000,history_civilization,17,history_civilization,channel_latest,fMw52bQZzKw,Every US President Explained in 13 Minutes,0,10mo ago,,799,https://www.youtube.com/watch?v=fMw52bQZzKw
UCqW-PuTMM73Ff6qR8k-8HGg,Darkest Horrors,2025-03-16,43400,crime_scams_mystery,1,crime_scams_mystery,channel_latest,5c8ck8o__gs,5 Most Disturbing 4Chan Threads,38000,10 days ago,10,1096,https://www.youtube.com/watch?v=5c8ck8o__gs
UCqW-PuTMM73Ff6qR8k-8HGg,Darkest Horrors,2025-03-16,43400,crime_scams_mystery,2,crime_scams_mystery,channel_latest,MO44EUyNC4Q,4 Most Disturbing Mysteries Solved by Reddit,304000,1 month ago,30,1183,https://www.youtube.com/watch?v=MO44EUyNC4Q
UCqW-PuTMM73Ff6qR8k-8HGg,Darkest Horrors,2025-03-16,43400,crime_scams_mystery,3,crime_scams_mystery,channel_latest,LX783YzAFX8,4 Most Disturbing Internet Mysteries,139000,1 month ago,30,849,https://www.youtube.com/watch?v=LX783YzAFX8
UCqW-PuTMM73Ff6qR8k-8HGg,Darkest Horrors,2025-03-16,43400,crime_scams_mystery,4,crime_scams_mystery,channel_latest,KxuudNfrxSg,5 Most Disturbing Moments In TV History,27000,3 months ago,90,736,https://www.youtube.com/watch?v=KxuudNfrxSg
UCqW-PuTMM73Ff6qR8k-8HGg,Darkest Horrors,2025-03-16,43400,crime_scams_mystery,5,crime_scams_mystery,channel_latest,Bihau8_pWe0,4 Most Disturbing Reddit Threads,274000,3 months ago,90,798,https://www.youtube.com/watch?v=Bihau8_pWe0
UCqW-PuTMM73Ff6qR8k-8HGg,Darkest Horrors,2025-03-16,43400,crime_scams_mystery,6,crime_scams_mystery,channel_latest,nfy7frDH0qo,1 Hour of Internet Oddities,252000,3 months ago,90,3625,https://www.youtube.com/watch?v=nfy7frDH0qo
UCqW-PuTMM73Ff6qR8k-8HGg,Darkest Horrors,2025-03-16,43400,crime_scams_mystery,7,crime_scams_mystery,channel_latest,2FasxRzLlGI,Horrors on the Hispanic Internet 3,230000,4 months ago,120,912,https://www.youtube.com/watch?v=2FasxRzLlGI
UCqW-PuTMM73Ff6qR8k-8HGg,Darkest Horrors,2025-03-16,43400,crime_scams_mystery,8,crime_scams_mystery,channel_latest,o_nOb8-ZD1g,5 Disturbing Mysteries With Video Footage,39000,4 months ago,120,779,https://www.youtube.com/watch?v=o_nOb8-ZD1g
UCqW-PuTMM73Ff6qR8k-8HGg,Darkest Horrors,2025-03-16,43400,crime_scams_mystery,9,crime_scams_mystery,channel_latest,ca7dVoa_M7g,4 Most Disturbing YouTube Mysteries,134000,5 months ago,150,912,https://www.youtube.com/watch?v=ca7dVoa_M7g
UCqW-PuTMM73Ff6qR8k-8HGg,Darkest Horrors,2025-03-16,43400,crime_scams_mystery,10,crime_scams_mystery,channel_latest,bLoasFE7t8E,4 Most Disturbing Internet Rabbit Holes,87000,5 months ago,150,685,https://www.youtube.com/watch?v=bLoasFE7t8E
UCqW-PuTMM73Ff6qR8k-8HGg,Darkest Horrors,2025-03-16,43400,crime_scams_mystery,11,crime_scams_mystery,channel_latest,HTIYQQVzqGE,6 Most Disturbing Reddit Threads,543000,6 months ago,180,1475,https://www.youtube.com/watch?v=HTIYQQVzqGE
UCqW-PuTMM73Ff6qR8k-8HGg,Darkest Horrors,2025-03-16,43400,crime_scams_mystery,12,crime_scams_mystery,channel_latest,QtVBRIh8Xmo,Where Did These Videos Come From?,280000,6 months ago,180,809,https://www.youtube.com/watch?v=QtVBRIh8Xmo
UCqW-PuTMM73Ff6qR8k-8HGg,Darkest Horrors,2025-03-16,43400,crime_scams_mystery,13,crime_scams_mystery,channel_latest,wevdWrx33zI,4 Most Disturbing Internet Mysteries,1500000,7 months ago,210,803,https://www.youtube.com/watch?v=wevdWrx33zI
UCqW-PuTMM73Ff6qR8k-8HGg,Darkest Horrors,2025-03-16,43400,crime_scams_mystery,14,crime_scams_mystery,channel_latest,9tpZiaScUOw,Horrors From Hispanic TV,416000,8 months ago,240,2105,https://www.youtube.com/watch?v=9tpZiaScUOw
UCqW-PuTMM73Ff6qR8k-8HGg,Darkest Horrors,2025-03-16,43400,crime_scams_mystery,15,crime_scams_mystery,channel_latest,39PSg_ZcQBY,Horrors on the Hispanic Internet 2,1100000,9 months ago,270,822,https://www.youtube.com/watch?v=39PSg_ZcQBY
UCqW-PuTMM73Ff6qR8k-8HGg,Darkest Horrors,2025-03-16,43400,crime_scams_mystery,16,crime_scams_mystery,channel_latest,wcpDlClscnc,People Who Captured Their Final Moments,24000,11 months ago,330,602,https://www.youtube.com/watch?v=wcpDlClscnc
UCqW-PuTMM73Ff6qR8k-8HGg,Darkest Horrors,2025-03-16,43400,crime_scams_mystery,17,crime_scams_mystery,channel_latest,BCg70rwLZI0,Disturbing Wikipedia Pages,33000,1 year ago,365,639,https://www.youtube.com/watch?v=BCg70rwLZI0
UCqW-PuTMM73Ff6qR8k-8HGg,Darkest Horrors,2025-03-16,43400,crime_scams_mystery,18,crime_scams_mystery,channel_latest,uQ9PyS6urKo,Horrors on the Hispanic Internet,870000,1 year ago,365,617,https://www.youtube.com/watch?v=uQ9PyS6urKo
UCqW-PuTMM73Ff6qR8k-8HGg,Darkest Horrors,2025-03-16,43400,crime_scams_mystery,19,crime_scams_mystery,channel_latest,nbHTHFyIWLI,"The Darkest Club Penguin Iceberg, Explained",29000,1 year ago,365,1657,https://www.youtube.com/watch?v=nbHTHFyIWLI
UCzVzADipldUrUhKkuw-ISqw,The Curious Mind,2025-03-09,188000,history_civilization,1,history_civilization,channel_latest,UFWoFDJU-r8,China Just Finished Projects That Engineers Said Were Physically Impossible,2200,2 months ago,60,741,https://www.youtube.com/watch?v=UFWoFDJU-r8
UCzVzADipldUrUhKkuw-ISqw,The Curious Mind,2025-03-09,188000,history_civilization,2,history_civilization,channel_latest,CseD--qremQ,30 Famous People Who Died While Performing,1300,2 months ago,60,842,https://www.youtube.com/watch?v=CseD--qremQ
UCzVzADipldUrUhKkuw-ISqw,The Curious Mind,2025-03-09,188000,history_civilization,3,history_civilization,channel_latest,ktclI5GkJV4,The Terrifying Reason Göbekli Tepe Was Buried 😳,1000,2 months ago,60,862,https://www.youtube.com/watch?v=ktclI5GkJV4
UCzVzADipldUrUhKkuw-ISqw,The Curious Mind,2025-03-09,188000,history_civilization,4,history_civilization,channel_latest,pUO5yUHpYKw,"Delta Force, SEAL Team 6 & Beyond — The Units the Pentagon Won't Talk About",759,3 months ago,90,731,https://www.youtube.com/watch?v=pUO5yUHpYKw
UCzVzADipldUrUhKkuw-ISqw,The Curious Mind,2025-03-09,188000,history_civilization,5,history_civilization,channel_latest,Ifrdn8bH6CU,AI Discovered Ancient Technology Under Stonehenge That Shouldn't Exist,1600,3 months ago,90,870,https://www.youtube.com/watch?v=Ifrdn8bH6CU
UCzVzADipldUrUhKkuw-ISqw,The Curious Mind,2025-03-09,188000,history_civilization,6,history_civilization,channel_latest,H6sD9qebnLw,AI Just Decoded Ancient Sumerian Tablets — What They Found Was Terrifying,1600,3 months ago,90,905,https://www.youtube.com/watch?v=H6sD9qebnLw
UCzVzADipldUrUhKkuw-ISqw,The Curious Mind,2025-03-09,188000,history_civilization,7,history_civilization,channel_latest,oP5hxk1Cxe4,15 Famous Performers Who Died Live And the Audience Didn't Realize,431000,3 months ago,90,895,https://www.youtube.com/watch?v=oP5hxk1Cxe4
UCzVzADipldUrUhKkuw-ISqw,The Curious Mind,2025-03-09,188000,history_civilization,8,history_civilization,channel_latest,6Mpe_uLWwhE,Celebrities Who Were Dug Up After Death,1800,3 months ago,90,712,https://www.youtube.com/watch?v=6Mpe_uLWwhE
UCzVzADipldUrUhKkuw-ISqw,The Curious Mind,2025-03-09,188000,history_civilization,9,history_civilization,channel_latest,4WYXmkoIjaA,"100 Statues, Destroyed Faces, One Dark Purpose",507,3 months ago,90,767,https://www.youtube.com/watch?v=4WYXmkoIjaA
UCzVzADipldUrUhKkuw-ISqw,The Curious Mind,2025-03-09,188000,history_civilization,10,history_civilization,channel_latest,hgN66OzHfX8,"2,200-Year-Old Mystery That Experts Can Not Explain",4000,4 months ago,120,2412,https://www.youtube.com/watch?v=hgN66OzHfX8
UCzVzADipldUrUhKkuw-ISqw,The Curious Mind,2025-03-09,188000,history_civilization,11,history_civilization,channel_latest,fjZcVZZaRz0,China Just Launched The World's First Flying Car SHOCKING The US,3100,4 months ago,120,1292,https://www.youtube.com/watch?v=fjZcVZZaRz0
UCzVzADipldUrUhKkuw-ISqw,The Curious Mind,2025-03-09,188000,history_civilization,12,history_civilization,channel_latest,e2Hq1xei-Sk,The Baalbek Mystery Has Been Solved After AI Scanned Beneath The Ancient Megaliths!,1800,4 months ago,120,913,https://www.youtube.com/watch?v=e2Hq1xei-Sk
UCzVzADipldUrUhKkuw-ISqw,The Curious Mind,2025-03-09,188000,history_civilization,13,history_civilization,channel_latest,4KHbwpdQ1GQ,James Webb Just Captured Betelgeuse's Final Moments,7300,4 months ago,120,1155,https://www.youtube.com/watch?v=4KHbwpdQ1GQ
UCzVzADipldUrUhKkuw-ISqw,The Curious Mind,2025-03-09,188000,history_civilization,14,history_civilization,channel_latest,MlTRJcop6Ec,Israel's Secret Weapon Nobody Talks About — F16i Sufa,11000,4 months ago,120,1968,https://www.youtube.com/watch?v=MlTRJcop6Ec
UCzVzADipldUrUhKkuw-ISqw,The Curious Mind,2025-03-09,188000,history_civilization,15,history_civilization,channel_latest,T2O_AY_y_fU,11 Strangest Babies You Won't Believe Actually Exist,1400,5 months ago,150,1606,https://www.youtube.com/watch?v=T2O_AY_y_fU
UCzVzADipldUrUhKkuw-ISqw,The Curious Mind,2025-03-09,188000,history_civilization,16,history_civilization,channel_latest,REiFNazobFE,Israel's $30 Billion Machine That Rewired the Middle East,3900,5 months ago,150,1135,https://www.youtube.com/watch?v=REiFNazobFE
UCzVzADipldUrUhKkuw-ISqw,The Curious Mind,2025-03-09,188000,history_civilization,17,history_civilization,channel_latest,HBJAP6FEDN4,America’s New A-10X: A Flying Tank Rebuilt for 2030,4800,5 months ago,150,1435,https://www.youtube.com/watch?v=HBJAP6FEDN4
UCzVzADipldUrUhKkuw-ISqw,The Curious Mind,2025-03-09,188000,history_civilization,18,history_civilization,channel_latest,D6sZNixzfvY,Voyager Found a Wall Where the Solar System Ends — And It Shouldn't Be There,5400,5 months ago,150,895,https://www.youtube.com/watch?v=D6sZNixzfvY
UCzVzADipldUrUhKkuw-ISqw,The Curious Mind,2025-03-09,188000,history_civilization,19,history_civilization,channel_latest,OdKh9nJD72g,Google's Quantum AI Just Solved the Fermi Paradox — The Answer Is Terrifying,5300,5 months ago,150,1572,https://www.youtube.com/watch?v=OdKh9nJD72g
UCzVzADipldUrUhKkuw-ISqw,The Curious Mind,2025-03-09,188000,history_civilization,20,history_civilization,channel_latest,REx-pQFwbRE,China Deployed the Robots First — Now America Is Responding in a Way No One Expected,3000,5 months ago,150,1812,https://www.youtube.com/watch?v=REx-pQFwbRE
UCzVzADipldUrUhKkuw-ISqw,The Curious Mind,2025-03-09,188000,history_civilization,21,history_civilization,channel_latest,8Ld3FSsJiPo,How the U.S. Pumps Billion Tons of Seawater From Mexico Through Giant Pipelines Into Dry Arizona,1000,5 months ago,150,1904,https://www.youtube.com/watch?v=8Ld3FSsJiPo
UCzVzADipldUrUhKkuw-ISqw,The Curious Mind,2025-03-09,188000,history_civilization,22,history_civilization,channel_latest,EE51oJhPO5U,"After 27 Years, Forensic DNA Just Exposed What Really Happened to JonBenét Ramsey",6200,5 months ago,150,1505,https://www.youtube.com/watch?v=EE51oJhPO5U
UCzVzADipldUrUhKkuw-ISqw,The Curious Mind,2025-03-09,188000,history_civilization,23,history_civilization,channel_latest,bkJ0rZXSi-I,China Reintroduced Extinct Wild Horses Into the Desert — 5 Years Later Everything Changed,2900,5 months ago,150,1255,https://www.youtube.com/watch?v=bkJ0rZXSi-I
UCzVzADipldUrUhKkuw-ISqw,The Curious Mind,2025-03-09,188000,history_civilization,24,history_civilization,channel_latest,-Qsb54crliM,Google's Quantum Chip Just Received a Response to Tesla's 1899 Frequency,8400,5 months ago,150,1744,https://www.youtube.com/watch?v=-Qsb54crliM
UCzVzADipldUrUhKkuw-ISqw,The Curious Mind,2025-03-09,188000,history_civilization,25,history_civilization,channel_latest,TH8-6GfGjBQ,China's New Strategic Trade Route Changes Everything,3000,5 months ago,150,1496,https://www.youtube.com/watch?v=TH8-6GfGjBQ
UCzVzADipldUrUhKkuw-ISqw,The Curious Mind,2025-03-09,188000,history_civilization,26,history_civilization,channel_latest,oTYUE3Ps8m4,How the USA is Building Trump's $175B GOLDEN DOME — Inside America's Secret Shield,1400,5 months ago,150,1554,https://www.youtube.com/watch?v=oTYUE3Ps8m4
UCzVzADipldUrUhKkuw-ISqw,The Curious Mind,2025-03-09,188000,history_civilization,27,history_civilization,channel_latest,mI7HLdTSdQY,Scientists Discovered the Bag of a Mesopotamian God —What's Inside Shouldn't Exist,5400,5 months ago,150,1707,https://www.youtube.com/watch?v=mI7HLdTSdQY
UCzVzADipldUrUhKkuw-ISqw,The Curious Mind,2025-03-09,188000,history_civilization,28,history_civilization,channel_latest,6hBwCu5LxNU,F-47 6th Gen Fighter Jet Just Broke SPEED Records that No Fighter Has Touched!,44000,5 months ago,150,2046,https://www.youtube.com/watch?v=6hBwCu5LxNU
UCzVzADipldUrUhKkuw-ISqw,The Curious Mind,2025-03-09,188000,history_civilization,29,history_civilization,channel_latest,fxNf2K7nJLw,United States MUST Destroy these 20 Animals At ALL Cost,1200,5 months ago,150,924,https://www.youtube.com/watch?v=fxNf2K7nJLw
UCzVzADipldUrUhKkuw-ISqw,The Curious Mind,2025-03-09,188000,history_civilization,30,history_civilization,channel_latest,OqZotUwSZ0E,China Tightened Rare Earth Controls — Then Scientists Found a New Source in the US,1100,5 months ago,150,2618,https://www.youtube.com/watch?v=OqZotUwSZ0E
UCEk2QG770jl3B1tkyi6cyXA,Seriesly,2025-03-07,49800,consumer_systems,1,consumer_systems,channel_latest,pkrGKCZgLEI,The Entire Story of Space: Above and Beyond in 31 Minutes,1800,3 days ago,3,1918,https://www.youtube.com/watch?v=pkrGKCZgLEI
UCEk2QG770jl3B1tkyi6cyXA,Seriesly,2025-03-07,49800,consumer_systems,2,consumer_systems,channel_latest,bECMrb90C54,The Entire Story of The Blacklist in 91 Minutes,61000,6 days ago,6,5475,https://www.youtube.com/watch?v=bECMrb90C54
UCEk2QG770jl3B1tkyi6cyXA,Seriesly,2025-03-07,49800,consumer_systems,3,consumer_systems,channel_latest,33Zzq9HTdGg,The Entire Story of Banshee in 43 Minutes,16000,10 days ago,10,2592,https://www.youtube.com/watch?v=33Zzq9HTdGg
UCEk2QG770jl3B1tkyi6cyXA,Seriesly,2025-03-07,49800,consumer_systems,4,consumer_systems,channel_latest,zGiDrW-nv5s,The Entire Story of Being Human (UK) in 52 Minutes,5800,13 days ago,13,3125,https://www.youtube.com/watch?v=zGiDrW-nv5s
UCEk2QG770jl3B1tkyi6cyXA,Seriesly,2025-03-07,49800,consumer_systems,5,consumer_systems,channel_latest,2WlQh6SxKvg,The Entire Story of Primeval in 63 Minutes,6600,2 weeks ago,14,3792,https://www.youtube.com/watch?v=2WlQh6SxKvg
UCEk2QG770jl3B1tkyi6cyXA,Seriesly,2025-03-07,49800,consumer_systems,6,consumer_systems,channel_latest,EdNB8Vbf3bc,The Entire Story of Bosch in 30 Minutes,3700,3 weeks ago,21,1844,https://www.youtube.com/watch?v=EdNB8Vbf3bc
UCEk2QG770jl3B1tkyi6cyXA,Seriesly,2025-03-07,49800,consumer_systems,7,consumer_systems,channel_latest,kVD07HJ3J1o,The Entire Story of Warehouse 13 in 106 Minutes,26000,3 weeks ago,21,6362,https://www.youtube.com/watch?v=kVD07HJ3J1o
UCEk2QG770jl3B1tkyi6cyXA,Seriesly,2025-03-07,49800,consumer_systems,8,consumer_systems,channel_latest,BXQCpJO2DKw,The Entire Story of Eureka in 63 Minutes,28000,1 month ago,30,3798,https://www.youtube.com/watch?v=BXQCpJO2DKw
UCEk2QG770jl3B1tkyi6cyXA,Seriesly,2025-03-07,49800,consumer_systems,9,consumer_systems,channel_latest,xNrVnoeki9M,The Entire Story of Prison Break in 55 Minutes,104000,1 month ago,30,3342,https://www.youtube.com/watch?v=xNrVnoeki9M
UCEk2QG770jl3B1tkyi6cyXA,Seriesly,2025-03-07,49800,consumer_systems,10,consumer_systems,channel_latest,bLFOPmdjOUY,The Entire Story of Timeless in 53 Minutes,31000,1 month ago,30,3212,https://www.youtube.com/watch?v=bLFOPmdjOUY
UCEk2QG770jl3B1tkyi6cyXA,Seriesly,2025-03-07,49800,consumer_systems,11,consumer_systems,channel_latest,ClSCennXrcA,The Entire Story of The 4400 in 57 Minutes,47000,1 month ago,30,3441,https://www.youtube.com/watch?v=ClSCennXrcA
UCEk2QG770jl3B1tkyi6cyXA,Seriesly,2025-03-07,49800,consumer_systems,12,consumer_systems,channel_latest,K3jKCDt96Po,The Entire Story of Rome in 56 Minutes,9000,1 month ago,30,3375,https://www.youtube.com/watch?v=K3jKCDt96Po
UCEk2QG770jl3B1tkyi6cyXA,Seriesly,2025-03-07,49800,consumer_systems,13,consumer_systems,channel_latest,GADM9KDeMGE,The Entire Story of The Witness in 27 Minutes,2200,1 month ago,30,1636,https://www.youtube.com/watch?v=GADM9KDeMGE
UCEk2QG770jl3B1tkyi6cyXA,Seriesly,2025-03-07,49800,consumer_systems,14,consumer_systems,channel_latest,Vlifo3IQT-Q,The Entire Story of Sons of Anarchy in 50 Minutes,23000,1 month ago,30,3006,https://www.youtube.com/watch?v=Vlifo3IQT-Q
UCEk2QG770jl3B1tkyi6cyXA,Seriesly,2025-03-07,49800,consumer_systems,15,consumer_systems,channel_latest,k5D6dQ4nwKU,The Entire Story of V in 38 Minutes,214000,1 month ago,30,2281,https://www.youtube.com/watch?v=k5D6dQ4nwKU
UCEk2QG770jl3B1tkyi6cyXA,Seriesly,2025-03-07,49800,consumer_systems,16,consumer_systems,channel_latest,tbup3C0PjlU,The Entire Story of FlashForward in 58 Minutes,17000,2 months ago,60,3485,https://www.youtube.com/watch?v=tbup3C0PjlU
UCEk2QG770jl3B1tkyi6cyXA,Seriesly,2025-03-07,49800,consumer_systems,17,consumer_systems,channel_latest,HVhSpbFkqhI,The Entire Story of Terminator: The Sarah Connor Chronicles in 60 Minutes,42000,2 months ago,60,3622,https://www.youtube.com/watch?v=HVhSpbFkqhI
UCEk2QG770jl3B1tkyi6cyXA,Seriesly,2025-03-07,49800,consumer_systems,18,consumer_systems,channel_latest,bgcLvnTb3r0,The Entire Story of Revolution in 60 Minutes,17000,2 months ago,60,3615,https://www.youtube.com/watch?v=bgcLvnTb3r0
UCEk2QG770jl3B1tkyi6cyXA,Seriesly,2025-03-07,49800,consumer_systems,19,consumer_systems,channel_latest,uX1ncWGKr80,The Entire Story of Torchwood in 43 Minutes,13000,2 months ago,60,2606,https://www.youtube.com/watch?v=uX1ncWGKr80
UCEk2QG770jl3B1tkyi6cyXA,Seriesly,2025-03-07,49800,consumer_systems,20,consumer_systems,channel_latest,N8kIVjWy644,The Entire Story of Dark Angel in 150 Minutes,21000,2 months ago,60,9050,https://www.youtube.com/watch?v=N8kIVjWy644
UCEk2QG770jl3B1tkyi6cyXA,Seriesly,2025-03-07,49800,consumer_systems,21,consumer_systems,channel_latest,MvODVtwRjVE,The Entire Story of Sanctuary in 158 Minutes,15000,2 months ago,60,9498,https://www.youtube.com/watch?v=MvODVtwRjVE
UCEk2QG770jl3B1tkyi6cyXA,Seriesly,2025-03-07,49800,consumer_systems,22,consumer_systems,channel_latest,Cf5B0GZsdwk,The Entire Story of Almost Human in 47 Minutes,12000,3 months ago,90,2875,https://www.youtube.com/watch?v=Cf5B0GZsdwk
UCEk2QG770jl3B1tkyi6cyXA,Seriesly,2025-03-07,49800,consumer_systems,23,consumer_systems,channel_latest,i871BkdvBkg,The Entire Story of Z Nation in 139 Minutes,24000,3 months ago,90,8370,https://www.youtube.com/watch?v=i871BkdvBkg
UCEk2QG770jl3B1tkyi6cyXA,Seriesly,2025-03-07,49800,consumer_systems,24,consumer_systems,channel_latest,4ekG8voMo6A,The Entire Story of Farscape in 155 Minutes,17000,3 months ago,90,9353,https://www.youtube.com/watch?v=4ekG8voMo6A
UCEk2QG770jl3B1tkyi6cyXA,Seriesly,2025-03-07,49800,consumer_systems,25,consumer_systems,channel_latest,acWkET9riJs,The Entire Story of Caprica in 47 Minutes,25000,3 months ago,90,2828,https://www.youtube.com/watch?v=acWkET9riJs
UCEk2QG770jl3B1tkyi6cyXA,Seriesly,2025-03-07,49800,consumer_systems,26,consumer_systems,channel_latest,vRqqK_dDxsk,The Entire Story of The Nevers in 50 Minutes,13000,3 months ago,90,3027,https://www.youtube.com/watch?v=vRqqK_dDxsk
UCEk2QG770jl3B1tkyi6cyXA,Seriesly,2025-03-07,49800,consumer_systems,27,consumer_systems,channel_latest,wv597CAY_ms,The Entire Story of Emergence in 25 Minutes,5400,3 months ago,90,1554,https://www.youtube.com/watch?v=wv597CAY_ms
UCEk2QG770jl3B1tkyi6cyXA,Seriesly,2025-03-07,49800,consumer_systems,28,consumer_systems,channel_latest,MpVn-u5FwM8,The Entire Story of Limitless in 25 Minutes,16000,3 months ago,90,1518,https://www.youtube.com/watch?v=MpVn-u5FwM8
UCEk2QG770jl3B1tkyi6cyXA,Seriesly,2025-03-07,49800,consumer_systems,29,consumer_systems,channel_latest,s6JhAD37ZPw,The Entire Story of Person of Interest in 100 Minutes,120000,4 months ago,120,6023,https://www.youtube.com/watch?v=s6JhAD37ZPw
UCEk2QG770jl3B1tkyi6cyXA,Seriesly,2025-03-07,49800,consumer_systems,30,consumer_systems,channel_latest,PORh9mfMnwo,The Complete Story of The Wire in 79 Minutes,52000,4 months ago,120,4793,https://www.youtube.com/watch?v=PORh9mfMnwo
UCTRgu3iuyGXbhz5kYNjpObw,Get.history,2025-03-05,167000,history_civilization,1,history_civilization,channel_latest,A-SXJLUCRE0,Alexander the Great: What Made Him History’s Most Legendary Conqueror? | Extra Long Documentary,1700,1 day ago,1,5136,https://www.youtube.com/watch?v=A-SXJLUCRE0
UCTRgu3iuyGXbhz5kYNjpObw,Get.history,2025-03-05,167000,history_civilization,2,history_civilization,channel_latest,-D0cnvUqcWg,Nazi World Domination: What if It Would Have Happened? | Full Documentary,7700,3 days ago,3,2605,https://www.youtube.com/watch?v=-D0cnvUqcWg
UCTRgu3iuyGXbhz5kYNjpObw,Get.history,2025-03-05,167000,history_civilization,3,history_civilization,channel_latest,edicYr5Duz4,The Medici Brothers: Why Were They Assassinated? | Full Documentary,2100,4 days ago,4,3153,https://www.youtube.com/watch?v=edicYr5Duz4
UCTRgu3iuyGXbhz5kYNjpObw,Get.history,2025-03-05,167000,history_civilization,4,history_civilization,channel_latest,CdYba4MQgTk,Urban Revolution: Ancient Egypt's Mega-Cities | Full Documentary,9300,6 days ago,6,3095,https://www.youtube.com/watch?v=CdYba4MQgTk
UCTRgu3iuyGXbhz5kYNjpObw,Get.history,2025-03-05,167000,history_civilization,5,history_civilization,channel_latest,VHszIv8GLfs,The Collapse of the Balkans: Could Yugoslavia Have Been Saved? | XXL Documentary,17000,8 days ago,8,12097,https://www.youtube.com/watch?v=VHszIv8GLfs
UCTRgu3iuyGXbhz5kYNjpObw,Get.history,2025-03-05,167000,history_civilization,6,history_civilization,channel_latest,AO57-BghefE,When a Simple Sign Becomes a Dangerous Weapon | Full Documentary,3700,10 days ago,10,3106,https://www.youtube.com/watch?v=AO57-BghefE
UCTRgu3iuyGXbhz5kYNjpObw,Get.history,2025-03-05,167000,history_civilization,7,history_civilization,channel_latest,oeQB21jQoDk,Ancient Conspiracies: Who Killed Pharaoh Ramses III? | Full Documentary,3000,11 days ago,11,3125,https://www.youtube.com/watch?v=oeQB21jQoDk
UCTRgu3iuyGXbhz5kYNjpObw,Get.history,2025-03-05,167000,history_civilization,8,history_civilization,channel_latest,AZil20UFtSI,The Seeds of Violence: How Nazism Took Root After WW1 | Full Documentary,2500,13 days ago,13,3126,https://www.youtube.com/watch?v=AZil20UFtSI
UCTRgu3iuyGXbhz5kYNjpObw,Get.history,2025-03-05,167000,history_civilization,9,history_civilization,channel_latest,bqgZk8nJC8U,After Hitler: When East Germany Became A Crime Scene | Full Documentary,16000,2 weeks ago,14,3233,https://www.youtube.com/watch?v=bqgZk8nJC8U
UCTRgu3iuyGXbhz5kYNjpObw,Get.history,2025-03-05,167000,history_civilization,10,history_civilization,channel_latest,l1USDyG3aLg,Lost in the Wild: The Tragic Reality of Feral Children | Full Documentary,48000,2 weeks ago,14,3368,https://www.youtube.com/watch?v=l1USDyG3aLg
UCTRgu3iuyGXbhz5kYNjpObw,Get.history,2025-03-05,167000,history_civilization,11,history_civilization,channel_latest,DAq7T-L1C7I,The Final 10 Months That Killed Half of Germany's War Dead | Full Documentary,98000,2 weeks ago,14,3110,https://www.youtube.com/watch?v=DAq7T-L1C7I
UCTRgu3iuyGXbhz5kYNjpObw,Get.history,2025-03-05,167000,history_civilization,12,history_civilization,channel_latest,L_LFnmZhGn4,A Typical Day In The Auschwitz Killing System | Full Documentary,45000,2 weeks ago,14,3108,https://www.youtube.com/watch?v=L_LFnmZhGn4
UCTRgu3iuyGXbhz5kYNjpObw,Get.history,2025-03-05,167000,history_civilization,13,history_civilization,channel_latest,glCT84dJV1M,The Silk Road Explained: The Route That Built Civilizations | Extra Long Documentary,128000,3 weeks ago,21,9114,https://www.youtube.com/watch?v=glCT84dJV1M
UCTRgu3iuyGXbhz5kYNjpObw,Get.history,2025-03-05,167000,history_civilization,14,history_civilization,channel_latest,L-00vbqcIag,The Pharaohs And Gods Who Ruled Ancient Egypt | Full Documentary,10000,3 weeks ago,21,3124,https://www.youtube.com/watch?v=L-00vbqcIag
UCTRgu3iuyGXbhz5kYNjpObw,Get.history,2025-03-05,167000,history_civilization,15,history_civilization,channel_latest,j72yg0vgxwU,America Before 1492: The Civilizations History Forgot | Extra Long Documentary,253000,3 weeks ago,21,5971,https://www.youtube.com/watch?v=j72yg0vgxwU
UCTRgu3iuyGXbhz5kYNjpObw,Get.history,2025-03-05,167000,history_civilization,16,history_civilization,channel_latest,XsrXhiNpcOA,Did Jesus Really Perform These Miracles? | Full Documentary,5600,3 weeks ago,21,3088,https://www.youtube.com/watch?v=XsrXhiNpcOA
UCTRgu3iuyGXbhz5kYNjpObw,Get.history,2025-03-05,167000,history_civilization,17,history_civilization,channel_latest,jQ1K44cQjWk,April 1945: Hitler Finally Knows It Is Over | Full Documentary,166000,4 weeks ago,28,3125,https://www.youtube.com/watch?v=jQ1K44cQjWk
UCTRgu3iuyGXbhz5kYNjpObw,Get.history,2025-03-05,167000,history_civilization,18,history_civilization,channel_latest,3i9EIRDwooo,"Giants Of Art: Michelangelo, Rembrandt & Van Gogh | Extra Long Documentary",63000,1 month ago,30,9289,https://www.youtube.com/watch?v=3i9EIRDwooo
UCTRgu3iuyGXbhz5kYNjpObw,Get.history,2025-03-05,167000,history_civilization,19,history_civilization,channel_latest,zedB0N5_e80,The Lifeline Nile: Birth Of Ancient Egypt | Full Documentary,7800,1 month ago,30,3080,https://www.youtube.com/watch?v=zedB0N5_e80
UCTRgu3iuyGXbhz5kYNjpObw,Get.history,2025-03-05,167000,history_civilization,20,history_civilization,channel_latest,4KkW3Pl5Fdk,La Buse: The Pirate Who Left A Billion-Euro Riddle | Full Documentary,1700,1 month ago,30,3119,https://www.youtube.com/watch?v=4KkW3Pl5Fdk
UCTRgu3iuyGXbhz5kYNjpObw,Get.history,2025-03-05,167000,history_civilization,21,history_civilization,channel_latest,vxabEISQdRk,Cuba’s Children In Exile: The Story Of Operation Peter Pan | Full Documentary,690,1 month ago,30,3098,https://www.youtube.com/watch?v=vxabEISQdRk
UCTRgu3iuyGXbhz5kYNjpObw,Get.history,2025-03-05,167000,history_civilization,22,history_civilization,channel_latest,8UhRKze-z-4,Himmler: The Man Who Turned Hate Into A System | Full Documentary,52000,1 month ago,30,3137,https://www.youtube.com/watch?v=8UhRKze-z-4
UCTRgu3iuyGXbhz5kYNjpObw,Get.history,2025-03-05,167000,history_civilization,23,history_civilization,channel_latest,SqlP1X4deeo,Dream Routes: From India To Samarkand Across Asia’s Greatest Roads | Extra Long Documentary,3300,1 month ago,30,7717,https://www.youtube.com/watch?v=SqlP1X4deeo
UCTRgu3iuyGXbhz5kYNjpObw,Get.history,2025-03-05,167000,history_civilization,24,history_civilization,channel_latest,AjpwPlMnbqM,"The Evolution Of Terror: Biological, Chemical And Nuclear Weapons | Full Documentary",3000,1 month ago,30,2988,https://www.youtube.com/watch?v=AjpwPlMnbqM
UCTRgu3iuyGXbhz5kYNjpObw,Get.history,2025-03-05,167000,history_civilization,25,history_civilization,channel_latest,XG7GqjvzJQY,"The Great Flood: Myth, Memory Or Real Disaster? | Full Documentary",8300,1 month ago,30,3133,https://www.youtube.com/watch?v=XG7GqjvzJQY
UCTRgu3iuyGXbhz5kYNjpObw,Get.history,2025-03-05,167000,history_civilization,26,history_civilization,channel_latest,OCim9-I-L4E,Relics Of The USSR: The Places The Soviet Union Left Behind | Full Documentary,7900,1 month ago,30,3233,https://www.youtube.com/watch?v=OCim9-I-L4E
UCTRgu3iuyGXbhz5kYNjpObw,Get.history,2025-03-05,167000,history_civilization,27,history_civilization,channel_latest,eMsZyHH4rzs,Transformation Of Europe: The Continent That Never Stopped Changing,1800,1 month ago,30,3103,https://www.youtube.com/watch?v=eMsZyHH4rzs
UCTRgu3iuyGXbhz5kYNjpObw,Get.history,2025-03-05,167000,history_civilization,28,history_civilization,channel_latest,jBMPSoSSy8c,"The Jesus Mystery: What Do We Really Know After 2,000 Years?",11000,1 month ago,30,3048,https://www.youtube.com/watch?v=jBMPSoSSy8c
UCTRgu3iuyGXbhz5kYNjpObw,Get.history,2025-03-05,167000,history_civilization,29,history_civilization,channel_latest,zO7XdTizLVE,Operation Valkyrie: The Bomb Plot That Shook Hitler's Regime,17000,1 month ago,30,3126,https://www.youtube.com/watch?v=zO7XdTizLVE
UCTRgu3iuyGXbhz5kYNjpObw,Get.history,2025-03-05,167000,history_civilization,30,history_civilization,channel_latest,1w5jBHrg_EE,Castles: The Fortresses That Ruled Medieval Europe | Extra Long Documentary,19000,1 month ago,30,6204,https://www.youtube.com/watch?v=1w5jBHrg_EE
UCVVTthHLGBuNeKf5z6jGV2A,Blackfiles,2025-02-27,453000,crime_scams_mystery|technology_ai,1,crime_scams_mystery|technology_ai,channel_latest,BqyUmgQ4FcY,The Man Who Outsmarted EVERY Cartel,21000,2 days ago,2,1851,https://www.youtube.com/watch?v=BqyUmgQ4FcY
UCVVTthHLGBuNeKf5z6jGV2A,Blackfiles,2025-02-27,453000,crime_scams_mystery|technology_ai,2,crime_scams_mystery|technology_ai,channel_latest,DMMqPfeyCyg,The ONLY Man Who Got Away With Everything,78000,5 days ago,5,1524,https://www.youtube.com/watch?v=DMMqPfeyCyg
UCVVTthHLGBuNeKf5z6jGV2A,Blackfiles,2025-02-27,453000,crime_scams_mystery|technology_ai,3,crime_scams_mystery|technology_ai,channel_latest,-afKEycKajA,The Man Who Destroyed EVERY Mafia Boss,61000,9 days ago,9,1838,https://www.youtube.com/watch?v=-afKEycKajA
UCVVTthHLGBuNeKf5z6jGV2A,Blackfiles,2025-02-27,453000,crime_scams_mystery|technology_ai,4,crime_scams_mystery|technology_ai,channel_latest,varA1GcTL4g,The Teen the FBI Can't Catch,44000,13 days ago,13,1562,https://www.youtube.com/watch?v=varA1GcTL4g
UCVVTthHLGBuNeKf5z6jGV2A,Blackfiles,2025-02-27,453000,crime_scams_mystery|technology_ai,5,crime_scams_mystery|technology_ai,channel_latest,Q9kXCakTNJI,The Man the FBI Will NEVER Catch,66000,2 weeks ago,14,1847,https://www.youtube.com/watch?v=Q9kXCakTNJI
UCVVTthHLGBuNeKf5z6jGV2A,Blackfiles,2025-02-27,453000,crime_scams_mystery|technology_ai,6,crime_scams_mystery|technology_ai,channel_latest,mNyrh1EjHeM,The Man Who Robbed Kim Jong-un,78000,2 weeks ago,14,1716,https://www.youtube.com/watch?v=mNyrh1EjHeM
UCVVTthHLGBuNeKf5z6jGV2A,Blackfiles,2025-02-27,453000,crime_scams_mystery|technology_ai,7,crime_scams_mystery|technology_ai,channel_latest,kO1poavheeo,The Man Who Made the FBI Work for Him,16000,3 weeks ago,21,1716,https://www.youtube.com/watch?v=kO1poavheeo
UCVVTthHLGBuNeKf5z6jGV2A,Blackfiles,2025-02-27,453000,crime_scams_mystery|technology_ai,8,crime_scams_mystery|technology_ai,channel_latest,is59rbz8Zw4,How a Missionary Infiltrated North Korea,17000,3 weeks ago,21,1643,https://www.youtube.com/watch?v=is59rbz8Zw4
UCVVTthHLGBuNeKf5z6jGV2A,Blackfiles,2025-02-27,453000,crime_scams_mystery|technology_ai,9,crime_scams_mystery|technology_ai,channel_latest,WpgqwVJ9kME,The Man Who Ran a Country on Drug Money,31000,4 weeks ago,28,1736,https://www.youtube.com/watch?v=WpgqwVJ9kME
UCVVTthHLGBuNeKf5z6jGV2A,Blackfiles,2025-02-27,453000,crime_scams_mystery|technology_ai,10,crime_scams_mystery|technology_ai,channel_latest,pCj0Pc0vay0,The Kid Who Wasn't Afraid of the FBI,56000,1 month ago,30,1546,https://www.youtube.com/watch?v=pCj0Pc0vay0
UCVVTthHLGBuNeKf5z6jGV2A,Blackfiles,2025-02-27,453000,crime_scams_mystery|technology_ai,11,crime_scams_mystery|technology_ai,channel_latest,VbwUBZn9pNc,The Man Who Escaped EVERY Agency,163000,1 month ago,30,1769,https://www.youtube.com/watch?v=VbwUBZn9pNc
UCVVTthHLGBuNeKf5z6jGV2A,Blackfiles,2025-02-27,453000,crime_scams_mystery|technology_ai,12,crime_scams_mystery|technology_ai,channel_latest,Q8A5aUx0QnA,The Man Who Created Infinite Money LEGALLY,174000,1 month ago,30,1698,https://www.youtube.com/watch?v=Q8A5aUx0QnA
UCVVTthHLGBuNeKf5z6jGV2A,Blackfiles,2025-02-27,453000,crime_scams_mystery|technology_ai,13,crime_scams_mystery|technology_ai,channel_latest,SdppM8HakE0,The Man Who Took Down EVERY Russian Spy in America,68000,1 month ago,30,1553,https://www.youtube.com/watch?v=SdppM8HakE0
UCVVTthHLGBuNeKf5z6jGV2A,Blackfiles,2025-02-27,453000,crime_scams_mystery|technology_ai,14,crime_scams_mystery|technology_ai,channel_latest,C_DVn67eLhA,The Man Who Wiretapped the FBI,76000,1 month ago,30,1520,https://www.youtube.com/watch?v=C_DVn67eLhA
UCVVTthHLGBuNeKf5z6jGV2A,Blackfiles,2025-02-27,453000,crime_scams_mystery|technology_ai,15,crime_scams_mystery|technology_ai,channel_latest,9fzV1131qR0,How the Smartest Fugitive Beat the FBI for 17 Years,101000,1 month ago,30,1680,https://www.youtube.com/watch?v=9fzV1131qR0
UCVVTthHLGBuNeKf5z6jGV2A,Blackfiles,2025-02-27,453000,crime_scams_mystery|technology_ai,16,crime_scams_mystery|technology_ai,channel_latest,TglnljlXR6M,How a 200 IQ Cop Destroyed a Corrupt Department,57000,1 month ago,30,1382,https://www.youtube.com/watch?v=TglnljlXR6M
UCVVTthHLGBuNeKf5z6jGV2A,Blackfiles,2025-02-27,453000,crime_scams_mystery|technology_ai,17,crime_scams_mystery|technology_ai,channel_latest,BbloBQQcZZw,The Bank Robber the FBI CAN'T Arrest,52000,2 months ago,60,1452,https://www.youtube.com/watch?v=BbloBQQcZZw
UCVVTthHLGBuNeKf5z6jGV2A,Blackfiles,2025-02-27,453000,crime_scams_mystery|technology_ai,18,crime_scams_mystery|technology_ai,channel_latest,3tFuQh3-heI,The Granny Who Broke Into a Nuclear Weapons Base,17000,2 months ago,60,1497,https://www.youtube.com/watch?v=3tFuQh3-heI
UCVVTthHLGBuNeKf5z6jGV2A,Blackfiles,2025-02-27,453000,crime_scams_mystery|technology_ai,19,crime_scams_mystery|technology_ai,channel_latest,ucLddqSDpXA,The Man Who Took Down the FBI,21000,2 months ago,60,1557,https://www.youtube.com/watch?v=ucLddqSDpXA
UCVVTthHLGBuNeKf5z6jGV2A,Blackfiles,2025-02-27,453000,crime_scams_mystery|technology_ai,20,crime_scams_mystery|technology_ai,channel_latest,sPAvlxNXUiM,How a Kid Escaped North Korea 5 Times,18000,2 months ago,60,1602,https://www.youtube.com/watch?v=sPAvlxNXUiM
UCVVTthHLGBuNeKf5z6jGV2A,Blackfiles,2025-02-27,453000,crime_scams_mystery|technology_ai,21,crime_scams_mystery|technology_ai,channel_latest,vSc6V_OkHso,The Man the CIA Should Never Have Messed With,71000,2 months ago,60,1609,https://www.youtube.com/watch?v=vSc6V_OkHso
UCVVTthHLGBuNeKf5z6jGV2A,Blackfiles,2025-02-27,453000,crime_scams_mystery|technology_ai,22,crime_scams_mystery|technology_ai,channel_latest,rVYTokogqW8,He Outsmarted Every Tech Company With One Simple Tool,95000,2 months ago,60,1548,https://www.youtube.com/watch?v=rVYTokogqW8
UCVVTthHLGBuNeKf5z6jGV2A,Blackfiles,2025-02-27,453000,crime_scams_mystery|technology_ai,23,crime_scams_mystery|technology_ai,channel_latest,-xOH1Mj0pms,The Most Genius Prison Escape EVER,55000,2 months ago,60,1503,https://www.youtube.com/watch?v=-xOH1Mj0pms
UCVVTthHLGBuNeKf5z6jGV2A,Blackfiles,2025-02-27,453000,crime_scams_mystery|technology_ai,24,crime_scams_mystery|technology_ai,channel_latest,zZiHkkMU6T8,The Doctor Who Built His Own Army to Destroy Cartels,30000,2 months ago,60,1564,https://www.youtube.com/watch?v=zZiHkkMU6T8
UCVVTthHLGBuNeKf5z6jGV2A,Blackfiles,2025-02-27,453000,crime_scams_mystery|technology_ai,25,crime_scams_mystery|technology_ai,channel_latest,U6pCX8tkELw,The Peasant Who Bought an ENTIRE Government,30000,2 months ago,60,1421,https://www.youtube.com/watch?v=U6pCX8tkELw
UCVVTthHLGBuNeKf5z6jGV2A,Blackfiles,2025-02-27,453000,crime_scams_mystery|technology_ai,26,crime_scams_mystery|technology_ai,channel_latest,pWkh0-ZZwPs,The Smartest Man the FBI Ever Chased,114000,3 months ago,90,1640,https://www.youtube.com/watch?v=pWkh0-ZZwPs
UCVVTthHLGBuNeKf5z6jGV2A,Blackfiles,2025-02-27,453000,crime_scams_mystery|technology_ai,27,crime_scams_mystery|technology_ai,channel_latest,33sEQaxA3Qg,The Genius Design of North Korea's Secret Tunnels,111000,3 months ago,90,1464,https://www.youtube.com/watch?v=33sEQaxA3Qg
UCVVTthHLGBuNeKf5z6jGV2A,Blackfiles,2025-02-27,453000,crime_scams_mystery|technology_ai,28,crime_scams_mystery|technology_ai,channel_latest,HNcvouoJgFE,The Blind Man Who Escaped a Prison Built for HIM,23000,3 months ago,90,1635,https://www.youtube.com/watch?v=HNcvouoJgFE
UCVVTthHLGBuNeKf5z6jGV2A,Blackfiles,2025-02-27,453000,crime_scams_mystery|technology_ai,29,crime_scams_mystery|technology_ai,channel_latest,MlxNOnhhjwo,The Man Who Betrayed the World's Most Dangerous Terrorist,80000,3 months ago,90,1524,https://www.youtube.com/watch?v=MlxNOnhhjwo
UCVVTthHLGBuNeKf5z6jGV2A,Blackfiles,2025-02-27,453000,crime_scams_mystery|technology_ai,30,crime_scams_mystery|technology_ai,channel_latest,xXf_g6Asx8U,The Most Genius Robbery EVER,87000,3 months ago,90,1537,https://www.youtube.com/watch?v=xXf_g6Asx8U
UC4flZ-DVneV-yy3Izp4YLzg,Chris Explains,2025-02-24,27900,history_civilization,1,history_civilization,channel_latest,kzXWr0K7LhE,The Most Wanted People in History Explained,9400,2 days ago,2,4293,https://www.youtube.com/watch?v=kzXWr0K7LhE
UC4flZ-DVneV-yy3Izp4YLzg,Chris Explains,2025-02-24,27900,history_civilization,2,history_civilization,channel_latest,fUMJmxeF-9M,The Deadliest Conquerors in History Explained,2500,7 days ago,7,1410,https://www.youtube.com/watch?v=fUMJmxeF-9M
UC4flZ-DVneV-yy3Izp4YLzg,Chris Explains,2025-02-24,27900,history_civilization,3,history_civilization,channel_latest,-r6UjFW19F8,The Most Devastating Industrial Disasters in History Explained,1500,10 days ago,10,1412,https://www.youtube.com/watch?v=-r6UjFW19F8
UC4flZ-DVneV-yy3Izp4YLzg,Chris Explains,2025-02-24,27900,history_civilization,4,history_civilization,channel_latest,XdPiI2SOeLg,The Most Notorious Kidnappings in History Explained,3500,2 weeks ago,14,1373,https://www.youtube.com/watch?v=XdPiI2SOeLg
UC4flZ-DVneV-yy3Izp4YLzg,Chris Explains,2025-02-24,27900,history_civilization,5,history_civilization,channel_latest,IETv2bRezes,The Worst Tragedies in History Explained,3000,2 weeks ago,14,3050,https://www.youtube.com/watch?v=IETv2bRezes
UC4flZ-DVneV-yy3Izp4YLzg,Chris Explains,2025-02-24,27900,history_civilization,6,history_civilization,channel_latest,LIfz64rLR8s,The Most Notorious Assassins in History Explained,4800,3 weeks ago,21,2916,https://www.youtube.com/watch?v=LIfz64rLR8s
UC4flZ-DVneV-yy3Izp4YLzg,Chris Explains,2025-02-24,27900,history_civilization,7,history_civilization,channel_latest,A3K3fOorNZE,The Most Unbelievable Coincidences in History Explained,25000,1 month ago,30,1399,https://www.youtube.com/watch?v=A3K3fOorNZE
UC4flZ-DVneV-yy3Izp4YLzg,Chris Explains,2025-02-24,27900,history_civilization,8,history_civilization,channel_latest,Lg6r2wPLvUM,The Most Forbidden Places on Earth Explained,114000,1 month ago,30,1465,https://www.youtube.com/watch?v=Lg6r2wPLvUM
UC4flZ-DVneV-yy3Izp4YLzg,Chris Explains,2025-02-24,27900,history_civilization,9,history_civilization,channel_latest,gpMRgvV_5Po,The Most Legendary Duels in History Explained,877,1 month ago,30,1454,https://www.youtube.com/watch?v=gpMRgvV_5Po
UC4flZ-DVneV-yy3Izp4YLzg,Chris Explains,2025-02-24,27900,history_civilization,10,history_civilization,channel_latest,GjV-kHjXTY8,The Most Disturbing Cold Cases in History,6500,2 months ago,60,1363,https://www.youtube.com/watch?v=GjV-kHjXTY8
UC4flZ-DVneV-yy3Izp4YLzg,Chris Explains,2025-02-24,27900,history_civilization,11,history_civilization,channel_latest,XauJgZVj5QA,The Most Powerful Dictators in History (How They Seized Power),26000,4 months ago,120,1463,https://www.youtube.com/watch?v=XauJgZVj5QA
UC4flZ-DVneV-yy3Izp4YLzg,Chris Explains,2025-02-24,27900,history_civilization,12,history_civilization,channel_latest,DKg9FGThRKg,The Most Devastating Tragedies in History Explained Part 3,24000,4 months ago,120,1173,https://www.youtube.com/watch?v=DKg9FGThRKg
UC4flZ-DVneV-yy3Izp4YLzg,Chris Explains,2025-02-24,27900,history_civilization,13,history_civilization,channel_latest,LtWXZWXSU38,The Most Effective Military Tactics in History,20000,4 months ago,120,1306,https://www.youtube.com/watch?v=LtWXZWXSU38
UC4flZ-DVneV-yy3Izp4YLzg,Chris Explains,2025-02-24,27900,history_civilization,14,history_civilization,channel_latest,2_hqfpUDqKE,The Deadliest Famines in History Explained,6600,4 months ago,120,1201,https://www.youtube.com/watch?v=2_hqfpUDqKE
UC4flZ-DVneV-yy3Izp4YLzg,Chris Explains,2025-02-24,27900,history_civilization,15,history_civilization,channel_latest,_XNsnDDV8CU,The Most Powerful Siege Weapons in History Explained,4500,4 months ago,120,1163,https://www.youtube.com/watch?v=_XNsnDDV8CU
UC4flZ-DVneV-yy3Izp4YLzg,Chris Explains,2025-02-24,27900,history_civilization,16,history_civilization,channel_latest,7C7N7kFcE6o,The Most Notorious Heists in History Explained,5800,5 months ago,150,1203,https://www.youtube.com/watch?v=7C7N7kFcE6o
UC4flZ-DVneV-yy3Izp4YLzg,Chris Explains,2025-02-24,27900,history_civilization,17,history_civilization,channel_latest,KLCkUbL1IKo,The Most Ruthless Cartel Bosses in History Explained,29000,5 months ago,150,1205,https://www.youtube.com/watch?v=KLCkUbL1IKo
UC4flZ-DVneV-yy3Izp4YLzg,Chris Explains,2025-02-24,27900,history_civilization,18,history_civilization,channel_latest,oPhikTbPGgU,The Most Devastating Volcano Eruptions in History Explained,76000,6 months ago,180,1247,https://www.youtube.com/watch?v=oPhikTbPGgU
UC4flZ-DVneV-yy3Izp4YLzg,Chris Explains,2025-02-24,27900,history_civilization,19,history_civilization,channel_latest,CyhJPYedLQw,The Most Unbelievable Survival Stories in History Explained,14000,6 months ago,180,1088,https://www.youtube.com/watch?v=CyhJPYedLQw
UC4flZ-DVneV-yy3Izp4YLzg,Chris Explains,2025-02-24,27900,history_civilization,20,history_civilization,channel_latest,mBMW55kPFR8,The Most Feared Native American Warriors in History Explained,98000,6 months ago,180,1352,https://www.youtube.com/watch?v=mBMW55kPFR8
UC4flZ-DVneV-yy3Izp4YLzg,Chris Explains,2025-02-24,27900,history_civilization,21,history_civilization,channel_latest,hhy0b2e9aaE,The Most Devastating Tragedies in History Explained Part 2,55000,6 months ago,180,1117,https://www.youtube.com/watch?v=hhy0b2e9aaE
UC4flZ-DVneV-yy3Izp4YLzg,Chris Explains,2025-02-24,27900,history_civilization,22,history_civilization,channel_latest,wKcUpLiS7ZQ,The Deadliest Samurai in History Explained,78000,6 months ago,180,1257,https://www.youtube.com/watch?v=wKcUpLiS7ZQ
UC4flZ-DVneV-yy3Izp4YLzg,Chris Explains,2025-02-24,27900,history_civilization,23,history_civilization,channel_latest,kFaNZbIn9mw,The Deadliest Snipers in Military History Explained,16000,6 months ago,180,1238,https://www.youtube.com/watch?v=kFaNZbIn9mw
UC4flZ-DVneV-yy3Izp4YLzg,Chris Explains,2025-02-24,27900,history_civilization,24,history_civilization,channel_latest,B43JEAvado0,The Most Powerful Gangsters in History Explained Part 2,15000,7 months ago,210,1144,https://www.youtube.com/watch?v=B43JEAvado0
UC4flZ-DVneV-yy3Izp4YLzg,Chris Explains,2025-02-24,27900,history_civilization,25,history_civilization,channel_latest,z813_kjdfdA,The Most Wanted People in History Explained,1400000,7 months ago,210,1366,https://www.youtube.com/watch?v=z813_kjdfdA
UC4flZ-DVneV-yy3Izp4YLzg,Chris Explains,2025-02-24,27900,history_civilization,26,history_civilization,channel_latest,fIL2dxFGcSY,The Most Legendary Pharaohs in History Explained,54000,7 months ago,210,1316,https://www.youtube.com/watch?v=fIL2dxFGcSY
UC4flZ-DVneV-yy3Izp4YLzg,Chris Explains,2025-02-24,27900,history_civilization,27,history_civilization,channel_latest,XYnmTrjxmmA,The Most Devastating Tragedies in History Explained,1300000,7 months ago,210,1259,https://www.youtube.com/watch?v=XYnmTrjxmmA
UC4flZ-DVneV-yy3Izp4YLzg,Chris Explains,2025-02-24,27900,history_civilization,28,history_civilization,channel_latest,sOKGU6queyw,The Most Powerful Families in History Explained,323000,7 months ago,210,1407,https://www.youtube.com/watch?v=sOKGU6queyw
UC4flZ-DVneV-yy3Izp4YLzg,Chris Explains,2025-02-24,27900,history_civilization,29,history_civilization,channel_latest,29PNlVyiVms,The Most Corrupt Leaders in History Explained,59000,7 months ago,210,1220,https://www.youtube.com/watch?v=29PNlVyiVms
UC4flZ-DVneV-yy3Izp4YLzg,Chris Explains,2025-02-24,27900,history_civilization,30,history_civilization,channel_latest,unm0lcciBRk,The Internet’s Most Mysterious Rabbit Holes Explained,9700,7 months ago,210,1114,https://www.youtube.com/watch?v=unm0lcciBRk
UCsEw1xMjZJR2AbdL_V5vDzA,MovieVerse Hindi,2025-02-23,104000,practical_lifestyle|speculative_scifi,1,practical_lifestyle|speculative_scifi,channel_latest,bMBGWmNzkGM,Ek Khufiya EXPERIMENT Jisne Insaano Ko Kuch Bhayanak Bana Diya | Film/Movie Explained in Hindi/Urdu,11000,3 days ago,3,1514,https://www.youtube.com/watch?v=bMBGWmNzkGM
UCsEw1xMjZJR2AbdL_V5vDzA,MovieVerse Hindi,2025-02-23,104000,practical_lifestyle|speculative_scifi,2,practical_lifestyle|speculative_scifi,channel_latest,-mxPxPjgVFU,"Duniya Khatam, Par Ye ROBOT Chupa Raha Khaufnaak Raaz | Film/Movie Explained Hindi/Urdu",9300,5 days ago,5,1644,https://www.youtube.com/watch?v=-mxPxPjgVFU
UCsEw1xMjZJR2AbdL_V5vDzA,MovieVerse Hindi,2025-02-23,104000,practical_lifestyle|speculative_scifi,3,practical_lifestyle|speculative_scifi,channel_latest,9rgcjb3z7cg,4 LIGHT YEARS Door Mila PRITHVI Se Behtar Grah | Film/Movie Explained in Hindi/Urdu,8100,7 days ago,7,1628,https://www.youtube.com/watch?v=9rgcjb3z7cg
UCsEw1xMjZJR2AbdL_V5vDzA,MovieVerse Hindi,2025-02-23,104000,practical_lifestyle|speculative_scifi,4,practical_lifestyle|speculative_scifi,channel_latest,GnMnUQuS2K0,Prithvi Se 780 MILLION KM Door Mila Ek MYSTERIOUS Alien Ship | Film/Movie Explained in Hindi/Urdu,20000,11 days ago,11,1106,https://www.youtube.com/watch?v=GnMnUQuS2K0
UCsEw1xMjZJR2AbdL_V5vDzA,MovieVerse Hindi,2025-02-23,104000,practical_lifestyle|speculative_scifi,5,practical_lifestyle|speculative_scifi,channel_latest,DmvoQsn1o9M,Time Travel Movie | X-Men: Days of Future Past Explained in Hindi/Urdu | Action/Sci-Fi,22000,2 weeks ago,14,1794,https://www.youtube.com/watch?v=DmvoQsn1o9M
UCsEw1xMjZJR2AbdL_V5vDzA,MovieVerse Hindi,2025-02-23,104000,practical_lifestyle|speculative_scifi,6,practical_lifestyle|speculative_scifi,channel_latest,GK08gbNCSus,Is Facility Ki Deewarein Aaj Bhi Ek Khaufnaak RAAZ Chhupa Rahi Hain | Film/Movie Explained in Hindi,19000,2 weeks ago,14,1455,https://www.youtube.com/watch?v=GK08gbNCSus
UCsEw1xMjZJR2AbdL_V5vDzA,MovieVerse Hindi,2025-02-23,104000,practical_lifestyle|speculative_scifi,7,practical_lifestyle|speculative_scifi,channel_latest,i6czFuJC66A,Hazaro LIGHT YEARS Door Mila Ek RAHASMAY Zinda Grah | Film/Movie Explained in Hindi/Urdu,33000,3 weeks ago,21,1261,https://www.youtube.com/watch?v=i6czFuJC66A
UCsEw1xMjZJR2AbdL_V5vDzA,MovieVerse Hindi,2025-02-23,104000,practical_lifestyle|speculative_scifi,8,practical_lifestyle|speculative_scifi,channel_latest,394NLy01dAA,Is PLANET Par Hawa Mein Tairte Hain PAHAAD! | Film/Movie Explained in Hindi/Urdu,17000,3 weeks ago,21,1724,https://www.youtube.com/watch?v=394NLy01dAA
UCsEw1xMjZJR2AbdL_V5vDzA,MovieVerse Hindi,2025-02-23,104000,practical_lifestyle|speculative_scifi,9,practical_lifestyle|speculative_scifi,channel_latest,jK09UYpgPcI,10000 SAAL Pehle PRITHVI Par Aaya Tha Ye SPACESHIP | Film/Movie Explained in Hindi/Urdu,24000,1 month ago,30,1364,https://www.youtube.com/watch?v=jK09UYpgPcI
UCsEw1xMjZJR2AbdL_V5vDzA,MovieVerse Hindi,2025-02-23,104000,practical_lifestyle|speculative_scifi,10,practical_lifestyle|speculative_scifi,channel_latest,TU8PZYaXeWw,SAAL 2049 Mein EARTH Ki Zyadatar CITIES VIRAAN Ho Gayi | Film/Movie Explained in Hindi/Urdu,29000,1 month ago,30,1376,https://www.youtube.com/watch?v=TU8PZYaXeWw
UCsEw1xMjZJR2AbdL_V5vDzA,MovieVerse Hindi,2025-02-23,104000,practical_lifestyle|speculative_scifi,11,practical_lifestyle|speculative_scifi,channel_latest,pyhQojLS0-0,SAAL 2065 Mein A.I Ne Insaano Ke Khilaf Jung Chhed Di | Film/Movie Explained in Hindi/Urdu,54000,1 month ago,30,1542,https://www.youtube.com/watch?v=pyhQojLS0-0
UCsEw1xMjZJR2AbdL_V5vDzA,MovieVerse Hindi,2025-02-23,104000,practical_lifestyle|speculative_scifi,12,practical_lifestyle|speculative_scifi,channel_latest,zcdd42r0hLc,7000 SAAL Pehle EARTH Par Aaya Tha Ye SPACESHIP | Film/Movie Explained in Hindi/Urdu,48000,1 month ago,30,1580,https://www.youtube.com/watch?v=zcdd42r0hLc
UCsEw1xMjZJR2AbdL_V5vDzA,MovieVerse Hindi,2025-02-23,104000,practical_lifestyle|speculative_scifi,13,practical_lifestyle|speculative_scifi,channel_latest,Ucvbtr8YcWs,Is Ice ALIEN PLANET Pe Mila Intelligent ALIEN LIFE | Film/Movie Explained in Hindi/Urdu,101000,1 month ago,30,1528,https://www.youtube.com/watch?v=Ucvbtr8YcWs
UCsEw1xMjZJR2AbdL_V5vDzA,MovieVerse Hindi,2025-02-23,104000,practical_lifestyle|speculative_scifi,14,practical_lifestyle|speculative_scifi,channel_latest,Ew2OifC4QBk,Poori GALAXY Mein Bhatak Raha Hai Ye SPACESHIP | Film/Movie Explained in Hindi/Urdu,20000,1 month ago,30,1635,https://www.youtube.com/watch?v=Ew2OifC4QBk
UCsEw1xMjZJR2AbdL_V5vDzA,MovieVerse Hindi,2025-02-23,104000,practical_lifestyle|speculative_scifi,15,practical_lifestyle|speculative_scifi,channel_latest,1htSlfiSpWk,Laakho SAAL Baad Poori GALAXY Mein Faill Chuke Hai Insaan | Film/Movie Explained in Hindi/Urdu,37000,1 month ago,30,1638,https://www.youtube.com/watch?v=1htSlfiSpWk
UCsEw1xMjZJR2AbdL_V5vDzA,MovieVerse Hindi,2025-02-23,104000,practical_lifestyle|speculative_scifi,16,practical_lifestyle|speculative_scifi,channel_latest,OqIjm9fl55s,Dusre Solar System Se Aayi Ye Rahasyamayi Cheez | Film/Movie Explained in Hindi/Urdu,40000,1 month ago,30,1676,https://www.youtube.com/watch?v=OqIjm9fl55s
UCsEw1xMjZJR2AbdL_V5vDzA,MovieVerse Hindi,2025-02-23,104000,practical_lifestyle|speculative_scifi,17,practical_lifestyle|speculative_scifi,channel_latest,gjo_EiE8S3I,Achanak PARALLEL UNIVERSE Se Aagayi Dusri Earth | Film/Movie Explained in Hindi/Urdu,30000,2 months ago,60,1550,https://www.youtube.com/watch?v=gjo_EiE8S3I
UCsEw1xMjZJR2AbdL_V5vDzA,MovieVerse Hindi,2025-02-23,104000,practical_lifestyle|speculative_scifi,18,practical_lifestyle|speculative_scifi,channel_latest,JmR5VPNuHg8,4000 KILOMETRE Ki Gehraayi Mein Mila DIAMONDS Ka Vishaal Gufaa | Film/Movie Explained in Hindi/Urdu,38000,2 months ago,60,1703,https://www.youtube.com/watch?v=JmR5VPNuHg8
UCsEw1xMjZJR2AbdL_V5vDzA,MovieVerse Hindi,2025-02-23,104000,practical_lifestyle|speculative_scifi,19,practical_lifestyle|speculative_scifi,channel_latest,HzsZO9Mr3cE,Ek Galat EXPERIMENT Se Poori Duniya ICE AGE Mein Chali Gayi | Film/Movie Explained in Hindi/Urdu,91000,2 months ago,60,1623,https://www.youtube.com/watch?v=HzsZO9Mr3cE
UCsEw1xMjZJR2AbdL_V5vDzA,MovieVerse Hindi,2025-02-23,104000,practical_lifestyle|speculative_scifi,20,practical_lifestyle|speculative_scifi,channel_latest,vrewkpP3wJM,Brahmand Ki Sabse Badi Khoj... Ya Sabse Badi Galti?  | Film/Movie Explained in Hindi/Urdu,64000,2 months ago,60,1732,https://www.youtube.com/watch?v=vrewkpP3wJM
UCsEw1xMjZJR2AbdL_V5vDzA,MovieVerse Hindi,2025-02-23,104000,practical_lifestyle|speculative_scifi,21,practical_lifestyle|speculative_scifi,channel_latest,WlNhOOFPDMU,86 SAAL Baad Ek Anjaan PLANET Pe Pahuncha Ye SPACESHIP | Film/Movie Explained in Hindi/Urdu,476000,2 months ago,60,1700,https://www.youtube.com/watch?v=WlNhOOFPDMU
UCsEw1xMjZJR2AbdL_V5vDzA,MovieVerse Hindi,2025-02-23,104000,practical_lifestyle|speculative_scifi,22,practical_lifestyle|speculative_scifi,channel_latest,53u8wWHvIPg,780 Million KM Door Is ALIEN World Mein Chupe Hai Bhot Gehre Raaz | Film/Movie Explained in Hindi,72000,2 months ago,60,1404,https://www.youtube.com/watch?v=53u8wWHvIPg
UCsEw1xMjZJR2AbdL_V5vDzA,MovieVerse Hindi,2025-02-23,104000,practical_lifestyle|speculative_scifi,23,practical_lifestyle|speculative_scifi,channel_latest,y-pgNIuXCic,Prithvi Se Karoro Meel Door Mila Mysterious COSMIC Cloud | Film/Movie Explained in Hindi/Urduq,126000,3 months ago,90,1707,https://www.youtube.com/watch?v=y-pgNIuXCic
UCsEw1xMjZJR2AbdL_V5vDzA,MovieVerse Hindi,2025-02-23,104000,practical_lifestyle|speculative_scifi,24,practical_lifestyle|speculative_scifi,channel_latest,W-rYAmsQBSk,7 SAAL Baad Mila Bhatak Raha Mysterious SPACESHIP | Film/Movie Explained in Hindi/Urdu,102000,3 months ago,90,1700,https://www.youtube.com/watch?v=W-rYAmsQBSk
UCsEw1xMjZJR2AbdL_V5vDzA,MovieVerse Hindi,2025-02-23,104000,practical_lifestyle|speculative_scifi,25,practical_lifestyle|speculative_scifi,channel_latest,hDDMz6Tijl8,Laakho Saal Se Prithvi Mein Dafan Thee Ye Vishaal Alien Objects | Film/Movie Explained in Hindi/Urdu,68000,3 months ago,90,1449,https://www.youtube.com/watch?v=hDDMz6Tijl8
UCsEw1xMjZJR2AbdL_V5vDzA,MovieVerse Hindi,2025-02-23,104000,practical_lifestyle|speculative_scifi,26,practical_lifestyle|speculative_scifi,channel_latest,l4eZSFRvJxI,Gehre Antariksh Se Aaya MOUNT EVEREST Se Bhi Bada COMET | Film/Movie Explained in Hindi/Urdu,70000,3 months ago,90,1637,https://www.youtube.com/watch?v=l4eZSFRvJxI
UCsEw1xMjZJR2AbdL_V5vDzA,MovieVerse Hindi,2025-02-23,104000,practical_lifestyle|speculative_scifi,27,practical_lifestyle|speculative_scifi,channel_latest,ujoeA4wcdm0,7 Saal Tak Hell Dimension Mein Fasa Raha Ye Spaceship | Film/Movie Explained in Hindi/Urdu,88000,3 months ago,90,1684,https://www.youtube.com/watch?v=ujoeA4wcdm0
UCsEw1xMjZJR2AbdL_V5vDzA,MovieVerse Hindi,2025-02-23,104000,practical_lifestyle|speculative_scifi,28,practical_lifestyle|speculative_scifi,channel_latest,px1fOUjC-Qw,100 Saal Baad Insaan Earth Wapas Aaye Magar Sab Badal Chuka Tha | Film/Movie Explained in Hindi/Urdu,56000,3 months ago,90,1435,https://www.youtube.com/watch?v=px1fOUjC-Qw
UCsEw1xMjZJR2AbdL_V5vDzA,MovieVerse Hindi,2025-02-23,104000,practical_lifestyle|speculative_scifi,29,practical_lifestyle|speculative_scifi,channel_latest,wNQih0c33qU,1000 Saal Se ALIEN PLANET Ke Ocean Mein Dooba Hai Ye SPACESHIP | Film/Movie Explained in Hindi/Urdu,118000,3 months ago,90,1664,https://www.youtube.com/watch?v=wNQih0c33qU
UCsEw1xMjZJR2AbdL_V5vDzA,MovieVerse Hindi,2025-02-23,104000,practical_lifestyle|speculative_scifi,30,practical_lifestyle|speculative_scifi,channel_latest,TrSMtJVMP5M,Jab Aasmaan Se Utra Ek Mysterious AlienShip | Film/Movie Explained in Hindi/Urdu,24000,3 months ago,90,1437,https://www.youtube.com/watch?v=TrSMtJVMP5M
UCe8G9fApuCUh7dQr95UWhag,New Travel Insight,2025-02-22,177000,nature_animals,1,nature_animals,channel_latest,Mzr6P6r5K_I,DANGEROUS PLACES: Tourist Spots That Could Turn Deadly in Seconds,2600,2 days ago,2,3782,https://www.youtube.com/watch?v=Mzr6P6r5K_I
UCe8G9fApuCUh7dQr95UWhag,New Travel Insight,2025-02-22,177000,nature_animals,2,nature_animals,channel_latest,UruJaKOZoL0,The Most Advanced Ancient Structures That Still Defy Explanation,333000,4 days ago,4,3615,https://www.youtube.com/watch?v=UruJaKOZoL0
UCe8G9fApuCUh7dQr95UWhag,New Travel Insight,2025-02-22,177000,nature_animals,3,nature_animals,channel_latest,gVRTpI-GApc,The Most ISOLATED Village - Life At The End Of The Earth,55000,6 days ago,6,3663,https://www.youtube.com/watch?v=gVRTpI-GApc
UCe8G9fApuCUh7dQr95UWhag,New Travel Insight,2025-02-22,177000,nature_animals,4,nature_animals,channel_latest,lkE3pW5vcwc,ETHIOPIA: A Country Unlike Anywhere Else on Earth | 4K Documentary,19000,9 days ago,9,3622,https://www.youtube.com/watch?v=lkE3pW5vcwc
UCe8G9fApuCUh7dQr95UWhag,New Travel Insight,2025-02-22,177000,nature_animals,5,nature_animals,channel_latest,ObUKyqrJtt0,Impossible Places: The Most Mysterious Islands on Earth | 4K Documentary,14000,11 days ago,11,3651,https://www.youtube.com/watch?v=ObUKyqrJtt0
UCe8G9fApuCUh7dQr95UWhag,New Travel Insight,2025-02-22,177000,nature_animals,6,nature_animals,channel_latest,0SqdlqShSy4,Impossible Ancient Structures Carved Inside Mountains That Defy Explanation | 4K Documentary,8500,12 days ago,12,3627,https://www.youtube.com/watch?v=0SqdlqShSy4
UCe8G9fApuCUh7dQr95UWhag,New Travel Insight,2025-02-22,177000,nature_animals,7,nature_animals,channel_latest,Ft0RFZEjkwc,China Impossible | Geological Wonders That Defy All Logic | 4K Documentary,32000,2 weeks ago,14,4069,https://www.youtube.com/watch?v=Ft0RFZEjkwc
UCe8G9fApuCUh7dQr95UWhag,New Travel Insight,2025-02-22,177000,nature_animals,8,nature_animals,channel_latest,-4ImiXQhZi0,Unseen Philippines: The Most Unique Country in Southeast Asia | 4K Documentary,124000,2 weeks ago,14,3605,https://www.youtube.com/watch?v=-4ImiXQhZi0
UCe8G9fApuCUh7dQr95UWhag,New Travel Insight,2025-02-22,177000,nature_animals,9,nature_animals,channel_latest,I2e4zCuVgOk,Impossible Places: The World’s Most Inexplicable Places | 4K Documentary,2900,2 weeks ago,14,3762,https://www.youtube.com/watch?v=I2e4zCuVgOk
UCe8G9fApuCUh7dQr95UWhag,New Travel Insight,2025-02-22,177000,nature_animals,10,nature_animals,channel_latest,Uv2842s_sY8,China's Secrets: Hidden Places No Outsider Has Ever Filmed,209000,3 weeks ago,21,3571,https://www.youtube.com/watch?v=Uv2842s_sY8
UCe8G9fApuCUh7dQr95UWhag,New Travel Insight,2025-02-22,177000,nature_animals,11,nature_animals,channel_latest,7TYn4IQ7bow,Impossible Places | The Floating Village Where People Live Without Soil,6300,3 weeks ago,21,3805,https://www.youtube.com/watch?v=7TYn4IQ7bow
UCe8G9fApuCUh7dQr95UWhag,New Travel Insight,2025-02-22,177000,nature_animals,12,nature_animals,channel_latest,OOENUF-waDQ,Secret Philippines | Incredible Places the World Has Never Seen,69000,3 weeks ago,21,3851,https://www.youtube.com/watch?v=OOENUF-waDQ
UCe8G9fApuCUh7dQr95UWhag,New Travel Insight,2025-02-22,177000,nature_animals,13,nature_animals,channel_latest,kX_aBd4MkNc,30 Most Dangerous Hanging Structures in the World | Travel Documentary 4K,503000,4 weeks ago,28,3630,https://www.youtube.com/watch?v=kX_aBd4MkNc
UCe8G9fApuCUh7dQr95UWhag,New Travel Insight,2025-02-22,177000,nature_animals,14,nature_animals,channel_latest,3Ec6sI-5QVI,SPAIN: A Country That Has Never Had Just One Identity,19000,1 month ago,30,3655,https://www.youtube.com/watch?v=3Ec6sI-5QVI
UCe8G9fApuCUh7dQr95UWhag,New Travel Insight,2025-02-22,177000,nature_animals,15,nature_animals,channel_latest,xdnqCL4ewNA,WONDERFUL NATURAL PHENOMENA: The Most Mysterious Events Science Can’t Explain,139000,1 month ago,30,3654,https://www.youtube.com/watch?v=xdnqCL4ewNA
UCe8G9fApuCUh7dQr95UWhag,New Travel Insight,2025-02-22,177000,nature_animals,16,nature_animals,channel_latest,WztSoOMZh80,IMPOSSIBLE PLACES: The Most INSANE Houses Built in Dangerous Locations,529000,1 month ago,30,3630,https://www.youtube.com/watch?v=WztSoOMZh80
UCe8G9fApuCUh7dQr95UWhag,New Travel Insight,2025-02-22,177000,nature_animals,17,nature_animals,channel_latest,7jdvPnz1Y6Y,Impossible Places: 30 Mysterious Wonders That Defy Explanation,462000,1 month ago,30,3649,https://www.youtube.com/watch?v=7jdvPnz1Y6Y
UCe8G9fApuCUh7dQr95UWhag,New Travel Insight,2025-02-22,177000,nature_animals,18,nature_animals,channel_latest,ppj2_YqGj5U,IMPOSSIBLE PLACES: 30 Largest Abandoned Cities in the World | 4K Documentary,5300,1 month ago,30,3611,https://www.youtube.com/watch?v=ppj2_YqGj5U
UCe8G9fApuCUh7dQr95UWhag,New Travel Insight,2025-02-22,177000,nature_animals,19,nature_animals,channel_latest,f56j4ssFss4,Impossible Places: The World’s Most Dangerous Stairs You Don’t Want to Climb,221000,1 month ago,30,3624,https://www.youtube.com/watch?v=f56j4ssFss4
UCe8G9fApuCUh7dQr95UWhag,New Travel Insight,2025-02-22,177000,nature_animals,20,nature_animals,channel_latest,MSy2i5xafbE,30 Most Mysterious Corners That You CANNOT Visit,84000,1 month ago,30,3655,https://www.youtube.com/watch?v=MSy2i5xafbE
UCe8G9fApuCUh7dQr95UWhag,New Travel Insight,2025-02-22,177000,nature_animals,21,nature_animals,channel_latest,aHTJDOmKX5w,Impossible Places: World’s Most Dangerous Bridges That Should Not Exist | 4K Documentary,53000,1 month ago,30,3624,https://www.youtube.com/watch?v=aHTJDOmKX5w
UCe8G9fApuCUh7dQr95UWhag,New Travel Insight,2025-02-22,177000,nature_animals,22,nature_animals,channel_latest,w0_5kdtE1pI,Impossible Places: Dangerous Destinations People Still Visit | 4K Documentary,269000,1 month ago,30,3785,https://www.youtube.com/watch?v=w0_5kdtE1pI
UCe8G9fApuCUh7dQr95UWhag,New Travel Insight,2025-02-22,177000,nature_animals,23,nature_animals,channel_latest,OEHQQlnWbFI,China Futuristic: Impossible Structures Built in Unreal Places | 4K Documentary,305000,1 month ago,30,3742,https://www.youtube.com/watch?v=OEHQQlnWbFI
UCe8G9fApuCUh7dQr95UWhag,New Travel Insight,2025-02-22,177000,nature_animals,24,nature_animals,channel_latest,PzIuWPRPU4A,IMPOSSIBLE PLACES: World's Most Dangerous Lighthouses | Would You Dare Live There?,3300,1 month ago,30,3657,https://www.youtube.com/watch?v=PzIuWPRPU4A
UCe8G9fApuCUh7dQr95UWhag,New Travel Insight,2025-02-22,177000,nature_animals,25,nature_animals,channel_latest,kfQ7WcSFXpM,Indonesia Impossible: The Wildest Archipelago on the Planet | 4K Documentary,145000,1 month ago,30,3688,https://www.youtube.com/watch?v=kfQ7WcSFXpM
UCe8G9fApuCUh7dQr95UWhag,New Travel Insight,2025-02-22,177000,nature_animals,26,nature_animals,channel_latest,Tg9OGn5ghvc,Impossible Places: Dangerous Roads on Earth That Should Not Exist | 4K Travel Documentary,26000,1 month ago,30,3622,https://www.youtube.com/watch?v=Tg9OGn5ghvc
UCe8G9fApuCUh7dQr95UWhag,New Travel Insight,2025-02-22,177000,nature_animals,27,nature_animals,channel_latest,quCCLHXQl5s,The INSANE Chinese Engineering Ever Built in the Mountains,207000,1 month ago,30,3754,https://www.youtube.com/watch?v=quCCLHXQl5s
UCe8G9fApuCUh7dQr95UWhag,New Travel Insight,2025-02-22,177000,nature_animals,28,nature_animals,channel_latest,wXOAXSdV8KI,The Most Dangerous Abandoned Places You Should Never Enter | 4K Documentary,2500,2 months ago,60,3648,https://www.youtube.com/watch?v=wXOAXSdV8KI
UCe8G9fApuCUh7dQr95UWhag,New Travel Insight,2025-02-22,177000,nature_animals,29,nature_animals,channel_latest,uP9re5zPnVw,Futuristic World: The Most Insane Projects on Earth | 4K Documentary,305000,2 months ago,60,3654,https://www.youtube.com/watch?v=uP9re5zPnVw
UCe8G9fApuCUh7dQr95UWhag,New Travel Insight,2025-02-22,177000,nature_animals,30,nature_animals,channel_latest,Zf-LLPdm8-4,Impossible China Roads | The Most Dangerous Roads That Should Not Exist | 4K Documentary,24000,2 months ago,60,3658,https://www.youtube.com/watch?v=Zf-LLPdm8-4
UCmAwGVLrHRw4FUmnJmsrGNg,TinyTickles™ Fun Facts,2025-02-20,2330,science_engineering,1,science_engineering,channel_latest,Y-BWFPRMgaI,EXTREME Tornado Facts for Kids Part 2 l Skyscraper Tall Twisters l Wild Weather Explained,1500,5 months ago,150,300,https://www.youtube.com/watch?v=Y-BWFPRMgaI
UCmAwGVLrHRw4FUmnJmsrGNg,TinyTickles™ Fun Facts,2025-02-20,2330,science_engineering,2,science_engineering,channel_latest,05VZv1spN9Y,EXTREME Tornado Facts for Kids Part 1 l Tornado Flip Cars?! l Wild Weather Explained,2000,6 months ago,180,223,https://www.youtube.com/watch?v=05VZv1spN9Y
UCmAwGVLrHRw4FUmnJmsrGNg,TinyTickles™ Fun Facts,2025-02-20,2330,science_engineering,3,science_engineering,channel_latest,de3MwaZwUkw,💖 Domestic Animals Names And Facts For Kids! 🐶🐱🐹,56,8 months ago,240,518,https://www.youtube.com/watch?v=de3MwaZwUkw
UCmAwGVLrHRw4FUmnJmsrGNg,TinyTickles™ Fun Facts,2025-02-20,2330,science_engineering,4,science_engineering,channel_latest,sjc9kWlQYio,Ultimate Sky Tour: 16 Air Vehicles Every Kid Should Know! 🛩️,836,8 months ago,240,484,https://www.youtube.com/watch?v=sjc9kWlQYio
UCmAwGVLrHRw4FUmnJmsrGNg,TinyTickles™ Fun Facts,2025-02-20,2330,science_engineering,5,science_engineering,channel_latest,7SeOzVBdc1k,Tornadoes! A Fun & Educational Song for Kids | Tiny Tickles Family Music,2100,8 months ago,240,204,https://www.youtube.com/watch?v=7SeOzVBdc1k
UCmAwGVLrHRw4FUmnJmsrGNg,TinyTickles™ Fun Facts,2025-02-20,2330,science_engineering,6,science_engineering,channel_latest,jPCkFvSpyuU,"Mighty Rescue Vehicles: The Ultimate Kids' Adventure! Fire Trucks🚒, Helicopters🚁, Police Cars🚓",2000,10 months ago,300,396,https://www.youtube.com/watch?v=jPCkFvSpyuU
UCmAwGVLrHRw4FUmnJmsrGNg,TinyTickles™ Fun Facts,2025-02-20,2330,science_engineering,7,science_engineering,channel_latest,3lL-WUhTxds,Safari Adventure! 🦁 Discover Amazing Animals of the African Savannah,961,10 months ago,300,541,https://www.youtube.com/watch?v=3lL-WUhTxds
UCmAwGVLrHRw4FUmnJmsrGNg,TinyTickles™ Fun Facts,2025-02-20,2330,science_engineering,8,science_engineering,channel_latest,B101ramJrm0,"(Part 2) Top Natural Disasters Explained for Kids: Earthquake, Tsunami, Hurricane, Tornado & More!",9100,11 months ago,330,387,https://www.youtube.com/watch?v=B101ramJrm0
UCmAwGVLrHRw4FUmnJmsrGNg,TinyTickles™ Fun Facts,2025-02-20,2330,science_engineering,9,science_engineering,channel_latest,iDwYsZ7qblY,"(Part I) Top Natural Disasters Explained for Kids: Earthquakes, Hurricanes, Floods, Blizzard & More!",2100,11 months ago,330,365,https://www.youtube.com/watch?v=iDwYsZ7qblY
UCmAwGVLrHRw4FUmnJmsrGNg,TinyTickles™ Fun Facts,2025-02-20,2330,science_engineering,10,science_engineering,channel_latest,RGeEdhjUV38,Amazing Adventures in Phonics: Rhythmic chant for Letter 'A' [Learning Through Repetition],830,11 months ago,330,504,https://www.youtube.com/watch?v=RGeEdhjUV38
UCmAwGVLrHRw4FUmnJmsrGNg,TinyTickles™ Fun Facts,2025-02-20,2330,science_engineering,11,science_engineering,channel_latest,JmcAu-JBKf4,"Natural Disasters Vocabulary - Learn about Earthquakes, Volcanoes, Tsunamis & More!",622000,11 months ago,330,694,https://www.youtube.com/watch?v=JmcAu-JBKf4
UCmAwGVLrHRw4FUmnJmsrGNg,TinyTickles™ Fun Facts,2025-02-20,2330,science_engineering,12,science_engineering,channel_latest,FwDl7k5gs9w,Learn Sea Animal Names for Kids 🐠 Learn English Vocabulary With Facts #brainboost,459,11 months ago,330,506,https://www.youtube.com/watch?v=FwDl7k5gs9w
UCmAwGVLrHRw4FUmnJmsrGNg,TinyTickles™ Fun Facts,2025-02-20,2330,science_engineering,13,science_engineering,channel_latest,MLHHXjv3vH8,Tornadoes: The Most Insane Types Explained for Kids! 🌪#tornado #factsforkids,888,11 months ago,330,217,https://www.youtube.com/watch?v=MLHHXjv3vH8
UCmAwGVLrHRw4FUmnJmsrGNg,TinyTickles™ Fun Facts,2025-02-20,2330,science_engineering,14,science_engineering,channel_latest,8pF2Z2PVwPc,Learn Water Vehicle Names for Kids 🚢 Boost English Vocabulary With Facts #brainboost,746,11 months ago,330,486,https://www.youtube.com/watch?v=8pF2Z2PVwPc
UCmAwGVLrHRw4FUmnJmsrGNg,TinyTickles™ Fun Facts,2025-02-20,2330,science_engineering,15,science_engineering,channel_latest,OfTzkhrPmCg,Hurricanes: Nature’s Most Terrifying Creatures l Facts For Kids! 🌪 #HurricaneFacts #hurricane,863,1 year ago,365,222,https://www.youtube.com/watch?v=OfTzkhrPmCg
UCmAwGVLrHRw4FUmnJmsrGNg,TinyTickles™ Fun Facts,2025-02-20,2330,science_engineering,16,science_engineering,channel_latest,E5-wJZU8CNA,Tsunamis: The Weirdest Facts For Kids! #tsunamifacts #tsunami,386,1 year ago,365,164,https://www.youtube.com/watch?v=E5-wJZU8CNA
UCmAwGVLrHRw4FUmnJmsrGNg,TinyTickles™ Fun Facts,2025-02-20,2330,science_engineering,17,science_engineering,channel_latest,tnLrXW_qd3k,Learn Emergency Vehicle Names for Kids 🚑  Boost English Vocabulary With Facts!,25000,1 year ago,365,550,https://www.youtube.com/watch?v=tnLrXW_qd3k
UCmAwGVLrHRw4FUmnJmsrGNg,TinyTickles™ Fun Facts,2025-02-20,2330,science_engineering,18,science_engineering,channel_latest,f9v9nr00F00,Cool Facts About Summer Vacation! ☀️ General Knowledge for Kids!,59,1 year ago,365,142,https://www.youtube.com/watch?v=f9v9nr00F00
UCmAwGVLrHRw4FUmnJmsrGNg,TinyTickles™ Fun Facts,2025-02-20,2330,science_engineering,19,science_engineering,channel_latest,-e5P5dk7BOw,What Is a Black Hole? 🌌 Amazing Space Facts for Kids #blackhole  #spacefactsforkids #spaceforkids,298,1 year ago,365,147,https://www.youtube.com/watch?v=-e5P5dk7BOw
UCmAwGVLrHRw4FUmnJmsrGNg,TinyTickles™ Fun Facts,2025-02-20,2330,science_engineering,20,science_engineering,channel_latest,6KE0ACs5O6s,Why Is the Ocean Salty? 🌊 Fun Science for Kids #WhyIsTheOceanSalty #scienceforkids,579,1 year ago,365,141,https://www.youtube.com/watch?v=6KE0ACs5O6s
UCmAwGVLrHRw4FUmnJmsrGNg,TinyTickles™ Fun Facts,2025-02-20,2330,science_engineering,21,science_engineering,channel_latest,vL_ODBtNNn4,Tornadoes: The Weirdest Facts and Discoveries  #tornadofacts #strangethingsaftertornado,10000,1 year ago,365,140,https://www.youtube.com/watch?v=vL_ODBtNNn4
UCmAwGVLrHRw4FUmnJmsrGNg,TinyTickles™ Fun Facts,2025-02-20,2330,science_engineering,22,science_engineering,channel_latest,iKUnf572SRw,Deadly Mushrooms That Can Kill You!🍄 Facts for Kids #mushroomfacts #naturefactsforkids #forestfacts,2900,1 year ago,365,142,https://www.youtube.com/watch?v=iKUnf572SRw
UCmAwGVLrHRw4FUmnJmsrGNg,TinyTickles™ Fun Facts,2025-02-20,2330,science_engineering,23,science_engineering,channel_latest,Gw3XQ_GV69c,"Volcano Facts for Kids 🌋l Supervolcanoes, Blue Lava, Lavanadoes & More! #VolcanoFacts",1500,1 year ago,365,130,https://www.youtube.com/watch?v=Gw3XQ_GV69c
UCmAwGVLrHRw4FUmnJmsrGNg,TinyTickles™ Fun Facts,2025-02-20,2330,science_engineering,24,science_engineering,channel_latest,9tBny6kyDQE,"🦕 Famous Dinosaur Facts for Kids 🦖 Meet T  Rex, Triceratops, Velociraptor #DinosaurFactsForKids",5100,1 year ago,365,158,https://www.youtube.com/watch?v=9tBny6kyDQE
UCmAwGVLrHRw4FUmnJmsrGNg,TinyTickles™ Fun Facts,2025-02-20,2330,science_engineering,25,science_engineering,channel_latest,wowUMjFEYZU,🌪️ EF0 to EF5 MEGA Twisters Explained for Kids l Fun Tornado Facts and Storm Science #TornadoFacts,71000,1 year ago,365,168,https://www.youtube.com/watch?v=wowUMjFEYZU
UCmAwGVLrHRw4FUmnJmsrGNg,TinyTickles™ Fun Facts,2025-02-20,2330,science_engineering,26,science_engineering,channel_latest,fUozvZJ-o3o,Tsunamis for Kids 🌊 Wave Taller Than a Skyscraper?! Mega Tsunamis! #TsunamisForKids #MegaTsunamis,15000,1 year ago,365,143,https://www.youtube.com/watch?v=fUozvZJ-o3o
UCmAwGVLrHRw4FUmnJmsrGNg,TinyTickles™ Fun Facts,2025-02-20,2330,science_engineering,27,science_engineering,channel_latest,9jtzTpuaVVI,Your Brain’s Superpowers! 🧠 Amazing Brain Facts for Kids #brainfacts #amazingbrain #brainknowledge,2000,1 year ago,365,144,https://www.youtube.com/watch?v=9jtzTpuaVVI
UCmAwGVLrHRw4FUmnJmsrGNg,TinyTickles™ Fun Facts,2025-02-20,2330,science_engineering,28,science_engineering,channel_latest,pzB2GaQJvPE,🚀Awesome Asteroid Facts for Kids! l Asteroid Belt & Space Rocks! Fun Facts For Kids #AsteroidFacts,1400,1 year ago,365,133,https://www.youtube.com/watch?v=pzB2GaQJvPE
UCmAwGVLrHRw4FUmnJmsrGNg,TinyTickles™ Fun Facts,2025-02-20,2330,science_engineering,29,science_engineering,channel_latest,bgy55tiYKmE,Mind-Blowing Ocean Secrets 🌊 Cool Facts for Kids #oceanfacts #ocean #oceansecrets,4800,1 year ago,365,131,https://www.youtube.com/watch?v=bgy55tiYKmE
UCmAwGVLrHRw4FUmnJmsrGNg,TinyTickles™ Fun Facts,2025-02-20,2330,science_engineering,30,science_engineering,channel_latest,ms4BCrLAHH0,🦴 How Strong Are Your Bones? 💪 Body Facts for Kids #BoneFactsForKids #bonefacts,9600,1 year ago,365,135,https://www.youtube.com/watch?v=ms4BCrLAHH0
UCFkWwLHM-uqjccOv6oCv14g,The Secret,2025-02-20,398000,practical_lifestyle,1,practical_lifestyle,channel_latest,kQiMI8CsS4o,"Minnie Pearl Lived A Double Life For Years, And No One Knew—Until Now",32,1 hour ago,0,1783,https://www.youtube.com/watch?v=kQiMI8CsS4o
UCFkWwLHM-uqjccOv6oCv14g,The Secret,2025-02-20,398000,practical_lifestyle,2,practical_lifestyle,channel_latest,Oa3Crjn_YyA,"Hayden Panettiere ""Scream"" Star Leaves Behind a Fortune That Makes Her Family Cry",892,16 hours ago,0,1781,https://www.youtube.com/watch?v=Oa3Crjn_YyA
UCFkWwLHM-uqjccOv6oCv14g,The Secret,2025-02-20,398000,practical_lifestyle,3,practical_lifestyle,channel_latest,Dw7UxcxbdeE,The Book Of Enoch Describes What Mars Actually Is — And What Once Lived On It,816,18 hours ago,0,1695,https://www.youtube.com/watch?v=Dw7UxcxbdeE
UCFkWwLHM-uqjccOv6oCv14g,The Secret,2025-02-20,398000,practical_lifestyle,4,practical_lifestyle,channel_latest,8TEGY8GXOU4,Scientists Opened the Mystery of Laos’ Giant Stone Jars — What They Found Changes Everything,349,21 hours ago,0,2017,https://www.youtube.com/watch?v=8TEGY8GXOU4
UCFkWwLHM-uqjccOv6oCv14g,The Secret,2025-02-20,398000,practical_lifestyle,5,practical_lifestyle,channel_latest,Y6x43_otOHM,"After His Death, They Opened Rick Harrison’s Son’s Garage, What They Found Shocked Everyone",3200,23 hours ago,0,1932,https://www.youtube.com/watch?v=Y6x43_otOHM
UCFkWwLHM-uqjccOv6oCv14g,The Secret,2025-02-20,398000,practical_lifestyle,6,practical_lifestyle,channel_latest,7fbhCtoGmk4,The Heartbreaking Truth About Tom Laughlin and His Beloved Wife,270,1 day ago,1,1892,https://www.youtube.com/watch?v=7fbhCtoGmk4
UCFkWwLHM-uqjccOv6oCv14g,The Secret,2025-02-20,398000,practical_lifestyle,7,practical_lifestyle,channel_latest,GYv_PLqVnSU,"At 91, Dame Judi Dench Finally Admits the Rumors About Maggie Smith",1500,1 day ago,1,1826,https://www.youtube.com/watch?v=GYv_PLqVnSU
UCFkWwLHM-uqjccOv6oCv14g,The Secret,2025-02-20,398000,practical_lifestyle,8,practical_lifestyle,channel_latest,nAeYUYy5Fn0,Scientists Asked AI to Decode Plant Signals — What It Found Was Unbelievable,892,1 day ago,1,1963,https://www.youtube.com/watch?v=nAeYUYy5Fn0
UCFkWwLHM-uqjccOv6oCv14g,The Secret,2025-02-20,398000,practical_lifestyle,9,practical_lifestyle,channel_latest,CPpGx2ojiDQ,"He Disappeared After Building a Time Machine — 29 Years Later, He Returned With a Warning",461,1 day ago,1,1936,https://www.youtube.com/watch?v=CPpGx2ojiDQ
UCFkWwLHM-uqjccOv6oCv14g,The Secret,2025-02-20,398000,practical_lifestyle,10,practical_lifestyle,channel_latest,j3_c66OwirI,The Tragic Accident That Ended The Incredible Dr. Pol Forever,540,1 day ago,1,1977,https://www.youtube.com/watch?v=j3_c66OwirI
UCFkWwLHM-uqjccOv6oCv14g,The Secret,2025-02-20,398000,practical_lifestyle,11,practical_lifestyle,channel_latest,eyjtCpEwvtQ,The Earthquake Nobody Saw Coming — Until The Tsunami Was Already Crossing 3 Oceans,879,2 days ago,2,1990,https://www.youtube.com/watch?v=eyjtCpEwvtQ
UCFkWwLHM-uqjccOv6oCv14g,The Secret,2025-02-20,398000,practical_lifestyle,12,practical_lifestyle,channel_latest,T0rpW46CbhI,What FBI Found Hidden in Hayden Panettiere's Mansion Will Leave You Speechless,4000,2 days ago,2,1856,https://www.youtube.com/watch?v=T0rpW46CbhI
UCFkWwLHM-uqjccOv6oCv14g,The Secret,2025-02-20,398000,practical_lifestyle,13,practical_lifestyle,channel_latest,v0_xBwVlCxU,The Book of Enoch Reveals the Truth About Hell — And Which Sins Actually Send You There,635,2 days ago,2,1671,https://www.youtube.com/watch?v=v0_xBwVlCxU
UCFkWwLHM-uqjccOv6oCv14g,The Secret,2025-02-20,398000,practical_lifestyle,14,practical_lifestyle,channel_latest,2sM_aaNmUZ0,Scientists Used AI to Decode Crow Sounds — What It Revealed About Human Language Is Stunning,653,2 days ago,2,1954,https://www.youtube.com/watch?v=2sM_aaNmUZ0
UCFkWwLHM-uqjccOv6oCv14g,The Secret,2025-02-20,398000,practical_lifestyle,15,practical_lifestyle,channel_latest,3Qw4C0Zdnfs,Asian Carp Are Vanishing From the Illinois River -What’s Eating Them Is Far Worse Than Alligator Gar,1400,2 days ago,2,1916,https://www.youtube.com/watch?v=3Qw4C0Zdnfs
UCFkWwLHM-uqjccOv6oCv14g,The Secret,2025-02-20,398000,practical_lifestyle,16,practical_lifestyle,channel_latest,teLcgOFnm9w,"After 50 Years, Henry Winkler Finally Breaks His Silence About Ron Howard —The Truth No One Expected",918,3 days ago,3,1809,https://www.youtube.com/watch?v=teLcgOFnm9w
UCFkWwLHM-uqjccOv6oCv14g,The Secret,2025-02-20,398000,practical_lifestyle,17,practical_lifestyle,channel_latest,EM1XklJxXMw,"At 36, The Tragedy of Hayden Panettiere Is Beyond Heartbreaking",2300,3 days ago,3,1755,https://www.youtube.com/watch?v=EM1XklJxXMw
UCFkWwLHM-uqjccOv6oCv14g,The Secret,2025-02-20,398000,practical_lifestyle,18,practical_lifestyle,channel_latest,Uf92bkT0MYQ,Hawaii’s Volcano Just Broke a 40-Year Record — And Scientists Are Watching Closely,2000,3 days ago,3,2051,https://www.youtube.com/watch?v=Uf92bkT0MYQ
UCFkWwLHM-uqjccOv6oCv14g,The Secret,2025-02-20,398000,practical_lifestyle,19,practical_lifestyle,channel_latest,ztdb09Ajj08,Grok AI Finally Solved the Dyatlov Pass Mystery — With Proof,282,3 days ago,3,1803,https://www.youtube.com/watch?v=ztdb09Ajj08
UCFkWwLHM-uqjccOv6oCv14g,The Secret,2025-02-20,398000,practical_lifestyle,20,practical_lifestyle,channel_latest,_XzlqqrMHcY,Priscilla Presley Finally Breaks Her Silence on the Bob Joyce Theory — Her Answer Shocked Everyone,3300,3 days ago,3,1936,https://www.youtube.com/watch?v=_XzlqqrMHcY
UCFkWwLHM-uqjccOv6oCv14g,The Secret,2025-02-20,398000,practical_lifestyle,21,practical_lifestyle,channel_latest,a3VfkGBkXts,"At 77, The Tragedy Of Meryl Streep Is Beyond Heartbreaking",685,4 days ago,4,1890,https://www.youtube.com/watch?v=a3VfkGBkXts
UCFkWwLHM-uqjccOv6oCv14g,The Secret,2025-02-20,398000,practical_lifestyle,22,practical_lifestyle,channel_latest,DXbh7TxqT8Q,"At 55, The Tragedy of Kelly Ripa Is Beyond Heartbreaking",3000,4 days ago,4,1912,https://www.youtube.com/watch?v=DXbh7TxqT8Q
UCFkWwLHM-uqjccOv6oCv14g,The Secret,2025-02-20,398000,practical_lifestyle,23,practical_lifestyle,channel_latest,vLUu3aYOTPY,Scientists Just Solved Antarctica’s Biggest Mystery — What They Found Is Terrifying,1100,4 days ago,4,1880,https://www.youtube.com/watch?v=vLUu3aYOTPY
UCFkWwLHM-uqjccOv6oCv14g,The Secret,2025-02-20,398000,practical_lifestyle,24,practical_lifestyle,channel_latest,BPAi724A7As,Christopher Walken Breaks His Silence After 45 Years — Reveals What Happened on Natalie Wood’s Boat,2500,4 days ago,4,1845,https://www.youtube.com/watch?v=BPAi724A7As
UCFkWwLHM-uqjccOv6oCv14g,The Secret,2025-02-20,398000,practical_lifestyle,25,practical_lifestyle,channel_latest,N3EnM_KIXk0,"Scientists Finally Opened an Underwater Cave Sealed for 30,000 Years,They Found Inside Is Terrifying",2500,4 days ago,4,1818,https://www.youtube.com/watch?v=N3EnM_KIXk0
UCFkWwLHM-uqjccOv6oCv14g,The Secret,2025-02-20,398000,practical_lifestyle,26,practical_lifestyle,channel_latest,90I3X67YuZg,Things Aren't Looking Good For Dwight Yoakam,2400,5 days ago,5,1868,https://www.youtube.com/watch?v=90I3X67YuZg
UCFkWwLHM-uqjccOv6oCv14g,The Secret,2025-02-20,398000,practical_lifestyle,27,practical_lifestyle,channel_latest,DXB8Y8Zpgg8,What Happened to Simon Cowell at 66 Is Heartbreaking — Try Not to Cry When You See This,3700,5 days ago,5,2033,https://www.youtube.com/watch?v=DXB8Y8Zpgg8
UCFkWwLHM-uqjccOv6oCv14g,The Secret,2025-02-20,398000,practical_lifestyle,28,practical_lifestyle,channel_latest,HE_Adnbea2k,Google’s Quantum Computer FINALLY Crossed a Line Nobody Thought Was Possible — And It's Terrifying,1200,5 days ago,5,2033,https://www.youtube.com/watch?v=HE_Adnbea2k
UCFkWwLHM-uqjccOv6oCv14g,The Secret,2025-02-20,398000,practical_lifestyle,29,practical_lifestyle,channel_latest,MVyi1HtKTEA,Archaeologists Discovered a Lost Civilization High in Kyrgyzstan’s Mountains - It's Shocking,311,5 days ago,5,1985,https://www.youtube.com/watch?v=MVyi1HtKTEA
UCFkWwLHM-uqjccOv6oCv14g,The Secret,2025-02-20,398000,practical_lifestyle,30,practical_lifestyle,channel_latest,5B5fF_L4fgE,Scientists Finally Opened Vietnam’s Massive Hidden Cave — What Was Inside Changes Everything,2200,5 days ago,5,1827,https://www.youtube.com/watch?v=5B5fF_L4fgE
UCDy5K4UNhE3l9-3mu9V-d3A,How People Make Money,2025-02-17,129000,business_economics|work_career_education,1,business_economics|work_career_education,channel_latest,m6OEfzexaZU,How This Engineer Got A Job At A HEDGE FUND...,7900,2 months ago,60,3496,https://www.youtube.com/watch?v=m6OEfzexaZU
UCDy5K4UNhE3l9-3mu9V-d3A,How People Make Money,2025-02-17,129000,business_economics|work_career_education,2,business_economics|work_career_education,channel_latest,LVbILVkpb3I,People are finally starting to push back...,27000,2 months ago,60,746,https://www.youtube.com/watch?v=LVbILVkpb3I
UCDy5K4UNhE3l9-3mu9V-d3A,How People Make Money,2025-02-17,129000,business_economics|work_career_education,3,business_economics|work_career_education,channel_latest,OJXEUZ2FhwE,wtf is happening to the Job Market???,35000,3 months ago,90,710,https://www.youtube.com/watch?v=OJXEUZ2FhwE
UCDy5K4UNhE3l9-3mu9V-d3A,How People Make Money,2025-02-17,129000,business_economics|work_career_education,4,business_economics|work_career_education,channel_latest,v9xF34uOihg,The MISERABLE Lives Of CEOs...,607000,3 months ago,90,568,https://www.youtube.com/watch?v=v9xF34uOihg
UCDy5K4UNhE3l9-3mu9V-d3A,How People Make Money,2025-02-17,129000,business_economics|work_career_education,5,business_economics|work_career_education,channel_latest,c6zp2eqBF7E,"wtf is an ""ACTUARY""????",30000,3 months ago,90,782,https://www.youtube.com/watch?v=c6zp2eqBF7E
UCDy5K4UNhE3l9-3mu9V-d3A,How People Make Money,2025-02-17,129000,business_economics|work_career_education,6,business_economics|work_career_education,channel_latest,P2SYvEOMr6U,wtf do Hackers actually do???,15000,3 months ago,90,795,https://www.youtube.com/watch?v=P2SYvEOMr6U
UCDy5K4UNhE3l9-3mu9V-d3A,How People Make Money,2025-02-17,129000,business_economics|work_career_education,7,business_economics|work_career_education,channel_latest,Lec5_7CFfgs,Junior Consultants Beware...,54000,4 months ago,120,441,https://www.youtube.com/watch?v=Lec5_7CFfgs
UCDy5K4UNhE3l9-3mu9V-d3A,How People Make Money,2025-02-17,129000,business_economics|work_career_education,8,business_economics|work_career_education,channel_latest,0Lh4vn8qg6Q,Billionaires are firing everyone...,22000,4 months ago,120,264,https://www.youtube.com/watch?v=0Lh4vn8qg6Q
UCDy5K4UNhE3l9-3mu9V-d3A,How People Make Money,2025-02-17,129000,business_economics|work_career_education,9,business_economics|work_career_education,channel_latest,xIeYNSbtGvU,The Future of Finance (is looking grim...),31000,4 months ago,120,661,https://www.youtube.com/watch?v=xIeYNSbtGvU
UCDy5K4UNhE3l9-3mu9V-d3A,How People Make Money,2025-02-17,129000,business_economics|work_career_education,10,business_economics|work_career_education,channel_latest,9_qvTLiQJ4g,wtf actually is an MBA?,279000,4 months ago,120,629,https://www.youtube.com/watch?v=9_qvTLiQJ4g
UCDy5K4UNhE3l9-3mu9V-d3A,How People Make Money,2025-02-17,129000,business_economics|work_career_education,11,business_economics|work_career_education,channel_latest,9DT9-of0aRc,You don't have to be a doctor...,16000,4 months ago,120,802,https://www.youtube.com/watch?v=9DT9-of0aRc
UCDy5K4UNhE3l9-3mu9V-d3A,How People Make Money,2025-02-17,129000,business_economics|work_career_education,12,business_economics|work_career_education,channel_latest,NRcj1KOi1gk,wtf is Corporate Law actually like?,102000,4 months ago,120,757,https://www.youtube.com/watch?v=NRcj1KOi1gk
UCDy5K4UNhE3l9-3mu9V-d3A,How People Make Money,2025-02-17,129000,business_economics|work_career_education,13,business_economics|work_career_education,channel_latest,SGYMiPlQhbw,Watch this before becoming an Investment Banker...,26000,5 months ago,150,810,https://www.youtube.com/watch?v=SGYMiPlQhbw
UCDy5K4UNhE3l9-3mu9V-d3A,How People Make Money,2025-02-17,129000,business_economics|work_career_education,14,business_economics|work_career_education,channel_latest,SgXGtU6PxSo,Which WALL ST Career Is Right For YOU?,105000,5 months ago,150,1277,https://www.youtube.com/watch?v=SgXGtU6PxSo
UCDy5K4UNhE3l9-3mu9V-d3A,How People Make Money,2025-02-17,129000,business_economics|work_career_education,15,business_economics|work_career_education,channel_latest,X2QnIscbnVk,BEST Degrees to Choose in the AI Era,93000,5 months ago,150,1496,https://www.youtube.com/watch?v=X2QnIscbnVk
UCDy5K4UNhE3l9-3mu9V-d3A,How People Make Money,2025-02-17,129000,business_economics|work_career_education,16,business_economics|work_career_education,channel_latest,KiN74a2csvY,RANKING How People Are Making Money With AI,27000,6 months ago,180,1049,https://www.youtube.com/watch?v=KiN74a2csvY
UCDy5K4UNhE3l9-3mu9V-d3A,How People Make Money,2025-02-17,129000,business_economics|work_career_education,17,business_economics|work_career_education,channel_latest,ZrTw36Npw2c,The Jobs Paying CRAZY Money Nobody's Heard Of,45000,6 months ago,180,1126,https://www.youtube.com/watch?v=ZrTw36Npw2c
UCDy5K4UNhE3l9-3mu9V-d3A,How People Make Money,2025-02-17,129000,business_economics|work_career_education,18,business_economics|work_career_education,channel_latest,RSA43XWTXuU,Worst Degrees To Choose In The AI Era,538000,8 months ago,240,737,https://www.youtube.com/watch?v=RSA43XWTXuU
UCDy5K4UNhE3l9-3mu9V-d3A,How People Make Money,2025-02-17,129000,business_economics|work_career_education,19,business_economics|work_career_education,channel_latest,KmBp9SHm2_0,Which Jobs Have The Most PSYCHOPATHS?,94000,8 months ago,240,863,https://www.youtube.com/watch?v=KmBp9SHm2_0
UCDy5K4UNhE3l9-3mu9V-d3A,How People Make Money,2025-02-17,129000,business_economics|work_career_education,20,business_economics|work_career_education,channel_latest,SdEODf6T7PA,How Insurance Companies SCAM YOU,26000,9 months ago,270,672,https://www.youtube.com/watch?v=SdEODf6T7PA
UCDy5K4UNhE3l9-3mu9V-d3A,How People Make Money,2025-02-17,129000,business_economics|work_career_education,21,business_economics|work_career_education,channel_latest,j0F0qBTY4DE,How Does Congress Actually Work?,23000,10 months ago,300,876,https://www.youtube.com/watch?v=j0F0qBTY4DE
UCDy5K4UNhE3l9-3mu9V-d3A,How People Make Money,2025-02-17,129000,business_economics|work_career_education,22,business_economics|work_career_education,channel_latest,Zzvso56HgGQ,The STARTUP Model is DEAD. This is replacing it.,55000,10 months ago,300,735,https://www.youtube.com/watch?v=Zzvso56HgGQ
UCDy5K4UNhE3l9-3mu9V-d3A,How People Make Money,2025-02-17,129000,business_economics|work_career_education,23,business_economics|work_career_education,channel_latest,b0QfYboUsBA,Software Engineering: Making Kings Out Of NERDS,27000,10 months ago,300,960,https://www.youtube.com/watch?v=b0QfYboUsBA
UCDy5K4UNhE3l9-3mu9V-d3A,How People Make Money,2025-02-17,129000,business_economics|work_career_education,24,business_economics|work_career_education,channel_latest,nWgJFiBzn7U,wtf do Accountants actually do all day?,39000,10 months ago,300,893,https://www.youtube.com/watch?v=nWgJFiBzn7U
UCDy5K4UNhE3l9-3mu9V-d3A,How People Make Money,2025-02-17,129000,business_economics|work_career_education,25,business_economics|work_career_education,channel_latest,ymwFntb1BzY,"wtf is ""Wealth Management""?",68000,11 months ago,330,691,https://www.youtube.com/watch?v=ymwFntb1BzY
UCDy5K4UNhE3l9-3mu9V-d3A,How People Make Money,2025-02-17,129000,business_economics|work_career_education,26,business_economics|work_career_education,channel_latest,04POar44758,FINANCIAL SYSTEM explained in 18 mins,350000,11 months ago,330,1094,https://www.youtube.com/watch?v=04POar44758
UCDy5K4UNhE3l9-3mu9V-d3A,How People Make Money,2025-02-17,129000,business_economics|work_career_education,27,business_economics|work_career_education,channel_latest,a7RdQ0jUdH4,The Greatest Wall St Trader Of All Time,64000,11 months ago,330,533,https://www.youtube.com/watch?v=a7RdQ0jUdH4
UCDy5K4UNhE3l9-3mu9V-d3A,How People Make Money,2025-02-17,129000,business_economics|work_career_education,28,business_economics|work_career_education,channel_latest,M4Bm9RgFBWg,This Might Be Zucks’ Biggest Mistake Yet...,54000,1 year ago,365,543,https://www.youtube.com/watch?v=M4Bm9RgFBWg
UCDy5K4UNhE3l9-3mu9V-d3A,How People Make Money,2025-02-17,129000,business_economics|work_career_education,29,business_economics|work_career_education,channel_latest,zgGNVTErU9s,The CRAZIEST Financial Scams In History,57000,1 year ago,365,1079,https://www.youtube.com/watch?v=zgGNVTErU9s
UCDy5K4UNhE3l9-3mu9V-d3A,How People Make Money,2025-02-17,129000,business_economics|work_career_education,30,business_economics|work_career_education,channel_latest,zJUnwPhmXY0,7 WORST MARKET CRASHES explained in 17 mins,38000,1 year ago,365,1065,https://www.youtube.com/watch?v=zJUnwPhmXY0
UCPlUfxXfP-Cgg4_qM-y8ivA,Silence of the Earth,2025-02-10,59400,nature_animals,1,nature_animals,channel_latest,ZQrExinwGcU,The Prehistoric Human Migrations We Still Don’t Understand,2100,3 days ago,3,10002,https://www.youtube.com/watch?v=ZQrExinwGcU
UCPlUfxXfP-Cgg4_qM-y8ivA,Silence of the Earth,2025-02-10,59400,nature_animals,2,nature_animals,channel_latest,KWBZd15IEQA,All of Earth's Extinctions (As We Understand It),7600,6 days ago,6,9637,https://www.youtube.com/watch?v=KWBZd15IEQA
UCPlUfxXfP-Cgg4_qM-y8ivA,Silence of the Earth,2025-02-10,59400,nature_animals,3,nature_animals,channel_latest,jtdrQ-IP4w0,How the Black Sea Became Noah's Flood | Documentary for Sleep,2000,13 days ago,13,7324,https://www.youtube.com/watch?v=jtdrQ-IP4w0
UCPlUfxXfP-Cgg4_qM-y8ivA,Silence of the Earth,2025-02-10,59400,nature_animals,4,nature_animals,channel_latest,phYb4TEEYuE,The First 10 Million Years After the Dinosaurs Died (The Paleocene Epoch) | Documentary for Sleep,11000,3 weeks ago,21,9563,https://www.youtube.com/watch?v=phYb4TEEYuE
UCPlUfxXfP-Cgg4_qM-y8ivA,Silence of the Earth,2025-02-10,59400,nature_animals,5,nature_animals,channel_latest,nf6H19bK-Dg,The Birth of the Himalayas | Documentary for Sleep,9400,4 weeks ago,28,9500,https://www.youtube.com/watch?v=nf6H19bK-Dg
UCPlUfxXfP-Cgg4_qM-y8ivA,Silence of the Earth,2025-02-10,59400,nature_animals,6,nature_animals,channel_latest,FCWa3tjNFLs,The Last Great Age of Dinosaurs: The Cretaceous Period | Documentary for Sleep,28000,1 month ago,30,9661,https://www.youtube.com/watch?v=FCWa3tjNFLs
UCPlUfxXfP-Cgg4_qM-y8ivA,Silence of the Earth,2025-02-10,59400,nature_animals,7,nature_animals,channel_latest,tmL7DSEbbi4,What If the Ice Age Giants Never Vanished? | Silence of the Earth,7400,2 months ago,60,6758,https://www.youtube.com/watch?v=tmL7DSEbbi4
UCPlUfxXfP-Cgg4_qM-y8ivA,Silence of the Earth,2025-02-10,59400,nature_animals,8,nature_animals,channel_latest,JyKQRgZaOIU,The Permian Period (As We Understand It) | Documentary for Sleep,47000,2 months ago,60,10756,https://www.youtube.com/watch?v=JyKQRgZaOIU
UCPlUfxXfP-Cgg4_qM-y8ivA,Silence of the Earth,2025-02-10,59400,nature_animals,9,nature_animals,channel_latest,xFmC2Fo5WL4,The First Eyes: How Vision Changed Everything | Silence of the Earth,22000,3 months ago,90,9357,https://www.youtube.com/watch?v=xFmC2Fo5WL4
UCPlUfxXfP-Cgg4_qM-y8ivA,Silence of the Earth,2025-02-10,59400,nature_animals,10,nature_animals,channel_latest,ED_a_a1h8-M,The Carboniferous Period (As We Understand It) | 4-Hour Documentary for Sleep,44000,3 months ago,90,14548,https://www.youtube.com/watch?v=ED_a_a1h8-M
UCPlUfxXfP-Cgg4_qM-y8ivA,Silence of the Earth,2025-02-10,59400,nature_animals,11,nature_animals,channel_latest,rHjy1X2ICT0,Snowball Earth: When Ice Covered Everything,29000,4 months ago,120,10108,https://www.youtube.com/watch?v=rHjy1X2ICT0
UCPlUfxXfP-Cgg4_qM-y8ivA,Silence of the Earth,2025-02-10,59400,nature_animals,12,nature_animals,channel_latest,ySxhixSG418,The Devonian Period: Monsters of the Seas & The First Forests (As We Understand It),242000,6 months ago,180,9650,https://www.youtube.com/watch?v=ySxhixSG418
UCPlUfxXfP-Cgg4_qM-y8ivA,Silence of the Earth,2025-02-10,59400,nature_animals,13,nature_animals,channel_latest,ZESF9b9PJLQ,What If Earth Had Rings? | Documentary for Sleep,18000,6 months ago,180,9777,https://www.youtube.com/watch?v=ZESF9b9PJLQ
UCPlUfxXfP-Cgg4_qM-y8ivA,Silence of the Earth,2025-02-10,59400,nature_animals,14,nature_animals,channel_latest,4uxQaf9o_fE,The Silurian Period (As We Understand It) | Documentary for Sleep,196000,6 months ago,180,9057,https://www.youtube.com/watch?v=4uxQaf9o_fE
UCPlUfxXfP-Cgg4_qM-y8ivA,Silence of the Earth,2025-02-10,59400,nature_animals,15,nature_animals,channel_latest,DnLGV1kZp3w,The Jurassic Period (As We Understand It) | Documentary for Sleep,774000,7 months ago,210,13758,https://www.youtube.com/watch?v=DnLGV1kZp3w
UCPlUfxXfP-Cgg4_qM-y8ivA,Silence of the Earth,2025-02-10,59400,nature_animals,16,nature_animals,channel_latest,oHcMPKQZ04Q,What Really Killed the Ice Age Giants? | Documentary for Sleep,78000,7 months ago,210,9191,https://www.youtube.com/watch?v=oHcMPKQZ04Q
UCPlUfxXfP-Cgg4_qM-y8ivA,Silence of the Earth,2025-02-10,59400,nature_animals,17,nature_animals,channel_latest,2yiYRmCyfWc,What If Dinosaurs Never Went Extinct? | Documentary for Sleep,2600000,7 months ago,210,8012,https://www.youtube.com/watch?v=2yiYRmCyfWc
UCPlUfxXfP-Cgg4_qM-y8ivA,Silence of the Earth,2025-02-10,59400,nature_animals,18,nature_animals,channel_latest,YqmfjnLLQho,The Cambrian Period (As We Understand It) | Documentary for Sleep,134000,7 months ago,210,9650,https://www.youtube.com/watch?v=YqmfjnLLQho
UCPlUfxXfP-Cgg4_qM-y8ivA,Silence of the Earth,2025-02-10,59400,nature_animals,19,nature_animals,channel_latest,u2hyJdwQswE,What If the Land and Oceans on Earth Switched Places? | Documentary for Sleep,33000,7 months ago,210,10094,https://www.youtube.com/watch?v=u2hyJdwQswE
UCPlUfxXfP-Cgg4_qM-y8ivA,Silence of the Earth,2025-02-10,59400,nature_animals,20,nature_animals,channel_latest,mr5zEXMyARc,The World Before Us: When 9 Species Walked the Earth | Documentary for Sleep,265000,7 months ago,210,9898,https://www.youtube.com/watch?v=mr5zEXMyARc
UCPlUfxXfP-Cgg4_qM-y8ivA,Silence of the Earth,2025-02-10,59400,nature_animals,21,nature_animals,channel_latest,QXkjMqUwAjA,The Ordovician Period (As We Understand It) | Documentary for Sleep,212000,8 months ago,240,13106,https://www.youtube.com/watch?v=QXkjMqUwAjA
UCPlUfxXfP-Cgg4_qM-y8ivA,Silence of the Earth,2025-02-10,59400,nature_animals,22,nature_animals,channel_latest,AOFyCpimu4A,What If Pangea Had First Civilizations We'll Never Find? | Documentary for Sleep,19000,8 months ago,240,9756,https://www.youtube.com/watch?v=AOFyCpimu4A
UCPlUfxXfP-Cgg4_qM-y8ivA,Silence of the Earth,2025-02-10,59400,nature_animals,23,nature_animals,channel_latest,0YkmN6yecSQ,When Whales Walked (As We Understand It) | Documentary for Sleep,73000,8 months ago,240,11889,https://www.youtube.com/watch?v=0YkmN6yecSQ
UCPlUfxXfP-Cgg4_qM-y8ivA,Silence of the Earth,2025-02-10,59400,nature_animals,24,nature_animals,channel_latest,x_Dx3nxytJY,What If Atlantis and Lemuria Were Memories of Lost Continents? | Documentary for Sleep,47000,8 months ago,240,11611,https://www.youtube.com/watch?v=x_Dx3nxytJY
UCPlUfxXfP-Cgg4_qM-y8ivA,Silence of the Earth,2025-02-10,59400,nature_animals,25,nature_animals,channel_latest,CxAFK46GdbU,The Triassic Period (As We Understand It) | Documentary for Sleep,181000,8 months ago,240,7573,https://www.youtube.com/watch?v=CxAFK46GdbU
UCPlUfxXfP-Cgg4_qM-y8ivA,Silence of the Earth,2025-02-10,59400,nature_animals,26,nature_animals,channel_latest,Obxmla5MRn4,Why Deep Sea Creatures Get Creepier the Deeper You Go | Documentary for Sleep,311000,8 months ago,240,6793,https://www.youtube.com/watch?v=Obxmla5MRn4
UCPlUfxXfP-Cgg4_qM-y8ivA,Silence of the Earth,2025-02-10,59400,nature_animals,27,nature_animals,channel_latest,TT_Zv3sBtCo,When Earth Lost 94% of Its Magnetic Field | Documentary for Sleep,24000,8 months ago,240,5247,https://www.youtube.com/watch?v=TT_Zv3sBtCo
UCPlUfxXfP-Cgg4_qM-y8ivA,Silence of the Earth,2025-02-10,59400,nature_animals,28,nature_animals,channel_latest,oFwUy2Q5e9k,Why Did Prehistoric Oceans Have So Many Giants? | Documentary for Sleep,88000,8 months ago,240,7967,https://www.youtube.com/watch?v=oFwUy2Q5e9k
UCPlUfxXfP-Cgg4_qM-y8ivA,Silence of the Earth,2025-02-10,59400,nature_animals,29,nature_animals,channel_latest,8sNL3GXzqRs,The Violent Birth of The Moon | Documentary for Sleep,12000,8 months ago,240,7901,https://www.youtube.com/watch?v=8sNL3GXzqRs
UCPlUfxXfP-Cgg4_qM-y8ivA,Silence of the Earth,2025-02-10,59400,nature_animals,30,nature_animals,channel_latest,LZAuZIPltgE,Why Human Evolution Stopped | Documentary for Sleep,6100,8 months ago,240,7257,https://www.youtube.com/watch?v=LZAuZIPltgE
UCGBqkakG1XpPyrY1deesPBw,The Flo Factory,2025-02-08,13400,speculative_scifi,1,speculative_scifi,channel_latest,EJNhFARaxKA,2100 — Beyond the Horizon | A Utopian AI Short Film,357000,7 months ago,210,633,https://www.youtube.com/watch?v=EJNhFARaxKA
UCGBqkakG1XpPyrY1deesPBw,The Flo Factory,2025-02-08,13400,speculative_scifi,2,speculative_scifi,channel_latest,VyqbWdEhdsw,After the Fall | Post-Apocalyptic AI Short Film,72000,9 months ago,270,254,https://www.youtube.com/watch?v=VyqbWdEhdsw
UCGBqkakG1XpPyrY1deesPBw,The Flo Factory,2025-02-08,13400,speculative_scifi,3,speculative_scifi,channel_latest,P-K6_50OTcI,Ashes and Gold | A Fantasy Western – Episode 1 (Pilot),4900,10 months ago,300,240,https://www.youtube.com/watch?v=P-K6_50OTcI
UCGBqkakG1XpPyrY1deesPBw,The Flo Factory,2025-02-08,13400,speculative_scifi,4,speculative_scifi,channel_latest,1zgb2-4Avu4,The Stealers | A Dark Sci-Fi Short Movie,361000,11 months ago,330,483,https://www.youtube.com/watch?v=1zgb2-4Avu4
UCGBqkakG1XpPyrY1deesPBw,The Flo Factory,2025-02-08,13400,speculative_scifi,5,speculative_scifi,channel_latest,4gKBHYjbUAM,2095 | A Dystopian AI Sci-Fi Short Movie,1100000,1 year ago,365,573,https://www.youtube.com/watch?v=4gKBHYjbUAM
UCGBqkakG1XpPyrY1deesPBw,The Flo Factory,2025-02-08,13400,speculative_scifi,6,speculative_scifi,channel_latest,WnIwQABi15Q,Time Travel Is Real Now — Thanks to ChronoTrips,7400,1 year ago,365,137,https://www.youtube.com/watch?v=WnIwQABi15Q
UCGBqkakG1XpPyrY1deesPBw,The Flo Factory,2025-02-08,13400,speculative_scifi,7,speculative_scifi,channel_latest,aMTqI09iuqQ,Kremlin going HARDBASS,3200,1 year ago,365,160,https://www.youtube.com/watch?v=aMTqI09iuqQ
UCGBqkakG1XpPyrY1deesPBw,The Flo Factory,2025-02-08,13400,speculative_scifi,8,speculative_scifi,channel_latest,dNTC4BmylIo,The Game (Brazil),99000,1 year ago,365,121,https://www.youtube.com/watch?v=dNTC4BmylIo
UCc8mgmxzl_Yhf9PlvElZ68w,Marissa Van,2025-01-29,44200,work_career_education,1,work_career_education,channel_latest,uLbVcoDgs9Q,Influencers & Celebrities Are Going Broke And Nobody Cares,74000,2 weeks ago,14,1608,https://www.youtube.com/watch?v=uLbVcoDgs9Q
UCc8mgmxzl_Yhf9PlvElZ68w,Marissa Van,2025-01-29,44200,work_career_education,2,work_career_education,channel_latest,11yOZsz1aB0,What Happened to Goodwill? The Truth Behind the Insane Prices,40000,2 weeks ago,14,1260,https://www.youtube.com/watch?v=11yOZsz1aB0
UCc8mgmxzl_Yhf9PlvElZ68w,Marissa Van,2025-01-29,44200,work_career_education,3,work_career_education,channel_latest,tvH96Ch-wQI,People Are Risking Their Jobs for TikTok Views…,61000,4 weeks ago,28,1500,https://www.youtube.com/watch?v=tvH96Ch-wQI
UCc8mgmxzl_Yhf9PlvElZ68w,Marissa Van,2025-01-29,44200,work_career_education,4,work_career_education,channel_latest,__BDVkjm-UE,Dealerships Are STILL Drowning in Cars They Can’t Sell,172000,1 month ago,30,1745,https://www.youtube.com/watch?v=__BDVkjm-UE
UCc8mgmxzl_Yhf9PlvElZ68w,Marissa Van,2025-01-29,44200,work_career_education,5,work_career_education,channel_latest,94NXoz_RvPQ,Let's Watch 19 Minutes of People Buying Cars They Can't Afford,80000,1 month ago,30,1175,https://www.youtube.com/watch?v=94NXoz_RvPQ
UCc8mgmxzl_Yhf9PlvElZ68w,Marissa Van,2025-01-29,44200,work_career_education,6,work_career_education,channel_latest,qIKMo4H9vAg,Group Dinners Turn into DRAMA When You Split The Bill,79000,1 month ago,30,1650,https://www.youtube.com/watch?v=qIKMo4H9vAg
UCc8mgmxzl_Yhf9PlvElZ68w,Marissa Van,2025-01-29,44200,work_career_education,7,work_career_education,channel_latest,F_KxrGQCh4w,This HOA Nightmare Is INSANE — Why Homeowners Are Leaving EVERYWHERE,38000,1 month ago,30,1671,https://www.youtube.com/watch?v=F_KxrGQCh4w
UCc8mgmxzl_Yhf9PlvElZ68w,Marissa Van,2025-01-29,44200,work_career_education,8,work_career_education,channel_latest,V2XWyUMoJBY,Millions of Americans Are Retiring BROKE with NO Savings,15000,2 months ago,60,1114,https://www.youtube.com/watch?v=V2XWyUMoJBY
UCc8mgmxzl_Yhf9PlvElZ68w,Marissa Van,2025-01-29,44200,work_career_education,9,work_career_education,channel_latest,Eyj1foVe6yk,Groceries Are Becoming Unaffordable… And People Are FED UP,28000,2 months ago,60,2020,https://www.youtube.com/watch?v=Eyj1foVe6yk
UCc8mgmxzl_Yhf9PlvElZ68w,Marissa Van,2025-01-29,44200,work_career_education,10,work_career_education,channel_latest,Nb5kMjYJzfg,Modern Cars Suck (And It’s Not Your Imagination),64000,2 months ago,60,1312,https://www.youtube.com/watch?v=Nb5kMjYJzfg
UCc8mgmxzl_Yhf9PlvElZ68w,Marissa Van,2025-01-29,44200,work_career_education,11,work_career_education,channel_latest,twnARWFHUWo,The Collapse of Airbnb,276000,3 months ago,90,2172,https://www.youtube.com/watch?v=twnARWFHUWo
UCc8mgmxzl_Yhf9PlvElZ68w,Marissa Van,2025-01-29,44200,work_career_education,12,work_career_education,channel_latest,r3B3wVfxzGU,Why Teachers Say Gen Alpha Can’t Read (Clip),15000,3 months ago,90,878,https://www.youtube.com/watch?v=r3B3wVfxzGU
UCc8mgmxzl_Yhf9PlvElZ68w,Marissa Van,2025-01-29,44200,work_career_education,13,work_career_education,channel_latest,tVZITIDlX2E,The End of Cheap Fast Food Is Here,145000,3 months ago,90,1697,https://www.youtube.com/watch?v=tVZITIDlX2E
UCc8mgmxzl_Yhf9PlvElZ68w,Marissa Van,2025-01-29,44200,work_career_education,14,work_career_education,channel_latest,oeK84menq8I,Gas Pumps Are Acting Strange… And It’s Costing You,15000,4 months ago,120,1441,https://www.youtube.com/watch?v=oeK84menq8I
UCc8mgmxzl_Yhf9PlvElZ68w,Marissa Van,2025-01-29,44200,work_career_education,15,work_career_education,channel_latest,69pYLsXIzyU,"You Spent $10,000 at Coachella… FOR THIS?!",48000,4 months ago,120,1405,https://www.youtube.com/watch?v=69pYLsXIzyU
UCc8mgmxzl_Yhf9PlvElZ68w,Marissa Van,2025-01-29,44200,work_career_education,16,work_career_education,channel_latest,I4xeS6H11ds,Disney Adults Are Spending HOW Much?!,399000,4 months ago,120,1869,https://www.youtube.com/watch?v=I4xeS6H11ds
UCc8mgmxzl_Yhf9PlvElZ68w,Marissa Van,2025-01-29,44200,work_career_education,17,work_career_education,channel_latest,9Tt7CfU_n5w,New Cars Are Piling Up… And No One Wants Them (Clip),395000,4 months ago,120,653,https://www.youtube.com/watch?v=9Tt7CfU_n5w
UCc8mgmxzl_Yhf9PlvElZ68w,Marissa Van,2025-01-29,44200,work_career_education,18,work_career_education,channel_latest,72Hm3CqL07U,Restaurants Got So GREEDY — People Just Stopped Going,105000,4 months ago,120,1660,https://www.youtube.com/watch?v=72Hm3CqL07U
UCc8mgmxzl_Yhf9PlvElZ68w,Marissa Van,2025-01-29,44200,work_career_education,19,work_career_education,channel_latest,KQoF3PnSakM,People Are Replacing Rent With Cruise Ships… And It’s Actually Working,154000,4 months ago,120,1589,https://www.youtube.com/watch?v=KQoF3PnSakM
UCc8mgmxzl_Yhf9PlvElZ68w,Marissa Van,2025-01-29,44200,work_career_education,20,work_career_education,channel_latest,SLzdkIkGG5I,The Dark Side of New Construction Homes in 2026,61000,5 months ago,150,1655,https://www.youtube.com/watch?v=SLzdkIkGG5I
UCc8mgmxzl_Yhf9PlvElZ68w,Marissa Van,2025-01-29,44200,work_career_education,21,work_career_education,channel_latest,v2z5woqJFk4,2026 Layoffs Explode to 2008 Levels (No One Can Find Work),122000,6 months ago,180,2043,https://www.youtube.com/watch?v=v2z5woqJFk4
UCc8mgmxzl_Yhf9PlvElZ68w,Marissa Van,2025-01-29,44200,work_career_education,22,work_career_education,channel_latest,NYKLer3T7-M,Gen Alpha Still Can’t Read (And Teachers Are Quitting),480000,6 months ago,180,1912,https://www.youtube.com/watch?v=NYKLer3T7-M
UCc8mgmxzl_Yhf9PlvElZ68w,Marissa Van,2025-01-29,44200,work_career_education,23,work_career_education,channel_latest,dx5tRnPlpAo,Modern Cars Are Junk Now and Here’s Why,449000,7 months ago,210,1937,https://www.youtube.com/watch?v=dx5tRnPlpAo
UCc8mgmxzl_Yhf9PlvElZ68w,Marissa Van,2025-01-29,44200,work_career_education,24,work_career_education,channel_latest,HxrYJmhA7nY,These Are the Worst Car Payments I’ve Ever Seen,193000,7 months ago,210,1530,https://www.youtube.com/watch?v=HxrYJmhA7nY
UCc8mgmxzl_Yhf9PlvElZ68w,Marissa Van,2025-01-29,44200,work_career_education,25,work_career_education,channel_latest,nnDp8aakm3A,Student Loan Debt Is Spiraling Out of Control in 2026,87000,7 months ago,210,1507,https://www.youtube.com/watch?v=nnDp8aakm3A
UCc8mgmxzl_Yhf9PlvElZ68w,Marissa Van,2025-01-29,44200,work_career_education,26,work_career_education,channel_latest,hZKaF8c91hs,People Are Racking Up INSANE Credit Card Debt—And They're Not Stopping,84000,8 months ago,240,1743,https://www.youtube.com/watch?v=hZKaF8c91hs
UCc8mgmxzl_Yhf9PlvElZ68w,Marissa Van,2025-01-29,44200,work_career_education,27,work_career_education,channel_latest,4L1tWlgqRA4,Dealerships Are DROWNING in Cars They Can’t Sell,667000,8 months ago,240,1726,https://www.youtube.com/watch?v=4L1tWlgqRA4
UCc8mgmxzl_Yhf9PlvElZ68w,Marissa Van,2025-01-29,44200,work_career_education,28,work_career_education,channel_latest,I9Kdh9WMmxs,Why Are We Tipping EVERYWHERE Now?,103000,9 months ago,270,1834,https://www.youtube.com/watch?v=I9Kdh9WMmxs
UCc8mgmxzl_Yhf9PlvElZ68w,Marissa Van,2025-01-29,44200,work_career_education,29,work_career_education,channel_latest,UPn_nn2EAsE,Teachers Have Had ENOUGH of Gen Alpha and Their Phones,285000,9 months ago,270,1844,https://www.youtube.com/watch?v=UPn_nn2EAsE
UCc8mgmxzl_Yhf9PlvElZ68w,Marissa Van,2025-01-29,44200,work_career_education,30,work_career_education,channel_latest,pT7nOPwzxvY,The Death of Dining Out: Why Restaurants Are Empty in 2025,665000,9 months ago,270,1367,https://www.youtube.com/watch?v=pT7nOPwzxvY
UC1zbeu02sJejIYi8h3mK2Gg,Echo of the Forests,2025-01-23,6160,nature_animals,1,nature_animals,channel_latest,Z_FwmuxXrYk,They Had No Idea This Photo Would Be Their LAST: 3 Real Stories,486,2 days ago,2,4583,https://www.youtube.com/watch?v=Z_FwmuxXrYk
UC1zbeu02sJejIYi8h3mK2Gg,Echo of the Forests,2025-01-23,6160,nature_animals,2,nature_animals,channel_latest,lOnqDVwuzVk,Climbing to the Summit ALMOST KILLED Them: 3 Real Survival Stories,453,7 days ago,7,5211,https://www.youtube.com/watch?v=lOnqDVwuzVk
UC1zbeu02sJejIYi8h3mK2Gg,Echo of the Forests,2025-01-23,6160,nature_animals,3,nature_animals,channel_latest,zPLXqtz_I8o,"They Thought They Knew DEATH VALLEY, BUT... 3 Real Survival Stories",3100,11 days ago,11,4468,https://www.youtube.com/watch?v=zPLXqtz_I8o
UC1zbeu02sJejIYi8h3mK2Gg,Echo of the Forests,2025-01-23,6160,nature_animals,4,nature_animals,channel_latest,k4kt9m6lulU,This Volcano Will NOT Let You Leave ALIVE: 3 Real Survival Stories,1500,2 weeks ago,14,4728,https://www.youtube.com/watch?v=k4kt9m6lulU
UC1zbeu02sJejIYi8h3mK2Gg,Echo of the Forests,2025-01-23,6160,nature_animals,5,nature_animals,channel_latest,vEMXJR4uj68,Enter This Forest and You Will NEVER Return: 3 Real Survival Stories,2700,2 weeks ago,14,5090,https://www.youtube.com/watch?v=vEMXJR4uj68
UC1zbeu02sJejIYi8h3mK2Gg,Echo of the Forests,2025-01-23,6160,nature_animals,6,nature_animals,channel_latest,RLcOCwR2iVo,This Desert Will NOT Let You Leave ALIVE: 3 Real Survival Stories,1700,3 weeks ago,21,5003,https://www.youtube.com/watch?v=RLcOCwR2iVo
UC1zbeu02sJejIYi8h3mK2Gg,Echo of the Forests,2025-01-23,6160,nature_animals,7,nature_animals,channel_latest,7L8WiV-g0p8,Every Climber KNOWS They Will DIE One Day: 3 Real Survival Stories,1100,3 weeks ago,21,5081,https://www.youtube.com/watch?v=7L8WiV-g0p8
UC1zbeu02sJejIYi8h3mK2Gg,Echo of the Forests,2025-01-23,6160,nature_animals,8,nature_animals,channel_latest,L5q8w-rmyws,This Waterfall Can KILL YOU: 3 True Survival Stories,4200,1 month ago,30,4760,https://www.youtube.com/watch?v=L5q8w-rmyws
UC1zbeu02sJejIYi8h3mK2Gg,Echo of the Forests,2025-01-23,6160,nature_animals,9,nature_animals,channel_latest,dkwhkSt2srg,The Mountains Killed Them One Hour After This Photo: 3 Real Survival Stories,14000,1 month ago,30,5219,https://www.youtube.com/watch?v=dkwhkSt2srg
UC1zbeu02sJejIYi8h3mK2Gg,Echo of the Forests,2025-01-23,6160,nature_animals,10,nature_animals,channel_latest,5u_xSm7dMKc,They Survived Where No One Should: 3 Real Stories,9300,1 month ago,30,4998,https://www.youtube.com/watch?v=5u_xSm7dMKc
UC1zbeu02sJejIYi8h3mK2Gg,Echo of the Forests,2025-01-23,6160,nature_animals,11,nature_animals,channel_latest,c2V8vjC84x4,"They Thought They Knew the DESERT, BUT... 3 Real Survival Stories",9500,1 month ago,30,4513,https://www.youtube.com/watch?v=c2V8vjC84x4
UC1zbeu02sJejIYi8h3mK2Gg,Echo of the Forests,2025-01-23,6160,nature_animals,12,nature_animals,channel_latest,5W5loTUVqbc,Get Lost in the Forest and You WILL DIE: 3 Real Survival Stories,12000,1 month ago,30,4838,https://www.youtube.com/watch?v=5W5loTUVqbc
UC1zbeu02sJejIYi8h3mK2Gg,Echo of the Forests,2025-01-23,6160,nature_animals,13,nature_animals,channel_latest,QDSL0JXXf_8,"DEATH AT 8,000 METERS: 3 Real Survival Stories",855,1 month ago,30,5249,https://www.youtube.com/watch?v=QDSL0JXXf_8
UC1zbeu02sJejIYi8h3mK2Gg,Echo of the Forests,2025-01-23,6160,nature_animals,14,nature_animals,channel_latest,VS5imQF3wAg,This Forest Can KILL YOU: 3 Real Survival Stories,7900,1 month ago,30,4939,https://www.youtube.com/watch?v=VS5imQF3wAg
UC1zbeu02sJejIYi8h3mK2Gg,Echo of the Forests,2025-01-23,6160,nature_animals,15,nature_animals,channel_latest,tREqXZRa-Fw,This Desert Can KILL YOU: 3 True Survival Stories,6400,1 month ago,30,4971,https://www.youtube.com/watch?v=tREqXZRa-Fw
UC1zbeu02sJejIYi8h3mK2Gg,Echo of the Forests,2025-01-23,6160,nature_animals,16,nature_animals,channel_latest,rxS0iGAnhIM,They Didn't Know the VOLCANO Would Wake: 3 Real Survival Stories,1900,2 months ago,60,4728,https://www.youtube.com/watch?v=rxS0iGAnhIM
UC1zbeu02sJejIYi8h3mK2Gg,Echo of the Forests,2025-01-23,6160,nature_animals,17,nature_animals,channel_latest,IFoucWfsHMQ,THE AMAZON KILLS IN SILENCE: 3 Real Survival Stories,8200,2 months ago,60,5548,https://www.youtube.com/watch?v=IFoucWfsHMQ
UC1zbeu02sJejIYi8h3mK2Gg,Echo of the Forests,2025-01-23,6160,nature_animals,18,nature_animals,channel_latest,98IBUVSKmOs,These Mountains Hide DEADLY TRAPS: 3 Real Survival Stories,2700,2 months ago,60,5190,https://www.youtube.com/watch?v=98IBUVSKmOs
UC1zbeu02sJejIYi8h3mK2Gg,Echo of the Forests,2025-01-23,6160,nature_animals,19,nature_animals,channel_latest,FiPstZwIKOU,Never Make THESE MISTAKES in the Mountains: 3 Real Survival Stories,1900,2 months ago,60,4681,https://www.youtube.com/watch?v=FiPstZwIKOU
UC1zbeu02sJejIYi8h3mK2Gg,Echo of the Forests,2025-01-23,6160,nature_animals,20,nature_animals,channel_latest,WzuKq5zf1ao,THE WORLD'S MOST DANGEROUS DESERTS: 3 Real Survival Stories,2100,2 months ago,60,4651,https://www.youtube.com/watch?v=WzuKq5zf1ao
UC1zbeu02sJejIYi8h3mK2Gg,Echo of the Forests,2025-01-23,6160,nature_animals,21,nature_animals,channel_latest,yW-OMPmf8zA,These Mountains Can KILL YOU: 3 Real Mountain Survival Stories,2200,2 months ago,60,5141,https://www.youtube.com/watch?v=yW-OMPmf8zA
UC1zbeu02sJejIYi8h3mK2Gg,Echo of the Forests,2025-01-23,6160,nature_animals,22,nature_animals,channel_latest,FthqMn7pajE,They Challenged the OCEAN and REGRETTED It | 3 Real Survival Stories,8400,2 months ago,60,5034,https://www.youtube.com/watch?v=FthqMn7pajE
UC1zbeu02sJejIYi8h3mK2Gg,Echo of the Forests,2025-01-23,6160,nature_animals,23,nature_animals,channel_latest,apFbJXGJEfw,DEADLY MISTAKES TOURISTS MAKE IN YOSEMITE: 3 Real Survival Stories,7500,3 months ago,90,4490,https://www.youtube.com/watch?v=apFbJXGJEfw
UC1zbeu02sJejIYi8h3mK2Gg,Echo of the Forests,2025-01-23,6160,nature_animals,24,nature_animals,channel_latest,XG_hO2J67NM,NEVER MAKE THESE MISTAKES IN THE DESERT: 3 Real Survival Stories,7700,3 months ago,90,4897,https://www.youtube.com/watch?v=XG_hO2J67NM
UC1zbeu02sJejIYi8h3mK2Gg,Echo of the Forests,2025-01-23,6160,nature_animals,25,nature_animals,channel_latest,qNm0oy2Uqrg,EVERY CLIMBER'S NIGHTMARE: 3 Real Survival Stories That Defied Death,2400,3 months ago,90,5310,https://www.youtube.com/watch?v=qNm0oy2Uqrg
UC1zbeu02sJejIYi8h3mK2Gg,Echo of the Forests,2025-01-23,6160,nature_animals,26,nature_animals,channel_latest,JGhdYnOkYCQ,DEADLY SURVIVAL IN WILD ALASKA: 3 Real Stories That Defied Death,13000,3 months ago,90,4844,https://www.youtube.com/watch?v=JGhdYnOkYCQ
UC1zbeu02sJejIYi8h3mK2Gg,Echo of the Forests,2025-01-23,6160,nature_animals,27,nature_animals,channel_latest,wu0aaw1Au58,DEADLY TRAPS of the Outback: 3 Real Survival Stories | Compilation,8900,3 months ago,90,5026,https://www.youtube.com/watch?v=wu0aaw1Au58
UC1zbeu02sJejIYi8h3mK2Gg,Echo of the Forests,2025-01-23,6160,nature_animals,28,nature_animals,channel_latest,bGRJqACxtPU,NIGHTMARE AT THE ABYSS: 3 True Survival Stories | Compilation,2600,3 months ago,90,4307,https://www.youtube.com/watch?v=bGRJqACxtPU
UC1zbeu02sJejIYi8h3mK2Gg,Echo of the Forests,2025-01-23,6160,nature_animals,29,nature_animals,channel_latest,8foqfWquvNc,"FROZEN at the Equator: 4,000m Mountain Madness",1300,4 months ago,120,1374,https://www.youtube.com/watch?v=8foqfWquvNc
UC1zbeu02sJejIYi8h3mK2Gg,Echo of the Forests,2025-01-23,6160,nature_animals,30,nature_animals,channel_latest,jQDIr_W4lF4,VOLCANO NIGHTMARE: This Mountain Tried to KILL Her — How Did She Survive the IMPOSSIBLE?,999,4 months ago,120,1329,https://www.youtube.com/watch?v=jQDIr_W4lF4
UCXP27gIOM6MeHbTYrHrEF6w,Rail Tech Info,2025-01-18,11600,everyday_history,1,everyday_history,channel_latest,d5MhwmlSHT8,WAG-6: India’s Most Powerful Locomotive Before WAG-9 | The Full Documentary,36000,10 days ago,10,970,https://www.youtube.com/watch?v=d5MhwmlSHT8
UCXP27gIOM6MeHbTYrHrEF6w,Rail Tech Info,2025-01-18,11600,everyday_history,2,everyday_history,channel_latest,sdVNs1ardaQ,WAP-6: The Failed 160 km/h Dream of Indian Railways,62000,3 weeks ago,21,566,https://www.youtube.com/watch?v=sdVNs1ardaQ
UCXP27gIOM6MeHbTYrHrEF6w,Rail Tech Info,2025-01-18,11600,everyday_history,3,everyday_history,channel_latest,zGeB50429p0,Why WAP7 Is Still the Most Reliable High-Speed Electric Locomotive in India | From 2000 to 2026,147000,1 month ago,30,1008,https://www.youtube.com/watch?v=zGeB50429p0
UCXP27gIOM6MeHbTYrHrEF6w,Rail Tech Info,2025-01-18,11600,everyday_history,4,everyday_history,channel_latest,5r_UpjQ1GHA,WDM-4: India's First EMD Locomotive (1962–1999) | The First Rajdhani Hero,38000,1 month ago,30,719,https://www.youtube.com/watch?v=5r_UpjQ1GHA
UCXP27gIOM6MeHbTYrHrEF6w,Rail Tech Info,2025-01-18,11600,everyday_history,5,everyday_history,channel_latest,CfICwUe5Qyg,The Deluxe Express: From India’s Most Luxurious Train to Poorva Express | Rail Tech Info,23000,1 month ago,30,922,https://www.youtube.com/watch?v=CfICwUe5Qyg
UCXP27gIOM6MeHbTYrHrEF6w,Rail Tech Info,2025-01-18,11600,everyday_history,6,everyday_history,channel_latest,6xzMwTEZ6LE,India’s First Air-Conditioned Express: The Historic 1956 Journey Lost in Time,54000,2 months ago,60,746,https://www.youtube.com/watch?v=6xzMwTEZ6LE
UCXP27gIOM6MeHbTYrHrEF6w,Rail Tech Info,2025-01-18,11600,everyday_history,7,everyday_history,channel_latest,rozzR66S_jI,Why Only 2 WDM-2G Locomotives Were Ever Built? | India's Only Multi-Genset Mainline Locomotive,36000,2 months ago,60,751,https://www.youtube.com/watch?v=rozzR66S_jI
UCXP27gIOM6MeHbTYrHrEF6w,Rail Tech Info,2025-01-18,11600,everyday_history,8,everyday_history,channel_latest,JhRBz-DC6Cc,The Bombay Rajdhani: The Untold Story of India’s Second Rajdhani Express (1972–2026),228000,2 months ago,60,901,https://www.youtube.com/watch?v=JhRBz-DC6Cc
UCXP27gIOM6MeHbTYrHrEF6w,Rail Tech Info,2025-01-18,11600,everyday_history,9,everyday_history,channel_latest,Ucj9oxx0QHY,WAG-9 to EF12K: The Story Behind India’s Most Successful Freight Locomotive (1996–2026),109000,3 months ago,90,826,https://www.youtube.com/watch?v=Ucj9oxx0QHY
UCXP27gIOM6MeHbTYrHrEF6w,Rail Tech Info,2025-01-18,11600,everyday_history,10,everyday_history,channel_latest,05j1TRbkbuY,WDM-3: The Untold Story of India’s Rare Diesel - Hydraulic Locomotive,148000,3 months ago,90,666,https://www.youtube.com/watch?v=05j1TRbkbuY
UCXP27gIOM6MeHbTYrHrEF6w,Rail Tech Info,2025-01-18,11600,everyday_history,11,everyday_history,channel_latest,TdUYR-0BRa4,The Untold Story of India’s First High-Speed Train | Rail Tech Info,54000,3 months ago,90,1287,https://www.youtube.com/watch?v=TdUYR-0BRa4
UCXP27gIOM6MeHbTYrHrEF6w,Rail Tech Info,2025-01-18,11600,everyday_history,12,everyday_history,channel_latest,3VqC8j8YARY,India’s First Rajdhani Express: The Untold Story of Speed & Luxury (1969) | Rail Tech Info,168000,4 months ago,120,647,https://www.youtube.com/watch?v=3VqC8j8YARY
UCXP27gIOM6MeHbTYrHrEF6w,Rail Tech Info,2025-01-18,11600,everyday_history,13,everyday_history,channel_latest,Hgz7U1cAXf0,173 Years of Indian Railways: The Untold History of India's First Electric Locos,84000,4 months ago,120,1088,https://www.youtube.com/watch?v=Hgz7U1cAXf0
UCXP27gIOM6MeHbTYrHrEF6w,Rail Tech Info,2025-01-18,11600,everyday_history,14,everyday_history,channel_latest,ODUqv7m8Hi4,Why WDG5 Never Entered Production? The Untold Story of a Failed Giant,46000,4 months ago,120,529,https://www.youtube.com/watch?v=ODUqv7m8Hi4
UCXP27gIOM6MeHbTYrHrEF6w,Rail Tech Info,2025-01-18,11600,everyday_history,15,everyday_history,channel_latest,KPHfx6GWxVI,WDM-1: From ALCO USA to Indian Railways | The Rise & Fall of India’s First Diesel King,16000,4 months ago,120,481,https://www.youtube.com/watch?v=KPHfx6GWxVI
UCXP27gIOM6MeHbTYrHrEF6w,Rail Tech Info,2025-01-18,11600,everyday_history,16,everyday_history,channel_latest,L41PbxYAUog,You Won’t Believe This Lost ALCO! 😱 | Most Unique Design | Short Video,57000,5 months ago,150,244,https://www.youtube.com/watch?v=L41PbxYAUog
UCXP27gIOM6MeHbTYrHrEF6w,Rail Tech Info,2025-01-18,11600,everyday_history,17,everyday_history,channel_latest,xuy4usZ0LTI,Only 30 Built! The Rarest Meter Gauge Diesel of Indian Railways – YDM-3,6200,5 months ago,150,275,https://www.youtube.com/watch?v=xuy4usZ0LTI
UCXP27gIOM6MeHbTYrHrEF6w,Rail Tech Info,2025-01-18,11600,everyday_history,18,everyday_history,channel_latest,9e4YgbGscvU,First Ever Superfast Express — Do You Know the Name? | 95 Years & Still Running,27000,8 months ago,240,654,https://www.youtube.com/watch?v=9e4YgbGscvU
UCXP27gIOM6MeHbTYrHrEF6w,Rail Tech Info,2025-01-18,11600,everyday_history,19,everyday_history,channel_latest,LXrLjkdN0gI,WDM-2 Jumbo | India’s Rare Diesel Legend That Vanished,70000,9 months ago,270,519,https://www.youtube.com/watch?v=LXrLjkdN0gI
UCXP27gIOM6MeHbTYrHrEF6w,Rail Tech Info,2025-01-18,11600,everyday_history,20,everyday_history,channel_latest,Uhs54mtYo_8,Tracing the Journey of Chetak Express | A Train That Never Lost Its Identity,24000,9 months ago,270,1014,https://www.youtube.com/watch?v=Uhs54mtYo_8
UCXP27gIOM6MeHbTYrHrEF6w,Rail Tech Info,2025-01-18,11600,everyday_history,21,everyday_history,channel_latest,o4Ceu1b2jR8,WDP-3A: Dual Cab Diesel Legend of Indian Railways | India’s Fastest ALCO Locomotive,99000,10 months ago,300,1033,https://www.youtube.com/watch?v=o4Ceu1b2jR8
UCXP27gIOM6MeHbTYrHrEF6w,Rail Tech Info,2025-01-18,11600,everyday_history,22,everyday_history,channel_latest,NwXMPVpVJkw,"""Historical journey from Srinagar Express to Jhelum Express"" | Story of Jammu Station | AI Docume...",18000,11 months ago,330,1163,https://www.youtube.com/watch?v=NwXMPVpVJkw
UCXP27gIOM6MeHbTYrHrEF6w,Rail Tech Info,2025-01-18,11600,everyday_history,23,everyday_history,channel_latest,Ago3qylogNA,"""The Story of WDP-1: Indian Railways’ First Passenger Diesel Loco""",86000,11 months ago,330,493,https://www.youtube.com/watch?v=Ago3qylogNA
UCXP27gIOM6MeHbTYrHrEF6w,Rail Tech Info,2025-01-18,11600,everyday_history,24,everyday_history,channel_latest,W3zfvu3s-W4,"Dadar & Ranakpur Exp Board Issue, Chetak Express LHB, ICF change of BKN–ASR Exp & Jodhpur–Hubli A...",2700,11 months ago,330,284,https://www.youtube.com/watch?v=W3zfvu3s-W4
UCXP27gIOM6MeHbTYrHrEF6w,Rail Tech Info,2025-01-18,11600,everyday_history,25,everyday_history,channel_latest,rAXRjQYitsg,Delhi Mail to Haridwar Mail and Yoga Express – A Historical Train Journey | History of Indian Rai...,5100,11 months ago,330,391,https://www.youtube.com/watch?v=rAXRjQYitsg
UCXP27gIOM6MeHbTYrHrEF6w,Rail Tech Info,2025-01-18,11600,everyday_history,26,everyday_history,channel_latest,pBYOqsbA6Eg,"“The real story of EMD Locomotive – Why YDM3 and WDM4 were discontinued, but WDG4 became a superh...",75000,1 year ago,365,652,https://www.youtube.com/watch?v=pBYOqsbA6Eg
UCXP27gIOM6MeHbTYrHrEF6w,Rail Tech Info,2025-01-18,11600,everyday_history,27,everyday_history,channel_latest,u-pOvxm66h8,"""The mysterious journey of Delhi Mail – a 100-year-old train that once went to Pakistan"" | Rail H...",67000,1 year ago,365,815,https://www.youtube.com/watch?v=u-pOvxm66h8
UCXP27gIOM6MeHbTYrHrEF6w,Rail Tech Info,2025-01-18,11600,everyday_history,28,everyday_history,channel_latest,10GLNCvW6Wo,Bhavnagar – Ayodhya Cantt Express will run from 11 August and Bandra-Sanganer Express will run on...,449,1 year ago,365,281,https://www.youtube.com/watch?v=10GLNCvW6Wo
UCXP27gIOM6MeHbTYrHrEF6w,Rail Tech Info,2025-01-18,11600,everyday_history,29,everyday_history,channel_latest,6gQHoHSVLrQ,Such a big station but still no junction? Know the technical and historical secrets of Jodhpur!,4800,1 year ago,365,254,https://www.youtube.com/watch?v=6gQHoHSVLrQ
UCXP27gIOM6MeHbTYrHrEF6w,Rail Tech Info,2025-01-18,11600,everyday_history,30,everyday_history,channel_latest,il2Czu2gAak,"Full list of special trains – Which trains are running from Jaipur, Jodhpur, Bikaner, Ajmer?",743,1 year ago,365,1629,https://www.youtube.com/watch?v=il2Czu2gAak
UCH1d5pCwEvmumwwbd4QkL6A,Mountain Lifeaholic,2025-01-15,45800,nature_animals,1,nature_animals,channel_latest,va2j64Itp-A,How This Family Survives Inside Afghanistan's Most Ancient Cave | The Full Movie,2300,3 days ago,3,4482,https://www.youtube.com/watch?v=va2j64Itp-A
UCH1d5pCwEvmumwwbd4QkL6A,Mountain Lifeaholic,2025-01-15,45800,nature_animals,2,nature_animals,channel_latest,vj5mP8DnYXU,Extreme Nomadic Life: Cooking a Whole Lamb in a Remote Mountain Village,39000,10 days ago,10,3017,https://www.youtube.com/watch?v=vj5mP8DnYXU
UCH1d5pCwEvmumwwbd4QkL6A,Mountain Lifeaholic,2025-01-15,45800,nature_animals,3,nature_animals,channel_latest,fmk44ZqhHzo,Surviving Shepherd Life in the Most Dangerous Mountains — Cooking Fresh Lamb With the Herd,507000,2 weeks ago,14,2607,https://www.youtube.com/watch?v=fmk44ZqhHzo
UCH1d5pCwEvmumwwbd4QkL6A,Mountain Lifeaholic,2025-01-15,45800,nature_animals,4,nature_animals,channel_latest,KLDF5roqHY8,How These Shepherds Still Live the Old Way — Herding and Cooking in the Mountains,177000,3 weeks ago,21,2195,https://www.youtube.com/watch?v=KLDF5roqHY8
UCH1d5pCwEvmumwwbd4QkL6A,Mountain Lifeaholic,2025-01-15,45800,nature_animals,5,nature_animals,channel_latest,tCNNQ7imG3Y,Alone in the Mountains — The Real Life of Shepherds,28000,1 month ago,30,1840,https://www.youtube.com/watch?v=tCNNQ7imG3Y
UCH1d5pCwEvmumwwbd4QkL6A,Mountain Lifeaholic,2025-01-15,45800,nature_animals,6,nature_animals,channel_latest,EcpzUW7qUgA,Surviving Shepherd Life in Afghanistan's Most Dangerous Mountains | Cooking & Sleeping With the Herd,358000,1 month ago,30,3075,https://www.youtube.com/watch?v=EcpzUW7qUgA
UCH1d5pCwEvmumwwbd4QkL6A,Mountain Lifeaholic,2025-01-15,45800,nature_animals,7,nature_animals,channel_latest,S3TqjftpObA,Surviving in Afghanistan's Most Forgotten Village | Real Family Cooking & Daily Life,7900,1 month ago,30,2411,https://www.youtube.com/watch?v=S3TqjftpObA
UCH1d5pCwEvmumwwbd4QkL6A,Mountain Lifeaholic,2025-01-15,45800,nature_animals,8,nature_animals,channel_latest,JOQJ3xQaxck,Surviving in Afghanistan's Dangerous Mountains | How Shepherds Cook and Sleep With Their Herd.,6200,1 month ago,30,1911,https://www.youtube.com/watch?v=JOQJ3xQaxck
UCH1d5pCwEvmumwwbd4QkL6A,Mountain Lifeaholic,2025-01-15,45800,nature_animals,9,nature_animals,channel_latest,_y4jWiLSIL0,Surviving Shepherd Life in Afghanistan's Wildest Mountains | Real Cooking & Daily Routine,321000,1 month ago,30,2845,https://www.youtube.com/watch?v=_y4jWiLSIL0
UCH1d5pCwEvmumwwbd4QkL6A,Mountain Lifeaholic,2025-01-15,45800,nature_animals,10,nature_animals,channel_latest,owhxcmTHbHc,World's Most REMOTE Village Life: How This Afghan Family COOKS With No Technology,26000,2 months ago,60,1921,https://www.youtube.com/watch?v=owhxcmTHbHc
UCH1d5pCwEvmumwwbd4QkL6A,Mountain Lifeaholic,2025-01-15,45800,nature_animals,11,nature_animals,channel_latest,R22P_0D5YBk,You Won't Believe How This Village Family SURVIVES Afghanistan's Coldest Mountains,7500,2 months ago,60,2243,https://www.youtube.com/watch?v=R22P_0D5YBk
UCH1d5pCwEvmumwwbd4QkL6A,Mountain Lifeaholic,2025-01-15,45800,nature_animals,12,nature_animals,channel_latest,V4UBmslQ_tM,"Surviving in Afghanistan's Deadliest Cave — A Family's Real Life, Cooking & Sleeping in Nature",94000,2 months ago,60,3002,https://www.youtube.com/watch?v=V4UBmslQ_tM
UCH1d5pCwEvmumwwbd4QkL6A,Mountain Lifeaholic,2025-01-15,45800,nature_animals,13,nature_animals,channel_latest,deSozE6-TW4,Nomadic Family Cooks and Lives in Afghanistan's Snowy Spring Village,5500,2 months ago,60,1150,https://www.youtube.com/watch?v=deSozE6-TW4
UCH1d5pCwEvmumwwbd4QkL6A,Mountain Lifeaholic,2025-01-15,45800,nature_animals,14,nature_animals,channel_latest,Fv3sztzEqjE,Surviving Afghanistan's ENDLESS Winter | Cooking & Morning Routine,5800,3 months ago,90,3068,https://www.youtube.com/watch?v=Fv3sztzEqjE
UCH1d5pCwEvmumwwbd4QkL6A,Mountain Lifeaholic,2025-01-15,45800,nature_animals,15,nature_animals,channel_latest,LjVk-bFgSJE,Surviving a Freezing Winter in Afghanistan's Most Isolated Village | Family Cooking & Life,13000,3 months ago,90,2104,https://www.youtube.com/watch?v=LjVk-bFgSJE
UCH1d5pCwEvmumwwbd4QkL6A,Mountain Lifeaholic,2025-01-15,45800,nature_animals,16,nature_animals,channel_latest,21Za0-2mW2s,Surviving -35°C in Spring: How Afghan Nomads COOK Kabuli Pulao in a Frozen Mountain | Still Winter,94000,3 months ago,90,2505,https://www.youtube.com/watch?v=21Za0-2mW2s
UCH1d5pCwEvmumwwbd4QkL6A,Mountain Lifeaholic,2025-01-15,45800,nature_animals,17,nature_animals,channel_latest,ul_awhBLIHo,Surviving Spring in Afghanistan's Snowy Mountains | Shepherd Mother Cooks for Her Family,10000,3 months ago,90,2924,https://www.youtube.com/watch?v=ul_awhBLIHo
UCH1d5pCwEvmumwwbd4QkL6A,Mountain Lifeaholic,2025-01-15,45800,nature_animals,18,nature_animals,channel_latest,JpiP9nQ6Qjo,Two Hours of Winter Survival With a Nomadic Family Deep in Afghanistan’s Frozen Highlands (Movie),78000,4 months ago,120,7807,https://www.youtube.com/watch?v=JpiP9nQ6Qjo
UCH1d5pCwEvmumwwbd4QkL6A,Mountain Lifeaholic,2025-01-15,45800,nature_animals,19,nature_animals,channel_latest,XAUFjOOMXCI,Surviving a Freezing Morning in Afghanistan | Village Bread Breakfast,24000,4 months ago,120,1832,https://www.youtube.com/watch?v=XAUFjOOMXCI
UCH1d5pCwEvmumwwbd4QkL6A,Mountain Lifeaholic,2025-01-15,45800,nature_animals,20,nature_animals,channel_latest,C_Ubxm7XgCA,Afghanistan's COLDEST Village Shared Their Lamb Feast (Movie) | Winter Survival,276000,4 months ago,120,4589,https://www.youtube.com/watch?v=C_Ubxm7XgCA
UCH1d5pCwEvmumwwbd4QkL6A,Mountain Lifeaholic,2025-01-15,45800,nature_animals,21,nature_animals,channel_latest,Cq9PNNJfeb0,Surviving -50°C: How Villagers COOK Outdoors in Afghanistan's Deadliest Snow Mountains,93000,4 months ago,120,2719,https://www.youtube.com/watch?v=Cq9PNNJfeb0
UCH1d5pCwEvmumwwbd4QkL6A,Mountain Lifeaholic,2025-01-15,45800,nature_animals,22,nature_animals,channel_latest,uEDApOV9X_8,trapped in afghanistan's deadliest blizzard | a family's survival in the mountains | village life,54000,4 months ago,120,3073,https://www.youtube.com/watch?v=uEDApOV9X_8
UCH1d5pCwEvmumwwbd4QkL6A,Mountain Lifeaholic,2025-01-15,45800,nature_animals,23,nature_animals,channel_latest,H3ceDRN9GAA,-50°C Survival: We Got Stuck in Afghanistan’s Coldest Village,101000,5 months ago,150,2079,https://www.youtube.com/watch?v=H3ceDRN9GAA
UCH1d5pCwEvmumwwbd4QkL6A,Mountain Lifeaholic,2025-01-15,45800,nature_animals,24,nature_animals,channel_latest,nXE2m_hXC5c,trapped in deep snow: a family’s quiet fight for survival in afghanistan’s remotest village,16000,5 months ago,150,2670,https://www.youtube.com/watch?v=nXE2m_hXC5c
UCH1d5pCwEvmumwwbd4QkL6A,Mountain Lifeaholic,2025-01-15,45800,nature_animals,25,nature_animals,channel_latest,kFUriFngsiE,The Last Family Living the Old Way in Afghanistan's Forgotten Mountains | Winter Cooking & Life,362000,5 months ago,150,2987,https://www.youtube.com/watch?v=kFUriFngsiE
UCH1d5pCwEvmumwwbd4QkL6A,Mountain Lifeaholic,2025-01-15,45800,nature_animals,26,nature_animals,channel_latest,rhGk0Eq_4ek,Winter Snow Cooking in a Hidden Afghan Village,10000,5 months ago,150,1856,https://www.youtube.com/watch?v=rhGk0Eq_4ek
UCH1d5pCwEvmumwwbd4QkL6A,Mountain Lifeaholic,2025-01-15,45800,nature_animals,27,nature_animals,channel_latest,PXGyOMLCxFU,Family Cooking Deep in a Snow Cave in Afghanistan,18000,6 months ago,180,1405,https://www.youtube.com/watch?v=PXGyOMLCxFU
UCH1d5pCwEvmumwwbd4QkL6A,Mountain Lifeaholic,2025-01-15,45800,nature_animals,28,nature_animals,channel_latest,-uny74_hTOM,Surviving -50°C: How Shepherds COOKS and SLEEPS in a Frozen Tent,7300000,6 months ago,180,2662,https://www.youtube.com/watch?v=-uny74_hTOM
UCH1d5pCwEvmumwwbd4QkL6A,Mountain Lifeaholic,2025-01-15,45800,nature_animals,29,nature_animals,channel_latest,vkB99hnFJ6A,surviving snowy winter as afghan nomads | family's daily cooking & life in isolated mountains,144000,6 months ago,180,1600,https://www.youtube.com/watch?v=vkB99hnFJ6A
UCH1d5pCwEvmumwwbd4QkL6A,Mountain Lifeaholic,2025-01-15,45800,nature_animals,30,nature_animals,channel_latest,OEM_ZusSK38,trapped in afghanistan's deadliest blizzard - shepherds survival story,3500000,6 months ago,180,2225,https://www.youtube.com/watch?v=OEM_ZusSK38
UCB2VZlL3LBwe2p3r0f9QY5g,hollnes,2025-01-11,71700,wildlife_documentaries,1,wildlife_documentaries,channel_latest,pv9OjckyotQ,15 Extinct Animals Scientists Are Bringing Back Right Now !,1100,4 days ago,4,1337,https://www.youtube.com/watch?v=pv9OjckyotQ
UCB2VZlL3LBwe2p3r0f9QY5g,hollnes,2025-01-11,71700,wildlife_documentaries,2,wildlife_documentaries,channel_latest,wFbPYNgALa0,12 Mythical Creatures That Might Be Real,3000,2 weeks ago,14,964,https://www.youtube.com/watch?v=wFbPYNgALa0
UCB2VZlL3LBwe2p3r0f9QY5g,hollnes,2025-01-11,71700,wildlife_documentaries,3,wildlife_documentaries,channel_latest,38neirgkoVI,7 Mythical Sea Creatures Caught on Camera You Can't Explain,5100,2 months ago,60,672,https://www.youtube.com/watch?v=38neirgkoVI
UCB2VZlL3LBwe2p3r0f9QY5g,hollnes,2025-01-11,71700,wildlife_documentaries,4,wildlife_documentaries,channel_latest,_cTjALphhnI,7 Extinct Animals That Might Still Be Alive | Part-2,129000,6 months ago,180,720,https://www.youtube.com/watch?v=_cTjALphhnI
UCB2VZlL3LBwe2p3r0f9QY5g,hollnes,2025-01-11,71700,wildlife_documentaries,5,wildlife_documentaries,channel_latest,t7hIDP5XE_8,7 Most Dangerous DEEP SEA Creatures,83000,8 months ago,240,837,https://www.youtube.com/watch?v=t7hIDP5XE_8
UCB2VZlL3LBwe2p3r0f9QY5g,hollnes,2025-01-11,71700,wildlife_documentaries,6,wildlife_documentaries,channel_latest,LnbN4UV6X0Q,Mythical Creatures Scientists Can’t Prove Are Real,112000,9 months ago,270,617,https://www.youtube.com/watch?v=LnbN4UV6X0Q
UCB2VZlL3LBwe2p3r0f9QY5g,hollnes,2025-01-11,71700,wildlife_documentaries,7,wildlife_documentaries,channel_latest,yns6Gl-mlWw,7 Final Photos of Animals That No Longer Exist,52000,10 months ago,300,601,https://www.youtube.com/watch?v=yns6Gl-mlWw
UCB2VZlL3LBwe2p3r0f9QY5g,hollnes,2025-01-11,71700,wildlife_documentaries,8,wildlife_documentaries,channel_latest,RzKV6HlFHhg,7 Giant Sea Monsters That Might Be Real!,243000,11 months ago,330,752,https://www.youtube.com/watch?v=RzKV6HlFHhg
UCB2VZlL3LBwe2p3r0f9QY5g,hollnes,2025-01-11,71700,wildlife_documentaries,9,wildlife_documentaries,channel_latest,WaqvHj7Ankc,12 Mythical Creatures That Really Existed,1300000,1 year ago,365,931,https://www.youtube.com/watch?v=WaqvHj7Ankc
UCB2VZlL3LBwe2p3r0f9QY5g,hollnes,2025-01-11,71700,wildlife_documentaries,10,wildlife_documentaries,channel_latest,Deo-vIuCMuY,7 Extinct Animals That Might Still Be Alive,2700000,1 year ago,365,552,https://www.youtube.com/watch?v=Deo-vIuCMuY
UCB2VZlL3LBwe2p3r0f9QY5g,hollnes,2025-01-11,71700,wildlife_documentaries,11,wildlife_documentaries,channel_latest,uXanZ7XAHmY,12 Mythical Sea Creatures That Really Existed,3600000,1 year ago,365,872,https://www.youtube.com/watch?v=uXanZ7XAHmY
UCB2VZlL3LBwe2p3r0f9QY5g,hollnes,2025-01-11,71700,wildlife_documentaries,12,wildlife_documentaries,channel_latest,tw_JpHmyXTE,7 Mythical Creatures That Really Existed | Part-5,338000,1 year ago,365,568,https://www.youtube.com/watch?v=tw_JpHmyXTE
UCB2VZlL3LBwe2p3r0f9QY5g,hollnes,2025-01-11,71700,wildlife_documentaries,13,wildlife_documentaries,channel_latest,sWtK1kajhzY,7 Mythical Creatures That Really Existed | Part-4,1500000,1 year ago,365,632,https://www.youtube.com/watch?v=sWtK1kajhzY
UCB2VZlL3LBwe2p3r0f9QY5g,hollnes,2025-01-11,71700,wildlife_documentaries,14,wildlife_documentaries,channel_latest,NaMoCr8xtrc,7 Mythical Creatures That Really Existed | Part 3,447000,1 year ago,365,570,https://www.youtube.com/watch?v=NaMoCr8xtrc
UCB2VZlL3LBwe2p3r0f9QY5g,hollnes,2025-01-11,71700,wildlife_documentaries,15,wildlife_documentaries,channel_latest,1yzm-Kk9atE,7 Mythical Creatures That Really Existed | Part-2,2600000,1 year ago,365,588,https://www.youtube.com/watch?v=1yzm-Kk9atE
UCB2VZlL3LBwe2p3r0f9QY5g,hollnes,2025-01-11,71700,wildlife_documentaries,16,wildlife_documentaries,channel_latest,U2ZyGbP0Fbk,7 Mythical Creatures That Really Existed,758000,1 year ago,365,595,https://www.youtube.com/watch?v=U2ZyGbP0Fbk
UCq_e7utqXqmxS2nmeLNWoew,Extreme Survival Stories,2025-01-04,27400,nature_animals,1,nature_animals,channel_latest,1HVQU6cRmO8,Lost for Nearly 3 Years: The Incredible Survival of a 19-Year-Old,7100,2 weeks ago,14,909,https://www.youtube.com/watch?v=1HVQU6cRmO8
UCq_e7utqXqmxS2nmeLNWoew,Extreme Survival Stories,2025-01-04,27400,nature_animals,2,nature_animals,channel_latest,zmtXrPVn2Ls,Lost in the Amazon for 36 Days: The Incredible True Story of Antonio Sena,4500,3 weeks ago,21,989,https://www.youtube.com/watch?v=zmtXrPVn2Ls
UCq_e7utqXqmxS2nmeLNWoew,Extreme Survival Stories,2025-01-04,27400,nature_animals,3,nature_animals,channel_latest,SzGFuPNsgi8,Their Jeep Rolled in the Desert—Then the Real Nightmare Began,1900,4 weeks ago,28,921,https://www.youtube.com/watch?v=SzGFuPNsgi8
UCq_e7utqXqmxS2nmeLNWoew,Extreme Survival Stories,2025-01-04,27400,nature_animals,4,nature_animals,channel_latest,ElzT8Jcmrks,Lost in the Maui Jungle for 17 Days — And Found Alive,1300,1 month ago,30,887,https://www.youtube.com/watch?v=ElzT8Jcmrks
UCq_e7utqXqmxS2nmeLNWoew,Extreme Survival Stories,2025-01-04,27400,nature_animals,5,nature_animals,channel_latest,HVuScuJWBt0,140 Miles Through Hell: The Lone Survivor of Sarah Island,11000,1 month ago,30,929,https://www.youtube.com/watch?v=HVuScuJWBt0
UCq_e7utqXqmxS2nmeLNWoew,Extreme Survival Stories,2025-01-04,27400,nature_animals,6,nature_animals,channel_latest,OBlOyQP64to,Plane Crash in the Rockies: The Incredible True Survival Story,5500,1 month ago,30,895,https://www.youtube.com/watch?v=OBlOyQP64to
UCq_e7utqXqmxS2nmeLNWoew,Extreme Survival Stories,2025-01-04,27400,nature_animals,7,nature_animals,channel_latest,6gRz2OYSijo,Abandoned on the Isle of Demons: The Woman Who Refused to Die,2500,1 month ago,30,945,https://www.youtube.com/watch?v=6gRz2OYSijo
UCq_e7utqXqmxS2nmeLNWoew,Extreme Survival Stories,2025-01-04,27400,nature_animals,8,nature_animals,channel_latest,BDZAVa3DOi8,She Took One Wrong Turn in the Grand Canyon… and Vanished for 20 Days,3800,2 months ago,60,963,https://www.youtube.com/watch?v=BDZAVa3DOi8
UCq_e7utqXqmxS2nmeLNWoew,Extreme Survival Stories,2025-01-04,27400,nature_animals,9,nature_animals,channel_latest,dqtg3zLV5lI,Stranded on a Desert Island With No Water for 13 Days,3200,2 months ago,60,876,https://www.youtube.com/watch?v=dqtg3zLV5lI
UCq_e7utqXqmxS2nmeLNWoew,Extreme Survival Stories,2025-01-04,27400,nature_animals,10,nature_animals,channel_latest,ctx1v9VZsTQ,Bones in the Cave: The Terrifying Survival Story of Henderson Island,11000,2 months ago,60,1098,https://www.youtube.com/watch?v=ctx1v9VZsTQ
UCq_e7utqXqmxS2nmeLNWoew,Extreme Survival Stories,2025-01-04,27400,nature_animals,11,nature_animals,channel_latest,i4I6z6vhfNY,They Got Lost Looking for a Waterfall — Then Found a Dead Man’s Camp,31000,2 months ago,60,1017,https://www.youtube.com/watch?v=i4I6z6vhfNY
UCq_e7utqXqmxS2nmeLNWoew,Extreme Survival Stories,2025-01-04,27400,nature_animals,12,nature_animals,channel_latest,P-8dvctQV3M,She Vanished in the Outback - Lost for 10 Days in Australia’s Deadly Bush,14000,2 months ago,60,828,https://www.youtube.com/watch?v=P-8dvctQV3M
UCq_e7utqXqmxS2nmeLNWoew,Extreme Survival Stories,2025-01-04,27400,nature_animals,13,nature_animals,channel_latest,3UYthGX18PE,She Fell 60 Feet in a Canyon — Then Her Dog Saved Her Life,1600,3 months ago,90,997,https://www.youtube.com/watch?v=3UYthGX18PE
UCq_e7utqXqmxS2nmeLNWoew,Extreme Survival Stories,2025-01-04,27400,nature_animals,14,nature_animals,channel_latest,Kbg8Z5Z-HYY,She Survived 8 Days Alone After a Plane Crash in the Jungle,2300,3 months ago,90,790,https://www.youtube.com/watch?v=Kbg8Z5Z-HYY
UCq_e7utqXqmxS2nmeLNWoew,Extreme Survival Stories,2025-01-04,27400,nature_animals,15,nature_animals,channel_latest,t2uwQE05wxA,"7 Days Trapped in the Grand Canyon - No Food, No Gear, No Hope",38000,3 months ago,90,1501,https://www.youtube.com/watch?v=t2uwQE05wxA
UCq_e7utqXqmxS2nmeLNWoew,Extreme Survival Stories,2025-01-04,27400,nature_animals,16,nature_animals,channel_latest,kLxyNjHrdXQ,"Teenager Drifted 1,200 Miles Alone on a Fishing Platform for 49 Days",2200,3 months ago,90,902,https://www.youtube.com/watch?v=kLxyNjHrdXQ
UCq_e7utqXqmxS2nmeLNWoew,Extreme Survival Stories,2025-01-04,27400,nature_animals,17,nature_animals,channel_latest,Te2Dbi5RiPY,The Greatest Survival Story Ever Told: Shackleton and the Endurance,1300,4 months ago,120,1040,https://www.youtube.com/watch?v=Te2Dbi5RiPY
UCq_e7utqXqmxS2nmeLNWoew,Extreme Survival Stories,2025-01-04,27400,nature_animals,18,nature_animals,channel_latest,XddHwPz58S8,"Stranded in an Enemy Empire: 10,000 Soldiers Fighting to Survive",1100,4 months ago,120,1115,https://www.youtube.com/watch?v=XddHwPz58S8
UCq_e7utqXqmxS2nmeLNWoew,Extreme Survival Stories,2025-01-04,27400,nature_animals,19,nature_animals,channel_latest,99XF8_ahAEA,They Escaped WWII by Hiding in the World’s Deadliest Desert,2600,4 months ago,120,1170,https://www.youtube.com/watch?v=99XF8_ahAEA
UCq_e7utqXqmxS2nmeLNWoew,Extreme Survival Stories,2025-01-04,27400,nature_animals,20,nature_animals,channel_latest,Ci23WuumvQI,"Stranded at Sea: Sharks, Thirst, and the Nightmare of USS Indianapolis",1100,4 months ago,120,1296,https://www.youtube.com/watch?v=Ci23WuumvQI
UCq_e7utqXqmxS2nmeLNWoew,Extreme Survival Stories,2025-01-04,27400,nature_animals,21,nature_animals,channel_latest,1DNkUGCpoLM,They Crossed the Atlantic on a Ship’s Rudder… and Survived,4000,5 months ago,150,1036,https://www.youtube.com/watch?v=1DNkUGCpoLM
UCq_e7utqXqmxS2nmeLNWoew,Extreme Survival Stories,2025-01-04,27400,nature_animals,22,nature_animals,channel_latest,z8AVK1TtdcU,Mexico’s Lost Colony: The Dark Story of Clipperton Island,3300,5 months ago,150,1420,https://www.youtube.com/watch?v=z8AVK1TtdcU
UCq_e7utqXqmxS2nmeLNWoew,Extreme Survival Stories,2025-01-04,27400,nature_animals,23,nature_animals,channel_latest,sKXKg7Wd2Hw,76 Days Lost in the Atlantic Ocean: The Man Who Refused to Die,3800,5 months ago,150,1462,https://www.youtube.com/watch?v=sKXKg7Wd2Hw
UCq_e7utqXqmxS2nmeLNWoew,Extreme Survival Stories,2025-01-04,27400,nature_animals,24,nature_animals,channel_latest,xTCAI6alkdw,Lost in the Amazon with his Dog. What He Did to Survive Shocked Everyone,2000,5 months ago,150,1527,https://www.youtube.com/watch?v=xTCAI6alkdw
UCq_e7utqXqmxS2nmeLNWoew,Extreme Survival Stories,2025-01-04,27400,nature_animals,25,nature_animals,channel_latest,kK3_2vrDrRs,True Story of Abandoned on St. Paul Island: The Lobster Factory Tragedy,37000,6 months ago,180,1088,https://www.youtube.com/watch?v=kK3_2vrDrRs
UCq_e7utqXqmxS2nmeLNWoew,Extreme Survival Stories,2025-01-04,27400,nature_animals,26,nature_animals,channel_latest,x7QG7_RpLbM,Lost in the North Cascades: How One Small Decision Nearly Killed Him,5300,6 months ago,180,1537,https://www.youtube.com/watch?v=x7QG7_RpLbM
UCq_e7utqXqmxS2nmeLNWoew,Extreme Survival Stories,2025-01-04,27400,nature_animals,27,nature_animals,channel_latest,B1iIHvVqDwo,She Had No Climbing Experience—And Tried Everest Anyway,2200,6 months ago,180,1242,https://www.youtube.com/watch?v=B1iIHvVqDwo
UCq_e7utqXqmxS2nmeLNWoew,Extreme Survival Stories,2025-01-04,27400,nature_animals,28,nature_animals,channel_latest,kejueX9v76k,Left Behind for 2 Years in the Arctic: One Woman’s Fight to Live,94000,6 months ago,180,1642,https://www.youtube.com/watch?v=kejueX9v76k
UCq_e7utqXqmxS2nmeLNWoew,Extreme Survival Stories,2025-01-04,27400,nature_animals,29,nature_animals,channel_latest,pXs-ArvU4Vw,Six Kids Trapped on an Island — A True Survival Story,60000,6 months ago,180,1276,https://www.youtube.com/watch?v=pXs-ArvU4Vw
UCq_e7utqXqmxS2nmeLNWoew,Extreme Survival Stories,2025-01-04,27400,nature_animals,30,nature_animals,channel_latest,Djz4ktBZxjs,Stranded in Alaska’s Frozen Interior: 84 Days of Hunger and Cold,52000,7 months ago,210,1883,https://www.youtube.com/watch?v=Djz4ktBZxjs
UCcSC_VPnipXJeqPUc2oZtrw,Relax History AI,2025-01-03,116000,history_reconstruction,1,history_reconstruction,channel_latest,cNlLfEaJyKU,"20 Inca Emperors and Leaders Brought to Life Using AI | Atahualpa, Pachacuti, etc",1000,21 hours ago,0,1525,https://www.youtube.com/watch?v=cNlLfEaJyKU
UCcSC_VPnipXJeqPUc2oZtrw,Relax History AI,2025-01-03,116000,history_reconstruction,2,history_reconstruction,channel_latest,Ge7qyBPwXgg,20 European Royals Who Were Assassinated Brought to Life Using AI,3300,3 days ago,3,1470,https://www.youtube.com/watch?v=Ge7qyBPwXgg
UCcSC_VPnipXJeqPUc2oZtrw,Relax History AI,2025-01-03,116000,history_reconstruction,3,history_reconstruction,channel_latest,-oOM9STZolc,"20 Queens of Poland Brought to Life Using AI | Jadwiga, Bona Sforza, Anna Jagiellon, etc",8700,5 days ago,5,1525,https://www.youtube.com/watch?v=-oOM9STZolc
UCcSC_VPnipXJeqPUc2oZtrw,Relax History AI,2025-01-03,116000,history_reconstruction,4,history_reconstruction,channel_latest,Hgngm_E5Q1M,"20 Famous Pioneers Who Expanded the American Frontier Brought to Life Using AI | Davy Crockett, etc",1700,7 days ago,7,1433,https://www.youtube.com/watch?v=Hgngm_E5Q1M
UCcSC_VPnipXJeqPUc2oZtrw,Relax History AI,2025-01-03,116000,history_reconstruction,5,history_reconstruction,channel_latest,wKC1sbkrcy0,"20 Most Powerful Empire Founders in History Brought to Life Using AI | Genghis Khan, Augustus, etc",13000,10 days ago,10,1435,https://www.youtube.com/watch?v=wKC1sbkrcy0
UCcSC_VPnipXJeqPUc2oZtrw,Relax History AI,2025-01-03,116000,history_reconstruction,6,history_reconstruction,channel_latest,L6y9pZGW6tA,"20 Legendary Sheriffs of the Wild West Brought to Life Using AI | Wyatt Earp, Bass Reeves, etc",9200,12 days ago,12,1444,https://www.youtube.com/watch?v=L6y9pZGW6tA
UCcSC_VPnipXJeqPUc2oZtrw,Relax History AI,2025-01-03,116000,history_reconstruction,7,history_reconstruction,channel_latest,sKWfaSc-LdA,"20 Figures Who Decided the Fate of the Comanche Empire Brought to Life Using AI | Quanah Parker, etc",875,2 weeks ago,14,1425,https://www.youtube.com/watch?v=sKWfaSc-LdA
UCcSC_VPnipXJeqPUc2oZtrw,Relax History AI,2025-01-03,116000,history_reconstruction,8,history_reconstruction,channel_latest,bEUE8DbBNE4,"20 Famous American Civil War Admirals Brought to Life Using AI | David Farragut, Raphael Semmes, etc",743,2 weeks ago,14,1418,https://www.youtube.com/watch?v=bEUE8DbBNE4
UCcSC_VPnipXJeqPUc2oZtrw,Relax History AI,2025-01-03,116000,history_reconstruction,9,history_reconstruction,channel_latest,Pl7kXeveAgI,"20 Greatest Survivors in History Brought to Life Using AI | Ernest Shackleton, Hugh Glass, etc",1900,2 weeks ago,14,1419,https://www.youtube.com/watch?v=Pl7kXeveAgI
UCcSC_VPnipXJeqPUc2oZtrw,Relax History AI,2025-01-03,116000,history_reconstruction,10,history_reconstruction,channel_latest,y0aCH3sbum4,20 Legendary Explorers Who Opened the American West Brought to Life Using AI,1900,2 weeks ago,14,1418,https://www.youtube.com/watch?v=y0aCH3sbum4
UCcSC_VPnipXJeqPUc2oZtrw,Relax History AI,2025-01-03,116000,history_reconstruction,11,history_reconstruction,channel_latest,4Gfax6uMvWI,"20 Notorious Women of the Wild West Brought to Life Using AI | Belle Starr, Pearl Hart, etc",1900,3 weeks ago,21,1419,https://www.youtube.com/watch?v=4Gfax6uMvWI
UCcSC_VPnipXJeqPUc2oZtrw,Relax History AI,2025-01-03,116000,history_reconstruction,12,history_reconstruction,channel_latest,AIMVfpsRogc,"20 Of the Most Hunted Nazis After WWII Brought to Life Using AI | Eichmann, Mengele, etc",1200,3 weeks ago,21,1404,https://www.youtube.com/watch?v=AIMVfpsRogc
UCcSC_VPnipXJeqPUc2oZtrw,Relax History AI,2025-01-03,116000,history_reconstruction,13,history_reconstruction,channel_latest,WHG-qg5Dgl8,"20 Tragic Royal Egyptian Mummies Brought to Life Using AI | Tutankhamun, Hatshepsut, etc",42000,4 weeks ago,28,1419,https://www.youtube.com/watch?v=WHG-qg5Dgl8
UCcSC_VPnipXJeqPUc2oZtrw,Relax History AI,2025-01-03,116000,history_reconstruction,14,history_reconstruction,channel_latest,G_SGQpgGNYg,"20 Forgotten Confederate Generals Brought to Life Using AI | Ramseur, Gist, etc",1900,1 month ago,30,1401,https://www.youtube.com/watch?v=G_SGQpgGNYg
UCcSC_VPnipXJeqPUc2oZtrw,Relax History AI,2025-01-03,116000,history_reconstruction,15,history_reconstruction,channel_latest,ls1qc4KqQ8I,"20 Cursed Historical Figures Brought to Life Using AI | Tutankhamun, Lincoln, James Dean, etc",1800,1 month ago,30,1419,https://www.youtube.com/watch?v=ls1qc4KqQ8I
UCcSC_VPnipXJeqPUc2oZtrw,Relax History AI,2025-01-03,116000,history_reconstruction,16,history_reconstruction,channel_latest,_oo6OC7orSw,20 Historical Figures Behind History's Greatest Escapes Brought to Life Using AI,1500,1 month ago,30,1397,https://www.youtube.com/watch?v=_oo6OC7orSw
UCcSC_VPnipXJeqPUc2oZtrw,Relax History AI,2025-01-03,116000,history_reconstruction,17,history_reconstruction,channel_latest,B1PUAooU43k,"20 Roman Emperors Who Accelerated the Empire's Decline Brought to Life Using AI | Nero, Commodus,...",2700,1 month ago,30,1420,https://www.youtube.com/watch?v=B1PUAooU43k
UCcSC_VPnipXJeqPUc2oZtrw,Relax History AI,2025-01-03,116000,history_reconstruction,18,history_reconstruction,channel_latest,lP66MpvUaQA,20 Native American Figures Lost in the Shadows of American History Brought to Life Using AI,866,1 month ago,30,1420,https://www.youtube.com/watch?v=lP66MpvUaQA
UCcSC_VPnipXJeqPUc2oZtrw,Relax History AI,2025-01-03,116000,history_reconstruction,19,history_reconstruction,channel_latest,m9VZ4T5FiA0,"20 Chinese Beauties Who Rose from Humble Origins Brought to Life Using AI | Xi Shi, Wang Zhaojun,..",1900,1 month ago,30,1403,https://www.youtube.com/watch?v=m9VZ4T5FiA0
UCcSC_VPnipXJeqPUc2oZtrw,Relax History AI,2025-01-03,116000,history_reconstruction,20,history_reconstruction,channel_latest,lGLDrI_GEWY,20 Historical Figures Who Led the World into World War I Brought to Life Using AI,1900,1 month ago,30,1397,https://www.youtube.com/watch?v=lGLDrI_GEWY
UCcSC_VPnipXJeqPUc2oZtrw,Relax History AI,2025-01-03,116000,history_reconstruction,21,history_reconstruction,channel_latest,M7KSPCoQvdY,20 America's Greatest Historical Treasures Restored Using AI,739,1 month ago,30,1420,https://www.youtube.com/watch?v=M7KSPCoQvdY
UCcSC_VPnipXJeqPUc2oZtrw,Relax History AI,2025-01-03,116000,history_reconstruction,22,history_reconstruction,channel_latest,Ms951SGD0dg,20 Famous Historical Figures Brought to Life Wearing World Cup 2026 Kits Using AI,848,1 month ago,30,1390,https://www.youtube.com/watch?v=Ms951SGD0dg
UCcSC_VPnipXJeqPUc2oZtrw,Relax History AI,2025-01-03,116000,history_reconstruction,23,history_reconstruction,channel_latest,OKuIfBkqn10,"20 Famous Figures of the American Old West Brought to Life Using AI | Levi Strauss, John Sutter...",2500,1 month ago,30,1372,https://www.youtube.com/watch?v=OKuIfBkqn10
UCcSC_VPnipXJeqPUc2oZtrw,Relax History AI,2025-01-03,116000,history_reconstruction,24,history_reconstruction,channel_latest,7GNfN3dGjsI,"20 Iconic Silent Film Stars of Hollywood Brought to Life Using AI | Charlie Chaplin, Buster Keaton",6200,1 month ago,30,1420,https://www.youtube.com/watch?v=7GNfN3dGjsI
UCcSC_VPnipXJeqPUc2oZtrw,Relax History AI,2025-01-03,116000,history_reconstruction,25,history_reconstruction,channel_latest,JiTXj3gNVdM,"20 Historic American Statues Brought to Life Using AI | Statue of Liberty, Lincoln Memorial, etc.",1900,1 month ago,30,1418,https://www.youtube.com/watch?v=JiTXj3gNVdM
UCcSC_VPnipXJeqPUc2oZtrw,Relax History AI,2025-01-03,116000,history_reconstruction,26,history_reconstruction,channel_latest,a-1I675WVnc,"20 Famous Emperors of China's Han Dynasty Brought to Life Using AI | Emperor Gaozu, Emperor Guangwu",3900,1 month ago,30,1395,https://www.youtube.com/watch?v=a-1I675WVnc
UCcSC_VPnipXJeqPUc2oZtrw,Relax History AI,2025-01-03,116000,history_reconstruction,27,history_reconstruction,channel_latest,2bBzTQCgcn0,"The Most Important People in Colonial History Brought to Life Using AI | Columbus, Washington, etc.",1500,2 months ago,60,1402,https://www.youtube.com/watch?v=2bBzTQCgcn0
UCcSC_VPnipXJeqPUc2oZtrw,Relax History AI,2025-01-03,116000,history_reconstruction,28,history_reconstruction,channel_latest,F73VLk1XLCA,"20 Famous Americans Brought to Life Using AI | George Washington, Steve Jobs, Abraham Lincoln, etc.",74000,2 months ago,60,1378,https://www.youtube.com/watch?v=F73VLk1XLCA
UCcSC_VPnipXJeqPUc2oZtrw,Relax History AI,2025-01-03,116000,history_reconstruction,29,history_reconstruction,channel_latest,PhGCNOERywQ,120+ Historical Figures Trapped in Today’s World (Using AI),9200,2 months ago,60,1236,https://www.youtube.com/watch?v=PhGCNOERywQ
UCcSC_VPnipXJeqPUc2oZtrw,Relax History AI,2025-01-03,116000,history_reconstruction,30,history_reconstruction,channel_latest,PsvDI5PHa_w,"20 Legendary Union Generals Brought to Life Using AI | Ulysses S. Grant, William Tecumseh Sherman...",2200,2 months ago,60,1393,https://www.youtube.com/watch?v=PsvDI5PHa_w
UC3yFifJYlb7LHk02tw36l0A,Fragments of History,2025-01-02,17900,history_civilization,1,history_civilization,channel_latest,02HUn0zXyLQ,The Myth of the “Last Battle” in American History,1100,6 months ago,180,2576,https://www.youtube.com/watch?v=02HUn0zXyLQ
UC3yFifJYlb7LHk02tw36l0A,Fragments of History,2025-01-02,17900,history_civilization,2,history_civilization,channel_latest,yKWFCCJNuX8,AFTER WOUNDED KNEE — WHAT HAPPENED TO NATIVE AMERICA NEXT,1400,6 months ago,180,4014,https://www.youtube.com/watch?v=yKWFCCJNuX8
UC3yFifJYlb7LHk02tw36l0A,Fragments of History,2025-01-02,17900,history_civilization,3,history_civilization,channel_latest,Z_kO16_i_uw,Atahualpa — The Emperor Who Walked Into a Trap,1300,6 months ago,180,4127,https://www.youtube.com/watch?v=Z_kO16_i_uw
UC3yFifJYlb7LHk02tw36l0A,Fragments of History,2025-01-02,17900,history_civilization,4,history_civilization,channel_latest,Pu2L5aDKzD8,Tomoe Gozen — The Samurai Who Terrified Men,2500,6 months ago,180,3777,https://www.youtube.com/watch?v=Pu2L5aDKzD8
UC3yFifJYlb7LHk02tw36l0A,Fragments of History,2025-01-02,17900,history_civilization,5,history_civilization,channel_latest,0pvr8HeZzFc,The Battle of Wounded Knee — The Day the Indian Wars Ended,8100,6 months ago,180,3950,https://www.youtube.com/watch?v=0pvr8HeZzFc
UC3yFifJYlb7LHk02tw36l0A,Fragments of History,2025-01-02,17900,history_civilization,6,history_civilization,channel_latest,Hg213zFoupI,Looking Glass — The Nez Perce Strategist History Forgot,845,6 months ago,180,4491,https://www.youtube.com/watch?v=Hg213zFoupI
UC3yFifJYlb7LHk02tw36l0A,Fragments of History,2025-01-02,17900,history_civilization,7,history_civilization,channel_latest,qxe0xi-RM3Y,The Inca Resistance — The War That Began After the Empire Fell,1200,6 months ago,180,4756,https://www.youtube.com/watch?v=qxe0xi-RM3Y
UC3yFifJYlb7LHk02tw36l0A,Fragments of History,2025-01-02,17900,history_civilization,8,history_civilization,channel_latest,VZug4qSEOQw,The Nez Perce War — The Longest Retreat in American History,1400,6 months ago,180,4445,https://www.youtube.com/watch?v=VZug4qSEOQw
UC3yFifJYlb7LHk02tw36l0A,Fragments of History,2025-01-02,17900,history_civilization,9,history_civilization,channel_latest,R6vD8EQNRbA,The Guaraní — The War the Jesuits Couldn’t Control,667,6 months ago,180,4586,https://www.youtube.com/watch?v=R6vD8EQNRbA
UC3yFifJYlb7LHk02tw36l0A,Fragments of History,2025-01-02,17900,history_civilization,10,history_civilization,channel_latest,z8-xgFldO5w,The Yaqui Wars — Mexico’s Forgotten War of Extermination,4200,6 months ago,180,4391,https://www.youtube.com/watch?v=z8-xgFldO5w
UC3yFifJYlb7LHk02tw36l0A,Fragments of History,2025-01-02,17900,history_civilization,11,history_civilization,channel_latest,xHbQ2nBy6WU,The Mapuche — The Warriors Spain Couldn’t Conquer,2100,6 months ago,180,4232,https://www.youtube.com/watch?v=xHbQ2nBy6WU
UC3yFifJYlb7LHk02tw36l0A,Fragments of History,2025-01-02,17900,history_civilization,12,history_civilization,channel_latest,OSkMhweL2zw,The Ninja Didn’t Fight Battles — They Controlled Information,1900,6 months ago,180,4254,https://www.youtube.com/watch?v=OSkMhweL2zw
UC3yFifJYlb7LHk02tw36l0A,Fragments of History,2025-01-02,17900,history_civilization,13,history_civilization,channel_latest,CDQHDLCH8jY,The Seminole Wars — The Only Indian War the U.S. Never Won,7300,6 months ago,180,4331,https://www.youtube.com/watch?v=CDQHDLCH8jY
UC3yFifJYlb7LHk02tw36l0A,Fragments of History,2025-01-02,17900,history_civilization,14,history_civilization,channel_latest,gTaX9459u2k,The Gnadenhutten Massacre (1782) — The Day They Prayed Before They Were Killed,671,6 months ago,180,4264,https://www.youtube.com/watch?v=gTaX9459u2k
UC3yFifJYlb7LHk02tw36l0A,Fragments of History,2025-01-02,17900,history_civilization,15,history_civilization,channel_latest,JDq-xF36T-c,The California Genocide (1846–1873) — The War the United States Never Named,1200,6 months ago,180,4241,https://www.youtube.com/watch?v=JDq-xF36T-c
UC3yFifJYlb7LHk02tw36l0A,Fragments of History,2025-01-02,17900,history_civilization,16,history_civilization,channel_latest,W7G7ecRlGzo,Sand Creek — The Massacre That Changed Everything,2800,6 months ago,180,3735,https://www.youtube.com/watch?v=W7G7ecRlGzo
UC3yFifJYlb7LHk02tw36l0A,Fragments of History,2025-01-02,17900,history_civilization,17,history_civilization,channel_latest,igzLDFjunVI,Captain Jack (Kintpuash) — The War Fought Inside the Earth,2800,6 months ago,180,4243,https://www.youtube.com/watch?v=igzLDFjunVI
UC3yFifJYlb7LHk02tw36l0A,Fragments of History,2025-01-02,17900,history_civilization,18,history_civilization,channel_latest,fhyOSOlkb1w,Black Hawk — The War America Wanted to Forget,6100,6 months ago,180,3881,https://www.youtube.com/watch?v=fhyOSOlkb1w
UC3yFifJYlb7LHk02tw36l0A,Fragments of History,2025-01-02,17900,history_civilization,19,history_civilization,channel_latest,EAPXV0RTKrA,Victorio — The Last Apache Campaign,3500,6 months ago,180,4351,https://www.youtube.com/watch?v=EAPXV0RTKrA
UC3yFifJYlb7LHk02tw36l0A,Fragments of History,2025-01-02,17900,history_civilization,20,history_civilization,channel_latest,TTGPs8GpcDs,Osceola — The Seminole Warrior Who Fought the United States in the Swamps,14000,6 months ago,180,4538,https://www.youtube.com/watch?v=TTGPs8GpcDs
UC3yFifJYlb7LHk02tw36l0A,Fragments of History,2025-01-02,17900,history_civilization,21,history_civilization,channel_latest,A8CloZseZAM,Tecumseh — The Man Who Tried to Unite a Continent,1700,6 months ago,180,4822,https://www.youtube.com/watch?v=A8CloZseZAM
UC3yFifJYlb7LHk02tw36l0A,Fragments of History,2025-01-02,17900,history_civilization,22,history_civilization,channel_latest,TqjKHcDERtE,Chief Joseph — The Leader Who Tried to Save a Nation Without War,5200,6 months ago,180,3876,https://www.youtube.com/watch?v=TqjKHcDERtE
UC3yFifJYlb7LHk02tw36l0A,Fragments of History,2025-01-02,17900,history_civilization,23,history_civilization,channel_latest,8C-ISvylX9k,Quantrill — The Man Who Invented Terror Warfare,1200,6 months ago,180,3494,https://www.youtube.com/watch?v=8C-ISvylX9k
UC3yFifJYlb7LHk02tw36l0A,Fragments of History,2025-01-02,17900,history_civilization,24,history_civilization,channel_latest,EZK9K1PqCx4,Bloody Bill Anderson — The Man the Civil War Couldn’t Contain,1600,7 months ago,210,3454,https://www.youtube.com/watch?v=EZK9K1PqCx4
UC3yFifJYlb7LHk02tw36l0A,Fragments of History,2025-01-02,17900,history_civilization,25,history_civilization,channel_latest,Pi7UKsSodoE,Miyamoto Musashi — The Undefeated Samurai,4400,7 months ago,210,3497,https://www.youtube.com/watch?v=Pi7UKsSodoE
UC3yFifJYlb7LHk02tw36l0A,Fragments of History,2025-01-02,17900,history_civilization,26,history_civilization,channel_latest,6dyl_ZKYpxA,The Indian Wars — How an Entire Continent Was Broken,1600,7 months ago,210,3840,https://www.youtube.com/watch?v=6dyl_ZKYpxA
UC3yFifJYlb7LHk02tw36l0A,Fragments of History,2025-01-02,17900,history_civilization,27,history_civilization,channel_latest,ZCLSIUpt-EQ,The Trail of Tears — The Road That Killed a Civilization,74000,7 months ago,210,5052,https://www.youtube.com/watch?v=ZCLSIUpt-EQ
UC3yFifJYlb7LHk02tw36l0A,Fragments of History,2025-01-02,17900,history_civilization,28,history_civilization,channel_latest,3R4MAOPgA8I,Red Cloud — The Only Man Who Ever Defeated the U.S. Army,46000,7 months ago,210,3962,https://www.youtube.com/watch?v=3R4MAOPgA8I
UC3yFifJYlb7LHk02tw36l0A,Fragments of History,2025-01-02,17900,history_civilization,29,history_civilization,channel_latest,iB6RPDCdir8,The Ghost Dance — The Movement That Terrified America,2400,7 months ago,210,4194,https://www.youtube.com/watch?v=iB6RPDCdir8
UC3yFifJYlb7LHk02tw36l0A,Fragments of History,2025-01-02,17900,history_civilization,30,history_civilization,channel_latest,-IDfF-VlCn8,Cochise — The Apache Strategist Who Couldn’t Be Defeated,80000,7 months ago,210,4196,https://www.youtube.com/watch?v=-IDfF-VlCn8
UCbrSe4uBIeqJweOYnJAOsrw,EverythingProfessor,2025-01-01,616000,practical_lifestyle,1,practical_lifestyle,channel_latest,SuiCS61Fo9Y,Every Urban Legend That Turned out TRUE,2800,12 hours ago,0,1043,https://www.youtube.com/watch?v=SuiCS61Fo9Y
UCbrSe4uBIeqJweOYnJAOsrw,EverythingProfessor,2025-01-01,616000,practical_lifestyle,2,practical_lifestyle,channel_latest,WyS_8-IKbhE,Every Type of Phobia & Their Effects Explained,35000,5 days ago,5,1146,https://www.youtube.com/watch?v=WyS_8-IKbhE
UCbrSe4uBIeqJweOYnJAOsrw,EverythingProfessor,2025-01-01,616000,practical_lifestyle,3,practical_lifestyle,channel_latest,njTu380eh14,Every Memory Glitch You CANT Explain,47000,10 days ago,10,972,https://www.youtube.com/watch?v=njTu380eh14
UCbrSe4uBIeqJweOYnJAOsrw,EverythingProfessor,2025-01-01,616000,practical_lifestyle,4,practical_lifestyle,channel_latest,SUZQy6HRYYU,Every Type of Depression Explained in 16 Minutes,71000,2 weeks ago,14,961,https://www.youtube.com/watch?v=SUZQy6HRYYU
UCbrSe4uBIeqJweOYnJAOsrw,EverythingProfessor,2025-01-01,616000,practical_lifestyle,5,practical_lifestyle,channel_latest,HjyXp1XXT28,"Every Type of Friend in a Friend Group, Explained",56000,3 weeks ago,21,1420,https://www.youtube.com/watch?v=HjyXp1XXT28
UCbrSe4uBIeqJweOYnJAOsrw,EverythingProfessor,2025-01-01,616000,practical_lifestyle,6,practical_lifestyle,channel_latest,7ERXC2ev_xg,Every Complex Mental Disorder Explained,41000,3 weeks ago,21,908,https://www.youtube.com/watch?v=7ERXC2ev_xg
UCbrSe4uBIeqJweOYnJAOsrw,EverythingProfessor,2025-01-01,616000,practical_lifestyle,7,practical_lifestyle,channel_latest,qf71F776pzY,Every Hidden Advantage Of Your Ancestry,113000,4 weeks ago,28,1221,https://www.youtube.com/watch?v=qf71F776pzY
UCbrSe4uBIeqJweOYnJAOsrw,EverythingProfessor,2025-01-01,616000,practical_lifestyle,8,practical_lifestyle,channel_latest,dk1ltPnUva8,Every Blood Type Explained,16000,1 month ago,30,722,https://www.youtube.com/watch?v=dk1ltPnUva8
UCbrSe4uBIeqJweOYnJAOsrw,EverythingProfessor,2025-01-01,616000,practical_lifestyle,9,practical_lifestyle,channel_latest,QFylxXaj9MQ,"Every Feeling You Can't Name & Why You Have Them, Explained",67000,1 month ago,30,954,https://www.youtube.com/watch?v=QFylxXaj9MQ
UCbrSe4uBIeqJweOYnJAOsrw,EverythingProfessor,2025-01-01,616000,practical_lifestyle,10,practical_lifestyle,channel_latest,pcdJhfVd-UE,Every Rare DNA Trait You Might Have Without Knowing,661000,1 month ago,30,932,https://www.youtube.com/watch?v=pcdJhfVd-UE
UCbrSe4uBIeqJweOYnJAOsrw,EverythingProfessor,2025-01-01,616000,practical_lifestyle,11,practical_lifestyle,channel_latest,-qA6tpxMhbE,The Most Disturbing Events in Space History,99000,1 month ago,30,950,https://www.youtube.com/watch?v=-qA6tpxMhbE
UCbrSe4uBIeqJweOYnJAOsrw,EverythingProfessor,2025-01-01,616000,practical_lifestyle,12,practical_lifestyle,channel_latest,GBjH5CnKN5M,Weird Signs Your Body is Unhealthy,105000,1 month ago,30,865,https://www.youtube.com/watch?v=GBjH5CnKN5M
UCbrSe4uBIeqJweOYnJAOsrw,EverythingProfessor,2025-01-01,616000,practical_lifestyle,13,practical_lifestyle,channel_latest,TYSLJHVHSdw,Every Sign Of Burn Out Explained,21000,1 month ago,30,704,https://www.youtube.com/watch?v=TYSLJHVHSdw
UCbrSe4uBIeqJweOYnJAOsrw,EverythingProfessor,2025-01-01,616000,practical_lifestyle,14,practical_lifestyle,channel_latest,GvJNGIUDyto,Common Health Conditions You Might Have (Without Knowing),184000,1 month ago,30,805,https://www.youtube.com/watch?v=GvJNGIUDyto
UCbrSe4uBIeqJweOYnJAOsrw,EverythingProfessor,2025-01-01,616000,practical_lifestyle,15,practical_lifestyle,channel_latest,jP09vvksOIo,"The Craziest Drugs in History, Explained",318000,1 month ago,30,983,https://www.youtube.com/watch?v=jP09vvksOIo
UCbrSe4uBIeqJweOYnJAOsrw,EverythingProfessor,2025-01-01,616000,practical_lifestyle,16,practical_lifestyle,channel_latest,bvyl1gJsI3c,Everyday Habits That Boost Brain Power,96000,2 months ago,60,688,https://www.youtube.com/watch?v=bvyl1gJsI3c
UCbrSe4uBIeqJweOYnJAOsrw,EverythingProfessor,2025-01-01,616000,practical_lifestyle,17,practical_lifestyle,channel_latest,g_4GLGfwu_o,Every Afterlife Theory Explained in 12 Minutes,127000,2 months ago,60,724,https://www.youtube.com/watch?v=g_4GLGfwu_o
UCbrSe4uBIeqJweOYnJAOsrw,EverythingProfessor,2025-01-01,616000,practical_lifestyle,18,practical_lifestyle,channel_latest,X8Fnf0ECEO4,"Everything School SHOULD Teach But Doesn't, Explained",30000,2 months ago,60,844,https://www.youtube.com/watch?v=X8Fnf0ECEO4
UCbrSe4uBIeqJweOYnJAOsrw,EverythingProfessor,2025-01-01,616000,practical_lifestyle,19,practical_lifestyle,channel_latest,5D57fKV3GnI,Every Insecurity & How It Shapes YOUR Personality,43000,2 months ago,60,998,https://www.youtube.com/watch?v=5D57fKV3GnI
UCbrSe4uBIeqJweOYnJAOsrw,EverythingProfessor,2025-01-01,616000,practical_lifestyle,20,practical_lifestyle,channel_latest,ZBz-Ew6M_08,Everything About Sleep You SHOULD Know,97000,2 months ago,60,3780,https://www.youtube.com/watch?v=ZBz-Ew6M_08
UCbrSe4uBIeqJweOYnJAOsrw,EverythingProfessor,2025-01-01,616000,practical_lifestyle,21,practical_lifestyle,channel_latest,-7vROAniks8,Sleep Glitches YOU Might Experience,1400000,2 months ago,60,1190,https://www.youtube.com/watch?v=-7vROAniks8
UCbrSe4uBIeqJweOYnJAOsrw,EverythingProfessor,2025-01-01,616000,practical_lifestyle,22,practical_lifestyle,channel_latest,TUJ7Izf4j-I,Life Lessons Old People WISH Young People Knew,272000,2 months ago,60,728,https://www.youtube.com/watch?v=TUJ7Izf4j-I
UCbrSe4uBIeqJweOYnJAOsrw,EverythingProfessor,2025-01-01,616000,practical_lifestyle,23,practical_lifestyle,channel_latest,44nhiaCiB2c,Every Human Instinct Explained,83000,2 months ago,60,1193,https://www.youtube.com/watch?v=44nhiaCiB2c
UCbrSe4uBIeqJweOYnJAOsrw,EverythingProfessor,2025-01-01,616000,practical_lifestyle,24,practical_lifestyle,channel_latest,JzPUKgEK_no,Every Level of Wealth Explained,145000,2 months ago,60,862,https://www.youtube.com/watch?v=JzPUKgEK_no
UCbrSe4uBIeqJweOYnJAOsrw,EverythingProfessor,2025-01-01,616000,practical_lifestyle,25,practical_lifestyle,channel_latest,A9375RvS9YM,Explaining Everyday Things YOU Don't Actually Understand,269000,3 months ago,90,994,https://www.youtube.com/watch?v=A9375RvS9YM
UCbrSe4uBIeqJweOYnJAOsrw,EverythingProfessor,2025-01-01,616000,practical_lifestyle,26,practical_lifestyle,channel_latest,l5JWk-sSJMk,Every Generation Explained in 13 Minutes,130000,3 months ago,90,786,https://www.youtube.com/watch?v=l5JWk-sSJMk
UCbrSe4uBIeqJweOYnJAOsrw,EverythingProfessor,2025-01-01,616000,practical_lifestyle,27,practical_lifestyle,channel_latest,ED0V11Sez9M,Every Major Religion & What They Actually Believe Explained,1200000,3 months ago,90,1172,https://www.youtube.com/watch?v=ED0V11Sez9M
UCbrSe4uBIeqJweOYnJAOsrw,EverythingProfessor,2025-01-01,616000,practical_lifestyle,28,practical_lifestyle,channel_latest,x4nhGuaMfYc,Common Deformities You Might Have Without Knowing,1300000,3 months ago,90,939,https://www.youtube.com/watch?v=x4nhGuaMfYc
UCbrSe4uBIeqJweOYnJAOsrw,EverythingProfessor,2025-01-01,616000,practical_lifestyle,29,practical_lifestyle,channel_latest,2DPBHfpaNQ8,Every Type of Government Explained in 18 Minutes (Some Suck),34000,3 months ago,90,1080,https://www.youtube.com/watch?v=2DPBHfpaNQ8
UCbrSe4uBIeqJweOYnJAOsrw,EverythingProfessor,2025-01-01,616000,practical_lifestyle,30,practical_lifestyle,channel_latest,fkNSD-vfVrA,Every Common Sleep Mistake People Make & How To Fix Them,114000,4 months ago,120,1021,https://www.youtube.com/watch?v=fkNSD-vfVrA
UCZjVE44LOvxPyKA-tymFoyQ,Martik Finance,2025-01-01,97000,business_economics,1,business_economics,channel_latest,MVm2xEKMqCI,Value Investing vs Index Investing (Which is Better Long-Term?),2100,1 day ago,1,643,https://www.youtube.com/watch?v=MVm2xEKMqCI
UCZjVE44LOvxPyKA-tymFoyQ,Martik Finance,2025-01-01,97000,business_economics,2,business_economics,channel_latest,osnZVQ5MbiE,How Options Really Work (Full Beginner's Guide),74000,2 weeks ago,14,1236,https://www.youtube.com/watch?v=osnZVQ5MbiE
UCZjVE44LOvxPyKA-tymFoyQ,Martik Finance,2025-01-01,97000,business_economics,3,business_economics,channel_latest,wz_XHIU9HMA,The Yield Curve Explained Simply (And Why It Predicts Recessions),4000,4 weeks ago,28,494,https://www.youtube.com/watch?v=wz_XHIU9HMA
UCZjVE44LOvxPyKA-tymFoyQ,Martik Finance,2025-01-01,97000,business_economics,4,business_economics,channel_latest,00qrvsLpSy4,How Investment Banks Actually Make Money,114000,1 month ago,30,563,https://www.youtube.com/watch?v=00qrvsLpSy4
UCZjVE44LOvxPyKA-tymFoyQ,Martik Finance,2025-01-01,97000,business_economics,5,business_economics,channel_latest,tlb4yHbyY9E,How to Invest During a Recession (What the Data Actually Says),13000,1 month ago,30,484,https://www.youtube.com/watch?v=tlb4yHbyY9E
UCZjVE44LOvxPyKA-tymFoyQ,Martik Finance,2025-01-01,97000,business_economics,6,business_economics,channel_latest,0px8E8_p2vo,What If You Only Invested at All-Time Highs? (Based on Research),169000,2 months ago,60,527,https://www.youtube.com/watch?v=0px8E8_p2vo
UCZjVE44LOvxPyKA-tymFoyQ,Martik Finance,2025-01-01,97000,business_economics,7,business_economics,channel_latest,6gwE7lvaBN8,Why the Stock Market Goes Up Even When the Economy Is Bad,11000,2 months ago,60,546,https://www.youtube.com/watch?v=6gwE7lvaBN8
UCZjVE44LOvxPyKA-tymFoyQ,Martik Finance,2025-01-01,97000,business_economics,8,business_economics,channel_latest,dMOcrLMfDFM,How the Stock Market Actually Works (For Beginners),13000,3 months ago,90,573,https://www.youtube.com/watch?v=dMOcrLMfDFM
UCZjVE44LOvxPyKA-tymFoyQ,Martik Finance,2025-01-01,97000,business_economics,9,business_economics,channel_latest,c49vsd7bhKU,Market Order vs Limit Order Explained | Stock Market For Beginners,6800,3 months ago,90,565,https://www.youtube.com/watch?v=c49vsd7bhKU
UCZjVE44LOvxPyKA-tymFoyQ,Martik Finance,2025-01-01,97000,business_economics,10,business_economics,channel_latest,6oHUxLlL2kc,Dividend Investing vs Index Funds (Which Is Better Long-Term?),137000,3 months ago,90,613,https://www.youtube.com/watch?v=6oHUxLlL2kc
UCZjVE44LOvxPyKA-tymFoyQ,Martik Finance,2025-01-01,97000,business_economics,11,business_economics,channel_latest,EAZhDu5JBLs,"Microeconomics Made Simple (How Markets, Supply & Demand Work)",22000,3 months ago,90,743,https://www.youtube.com/watch?v=EAZhDu5JBLs
UCZjVE44LOvxPyKA-tymFoyQ,Martik Finance,2025-01-01,97000,business_economics,12,business_economics,channel_latest,mrmfxTE4xgk,Every Investment Asset Ranked by Risk (Safest to Riskiest),17000,4 months ago,120,878,https://www.youtube.com/watch?v=mrmfxTE4xgk
UCZjVE44LOvxPyKA-tymFoyQ,Martik Finance,2025-01-01,97000,business_economics,13,business_economics,channel_latest,KdyXtStPaRI,Bond Investing Made Simple (Everything You Need in One Video),32000,5 months ago,150,1213,https://www.youtube.com/watch?v=KdyXtStPaRI
UCZjVE44LOvxPyKA-tymFoyQ,Martik Finance,2025-01-01,97000,business_economics,14,business_economics,channel_latest,hsoEUeUVuIA,Where Does the Money Go When the Market Crashes?,74000,5 months ago,150,485,https://www.youtube.com/watch?v=hsoEUeUVuIA
UCZjVE44LOvxPyKA-tymFoyQ,Martik Finance,2025-01-01,97000,business_economics,15,business_economics,channel_latest,8x3GJoW6G4w,7 Ways Index Funds Can Lose Money (They Never Told You),9500,6 months ago,180,657,https://www.youtube.com/watch?v=8x3GJoW6G4w
UCZjVE44LOvxPyKA-tymFoyQ,Martik Finance,2025-01-01,97000,business_economics,16,business_economics,channel_latest,xmdBlkrkTN4,Macroeconomics Made Simple (Understand the Economy in One Video),469000,6 months ago,180,1753,https://www.youtube.com/watch?v=xmdBlkrkTN4
UCZjVE44LOvxPyKA-tymFoyQ,Martik Finance,2025-01-01,97000,business_economics,17,business_economics,channel_latest,Vk9roB0SBfE,What is Arbitrage? | How Traders Make Risk-Free Profits,12000,7 months ago,210,352,https://www.youtube.com/watch?v=Vk9roB0SBfE
UCZjVE44LOvxPyKA-tymFoyQ,Martik Finance,2025-01-01,97000,business_economics,18,business_economics,channel_latest,PXriRlc6GgQ,How to Calculate Intrinsic Value Like Warren Buffett (Stock Valuation Analysis),7900,7 months ago,210,543,https://www.youtube.com/watch?v=PXriRlc6GgQ
UCZjVE44LOvxPyKA-tymFoyQ,Martik Finance,2025-01-01,97000,business_economics,19,business_economics,channel_latest,fRmaJl8yFhc,Every Type of Investor Explained for Beginners (Full Guide),4800,8 months ago,240,734,https://www.youtube.com/watch?v=fRmaJl8yFhc
UCZjVE44LOvxPyKA-tymFoyQ,Martik Finance,2025-01-01,97000,business_economics,20,business_economics,channel_latest,b6Aij-fTIW8,How Does Short Selling Work? (Stock Market for Beginners),21000,8 months ago,240,508,https://www.youtube.com/watch?v=b6Aij-fTIW8
UCZjVE44LOvxPyKA-tymFoyQ,Martik Finance,2025-01-01,97000,business_economics,21,business_economics,channel_latest,Y77F8oNxSz8,7 ETF Investing Mistakes Costing You a LOT of Money (With Real Examples),94000,9 months ago,270,593,https://www.youtube.com/watch?v=Y77F8oNxSz8
UCZjVE44LOvxPyKA-tymFoyQ,Martik Finance,2025-01-01,97000,business_economics,22,business_economics,channel_latest,NPbvaF6ypZU,Dividend Stocks Aren’t What You Think (How to Avoid the Dividend Trap),13000,9 months ago,270,595,https://www.youtube.com/watch?v=NPbvaF6ypZU
UCZjVE44LOvxPyKA-tymFoyQ,Martik Finance,2025-01-01,97000,business_economics,23,business_economics,channel_latest,QbyxHGHJkFE,Active Investing vs Passive Investing (Which Strategy Works Best?),14000,10 months ago,300,531,https://www.youtube.com/watch?v=QbyxHGHJkFE
UCZjVE44LOvxPyKA-tymFoyQ,Martik Finance,2025-01-01,97000,business_economics,24,business_economics,channel_latest,UC-OkNBFNx4,How Stock Prices Are Set (Stock Market for Beginners),220000,10 months ago,300,601,https://www.youtube.com/watch?v=UC-OkNBFNx4
UCZjVE44LOvxPyKA-tymFoyQ,Martik Finance,2025-01-01,97000,business_economics,25,business_economics,channel_latest,wRxt9_0nIls,Every Stock Market Term Explained for Beginners (Full Guide),219000,11 months ago,330,1064,https://www.youtube.com/watch?v=wRxt9_0nIls
UCZjVE44LOvxPyKA-tymFoyQ,Martik Finance,2025-01-01,97000,business_economics,26,business_economics,channel_latest,lZtmH-yS9a4,7 Beginner Investing Mistakes Costing You a LOT of Money  (How to Avoid them),32000,11 months ago,330,510,https://www.youtube.com/watch?v=lZtmH-yS9a4
UCZjVE44LOvxPyKA-tymFoyQ,Martik Finance,2025-01-01,97000,business_economics,27,business_economics,channel_latest,layc2VVRC6c,Index Funds vs ETFs (Pros & Cons You NEED to Know),97000,11 months ago,330,488,https://www.youtube.com/watch?v=layc2VVRC6c
UCZjVE44LOvxPyKA-tymFoyQ,Martik Finance,2025-01-01,97000,business_economics,28,business_economics,channel_latest,wHRsRowpdDE,7 Investing Levels They Will Never Teach You (From Beginner to Pro),21000,1 year ago,365,630,https://www.youtube.com/watch?v=wHRsRowpdDE
UCZjVE44LOvxPyKA-tymFoyQ,Martik Finance,2025-01-01,97000,business_economics,29,business_economics,channel_latest,o5ef2m5J97w,Lump Sum Investing vs Dollar Cost Averaging (Which Investing Strategy Works Best?),25000,1 year ago,365,482,https://www.youtube.com/watch?v=o5ef2m5J97w
UCZjVE44LOvxPyKA-tymFoyQ,Martik Finance,2025-01-01,97000,business_economics,30,business_economics,channel_latest,zW6AAIdTJeQ,How the Federal Reverse Controls the Economy (Interest Rates Explained),6200,1 year ago,365,529,https://www.youtube.com/watch?v=zW6AAIdTJeQ
