query_group,query,video_id,channel_id,channel_name,title,views,published_text,age_days,duration_seconds,url
history_reconstruction,AI historical reconstruction documentary,bxYZIeBnQ3Y,UCbE9KHOcScAuFJUdV7zSDMw,Fossil Legacy,The Civil War Restored in Incredible Detail (AI Reconstruction),4969,8 months ago,240,890,https://www.youtube.com/watch?v=bxYZIeBnQ3Y
history_reconstruction,AI historical reconstruction documentary,lSNW-p-FoQ0,UCisHJobjgyF4r8pIB8-bRWw,Vanished History,Tokyo 1863 (AI Reconstruction),86494,8 months ago,240,481,https://www.youtube.com/watch?v=lSNW-p-FoQ0
history_reconstruction,AI historical reconstruction documentary,DQx0veaAY9s,UCkoKI2T_WmQNVWQFCbjFGJQ,History Reconstruction,This Is How People Lived Inside the Court of Henry VIII in 1540 | AI Reconstruction,98528,2 months ago,60,1129,https://www.youtube.com/watch?v=DQx0veaAY9s
history_reconstruction,AI historical reconstruction documentary,b59AWRZ0ttg,UCi52jXjgQlJr4loQ4AX_XDw,Paladin - Reconstructing History,What London Looked Like in 1400 | AI Reconstruction of London’s History (Documentary),3289,5 months ago,150,1062,https://www.youtube.com/watch?v=b59AWRZ0ttg
history_reconstruction,AI historical reconstruction documentary,lQv8eIuXrVg,UC4zo9Qgn-lNloW1TSzRuqTQ,It Gets Weirder,Inside a Forgotten Village: Mughal India 1580 (AI Reconstruction),794,6 months ago,180,736,https://www.youtube.com/watch?v=lQv8eIuXrVg
history_reconstruction,AI historical reconstruction documentary,i0OLr-vFDkI,UCmqS13G_ofWMvgxLLUpOmXQ,WealthWise,Create Cinematic Historical Documentaries Using Nano Banana Pro + Kling AI,137920,8 months ago,240,481,https://www.youtube.com/watch?v=i0OLr-vFDkI
history_reconstruction,AI historical reconstruction documentary,c5h4LMTgHYM,UCi52jXjgQlJr4loQ4AX_XDw,Paladin - Reconstructing History,The First City on Earth | Çatalhöyük 7000 BC (AI Reconstruction),48259,3 months ago,90,860,https://www.youtube.com/watch?v=c5h4LMTgHYM
history_reconstruction,AI historical reconstruction documentary,OBUWAVBmMAs,UC8xJed7ACI1qnYxEfY0nlyg,Axis Narrative,The Bubonic Plague in the 1300s (AI Reconstruction),422,5 months ago,150,1168,https://www.youtube.com/watch?v=OBUWAVBmMAs
history_reconstruction,AI historical reconstruction documentary,WzzBa27-aLA,UC7lSvMZ4xHbj_P_sUpoFxmg,History Unwalled,"The Entire History of Jerusalem - Brought Back to Life with AI (5,000 Years)",212408,3 months ago,90,1790,https://www.youtube.com/watch?v=WzzBa27-aLA
history_reconstruction,AI historical reconstruction documentary,jHLFldMD7b0,UCXgYsaO70gBNGcmpGKnln1Q,Worlds Before Us,What It Took to Survive England's Dark Ages in 900 AD (AI Reconstruction),947496,6 months ago,180,1325,https://www.youtube.com/watch?v=jHLFldMD7b0
history_reconstruction,AI historical reconstruction documentary,fhzh6CXMSuk,UCXgYsaO70gBNGcmpGKnln1Q,Worlds Before Us,The Viking who changed Britain Forever — 793 to 1066 AD (Ai Reconstruction),287747,4 months ago,120,1150,https://www.youtube.com/watch?v=fhzh6CXMSuk
history_reconstruction,AI historical reconstruction documentary,YnvZaOSi-mY,UCFVOB2qjF7BDWR85hyBxpvA,History in 1000s,Québec 1680s – AI Reconstruction | A Cinematic Journey into the Fortified Heart of New France,436,7 months ago,210,598,https://www.youtube.com/watch?v=YnvZaOSi-mY
history_reconstruction,AI historical reconstruction documentary,uptxvThPb_U,UCkoKI2T_WmQNVWQFCbjFGJQ,History Reconstruction,What It Was Like Living Inside a Medieval Castle in 1300 | AI Reconstruction,169426,2 months ago,60,1131,https://www.youtube.com/watch?v=uptxvThPb_U
history_reconstruction,AI historical reconstruction documentary,ClAwWMU9P_0,UCaWj2ql_J2M7Dqd78B5U7yQ,Charles VS The Past,The Entire History of Belfast (AI Reconstruction),71340,5 months ago,150,599,https://www.youtube.com/watch?v=ClAwWMU9P_0
history_reconstruction,AI historical reconstruction documentary,3aGsuHz9abc,UCaWj2ql_J2M7Dqd78B5U7yQ,Charles VS The Past,The Entire History of CORK (AI Reconstruction),31641,6 months ago,180,725,https://www.youtube.com/watch?v=3aGsuHz9abc
history_reconstruction,AI historical reconstruction documentary,X4OIV1tuLW8,UCIyTvJiC7V6CZVwYRsaFRMw,Lazare_Survey,The Entire History of Montreal in 18 minutes (AI Reconstruction),2120,5 months ago,150,1107,https://www.youtube.com/watch?v=X4OIV1tuLW8
history_reconstruction,AI historical reconstruction documentary,wBEE3mYYfQ4,UCaWj2ql_J2M7Dqd78B5U7yQ,Charles VS The Past,The Entire History of Dublin (AI Reconstruction),59833,6 months ago,180,715,https://www.youtube.com/watch?v=wBEE3mYYfQ4
history_reconstruction,AI historical reconstruction documentary,f7R-JZPjO-s,UCiVD6u5K5nZVmVLVzadw2hw,PastWalks,The Entire History of San Francisco — An AI Reconstruction,12253,6 months ago,180,703,https://www.youtube.com/watch?v=f7R-JZPjO-s
history_reconstruction,AI historical reconstruction documentary,CVVuzlUkCKI,UCaWj2ql_J2M7Dqd78B5U7yQ,Charles VS The Past,"Vikings, Empire, Beatles and Beyond - The Entire History of Liverpool (AI Reconstruction)",127763,4 months ago,120,1414,https://www.youtube.com/watch?v=CVVuzlUkCKI
history_reconstruction,AI historical reconstruction documentary,994nGl4m-VM,UCAcoda6jlC-xpxGhwW7yFZw,Matt Reconstructs History,London - 1600s,1664184,8 months ago,240,755,https://www.youtube.com/watch?v=994nGl4m-VM
history_reconstruction,tour of London 1800 AI reconstruction,EbjJAnugO9U,UC2YRJWG-tEaMM2NP8d0NkgQ,The Past Rendered,London in the 1800s (AI Reconstruction) #History #1800 #London,119305,6 months ago,180,690,https://www.youtube.com/watch?v=EbjJAnugO9U
history_reconstruction,tour of London 1800 AI reconstruction,BlYGMjDirHI,UCY2YYzP7dPegfjXcPecAlYA,mrbloom,A Christmas Tour of London in the 1800s (AI Reconstruction),19842,7 months ago,210,529,https://www.youtube.com/watch?v=BlYGMjDirHI
history_reconstruction,tour of London 1800 AI reconstruction,2Khdh7qzkd0,UCt8F7pkSZK56hWBHWZLzQVw,Mike's POV History,London 1800s (AI Reconstruction),79311,8 months ago,240,563,https://www.youtube.com/watch?v=2Khdh7qzkd0
history_reconstruction,tour of London 1800 AI reconstruction,ZA42stS5Hig,UCo-cuwAhigElY7GTd2hCqaA,Ancient Reconstructs History,London 1800s (AI Reconstruction),72,7 months ago,210,507,https://www.youtube.com/watch?v=ZA42stS5Hig
history_reconstruction,tour of London 1800 AI reconstruction,Y-aW0x03PtA,UCybIIP3xb-ccNbCq7cfW28Q,Restoring the Past,A Tour of 1800s London (AI Reconstruction),4,7 months ago,210,639,https://www.youtube.com/watch?v=Y-aW0x03PtA
history_reconstruction,tour of London 1800 AI reconstruction,v5AH7rpOIrU,UC4FhNlqqdLDDtHwx2xFO6kw,History Create,Victorian London in the 1800s (AI Reconstruction),786,7 months ago,210,394,https://www.youtube.com/watch?v=v5AH7rpOIrU
history_reconstruction,tour of London 1800 AI reconstruction,GVWpFcVRPxo,UC0ra0vN_iF5AwwU7G8q79rw,Majestic Studios,A Tour of London in the 1700s (AI Reconstruction),1155205,8 months ago,240,536,https://www.youtube.com/watch?v=GVWpFcVRPxo
history_reconstruction,tour of London 1800 AI reconstruction,Izf5GsLiGX8,UCtHs1FrxXh5Ob87gRWIzYew,B.P History,London _ 1800s ( Ai Reconstruction ),7,6 months ago,180,645,https://www.youtube.com/watch?v=Izf5GsLiGX8
history_reconstruction,tour of London 1800 AI reconstruction,9D-ral2MlGQ,UCnWDgmoOayZDimB3X9PSTXg,Worlds Reconstructed,London in the Industrial 1800s (AI Reconstruction),56,7 months ago,210,353,https://www.youtube.com/watch?v=9D-ral2MlGQ
history_reconstruction,tour of London 1800 AI reconstruction,MpSMTQhe6II,UC2bjIW-DT0tszA-IEvXX3KA, English Mindcast,🎩 Shadows and Steam: London in the 1800s (AI Reconstruction) 🏴󠁧󠁢󠁥󠁮󠁧󠁿,141,7 months ago,210,519,https://www.youtube.com/watch?v=MpSMTQhe6II
history_reconstruction,tour of London 1800 AI reconstruction,4GhDSfM45Ys,UCkBmzI7ReQx3fqQlRxev-oA,History Daily Life,London in the 1800s (AI Reconstruction) | A 19th Century Documentary,371,5 months ago,150,893,https://www.youtube.com/watch?v=4GhDSfM45Ys
history_reconstruction,tour of London 1800 AI reconstruction,BH5Tzooqwi0,UCK8DP8ThAk58do91yif1FuA,Timelines Reborn,London 1800s | AI Reconstruction,92,7 months ago,210,480,https://www.youtube.com/watch?v=BH5Tzooqwi0
history_reconstruction,tour of London 1800 AI reconstruction,q9TSaonMwRU,UC9wZ6pdXlEIAN7PJYhJrgcg,Alpha Presence Media,London 1800s (AI Reconstruction),48,7 months ago,210,995,https://www.youtube.com/watch?v=q9TSaonMwRU
history_reconstruction,tour of London 1800 AI reconstruction,YEUh5yauB_g,UCT6nZ4zm71f4jladVfoNq2w,Tell Me Something,A Walk Through London’s Darkest Slums in 1800s (AI Reconstruction),1049,7 months ago,210,555,https://www.youtube.com/watch?v=YEUh5yauB_g
history_reconstruction,tour of London 1800 AI reconstruction,Z-hvuAdGtxM,UCZv4VzfrS61JXqzlxrrKQyQ,Vivid History AI,London 1800s (AI Reconstruction),137,7 months ago,210,490,https://www.youtube.com/watch?v=Z-hvuAdGtxM
history_reconstruction,tour of London 1800 AI reconstruction,7FH2hAos5xY,UCLhRkUwarcknK16v1AjRqIg,History SSM,London 1800s (AI Reconstruction) ........ #london #1800s,13,7 months ago,210,363,https://www.youtube.com/watch?v=7FH2hAos5xY
history_reconstruction,tour of London 1800 AI reconstruction,KWpJ3VoBev4,UC0NTolPaaLKR693A-JZMPFA,Forgotten Frames,11 Forgotten London Landmarks of the 1800s (AI Reconstruction),27,6 months ago,180,330,https://www.youtube.com/watch?v=KWpJ3VoBev4
history_reconstruction,tour of London 1800 AI reconstruction,HrsFOoUMg90,UC9W7GzEecOzSb3OQolb4qGQ,A9N Films,A Tour of London in the 18th century (AI Reconstruction),334,7 months ago,210,481,https://www.youtube.com/watch?v=HrsFOoUMg90
history_reconstruction,tour of London 1800 AI reconstruction,Ybc38meF-pg,UCIw1A72AbrFPbie2wIsBF-Q,Hidden Chapels,This Is What London Looked Like in 1800 (AI Reconstruction),512,7 months ago,210,538,https://www.youtube.com/watch?v=Ybc38meF-pg
history_reconstruction,tour of London 1800 AI reconstruction,0dFi5YwvZsI,UCmw5YZZ7qsemNWpP87AGiew,Resurrected History,The REAL Street Life of VICTORIAN LONDON (1870s) Brought to Life,431979,7 months ago,210,1123,https://www.youtube.com/watch?v=0dFi5YwvZsI
history_reconstruction,history brought to life AI documentary,0qAIUglyMvg,UC_ilpesdu6ni3vQHDmQ8QZw,History Reborn AI,"20 Queens Who Challenged the Mughal Empire Brought to Life Using AI | Chand Bibi, Jijabai, ...",4153,1 month ago,30,1334,https://www.youtube.com/watch?v=0qAIUglyMvg
history_reconstruction,history brought to life AI documentary,9VymulCVVHs,UCOM-C08bY8AKRXPV7XHqvBg,Islamic Dynasties,Prophet Muhammad ﷺ | Full Seerah Documentary (Birth to Death) – AI Visualized,45111,8 days ago,8,11214,https://www.youtube.com/watch?v=9VymulCVVHs
history_reconstruction,history brought to life AI documentary,InNb24Q98YI,UC_ilpesdu6ni3vQHDmQ8QZw,History Reborn AI,"20 Women of the Mughal Court Brought to Life Using AI | Nur Jahan, Mumtaz Mahal, Jahanara Begum, ...",35837,1 month ago,30,1292,https://www.youtube.com/watch?v=InNb24Q98YI
history_reconstruction,history brought to life AI documentary,GM293hOabP0,UCmOCpBKeoBPp-HwarhIBA2g,Best Documentary,Downfall of the Third Reich: Uncensored Archival History (1942-1945),118175,2 days ago,2,3011,https://www.youtube.com/watch?v=GM293hOabP0
history_reconstruction,history brought to life AI documentary,jOtk2xTX5AE,UCcSC_VPnipXJeqPUc2oZtrw,Relax History AI,"20 Legendary Viking Warriors from History Brought to Life Using AI | Ragnar Lothbrok, Leif Erikson",8824,7 months ago,210,1232,https://www.youtube.com/watch?v=jOtk2xTX5AE
history_reconstruction,history brought to life AI documentary,_oo6OC7orSw,UCcSC_VPnipXJeqPUc2oZtrw,Relax History AI,20 Historical Figures Behind History's Greatest Escapes Brought to Life Using AI,1511,1 month ago,30,1397,https://www.youtube.com/watch?v=_oo6OC7orSw
history_reconstruction,history brought to life AI documentary,Bt3XFJUW2M8,UCo5yk-Nj_bW4Svx-kodIybw,History Revived,Lords of the Ice Age: AI Brings Neanderthals to Life,158530,4 months ago,120,541,https://www.youtube.com/watch?v=Bt3XFJUW2M8
history_reconstruction,history brought to life AI documentary,FMxLJ17Z58w,UCGBoWe1mzCvbbqDNncmxm8A,FINAiUS,The Entire History of Warren Buffett | 2026 Documentary,65658,3 days ago,3,4279,https://www.youtube.com/watch?v=FMxLJ17Z58w
history_reconstruction,history brought to life AI documentary,rKSXrUE5uqE,UCcSC_VPnipXJeqPUc2oZtrw,Relax History AI,"20 Infamous Criminals of All Time Brought to Life Using AI | Pablo Escobar, Al Capone, etc.",151769,7 months ago,210,1354,https://www.youtube.com/watch?v=rKSXrUE5uqE
history_reconstruction,history brought to life AI documentary,scBAxVDsn88,UCuWIT9JJoL89oB3wQYgkvmQ,ROAR!,"Old Mizoram, Brought to Life (Part I) — AI Animated Historical Photos",14862,3 weeks ago,21,232,https://www.youtube.com/watch?v=scBAxVDsn88
history_reconstruction,history brought to life AI documentary,qAMzqmp7wno,UC6b4NXX4ppECUzdvTsX9Dtw,ancient editions,What Medieval London Really Looked Like (AI Reconstruction),299637,6 months ago,180,824,https://www.youtube.com/watch?v=qAMzqmp7wno
history_reconstruction,history brought to life AI documentary,a8DB7T4a3uI,UCcSC_VPnipXJeqPUc2oZtrw,Relax History AI,20 Wild West Legends Brought Back to Life Using AI (Updated Edition),166708,5 months ago,150,1477,https://www.youtube.com/watch?v=a8DB7T4a3uI
history_reconstruction,history brought to life AI documentary,9F35NBQHV9k,UCaWj2ql_J2M7Dqd78B5U7yQ,Charles VS The Past,Drogheda Through the Ages — Brought to Life (AI Reconstruction),850,6 months ago,180,584,https://www.youtube.com/watch?v=9F35NBQHV9k
history_reconstruction,history brought to life AI documentary,PguNg1YkmPY,UCcSC_VPnipXJeqPUc2oZtrw,Relax History AI,"20 Legendary Chinese Emperors Brought to Life Using AI Vol.2 | Emperor Wen of Han, Wang Mang, etc.",19007,3 months ago,90,1383,https://www.youtube.com/watch?v=PguNg1YkmPY
history_reconstruction,history brought to life AI documentary,NczZzcbW08s,UCDfrO_xLhJ5r4be2rvzFv7w,History Defining Moments,"8K Hyper realistic AI Documentary ""The Land of the Dinosaurs""",37443,9 months ago,270,1564,https://www.youtube.com/watch?v=NczZzcbW08s
history_reconstruction,history brought to life AI documentary,WsF9UruKeJQ,UC_ilpesdu6ni3vQHDmQ8QZw,History Reborn AI,"20 Warrior Women of Ancient China Brought to Life Using AI | Qin Liangyu, Fu Hao, ...",1050,1 month ago,30,1283,https://www.youtube.com/watch?v=WsF9UruKeJQ
history_reconstruction,history brought to life AI documentary,WYPC8Dii7gQ,UC_ilpesdu6ni3vQHDmQ8QZw,History Reborn AI,"20 Legendary Women of Imperial China Brought to Life Using AI | Wu Zetian, Cixi, Xiaozhuang, ...",33047,1 month ago,30,1567,https://www.youtube.com/watch?v=WYPC8Dii7gQ
history_reconstruction,history brought to life AI documentary,PPOE86W344Y,UCjeWO9iCdY45AN2lmLG20Qw,Ancient Daily Life,"AI Reconstructed: Life in Ancient Japan | One Day of Peasant, Samurai and Noble",2627,8 months ago,240,920,https://www.youtube.com/watch?v=PPOE86W344Y
history_reconstruction,entire history of a city documentary,syocq98pAy8,UC-QTh5HFiw28MwFrmFrRjzA,Beginning To Now,The ENTIRE History of India | 4K Documentary,460942,9 months ago,270,11172,https://www.youtube.com/watch?v=syocq98pAy8
history_reconstruction,entire history of a city documentary,X11jp0EGbQ4,UCkG49maW4sr4pfxYmz9Jj0g,Flashback Frenzy,The ENTIRE History of Roman Empire (Hindi Documentary),1151456,10 months ago,300,1816,https://www.youtube.com/watch?v=X11jp0EGbQ4
history_reconstruction,entire history of a city documentary,OBwQWIu_kMU,UCcJyQ5dihoKAKwk2aRi-CQw,This Is History,The Entire History of Germany,712915,11 months ago,330,1817,https://www.youtube.com/watch?v=OBwQWIu_kMU
history_reconstruction,entire history of a city documentary,e4gBLCVORQc,UCeZBbtRKoP0jnEY1oQrrsNQ,Epic History Archive,The Entire History of New York City (Full Documentary),395,9 months ago,270,2443,https://www.youtube.com/watch?v=e4gBLCVORQc
history_reconstruction,entire history of a city documentary,0lIuz5lelYQ,UCpVm7bg6pXKo1Pr6k5kxG9A,National Geographic,The Origins of Maya Civilization (Full Episode) | Rise and Fall of the Maya | National Geographic,4010024,11 months ago,330,2658,https://www.youtube.com/watch?v=0lIuz5lelYQ
history_reconstruction,entire history of a city documentary,YWpOajANenM,UCohG8-NtggGKbzx8K7YF1uw,GLOBAL DOCUMENTARY - Discovery Travel,VIETNAM: 4000 Years Of Culture And Growth | Full Documentary,506833,7 months ago,210,3532,https://www.youtube.com/watch?v=YWpOajANenM
history_reconstruction,entire history of a city documentary,d_Pcb3NKFmw,UCchl91rVxlYfTlhikfzn2Cw,Echoes of History Eternal,The ENTIRE HISTORY OF TEXAS | Full Documentary In 4K Documentary  [Full Movie],7654,11 months ago,330,5635,https://www.youtube.com/watch?v=d_Pcb3NKFmw
history_reconstruction,entire history of a city documentary,sVzABYjVTjI,UC3Rr9YlTfQJcp_-Qf2uGGQQ,Past Uncovered,History of Mexico Documentary: From Ancient Civilizations to Modern Nation,5518,11 months ago,330,7151,https://www.youtube.com/watch?v=sVzABYjVTjI
history_reconstruction,entire history of a city documentary,zWUVjj3mhKI,UCQmSfO8cYdSV2Mu3gW4bpAw,Ancestors Civilization,The ENTIRE Story of the Babylonians – Full Detailed Documentary,333688,11 months ago,330,8047,https://www.youtube.com/watch?v=zWUVjj3mhKI
history_reconstruction,entire history of a city documentary,BkVJMcKxZtU,UCQmSfO8cYdSV2Mu3gW4bpAw,Ancestors Civilization,The ENTIRE Story of the Greek City Empires - Full Detailed Documentary,2297,10 months ago,300,8547,https://www.youtube.com/watch?v=BkVJMcKxZtU
history_reconstruction,entire history of a city documentary,NoL-o13-rWE,UCwOu8GE6bUcIDfEERFEg8gA,Ittehaaz,Complete History of Ancient Egypt | Hindi Documentary,460827,5 months ago,150,3112,https://www.youtube.com/watch?v=NoL-o13-rWE
history_reconstruction,entire history of a city documentary,iuWwIH6ib-k,UCPPrhcXtGR2aMoxrPJRKPLg,Para Bellum,Ancient Babylon: The City of Sins,934568,11 months ago,330,1894,https://www.youtube.com/watch?v=iuWwIH6ib-k
history_reconstruction,entire history of a city documentary,EHLI2WZUtXs,UCoZd78hRUdxxsuGiABuHF_A,Historically,The ENTIRE History of ROME,6535187,4 months ago,120,2310,https://www.youtube.com/watch?v=EHLI2WZUtXs
history_reconstruction,entire history of a city documentary,WO4bIhfDp0Y,UCNAf1k0yIjyGu3k9BwAg3lg,Sky Sports Premier League,The fall and rise of Coventry City | Full Documentary,66007,4 days ago,4,5323,https://www.youtube.com/watch?v=WO4bIhfDp0Y
history_reconstruction,entire history of a city documentary,hmnDRRiE28M,UC3Rr9YlTfQJcp_-Qf2uGGQQ,Past Uncovered,Jerusalem History Documentary (1350 BCE - PRESENT) | Complete History,13805,10 months ago,300,5887,https://www.youtube.com/watch?v=hmnDRRiE28M
history_reconstruction,entire history of a city documentary,3if1HK4WpvA,UCeZBbtRKoP0jnEY1oQrrsNQ,Epic History Archive,The Entire History of Istanbul in 22 Minutes ( Full Documentary),1045,6 months ago,180,1342,https://www.youtube.com/watch?v=3if1HK4WpvA
history_reconstruction,entire history of a city documentary,MyPyVYakTgw,UCa3UQNnYZeXMG-hWUkDPgjg,Captured in History ,Prague: 2000 Years of History in 17 Minutes | Complete Documentary,910,6 months ago,180,1067,https://www.youtube.com/watch?v=MyPyVYakTgw
history_reconstruction,entire history of a city documentary,2XS7s9S6q8Q,UCq6OAftTQOuUBRdtUDq5SUA,PBS Documentaries,The Real History of Africa They Never Taught You | Full Documentary | Africa's Great Civilizations,1789287,3 months ago,90,3191,https://www.youtube.com/watch?v=2XS7s9S6q8Q
history_reconstruction,old photographs animated history documentary,ga0GZTyFtDI,UC99tXyh_OHorW4DafgVc3pQ,Animata Historia,The REAL Street Life of VICTORIAN LONDON Brought to Life | 1870s Photographs Reanimated with AI,301562,11 months ago,330,1124,https://www.youtube.com/watch?v=ga0GZTyFtDI
history_reconstruction,old photographs animated history documentary,56g9ZHYbMZc,UC99tXyh_OHorW4DafgVc3pQ,Animata Historia,"The First Humans to be Photographed, 1800s Daguerreotypes | AI Reanimated",224904,11 months ago,330,1205,https://www.youtube.com/watch?v=56g9ZHYbMZc
history_reconstruction,old photographs animated history documentary,i5-xT982oSY,UCtLzJHrw6_iGgXPi_Kj1L_g,ManBesideAi,How to Create History Videos for a Faceless YouTube Channel (Step-by-Step),29551,9 months ago,270,445,https://www.youtube.com/watch?v=i5-xT982oSY
history_reconstruction,old photographs animated history documentary,lLK2JBPC93I,UCCP5j9VOo0QCLMTTf1ORtRA,Lilly's Tech Tips,How to Build a Documentary From Free Archive Clips,103578,10 months ago,300,929,https://www.youtube.com/watch?v=lLK2JBPC93I
history_reconstruction,old photographs animated history documentary,XWW9a8Oc0cA,UCuWIT9JJoL89oB3wQYgkvmQ,ROAR!,"Old Mizoram, Brought to Life (Part II) — AI Animated Historical Photos",36608,3 weeks ago,21,293,https://www.youtube.com/watch?v=XWW9a8Oc0cA
history_reconstruction,old photographs animated history documentary,NFjmF-tSKMs,UCAh4N3-g1Z0AZk4uYfyMqUw,Vicky Logic,Create 2D Documentary Videos Using AI | AI 2D animation Documentary kaise banaye | STEP BY STEP,535,4 months ago,120,1082,https://www.youtube.com/watch?v=NFjmF-tSKMs
history_reconstruction,old photographs animated history documentary,HgOma-23SXQ,UCBH8K4CGLlawdLMQsCS86xg,Ai with Gary,Create VIRAL History Videos (Faceless & AI only) | Step-by-Step Guide,87607,9 months ago,270,791,https://www.youtube.com/watch?v=HgOma-23SXQ
history_reconstruction,old photographs animated history documentary,_DaWNgfQWl8,UCtsbFwFmQb3tnaIbn7EjdUA,Living History,▶🔥 Horrifying Old Photos That Reveal the Hidden Truth Behind Human History — Stone Age Woman,666,6 months ago,180,978,https://www.youtube.com/watch?v=_DaWNgfQWl8
history_reconstruction,old photographs animated history documentary,3whV5-lI4D4,UCtsbFwFmQb3tnaIbn7EjdUA,Living History,▶ Rare Historical Photos That Reveal the Hidden Truth Behind Human History — Marie Antoinette,1167,6 months ago,180,982,https://www.youtube.com/watch?v=3whV5-lI4D4
history_reconstruction,old photographs animated history documentary,Y5kD9VexxSk,UCtsbFwFmQb3tnaIbn7EjdUA,Living History,"▶ The Strange Side of History — Crimes, Inventions, and Forgotten Human Stories",2322,6 months ago,180,824,https://www.youtube.com/watch?v=Y5kD9VexxSk
history_reconstruction,old photographs animated history documentary,OX4e0GCwejo,UCdR7eGozLjafYMTd2BFnJaQ,Youri van Hofwegen,How to Make Documentary Videos with AI for FREE,70864,1 month ago,30,520,https://www.youtube.com/watch?v=OX4e0GCwejo
history_reconstruction,old photographs animated history documentary,9rF1zBBhiMw,UCWJVsGYhm7K2SuIx362YziA,zapiwala ai,How I made Map-to-Monument Animation AI Documentary Videos in 3 Minutes — FREE & Unlimited!,429976,8 months ago,240,198,https://www.youtube.com/watch?v=9rF1zBBhiMw
history_reconstruction,old photographs animated history documentary,TWogF4p424w,UCgw-ToxY5DEI1jjGuUYthrQ,ImranX ,AI Documentary Video Making Tutorial ✅ | Free Text To Video AI Tool!,229536,8 months ago,240,789,https://www.youtube.com/watch?v=TWogF4p424w
history_reconstruction,old photographs animated history documentary,kI64t_d1tew,UCf3dc-Y3k5vBTCVpPCAfG6g,Tube Sensei,Make Viral 2D Animation Documentary Videos | Using AI,222549,4 months ago,120,617,https://www.youtube.com/watch?v=kI64t_d1tew
history_reconstruction,old photographs animated history documentary,X8FiQ2RyGyg,UCgw-ToxY5DEI1jjGuUYthrQ,ImranX ,Make 2D Animated Documentary Like AniDoc! 🤯 AI से बनाओ ऐसी Videos बिलकुल FREE!,35514,5 months ago,150,877,https://www.youtube.com/watch?v=X8FiQ2RyGyg
history_reconstruction,old photographs animated history documentary,JuWcWZrNZLU,UCtsbFwFmQb3tnaIbn7EjdUA,Living History,"How Modern History Was Built — Industry, War, and the Systems Behind the 20th Century",830,6 months ago,180,903,https://www.youtube.com/watch?v=JuWcWZrNZLU
history_reconstruction,old photographs animated history documentary,1YwJLkC4tm4,UCLuIudjbquBATgqkIJxQi6A,Animated History ,1600 Years of Chaotic British History in 17 Minutes,822378,9 months ago,270,1052,https://www.youtube.com/watch?v=1YwJLkC4tm4
history_reconstruction,ancient city reconstructed with AI,OsXlGiuJIpE,UCpr1JAIc49gu9-FAlO4uAKw,timewarp cities,What Did  Troy Look Like In 1200 BC (AI Reconstruction),94883,7 months ago,210,616,https://www.youtube.com/watch?v=OsXlGiuJIpE
history_reconstruction,ancient city reconstructed with AI,u9ek6bCWv5E,UCi52jXjgQlJr4loQ4AX_XDw,Paladin - Reconstructing History,The Vast Ancient Cities of Prehistoric Europe | 24 Hours in World's First Cities (AI Reconstruction),3726,4 months ago,120,639,https://www.youtube.com/watch?v=u9ek6bCWv5E
history_reconstruction,ancient city reconstructed with AI,6LSLGHmpp_A,UCAcoda6jlC-xpxGhwW7yFZw,Matt Reconstructs History,Ancient Rome: The Original Megacity,888480,6 months ago,180,1247,https://www.youtube.com/watch?v=6LSLGHmpp_A
history_reconstruction,ancient city reconstructed with AI,X_gGiZGryNU,UCJHiG7fRmk8Gdxy6numisMA,Ancient Streets,Babylon in 600 BC — Inside the World’s Greatest Ancient City (AI Reconstruction),150926,7 months ago,210,1238,https://www.youtube.com/watch?v=X_gGiZGryNU
history_reconstruction,ancient city reconstructed with AI,gito0uK5axk,UCKWieOUV7aJFvn6iCsRCA9A,Dr. Charlie’s History Lab,6 Greatest Ancient Cities Explained (AI Reconstruction),4217,3 months ago,90,902,https://www.youtube.com/watch?v=gito0uK5axk
history_reconstruction,ancient city reconstructed with AI,DcCwCGicQ1A,UCpr1JAIc49gu9-FAlO4uAKw,timewarp cities,Life In Mesopotamia's Greatest City | 600 BC | 24 Hours In Ancient Babylon,171180,5 months ago,150,1097,https://www.youtube.com/watch?v=DcCwCGicQ1A
history_reconstruction,ancient city reconstructed with AI,PA-3mNEwxzc,UCJHiG7fRmk8Gdxy6numisMA,Ancient Streets,Ur in 2100 BC – The Most Consequential City on Earth (AI Reconstruction),5475,5 months ago,150,1442,https://www.youtube.com/watch?v=PA-3mNEwxzc
history_reconstruction,ancient city reconstructed with AI,r5wP39JR1dk,UCi52jXjgQlJr4loQ4AX_XDw,Paladin - Reconstructing History,Babylon — Inside the World’s Greatest Ancient City (AI Reconstruction),3399,5 months ago,150,688,https://www.youtube.com/watch?v=r5wP39JR1dk
history_reconstruction,ancient city reconstructed with AI,jhEV3XGzcEo,UCpr1JAIc49gu9-FAlO4uAKw,timewarp cities,Experience Life in Tang Dynasty | 24 Hours in Ancient China (Chang’an),135302,5 months ago,150,1133,https://www.youtube.com/watch?v=jhEV3XGzcEo
history_reconstruction,ancient city reconstructed with AI,idy79re008c,UC5M4AITera9RmytwHTIQWvQ,Andrew Restores History,"What Petra Really Looked Like 2,000 Years Ago (AI Reconstruction)",62883,5 months ago,150,1243,https://www.youtube.com/watch?v=idy79re008c
history_reconstruction,ancient city reconstructed with AI,7JE1lN25wlE,UCJHiG7fRmk8Gdxy6numisMA,Ancient Streets,Alexandria in 200 BC – The Most Important City on Earth (AI Reconstruction),66545,6 months ago,180,760,https://www.youtube.com/watch?v=7JE1lN25wlE
history_reconstruction,ancient city reconstructed with AI,n_qVfFE0510,UCJC35B558iY_ljm6RwRlkcg,Arthur Revives the Past,What Ephesus Really Looked Like in the 1st Century (AI Reconstruction),19239,3 weeks ago,21,1066,https://www.youtube.com/watch?v=n_qVfFE0510
history_reconstruction,ancient city reconstructed with AI,rqwdrRuOlIo,UC6b4NXX4ppECUzdvTsX9Dtw,ancient editions,"What Petra Looked Like 2,000 Years Ago (AI Reconstruction)",145268,6 months ago,180,952,https://www.youtube.com/watch?v=rqwdrRuOlIo
history_reconstruction,ancient city reconstructed with AI,uFIcBXLOEns,UCi52jXjgQlJr4loQ4AX_XDw,Paladin - Reconstructing History,Experience 24 Hours In Uruk | How a day looked like in Mesopotamia,25195,6 months ago,180,568,https://www.youtube.com/watch?v=uFIcBXLOEns
history_reconstruction,ancient city reconstructed with AI,qieTY1GMfMw,UCDcos6ay1nqzS2BOlPuoyPQ,Prompted History,A Tour of Babylon in 600 BC (AI Reconstruction),120,4 months ago,120,501,https://www.youtube.com/watch?v=qieTY1GMfMw
history_reconstruction,ancient city reconstructed with AI,V8OrKUBIuNc,UC_ggxFiKnsSO4wVwvoGJo0A,Ancient secrets. History tales,🌇 Petra: Secrets of the Ancient City Hidden in the Desert (AI Reconstruction)  #lostcivilizations,85,4 months ago,120,457,https://www.youtube.com/watch?v=V8OrKUBIuNc
history_reconstruction,ancient city reconstructed with AI,p0fKWhakBB4,UCJHiG7fRmk8Gdxy6numisMA,Ancient Streets,Nineveh in 700 BC — The Most Powerful City on Earth (AI Reconstruction),7702,5 months ago,150,1089,https://www.youtube.com/watch?v=p0fKWhakBB4
history_reconstruction,ancient city reconstructed with AI,xso3-1ZWirs,UCpr1JAIc49gu9-FAlO4uAKw,timewarp cities,What Was Life Really Like in Ancient Rome? | Experience 7 Days as a Roman Citizen In 117 AD,407482,3 months ago,90,2004,https://www.youtube.com/watch?v=xso3-1ZWirs
economic_explainers,AI bubble explained finance documentary,tAXKxKTGWFQ,UCkCGANrihzExmu9QiqZpPlQ,How Money Works,If Not Bubble... Why Bubble Shaped?,2436775,9 months ago,270,660,https://www.youtube.com/watch?v=tAXKxKTGWFQ
economic_explainers,AI bubble explained finance documentary,pp8vdZdNl2A,UCAuUUnT6oDeKwE6v1NGQxug,TED,Is the AI Bubble About to Burst? | Henrik Zeberg | TED,192275,8 months ago,240,1028,https://www.youtube.com/watch?v=pp8vdZdNl2A
economic_explainers,AI bubble explained finance documentary,kx_okFl98Vw,UCP9RPj_BG0vit2TNM7LuRxA,Crayon Capital,The AI Bubble Explained Like You're 5,417977,8 months ago,240,733,https://www.youtube.com/watch?v=kx_okFl98Vw
economic_explainers,AI bubble explained finance documentary,hy90LdpEUvQ,UCGy7SkBjcIAgTiwkXEtPnYg,Andrei Jikh,South Korea’s AI Bubble Just Popped,2824397,1 month ago,30,1510,https://www.youtube.com/watch?v=hy90LdpEUvQ
economic_explainers,AI bubble explained finance documentary,AcjnLc4TH4M,UCOT2iLov0V7Re7ku_3UBtcQ,Hank Green,The Riskiest Moment of the AI Bubble,2059755,2 months ago,60,749,https://www.youtube.com/watch?v=AcjnLc4TH4M
economic_explainers,AI bubble explained finance documentary,c5tdpOVrtdA,UCknLrEdhRCp1aegoMqRaCZg,DW News,Is AI the next dot-com crash? | Business Beyond,295651,3 months ago,90,1183,https://www.youtube.com/watch?v=c5tdpOVrtdA
economic_explainers,AI bubble explained finance documentary,C6eXTvqdaro,UCxgAuX3XZROujMmGphN_scA,Mark Tilbury,The AI Bubble Is On The Verge Of Collapse,6071991,9 months ago,270,907,https://www.youtube.com/watch?v=C6eXTvqdaro
economic_explainers,AI bubble explained finance documentary,CxclJzssUoc,UCrNfRFWnLC3tCy1TnyhVQ7g,Casual Finance,"it’s boring, but it’s what bursts the ai bubble",378714,2 weeks ago,14,1078,https://www.youtube.com/watch?v=CxclJzssUoc
economic_explainers,AI bubble explained finance documentary,4EPW0Ht7XCc,UCfdNM3NAhaBOXCafH7krzrA,The Infographics Show,WTF is Happening with South Korean Economy,355189,3 days ago,3,886,https://www.youtube.com/watch?v=4EPW0Ht7XCc
economic_explainers,AI bubble explained finance documentary,2J2Fb1bBufA,UCrNfRFWnLC3tCy1TnyhVQ7g,Casual Finance,The AI Bubble… We Need to Talk,496777,1 month ago,30,1083,https://www.youtube.com/watch?v=2J2Fb1bBufA
economic_explainers,AI bubble explained finance documentary,BLguhZH2YHo,UCnThE8FLrlN-tYvZhZL0uaA,Finance Bureau,The Rise and Fall of the AI Bubble,61338,1 month ago,30,965,https://www.youtube.com/watch?v=BLguhZH2YHo
economic_explainers,AI bubble explained finance documentary,zWJ-g5u9Rqs,UCfdNM3NAhaBOXCafH7krzrA,The Infographics Show,AI Bubble vs Dot Com Crash. History is REPEATING,521633,1 month ago,30,1314,https://www.youtube.com/watch?v=zWJ-g5u9Rqs
economic_explainers,AI bubble explained finance documentary,OpANGXgj_Kg,UCUMccND2H_CVS0dMZKCPCXA,FinnovationZ by Prasad,When will the AI bubble burst ?? Korean AI Bubble Explained !!,326024,2 weeks ago,14,1196,https://www.youtube.com/watch?v=OpANGXgj_Kg
economic_explainers,AI bubble explained finance documentary,_YXDHskRP6Y,UCGy7SkBjcIAgTiwkXEtPnYg,Andrei Jikh,Here's What Pops This Stock Bubble,929802,4 days ago,4,1509,https://www.youtube.com/watch?v=_YXDHskRP6Y
economic_explainers,AI bubble explained finance documentary,jJrEnv1IDvg,UCUMZ7gohGI9HcU9VNsr2FJQ,Bloomberg Originals,Why South Korea’s AI Stock Mania Is a Warning to the World,664205,1 month ago,30,560,https://www.youtube.com/watch?v=jJrEnv1IDvg
economic_explainers,AI bubble explained finance documentary,nIbxQN1nHsQ,UC2-_WWPT_124iN6jiym4fOw,Asian Boss,The Hidden Force Behind South Korea’s AI Stock Market Crash | AB Explained,205508,3 days ago,3,3267,https://www.youtube.com/watch?v=nIbxQN1nHsQ
economic_explainers,AI bubble explained finance documentary,801JPiGAKOE,UCKZozRVHRYsYHGEyNKuhhdA,Think School,America's AI Panic | Has the Market Crash Begun?,770816,3 weeks ago,21,932,https://www.youtube.com/watch?v=801JPiGAKOE
economic_explainers,AI bubble explained finance documentary,EJnys1QAZq8,UCx3jhoCjNpOuYYQ9yDVx6CQ,Rajnikant Sharma,Is India Ready for an AI Bubble Crash? - Business Case Study,4653,2 weeks ago,14,610,https://www.youtube.com/watch?v=EJnys1QAZq8
economic_explainers,AI bubble explained finance documentary,uOh8BHYyH8Q,UCkQ2J1LUtzt_kNzH_cC24AA,Internet Education,The AI Bubble is Bursting and I Can't Be Happier.,146205,1 month ago,30,1233,https://www.youtube.com/watch?v=uOh8BHYyH8Q
economic_explainers,AI bubble explained finance documentary,9yy_Wz0BbyU,UCUMZ7gohGI9HcU9VNsr2FJQ,Bloomberg Originals,How Circular Deals Are Driving the AI Boom,453587,7 months ago,210,603,https://www.youtube.com/watch?v=9yy_Wz0BbyU
economic_explainers,economic crisis explained 2026 documentary,BFVjLPZG0B4,UCP_E9zeJC6_2_VVQaiZPuEQ,old history,Political Crisis & Economic Turmoil (2006–2026): The Global Crisis Era Explained,3,2 weeks ago,14,266,https://www.youtube.com/watch?v=BFVjLPZG0B4
economic_explainers,economic crisis explained 2026 documentary,cArbZSFp2Ro,UCPBEqHIU1d4OFj7rHDooD4g,The Money Files,The 2026 Crash: Full Documentary (Financial Crisis Explained),2242,8 months ago,240,1518,https://www.youtube.com/watch?v=cArbZSFp2Ro
economic_explainers,economic crisis explained 2026 documentary,27dv1vytotQ,UCgh64ACtEEg54f9aPnCjbQA,The Explanations Loop,1000+ IQ Governor Ne Doobti India Ki Economy Ko Akela Bacha Liya 🔥 | 2026 Movie Explained हिन्दी,16551,4 days ago,4,1150,https://www.youtube.com/watch?v=27dv1vytotQ
economic_explainers,economic crisis explained 2026 documentary,RxkVW4MKjio,UCmOCpBKeoBPp-HwarhIBA2g,Best Documentary,"The Global Debt Crisis Explained (Dubai, Argentina & the USA)",16350,3 weeks ago,21,4996,https://www.youtube.com/watch?v=RxkVW4MKjio
economic_explainers,economic crisis explained 2026 documentary,Qdk5QaNdZVE,UC9_U5kPLsPJSP1MUfDz6O6A,OFFICIAL CRIMINOLOGY,2026 economic crash explained: Next financial crisis documentary,102,6 months ago,180,499,https://www.youtube.com/watch?v=Qdk5QaNdZVE
economic_explainers,economic crisis explained 2026 documentary,Tm7QihcAErc,UCNye-wNBqNL5ZzHSJj3l8Bg,Al Jazeera English,What's next for the global economy in 2026? | Counting the Cost,482975,7 months ago,210,1681,https://www.youtube.com/watch?v=Tm7QihcAErc
economic_explainers,economic crisis explained 2026 documentary,ZZ25uZtey34,UC3ScyryU9Oy9Wse3a8OAmYQ,FRONTLINE PBS | Official,"Before the Great Recession, “The Warning” (full documentary)",1799194,6 months ago,180,3275,https://www.youtube.com/watch?v=ZZ25uZtey34
economic_explainers,economic crisis explained 2026 documentary,7Ns1gPM_c98,UCS89Byb2r-4ig8bUqpaceLw,HIST ,Pakistan's Economic Crisis Explained (1947-2026) | Documentary,40,3 weeks ago,21,1111,https://www.youtube.com/watch?v=7Ns1gPM_c98
economic_explainers,economic crisis explained 2026 documentary,whL6Xt8P3dI,UC57BueXueAK6LAc7F5Fah6A,Tern-tv,2026 economic crash explained: Next financial crisis documentary,20,6 months ago,180,477,https://www.youtube.com/watch?v=whL6Xt8P3dI
economic_explainers,economic crisis explained 2026 documentary,UGNTMmeLlK0,UCsDTy8jvHcwMvSZf_JGi-FA,Abhi and Niyu,How Argentina lost all its MONEY? Explained by Abhi and Niyu,710106,1 month ago,30,1509,https://www.youtube.com/watch?v=UGNTMmeLlK0
economic_explainers,economic crisis explained 2026 documentary,TYTIY7azQ4s,UC-CSyyi47VX1lD9zyeABW3w,Dhruv Rathee,India's Economy is in DANGER | Rupee is Collapsing | Dhruv Rathee,10132182,1 month ago,30,1337,https://www.youtube.com/watch?v=TYTIY7azQ4s
economic_explainers,economic crisis explained 2026 documentary,6gSfq7kGZhE,UCZ4AMrDcNrfy3X6nsU8-rPg,Economics Explained,Iran's Economy Was Collapsing … And Then The War Started,299828,2 months ago,60,972,https://www.youtube.com/watch?v=6gSfq7kGZhE
economic_explainers,economic crisis explained 2026 documentary,nr5dcBPACH0,UCo7FvfMJeTRhO-d7xT8IZlg,Casual Economics,How a Debt Crisis Ruined Greece,139671,5 months ago,150,814,https://www.youtube.com/watch?v=nr5dcBPACH0
economic_explainers,economic crisis explained 2026 documentary,l07buOKw-UE,UCc-931hHB6vvtB_-7cbNs7Q,What If Politics,America's $39.8 Trillion Debt Crisis Explained | US Economy Documentary,129,3 weeks ago,21,688,https://www.youtube.com/watch?v=l07buOKw-UE
economic_explainers,economic crisis explained 2026 documentary,hD4V-dEoPGE,UC1EIoqFQ2sdKuost-p_UwBQ,The Financial Coin Historian,The 2025-2027 Crash: A Forensic Audit (Full Documentary) (Financial Crisis Explained),47445,8 months ago,240,1012,https://www.youtube.com/watch?v=hD4V-dEoPGE
economic_explainers,economic crisis explained 2026 documentary,MkBF70c291c,UCGUA1G140MmtPbRnENA5zEA,VISTAAR CINETALKS ,Governor (2026) Movie Explained in Hindi | The Untold Story of India's Economic Crisis,74100,2 months ago,60,1513,https://www.youtube.com/watch?v=MkBF70c291c
economic_explainers,economic crisis explained 2026 documentary,xDSi8-vyZIs,UCKZozRVHRYsYHGEyNKuhhdA,Think School,How GEORGE SOROS made $2 BILLION by CRASHING THAILAND's Economy | Economic Case Study,887744,4 months ago,120,925,https://www.youtube.com/watch?v=xDSi8-vyZIs
economic_explainers,economic crisis explained 2026 documentary,fNNz9a2OIn4,UCKZozRVHRYsYHGEyNKuhhdA,Think School,India’s NEXT Economic Crisis: Super El Niño 2026 | Case Study,1295446,3 months ago,90,1174,https://www.youtube.com/watch?v=fNNz9a2OIn4
economic_explainers,finance explained simply animation,UWmwq9ojHJ8,UCbrSe4uBIeqJweOYnJAOsrw,EverythingProfessor,Simply Explaining Financial Questions EVERYONE Has,1323912,6 months ago,180,916,https://www.youtube.com/watch?v=UWmwq9ojHJ8
economic_explainers,finance explained simply animation,-twCrAh_LlQ,UC5WC-_hfF21iwzYo4-HNW6w,Crimzcrypt AI,How to Make VIRAL 2D Finance Animation Videos With AI (Full Tutorial),36382,1 month ago,30,537,https://www.youtube.com/watch?v=-twCrAh_LlQ
economic_explainers,finance explained simply animation,04POar44758,UCDy5K4UNhE3l9-3mu9V-d3A,How People Make Money,FINANCIAL SYSTEM explained in 18 mins,350343,11 months ago,330,1094,https://www.youtube.com/watch?v=04POar44758
economic_explainers,finance explained simply animation,dlDo067wndo,UCkyOfu3ogDlpU3bxkvZ8uOA,Kids Toon Stories ,How Rich Get Richer (The Money Secret Nobody Teaches You) | Animated Finance Explained,28,1 month ago,30,388,https://www.youtube.com/watch?v=dlDo067wndo
economic_explainers,finance explained simply animation,lW29lVYi2uI,UC14Fb2zWTEZklONPXFbLrTQ,Primate Economics,Investing Explained with Bananas,426679,10 months ago,300,492,https://www.youtube.com/watch?v=lW29lVYi2uI
economic_explainers,finance explained simply animation,37C7fXr8XSY,UC14Fb2zWTEZklONPXFbLrTQ,Primate Economics,Financial Bubbles Explained with Bananas,1114709,6 months ago,180,673,https://www.youtube.com/watch?v=37C7fXr8XSY
economic_explainers,finance explained simply animation,JgLnxr_87Po,UCEx4SuiSEiqcUyE2mQxkxYA,StickMan Decoder,"Understanding money, Basics Financial concepts explained by Cartoon Stickman character",119,9 months ago,270,425,https://www.youtube.com/watch?v=JgLnxr_87Po
economic_explainers,finance explained simply animation,yOWOc4SuYJY,UCWU1EakN5da6jXrOkrU3yFg,Money Degree,How I Create Viral High RPM Finance Videos Using AI (Full Blueprint),71687,5 months ago,150,1155,https://www.youtube.com/watch?v=yOWOc4SuYJY
economic_explainers,finance explained simply animation,AmnvSAtGByo,UCoWYbKwlQq1iZLACfrE5OZw,Republic of Economy,SAVING vs INVESTING...,9,3 weeks ago,21,160,https://www.youtube.com/watch?v=AmnvSAtGByo
economic_explainers,finance explained simply animation,8_RfiQoVokQ,UCWJVsGYhm7K2SuIx362YziA,zapiwala ai,🔥How I Made VIRAL AI Inspirational Finance Videos (FREE AI Tools),554974,7 months ago,210,1094,https://www.youtube.com/watch?v=8_RfiQoVokQ
economic_explainers,finance explained simply animation,zxVoCw3P1Gc,UCmbF1cyNa6y7uNYiqYmSVJw,LITTLE BIT BETTER,"Once You Learn Economics, You Can't Be MANIPULATED Anymore",2306817,5 months ago,150,1152,https://www.youtube.com/watch?v=zxVoCw3P1Gc
economic_explainers,finance explained simply animation,SaWJMC3PsmA,UCQUnqaW8Q33siyLYhisN7HQ,Antidote,The Intelligent Investor in 31 Minutes | Animated Book Summary,430672,4 months ago,120,1896,https://www.youtube.com/watch?v=SaWJMC3PsmA
economic_explainers,finance explained simply animation,MR-e3e50-j8,UCNjPtOCvMrKY5eLwr_-7eUg,Alux.com,The Banking System Explained in 14 Minutes,89351,8 months ago,240,886,https://www.youtube.com/watch?v=MR-e3e50-j8
economic_explainers,finance explained simply animation,4v2wM0-mQgM,UClSk7N-ED-BzDakdw5mzdZA,Academic_Investor,"Financial system: easy explanation. | learn, earn n grow #animated #story #financialsystem #concept",26,3 months ago,90,458,https://www.youtube.com/watch?v=4v2wM0-mQgM
economic_explainers,finance explained simply animation,l_JwgbWx-BI,UCfW7Uk_vJfa2t5IeWikYv6Q,Explained In minutes,This ₹9000 Finance course is Free !!!!,594802,2 months ago,60,1481,https://www.youtube.com/watch?v=l_JwgbWx-BI
economic_explainers,finance explained simply animation,RJWIcUbGa5w,UCQArOGTvTCInZVGZ9lcRIAA,Thinkdom,How to Explain Vehicle Financing Simply | Animated Training Video,11,2 weeks ago,14,63,https://www.youtube.com/watch?v=RJWIcUbGa5w
economic_explainers,finance explained simply animation,APlGPpM-nBo,UCo7FvfMJeTRhO-d7xT8IZlg,Casual Economics,The 2008 Financial Crisis in 12 Minutes (Casual Economics),267032,11 months ago,330,713,https://www.youtube.com/watch?v=APlGPpM-nBo
economic_explainers,finance explained simply animation,6shVN9-LTUU,UCJVNebNYMnzV3-LDT45LO4w,Ai.Explanation ,Business Financing Explained Simply | Internal & External Sources of Finance (4K Animation),1,2 weeks ago,14,469,https://www.youtube.com/watch?v=6shVN9-LTUU
economic_explainers,finance explained simply animation,tf2IhkAk0TA,UCMlyxcyZvxs7UzvbUEQJehA,Fewne,Generate 100+ High-Quality Finance Videos in Minutes—Free AI Automation!,218639,6 months ago,180,812,https://www.youtube.com/watch?v=tf2IhkAk0TA
economic_explainers,finance explained simply animation,dtcAdkHysdE,UCY6AEi16zlJGqeCtxh37I0w,Finance With Financer,Learn Financial Wisdom From Books—Made Simple & Animated,27,8 months ago,240,98,https://www.youtube.com/watch?v=dtcAdkHysdE
economic_explainers,global debt explained documentary,2JjhTV6dyqc,UC32XD2TGOG0He0Ikxc7it4Q,Kaushik Bhattacharjee,Who Really Owns World Debt?,309626,10 months ago,300,754,https://www.youtube.com/watch?v=2JjhTV6dyqc
economic_explainers,global debt explained documentary,N5lc5sJNF0s,UCvaUiQa0X5RxzBiD-fK-oeg,BizLens,The Truth About Global DEBT Nobody Tells You,277807,1 year ago,365,456,https://www.youtube.com/watch?v=N5lc5sJNF0s
economic_explainers,global debt explained documentary,49vuc5gRVRg,UCHOocsUOZDp4xgDQrBLJ3xA,American Sources ,America’s $40 Trillion Debt Explained: Who Does America Owe?,51,22 hours ago,0,94,https://www.youtube.com/watch?v=49vuc5gRVRg
economic_explainers,global debt explained documentary,SGfm8cy34lM,UCovdPx9RJ49qDd53fXHxVUQ,Financial Empire,"""If Every Country Is in Debt... Who's the Creditor?"".",32,1 month ago,30,624,https://www.youtube.com/watch?v=SGfm8cy34lM
economic_explainers,global debt explained documentary,o_SKRvThcPc,UCAjM2orxafAp-phU94QKK8A,Financial Cycles,Who Owns the World’s Debt?,34,1 month ago,30,521,https://www.youtube.com/watch?v=o_SKRvThcPc
economic_explainers,global debt explained documentary,3iXmOL80FwM,UCAnkPIhSd7qSMtt6rxFDAiQ,Indo dark thriller ,The Global Debt Crisis Explained | Why Every Country Keeps Borrowing,13,1 month ago,30,260,https://www.youtube.com/watch?v=3iXmOL80FwM
economic_explainers,global debt explained documentary,tofgZdt-WiU,UCkxL9JlOkHDQPE1_XTbO7Gw,Anmol Sharma,The Global Debt Crisis Explained Simply,96,5 months ago,150,533,https://www.youtube.com/watch?v=tofgZdt-WiU
economic_explainers,global debt explained documentary,qYfM6EpSFIE,UCdpDOLDodENOwfA0b4fLwsw,Spoke Media ,How the IMF Keeps Poor Countries in a Debt Trap | Hidden Story of Global Finance,5599,9 months ago,270,1287,https://www.youtube.com/watch?v=qYfM6EpSFIE
economic_explainers,global debt explained documentary,b665H_Tywg0,UCZ4AMrDcNrfy3X6nsU8-rPg,Economics Explained,Why Is the World In So Much Debt,268731,1 month ago,30,1736,https://www.youtube.com/watch?v=b665H_Tywg0
economic_explainers,global debt explained documentary,xz8IwVg4P4E,UCYatHuZUhLwuj-3OLKYj6zg,DADA TuhiRam ,"The Money Matrix: Money, Power and the System: Hidden History.",195702,6 months ago,180,3162,https://www.youtube.com/watch?v=xz8IwVg4P4E
economic_explainers,global debt explained documentary,HpXNUs7BahI,UCvG1gfAJhgPLAI6Ri2o6MZw,Nomi Docs,The World Is Borrowing Trillions — But From Whom? The Invisible Market That Moves the Global Economy,26,12 days ago,12,764,https://www.youtube.com/watch?v=HpXNUs7BahI
economic_explainers,global debt explained documentary,XMifBWS2H9I,UCA1zVt6y6hidCOBUrn1si8Q,FD Finance,Death on Credit: The Global Debt Trap Explained | FD Finance,25007,1 month ago,30,3246,https://www.youtube.com/watch?v=XMifBWS2H9I
economic_explainers,global debt explained documentary,K3UtcpNZBg8,UCT8B6iomFt7jCvKUPROL4aQ,Discover The World,Global Debt Explained: Who Really Owns the World?,463,9 months ago,270,626,https://www.youtube.com/watch?v=K3UtcpNZBg8
economic_explainers,global debt explained documentary,40_6WqWxxhg,UCPVgmc9C4dNjp9EplCCRn5A,Finance Chronicles,Paradox of Global Debt,57,2 months ago,60,560,https://www.youtube.com/watch?v=40_6WqWxxhg
economic_explainers,global debt explained documentary,3zaaPZzOoLI,UC_Goeghm6xJJRkGHsOU9_Wg,Market Explained,The Global Debt Cycle Is Entering Its Final Phase,645,7 months ago,210,1998,https://www.youtube.com/watch?v=3zaaPZzOoLI
economic_explainers,global debt explained documentary,2Ps_dvSRkuQ,UC0mATVwgyJdQRNEvdCNhLQw,The Fellow Investor,Rome’s Currency Crisis vs Today’s Global Debt: History Repeats?,81,11 months ago,330,134,https://www.youtube.com/watch?v=2Ps_dvSRkuQ
economic_explainers,global debt explained documentary,VGRxZwRzEg4,UCNye-wNBqNL5ZzHSJj3l8Bg,Al Jazeera English,Could soaring global debt trigger the next financial crisis? | Counting the Cost,147053,9 months ago,270,1681,https://www.youtube.com/watch?v=VGRxZwRzEg4
economic_explainers,global debt explained documentary,m5yWfHP1fk0,UCGQBaG37gPK2wWKCIdjAv3Q,The Financial Explorer,Who Owns the World's Debt? ($320 Trillion Explained),1566,10 months ago,300,2354,https://www.youtube.com/watch?v=m5yWfHP1fk0
economic_explainers,global debt explained documentary,1vRq0_INlh0,UCSOI_XVqIqwbQW-SnWpPjGA,Empire of Money,The Debt Trap: How the World Fell Into the Greatest Financial Experiment in History,13,9 months ago,270,834,https://www.youtube.com/watch?v=1vRq0_INlh0
economic_explainers,why America economy 2026 explained,9jPu95RFnhA,UC-uhvujip5deVcEtLxnW8qg,TLDR News Global,The Gen-Z Unemployment Crisis Explained,156102,1 day ago,1,504,https://www.youtube.com/watch?v=9jPu95RFnhA
economic_explainers,why America economy 2026 explained,R-UHVRTVUwY,UCmB6U6fVkEaUpOI-_5uRjZA,Study Glows,US is about to collapse : $40 trillion debt explained,63220,1 day ago,1,779,https://www.youtube.com/watch?v=R-UHVRTVUwY
economic_explainers,why America economy 2026 explained,-th98EU93ps,UCeY0bbntWzzVIaj2z3QigXg,NBC News,How the U.S. government went from a balanced budget to $40 trillion in debt,200504,2 days ago,2,212,https://www.youtube.com/watch?v=-th98EU93ps
economic_explainers,why America economy 2026 explained,mCsWeMCLKX0,UCuG3DM-rUFkJ5hXk_TIe5SA,Unknown Dollar,Why the US Economy Is Beating Europe in 2026 (Explained),124,2 weeks ago,14,915,https://www.youtube.com/watch?v=mCsWeMCLKX0
economic_explainers,why America economy 2026 explained,JtAhJ3j0hG8,UCW-B3YqxljqVGYChJS0FjxQ,The Invisible Hand,What Actually Happens if the U.S. Economy Crashes,200588,3 months ago,90,1044,https://www.youtube.com/watch?v=JtAhJ3j0hG8
economic_explainers,why America economy 2026 explained,oC0ywzok_Ng,UCfdNM3NAhaBOXCafH7krzrA,The Infographics Show,The Beginning of the US Debt Collapse is Here,717512,1 month ago,30,1189,https://www.youtube.com/watch?v=oC0ywzok_Ng
economic_explainers,why America economy 2026 explained,N_GDTJxWu0U,UCNye-wNBqNL5ZzHSJj3l8Bg,Al Jazeera English,US debt hits $40 trillion: Who does Washington owe and why does it matter?,152623,3 days ago,3,118,https://www.youtube.com/watch?v=N_GDTJxWu0U
economic_explainers,why America economy 2026 explained,6D3aiEWFwwc,UCfdNM3NAhaBOXCafH7krzrA,The Infographics Show,Real Reason Why The Economy Has Not COLLAPSED Yet.,806443,2 months ago,60,1094,https://www.youtube.com/watch?v=6D3aiEWFwwc
economic_explainers,why America economy 2026 explained,XfocQuPgK-w,UCBr2W3nb0jPSnommNbbpMAw,Economics Help,$9 Trillion of US Debt is Due in 2026 — What Happens Next?,229209,2 weeks ago,14,609,https://www.youtube.com/watch?v=XfocQuPgK-w
economic_explainers,why America economy 2026 explained,wsp7wJQ4qBM,UCPohbSYq4IXhv0yxiy-sT4g,Yadnya Investment Academy,"Daily Stock Market News (Aug 24, 2026): US Tariffs, $40T Debt, India Trade Deficit & IOC Pact",13432,14 hours ago,0,1220,https://www.youtube.com/watch?v=wsp7wJQ4qBM
economic_explainers,why America economy 2026 explained,aUM4kv0HnG0,UCqPTW4CeoAgq111DA__mP9g,Max Fisher,America's job market is collapsing,1732405,4 months ago,120,1792,https://www.youtube.com/watch?v=aUM4kv0HnG0
economic_explainers,why America economy 2026 explained,LiqI-Ie3N-E,UCj-Mjn68ap6Hgj6sxp2rpRA,The 700 Club,The South Is Taking Over America’s Economy,118457,5 days ago,5,382,https://www.youtube.com/watch?v=LiqI-Ie3N-E
economic_explainers,why America economy 2026 explained,Ely7ktQPnsc,UC6RcE6Vif-2ZDo0XvufHVSQ,Who Gets Paid,The Economy of the United States Explained,11586,4 days ago,4,1387,https://www.youtube.com/watch?v=Ely7ktQPnsc
economic_explainers,why America economy 2026 explained,jLocjYdlH3E,UCe-WJ14657ObdpIs2kIL13w,VIRAT IAS INSIGHTS,America is Bankrupt? The $40 Trillion Debt Crisis & US Bond Market Crash Explained,50363,2 days ago,2,1106,https://www.youtube.com/watch?v=jLocjYdlH3E
economic_explainers,why America economy 2026 explained,KBwC9UweH-g,UCfdNM3NAhaBOXCafH7krzrA,The Infographics Show,$39 Trillion Debt. The American Economy is DOOMED.,1042255,3 months ago,90,939,https://www.youtube.com/watch?v=KBwC9UweH-g
economic_explainers,why America economy 2026 explained,jQUUAEemvSE,UCGy7SkBjcIAgTiwkXEtPnYg,Andrei Jikh,Why The U.S. Economy Has Not Collapsed Yet,1604087,5 months ago,150,1578,https://www.youtube.com/watch?v=jQUUAEemvSE
economic_explainers,why America economy 2026 explained,Ot8lg2nC4Ao,UCftwRNsjfRo08xYE31tkiyw,WIRED,Economist Answers U.S. Economy Questions,349918,12 days ago,12,1613,https://www.youtube.com/watch?v=Ot8lg2nC4Ao
economic_explainers,why America economy 2026 explained,RYdGEYkYCQ4,UCZ4AMrDcNrfy3X6nsU8-rPg,Economics Explained,The End Game of UK Economics,424183,2 weeks ago,14,1236,https://www.youtube.com/watch?v=RYdGEYkYCQ4
economic_explainers,business scam explained 2026 documentary,a9cugMoM89w,UCoUxsWakJucWg46KW5RsvPw,Financial Times,"Scammers, spies and triads: inside cyber-crime’s $15tn global empire | FT Film",277222,8 months ago,240,1756,https://www.youtube.com/watch?v=a9cugMoM89w
economic_explainers,business scam explained 2026 documentary,XC6ojFVEgwc,UCHUQEbNQBqO4hj7cxRxUPvQ,Gen-Z Way,₹20 Crore Franchise Scam. The Dark Reality of Dolly Chaiwala's Illegal Business,1955456,8 months ago,240,1561,https://www.youtube.com/watch?v=XC6ojFVEgwc
economic_explainers,business scam explained 2026 documentary,5HfeIAsQKCE,UCHJuQZuzapBh-CuhRYxIZrg,Insider,How The Dark Web Actually Works | How Crime Works | Insider,1664279,9 months ago,270,2364,https://www.youtube.com/watch?v=5HfeIAsQKCE
economic_explainers,business scam explained 2026 documentary,ZctRT5RXA0E,UCmOCpBKeoBPp-HwarhIBA2g,Best Documentary,Suddenly a millionaire : The curse of winning the lottery,2538647,11 months ago,330,3262,https://www.youtube.com/watch?v=ZctRT5RXA0E
economic_explainers,business scam explained 2026 documentary,2GLPaHa6fTs,UCW39zufHfsuGgpLviKh297Q,DW Documentary,Opioid crisis in the US - Business & addiction (2/2) | DW Documentary,234181,6 months ago,180,3066,https://www.youtube.com/watch?v=2GLPaHa6fTs
economic_explainers,business scam explained 2026 documentary,kx7JZ3o69pg,UCVnW6nZwKO--v-hj1imiMEQ,CineBuzz,ইতিহাসের সবচেয়ে বড়ো জুয়ার সিন্ডিকেট! New Crime Thriller Movie Explained in Bangla | CineBuzz,648569,4 months ago,120,2873,https://www.youtube.com/watch?v=kx7JZ3o69pg
economic_explainers,business scam explained 2026 documentary,yZFzVIBuCdM,UCPJ_UzD4PEC-_vwN32amlIQ,Open Letter,Harsh truth of MLM Scam...,845840,7 months ago,210,964,https://www.youtube.com/watch?v=yZFzVIBuCdM
economic_explainers,business scam explained 2026 documentary,VR1JuEeBgEI,UC31GyoVAjRLLK9Nh4298PzA,iamLucid,Investigating the Dark Web's Money Making Methods,719199,7 months ago,210,1507,https://www.youtube.com/watch?v=VR1JuEeBgEI
economic_explainers,business scam explained 2026 documentary,UnvtdsiTgD8,UCGBoWe1mzCvbbqDNncmxm8A,FINAiUS,Black Budget - The ENTIRE History of CIA | Documentary,1714107,11 months ago,330,2777,https://www.youtube.com/watch?v=UnvtdsiTgD8
economic_explainers,business scam explained 2026 documentary,WcckBmkauBQ,UCKZozRVHRYsYHGEyNKuhhdA,Think School,The Dirty AI lie : How the GREATEST bet in human history started to crack in June 2026?,3124422,1 month ago,30,1253,https://www.youtube.com/watch?v=WcckBmkauBQ
economic_explainers,business scam explained 2026 documentary,z-y1oG-A7Lg,UCnM1bIVGUXUIgj-8pqtw1dw,Cine Recaps BD,হাতে এঁকে জাল ডলার তৈরি করে গরীব থেকে কোটিপতি! | Movie Explained In Bangla,1663140,4 months ago,120,1616,https://www.youtube.com/watch?v=z-y1oG-A7Lg
economic_explainers,business scam explained 2026 documentary,0EZ6f3M64rI,UCUMZ7gohGI9HcU9VNsr2FJQ,Bloomberg Originals,The Dark Money Behind Myanmar’s Civil War | Bloomberg Investigates,325798,4 days ago,4,1140,https://www.youtube.com/watch?v=0EZ6f3M64rI
economic_explainers,business scam explained 2026 documentary,rKkfw-2OLMY,UCdHqdfzdvT7tbAfeQM1gLnQ,Grant Rudow,"The NEW 'Payday Loan' Scam, Explained",469012,10 months ago,300,841,https://www.youtube.com/watch?v=rKkfw-2OLMY
economic_explainers,business scam explained 2026 documentary,TlppYYh-Gwc,UC-CSyyi47VX1lD9zyeABW3w,Dhruv Rathee,India's BIGGEST Exam Fraud | How NEET was Leaked! | Dhruv Rathee,9023411,3 months ago,90,755,https://www.youtube.com/watch?v=TlppYYh-Gwc
economic_explainers,business scam explained 2026 documentary,dZtZTVi5zNM,UCFqYcXDkv9inrIsALD00SQA,Movie Gyan,Matka Lottery Scam - Journey from Road to Crore | Matka King (2026) Explained in Hindi | summariz...,261442,3 months ago,90,3613,https://www.youtube.com/watch?v=dZtZTVi5zNM
economic_explainers,business scam explained 2026 documentary,pBaecYk-LI8,UC6JEz6BKg7hX7idKecN7QYA,Jist,How Subrata Roy Fooled Indians? Sahara Scam Explained ft. Sonal | Jist,619950,3 months ago,90,1256,https://www.youtube.com/watch?v=pBaecYk-LI8
economic_explainers,business scam explained 2026 documentary,d4S5TDsOSFo,UClJKPpFvz_pZb8zBJorPAkQ,The Movie Echo,"Iss Hacker Ne ATM Hack Karke 80,000 Dollars Chura Liye | Wardriver Explained in Hindi",500941,1 month ago,30,1115,https://www.youtube.com/watch?v=d4S5TDsOSFo
economic_explainers,business scam explained 2026 documentary,nYZpJy6kHkM,UCVnW6nZwKO--v-hj1imiMEQ,CineBuzz,বন্ধ টোল প্লাজা যখন ১০ কোটি টাকার সাম্রাজ্য! New Crime Thriller Movie Explained in Bangla | CineBuzz,283610,4 weeks ago,28,2592,https://www.youtube.com/watch?v=nYZpJy6kHkM
internet_mysteries,internet mystery documentary 2026,b-0UOTPsuD8,UCt3JiNkefsfbA2N4SgEkoiQ,Visual Venture,Disturbing Mysteries STILL Unsolved Today,852495,5 months ago,150,1729,https://www.youtube.com/watch?v=b-0UOTPsuD8
internet_mysteries,internet mystery documentary 2026,cOAaonpTLlc,UCb9gttCzPcabOnq1nFYPwsw,Cryton,The Hunt for Lux: The Internet’s Most Disturbed User,3044923,5 months ago,150,2175,https://www.youtube.com/watch?v=cOAaonpTLlc
internet_mysteries,internet mystery documentary 2026,cqTaTm5BxBY,UCnwUjPK7dXety-AJ4fNw_RQ,The Paint Explainer,The Creepiest Internet Mysteries That Were Finally Solved,5722207,9 months ago,270,580,https://www.youtube.com/watch?v=cqTaTm5BxBY
internet_mysteries,internet mystery documentary 2026,kWhpajoLUlQ,UCUrvQ_4fw01WfWWK-E2KLlA,MODTRICCA,What Did I Just Find?,204166,2 days ago,2,1543,https://www.youtube.com/watch?v=kWhpajoLUlQ
internet_mysteries,internet mystery documentary 2026,D9q9lvbj810,UCxAt0KkZZUxgG3yxl-WDM2A,Secret Origins,The Atlantic (2026) The Forbidden Ocean That Holds Earth’s True History,98743,8 days ago,8,5159,https://www.youtube.com/watch?v=D9q9lvbj810
internet_mysteries,bizarre internet culture documentary,QSTA_aAMoqs,UCt3JiNkefsfbA2N4SgEkoiQ,Visual Venture,Terrifying Cults Still Operating Today,2622223,9 months ago,270,1829,https://www.youtube.com/watch?v=QSTA_aAMoqs
internet_mysteries,internet mystery documentary 2026,xZ8x37iSHlY,UCLD2ZkdEkAKhDETsK6QeDnA,Farrell McGuire,Horrors Found in Dark Web Marketplaces,1621609,1 month ago,30,1650,https://www.youtube.com/watch?v=xZ8x37iSHlY
internet_mysteries,internet mystery documentary 2026,R0JLExOviSw,UCW1ztCiXTtvxWEN50eiDvGg,CASE FILES DECLASSIFIED,Nolan Wells UPDATE: What TikTok Users Discovered About Nolan Wells’ Final Moments,16732,15 hours ago,0,1883,https://www.youtube.com/watch?v=R0JLExOviSw
internet_mysteries,internet mystery documentary 2026,XfCuBV5nYNw,UCt3JiNkefsfbA2N4SgEkoiQ,Visual Venture,True Horror Stories from the Dark Web,1763348,7 months ago,210,1606,https://www.youtube.com/watch?v=XfCuBV5nYNw
internet_mysteries,internet mystery documentary 2026,wevdWrx33zI,UCqW-PuTMM73Ff6qR8k-8HGg,Darkest Horrors,4 Most Disturbing Internet Mysteries,1554394,7 months ago,210,803,https://www.youtube.com/watch?v=wevdWrx33zI
internet_mysteries,internet mystery documentary 2026,N_i1i8DR_6o,UCsmnfJ6534x5vFxn0nSYVog,DarkWaters9,Mysterious TikToks The Internet Can't Explain 😱 Ep 50,69098,1 day ago,1,3947,https://www.youtube.com/watch?v=N_i1i8DR_6o
internet_mysteries,internet mystery documentary 2026,OTDvunLE4UY,UCMePBDaNUNwp7ETgNpbPR6A,Mystery Archives,The Horrifying True Story of Fox Hollow Farm | NEW 2026 Updates,78391,7 days ago,7,3263,https://www.youtube.com/watch?v=OTDvunLE4UY
internet_mysteries,internet mystery documentary 2026,YXLWyeFVriE,UCLD2ZkdEkAKhDETsK6QeDnA,Farrell McGuire,Old 4chan’s Forgotten Horrors,1897333,10 months ago,300,2384,https://www.youtube.com/watch?v=YXLWyeFVriE
internet_mysteries,internet mystery documentary 2026,_Z3cgX4NP6g,UCsmnfJ6534x5vFxn0nSYVog,DarkWaters9,Mysterious TikToks The Internet Can't Explain 😱 Ep 51,37079,20 hours ago,0,1735,https://www.youtube.com/watch?v=_Z3cgX4NP6g
internet_mysteries,internet mystery documentary 2026,j1xliJ5PLVI,UCGAmpBtWveYp0-3v9npnhvQ,Chilling Scares,5 Most Disturbing Internet Rabbit Holes,1601631,7 months ago,210,1364,https://www.youtube.com/watch?v=j1xliJ5PLVI
internet_mysteries,internet mystery documentary 2026,QNX6UNyA90w,UCt3JiNkefsfbA2N4SgEkoiQ,Visual Venture,Secret Cults Hiding in Plain Sight Today,1483669,6 months ago,180,2038,https://www.youtube.com/watch?v=QNX6UNyA90w
internet_mysteries,internet mystery documentary 2026,Sv6sTtKmkRs,UCHgI_MItRWEKLX7lKz7Xn0g,Top 5 Unknowns,20 Mysterious Events That Cannot Be Explained in 2026,432280,5 months ago,150,3416,https://www.youtube.com/watch?v=Sv6sTtKmkRs
internet_mysteries,internet mystery documentary 2026,7vJIO2c6iME,UCjIjoDsnz_ygrp2UhiBDZEw,Oldies Radio Station,48 Mystery Full Season NEW 👮🚔Season 2026 ~ S38.E11 👮🚔 Best American Documentary True Crime Full HD,234976,3 weeks ago,21,6530,https://www.youtube.com/watch?v=7vJIO2c6iME
internet_mysteries,disturbing internet rabbit hole documentary,0kVp1YxrDbg,UCb9gttCzPcabOnq1nFYPwsw,Cryton,sister hong: The Internet’s Most Disturbed User,1687071,11 months ago,330,798,https://www.youtube.com/watch?v=0kVp1YxrDbg
internet_mysteries,disturbing internet rabbit hole documentary,6zLCZ_Ic1hI,UCpFFItkfZz1qz5PpHpqzYBw,Nexpo,The Internet's Deepest Rabbit Hole,6446018,3 weeks ago,21,3094,https://www.youtube.com/watch?v=6zLCZ_Ic1hI
internet_mysteries,disturbing internet rabbit hole documentary,P6X-EOofsOQ,UCGAmpBtWveYp0-3v9npnhvQ,Chilling Scares,Disturbing Internet Mysteries,2032211,1 month ago,30,2007,https://www.youtube.com/watch?v=P6X-EOofsOQ
internet_mysteries,disturbing internet rabbit hole documentary,AC1shTRqAl8,UCiCRV4mluiGUmmMzZwLvZnQ,Kay Is Dead,I Visited the Websites You Should NEVER Visit,12,2 hours ago,0,734,https://www.youtube.com/watch?v=AC1shTRqAl8
internet_mysteries,disturbing internet rabbit hole documentary,nKX4v41UP1c,UCywCTTyUWYsLo2-87I6XgkQ,The Net Explainer,The Most Unsettling Internet Rabbit Holes Explained (Pt. 1),232696,2 months ago,60,527,https://www.youtube.com/watch?v=nKX4v41UP1c
internet_mysteries,disturbing internet rabbit hole documentary,IpnYC2FmMfg,UCt3JiNkefsfbA2N4SgEkoiQ,Visual Venture,Most Disturbing Mysteries Solved By Reddit Users,2608509,8 months ago,240,1735,https://www.youtube.com/watch?v=IpnYC2FmMfg
internet_mysteries,disturbing internet rabbit hole documentary,slMnKHRjfoI,UCZITkCJEfWt4sVq9c4QnoHg,Kuhlaki,nineapple.com: A Bizarre Internet Rabbit Hole,226587,4 months ago,120,1162,https://www.youtube.com/watch?v=slMnKHRjfoI
internet_mysteries,disturbing internet rabbit hole documentary,fDABo4GCgwQ,UCDKJdFer1phQI95UinPZehw,Turkey Tom,The Alleged Death Cult Website That Killed 50 People - The Darkest Internet Rabbit Hole,469584,6 months ago,180,2449,https://www.youtube.com/watch?v=fDABo4GCgwQ
internet_mysteries,disturbing internet rabbit hole documentary,-ss-nFYvptM,UCZITkCJEfWt4sVq9c4QnoHg,Kuhlaki,danieltommy616: A Disturbing Internet Rabbit Hole,664002,6 months ago,180,667,https://www.youtube.com/watch?v=-ss-nFYvptM
internet_mysteries,disturbing internet rabbit hole documentary,b6Neuk5fY80,UCtPrkXdtCM5DACLufB9jbsA,MrBallen,Top 5 Bingeable SCARY STORIES • Internet Rabbit Holes Edition,1915370,2 months ago,60,3721,https://www.youtube.com/watch?v=b6Neuk5fY80
internet_mysteries,disturbing internet rabbit hole documentary,s1pq459nFdc,UCGRryxFxjXbVAtBPE9EbyMg,Joe Bartolozzi,The Darkest Youtube Videos Rabbit Hole.,4512216,6 months ago,180,3022,https://www.youtube.com/watch?v=s1pq459nFdc
internet_mysteries,disturbing internet rabbit hole documentary,DU9JCFMJp8E,UCMX31RavkfUHJvw03RbUZnA,Nick Crowley,Aviloop: YouTube's Darkest Mystery,5056864,3 months ago,90,2041,https://www.youtube.com/watch?v=DU9JCFMJp8E
internet_mysteries,disturbing internet rabbit hole documentary,9yEqE5q1Ekk,UCt3JiNkefsfbA2N4SgEkoiQ,Visual Venture,Internet’s Darkest Websites You Should Not Visit,1251686,8 months ago,240,5701,https://www.youtube.com/watch?v=9yEqE5q1Ekk
internet_mysteries,disturbing internet rabbit hole documentary,XF0pdvodeuM,UC65IEk6PTfRZzyvrcYypHQg,Parallel Pipes,The Internet's Deepest Rabbit Holes Vol. [1],536795,11 months ago,330,1915,https://www.youtube.com/watch?v=XF0pdvodeuM
internet_mysteries,disturbing internet rabbit hole documentary,6lQ1V5yg9sE,UC65IEk6PTfRZzyvrcYypHQg,Parallel Pipes,57 Minutes of Wikipedia's Strangest Pages Quickly Summarized,1334080,9 months ago,270,3458,https://www.youtube.com/watch?v=6lQ1V5yg9sE
internet_mysteries,online scam documentary explained,zZefgR_L3V8,UCtVPrxIeDrE5SQGUdl7SL7g,Guttu,ಡಿಜಿಟಲ್ ಅರೆಸ್ಟ್ Scam ಒಂದು Phone Call ಹೇಗೆ ಜೀವಮಾನದ ದುಡಿಮೆಯನ್ನು ಕದಿಯುತ್ತದೆ  Kannada Documentary,20,3 weeks ago,21,527,https://www.youtube.com/watch?v=zZefgR_L3V8
internet_mysteries,online scam documentary explained,sOrlMvfjBNQ,UCWfnMYXFqLjJdu8wEsKL2OQ,DatingtoWin,The Romance Scam That Destroyed Her Life | Jennifer's Story,121330,3 months ago,90,3497,https://www.youtube.com/watch?v=sOrlMvfjBNQ
internet_mysteries,online scam documentary explained,imCjhNEovL4,UCODHrzPMGbNv67e84WDZhQQ,fern,"How a Minecraft Scammer Stole $16,500,000",4430029,11 months ago,330,1126,https://www.youtube.com/watch?v=imCjhNEovL4
internet_mysteries,online scam documentary explained,GTN-A4xIpqw,UClJKPpFvz_pZb8zBJorPAkQ,The Movie Echo,In 3 Ladkiyon Ke Saath Hua Sabse Bada Scam | The Red Line Explained in Hindi,49707,2 months ago,60,1182,https://www.youtube.com/watch?v=GTN-A4xIpqw
internet_mysteries,online scam documentary explained,HawmGu7oNrc,UCP9RPj_BG0vit2TNM7LuRxA,Crayon Capital,The Wolf of Wall Street Scam Explained Like You're 5,4193659,10 months ago,300,993,https://www.youtube.com/watch?v=HawmGu7oNrc
internet_mysteries,online scam documentary explained,eRPQTigXxd0,UC7icSz2BtQGdAzzNE9bSm9w,Trulyx,India’s Hidden Scam Economy Explained,6,5 months ago,150,264,https://www.youtube.com/watch?v=eRPQTigXxd0
internet_mysteries,online scam documentary explained,n82dL0Z6f78,UCzXHhxQpFRinC1VYBRQRzSQ,The Overnight Millionaire,The Day Trader Who Found a Free Money Glitch,522778,11 months ago,330,1394,https://www.youtube.com/watch?v=n82dL0Z6f78
internet_mysteries,online scam documentary explained,_QIRpJk3RdY,UC4n9Ci94apUG-4ypCsHVjKw,Hidden Truth Files,The Internet Scams of 2026 Are Getting SCARY,18,2 weeks ago,14,976,https://www.youtube.com/watch?v=_QIRpJk3RdY
internet_mysteries,online scam documentary explained,XROZ_weIBKw,UCZSgDGZ9fvHBjk6QusZsXFQ,DeshNomics,Jamtara 2.0 Exposed 😱 | $48 Billion Device Farming Scam | Digital Mafia Explained,528,3 months ago,90,532,https://www.youtube.com/watch?v=XROZ_weIBKw
internet_mysteries,online scam documentary explained,3-Lwu0cwvoE,UCHQqZTuxPDLpNJiIoVVdEAA,SANTUY MOVIE,"FAKTA JAHAT SINDIKAT JUDI ONLINE, SCAM TRADING & PENIPUAN • ALUR CERITA FILM",22447,3 months ago,90,1591,https://www.youtube.com/watch?v=3-Lwu0cwvoE
internet_mysteries,online scam documentary explained,LLDAPNotSsk,UCfgxWVP79cWG3qCGyy31Xqg,MDNEWS,SIM Box Scam Explained | How International Calls Are Disguised as Local Calls,505,5 months ago,150,514,https://www.youtube.com/watch?v=LLDAPNotSsk
internet_mysteries,online scam documentary explained,zm0-i8fKmFE,UC3nw6TwaLBJ-MXeTlBsFazw,Scams,Every Billion Dollar Scam Explained,5980,4 months ago,120,9042,https://www.youtube.com/watch?v=zm0-i8fKmFE
internet_mysteries,online scam documentary explained,Fgr0-U_Q9QM,UCjAXMNVk-bbSPWF7pjIwFJg,Vikash Forensics,"Exposing Scammers Behind India’s ₹1,00,000 Crore Fraud || India's Biggest Documentary on Cyber Crime",146822,9 months ago,270,2297,https://www.youtube.com/watch?v=Fgr0-U_Q9QM
internet_mysteries,online scam documentary explained,C51HtfDmrkk,UCrlCaLt9pYCtDmmFIKOxHfw,CHANNEL INFO,Inside Online Dating Scams | How Romance Fraudsters Steal Millions,1412,2 weeks ago,14,38,https://www.youtube.com/watch?v=C51HtfDmrkk
internet_mysteries,online scam documentary explained,_wPXi4jlbS0,UCjAXMNVk-bbSPWF7pjIwFJg,Vikash Forensics,Scam: Dark Reality behind every Cyber Crime | Documentary by Vikash Kumar on Data Privacy&Protection,11813,4 months ago,120,2747,https://www.youtube.com/watch?v=_wPXi4jlbS0
internet_mysteries,online scam documentary explained,nvXmI93Ht_Q,UC7fWeaHhqgM4Ry-RMpM2YYw,TRT World,Myanmar Scam Factory — Inside the Pig-Butchering Scam | Off The Grid Investigation,447044,8 months ago,240,2355,https://www.youtube.com/watch?v=nvXmI93Ht_Q
internet_mysteries,online scam documentary explained,4vKy2RGd0e4,UCVVTthHLGBuNeKf5z6jGV2A,Blackfiles,The ONLY Hacker Who Got Away With Everything,680103,11 months ago,330,958,https://www.youtube.com/watch?v=4vKy2RGd0e4
internet_mysteries,online scam documentary explained,cnXtEFEWwKA,UC6gaTCLT2Fmb0YX1JuogKeA,Tracy Ann  Doss ,Recap of the Documentary Hello Beautiful: Anatomy of a Romance Scam,605,9 months ago,270,1749,https://www.youtube.com/watch?v=cnXtEFEWwKA
internet_mysteries,dark web mystery explained documentary,_EcoP32yam8,UCBuAkf7VY9EylKftT70RVoA,Reconic,I Investigated YouTube's DARK WEB Videos 😱!?,121410,1 month ago,30,778,https://www.youtube.com/watch?v=_EcoP32yam8
internet_mysteries,dark web mystery explained documentary,wIxinayCWWE,UCJ3nrau9ioTz--nL-rdLWew,IP Bangla,ডার্ক ওয়েব আসলে কী? | Dark Web Explained,324375,1 month ago,30,1493,https://www.youtube.com/watch?v=wIxinayCWWE
internet_mysteries,dark web mystery explained documentary,riom3tqtE_E,UCs_ineLBnNTGjrArNzjSLZg,Zem TV,The Biggest Mystery of Internet - Cicada 3301,788564,2 weeks ago,14,881,https://www.youtube.com/watch?v=riom3tqtE_E
internet_mysteries,dark web mystery explained documentary,RXztrXzHlJs,UClJKPpFvz_pZb8zBJorPAkQ,The Movie Echo,Iss Hacker Ne Solve Kiya Dark Web Ka Bada Secret | Dark Web Explained in Hindi,218881,3 weeks ago,21,1294,https://www.youtube.com/watch?v=RXztrXzHlJs
internet_mysteries,dark web mystery explained documentary,Peih23WVK54,UCHFoGRSXGOpc6D_NTGv-UyQ,Inqalaab International,Dark Web King: From Bedroom Student to Billionaire Drug Lord | The Untold Story of Ross Ulbricht,2027666,5 months ago,150,1511,https://www.youtube.com/watch?v=Peih23WVK54
internet_mysteries,dark web mystery explained documentary,jSEhgRYtpus,UC0Qb7WEWW3xBop_6LC4t7qQ,Unplugged Shubhankar,Dark Web: A Hidden World Beyond the Law ? |  Cyber Security | Shubhankar Mishra,1970976,7 months ago,210,887,https://www.youtube.com/watch?v=jSEhgRYtpus
internet_mysteries,dark web mystery explained documentary,KPmA5GU_KZM,UCsM3qWjsbJr5Kt7_Q1ulLjg,Rachitroo,i tried DARK-WEB for 7 days | Rachitroo,3139125,11 months ago,330,1171,https://www.youtube.com/watch?v=KPmA5GU_KZM
internet_mysteries,dark web mystery explained documentary,nMITYy75aS0,UCHa1_v_jRPdJFdU9tmOwxDA,Gaurav katare Extra,I UNCOVERED THE SCARIEST DARK WEB STORIES | What’s Really Hidden in the Dark Web?,774879,6 months ago,180,828,https://www.youtube.com/watch?v=nMITYy75aS0
internet_mysteries,dark web mystery explained documentary,kYXqRJI2dkQ,UCLD2ZkdEkAKhDETsK6QeDnA,Farrell McGuire,Horrors on the Internet Archive,4102410,8 months ago,240,2412,https://www.youtube.com/watch?v=kYXqRJI2dkQ
internet_mysteries,dark web mystery explained documentary,85LNU5K0CO4,UCt3JiNkefsfbA2N4SgEkoiQ,Visual Venture,Disturbing Internet Legends That Turned Out True,1336662,4 months ago,120,1534,https://www.youtube.com/watch?v=85LNU5K0CO4
internet_mysteries,dark web mystery explained documentary,HfwZgawI56w,UCr-BYW60bAtDcNtz6AoiHZQ,SR PAY,India's Biggest Dark Web Couple Operation | Rarest Of the Rare Case,1508851,5 months ago,150,933,https://www.youtube.com/watch?v=HfwZgawI56w
internet_mysteries,dark web mystery explained documentary,5mZZQIOeq_A,UCdi-rTleLSNBYEVOWuAic5w,Paint Maniac,Every Dark Web Mystery Explained,532832,2 months ago,60,491,https://www.youtube.com/watch?v=5mZZQIOeq_A
internet_mysteries,dark web mystery explained documentary,1l781KRH-Rs,UC3XtX9yT-EReSQJvzWVdnXg,RaseliaN,Dark Web এ ঢুকে মানুষ যেভাবে বিপদে পড়েছিল | Dark Web Horror Stories | Dark Web Series | Part 3,87392,2 months ago,60,751,https://www.youtube.com/watch?v=1l781KRH-Rs
internet_mysteries,bizarre internet culture documentary,sNS8lEEKzZM,UCt3JiNkefsfbA2N4SgEkoiQ,Visual Venture,Disturbing YouTube Channels Hiding in Plain Sight,2127772,7 months ago,210,1225,https://www.youtube.com/watch?v=sNS8lEEKzZM
internet_mysteries,bizarre internet culture documentary,-y129AcHiNM,UCLD2ZkdEkAKhDETsK6QeDnA,Farrell McGuire,Websites Banned by the Internet Archive,524765,3 weeks ago,21,1437,https://www.youtube.com/watch?v=-y129AcHiNM
internet_mysteries,bizarre internet culture documentary,Hhcabi6IvBM,UCt3JiNkefsfbA2N4SgEkoiQ,Visual Venture,Reddit's Most Disturbing Confessions,1869958,3 months ago,90,1412,https://www.youtube.com/watch?v=Hhcabi6IvBM
internet_mysteries,bizarre internet culture documentary,dFRolyJWXUI,UCt3JiNkefsfbA2N4SgEkoiQ,Visual Venture,Disturbing Cults Still Hiding on YouTube Today,988203,3 months ago,90,1542,https://www.youtube.com/watch?v=dFRolyJWXUI
internet_mysteries,bizarre internet culture documentary,WWcI1Nh2hTM,UCt3JiNkefsfbA2N4SgEkoiQ,Visual Venture,Creepiest Content from the Japanese Internet,646022,5 months ago,150,1694,https://www.youtube.com/watch?v=WWcI1Nh2hTM
internet_mysteries,bizarre internet culture documentary,kDbz3eHvEDQ,UCt3JiNkefsfbA2N4SgEkoiQ,Visual Venture,The Most Disturbing Reddit Communities,1981667,9 months ago,270,1700,https://www.youtube.com/watch?v=kDbz3eHvEDQ
internet_mysteries,bizarre internet culture documentary,IL2DbQ4lnRA,UC4KADp8efnSDDQNu7mWP2Uw,pearsonedits,Clavicular: The Internet's Most Depraved Looksmaxxer,48679,8 months ago,240,695,https://www.youtube.com/watch?v=IL2DbQ4lnRA
internet_mysteries,bizarre internet culture documentary,8Kb5NBAMaGw,UCLD2ZkdEkAKhDETsK6QeDnA,Farrell McGuire,I Infiltrated a Disturbing AI Cult,1623944,11 months ago,330,3055,https://www.youtube.com/watch?v=8Kb5NBAMaGw
internet_mysteries,bizarre internet culture documentary,PzeVS_ve8y8,UCt3JiNkefsfbA2N4SgEkoiQ,Visual Venture,The Internet’s Most Notorious Family Channels,1815605,8 months ago,240,5782,https://www.youtube.com/watch?v=PzeVS_ve8y8
internet_mysteries,bizarre internet culture documentary,mc_RyhZVycM,UCJawyJQfPe7bAJV-sbK2Hug,CzieReacts ,I watched the internet's weirdest clips so you don't have to! #viralvideo #creepystories #celebrity,4530,14 hours ago,0,3003,https://www.youtube.com/watch?v=mc_RyhZVycM
internet_mysteries,bizarre internet culture documentary,uUJaRHQhec8,UCmFeOdJI3IXgTBDzqBLD8qg,Moon,Japan Is Everything Wrong With Society,708027,11 months ago,330,1195,https://www.youtube.com/watch?v=uUJaRHQhec8
internet_mysteries,Reddit mystery explained documentary,MO44EUyNC4Q,UCqW-PuTMM73Ff6qR8k-8HGg,Darkest Horrors,4 Most Disturbing Mysteries Solved by Reddit,304023,1 month ago,30,1183,https://www.youtube.com/watch?v=MO44EUyNC4Q
internet_mysteries,Reddit mystery explained documentary,Tx3bIE92Yds,UCVQGtUcRjHTQLTTu-5s9_4Q,Brew,Reddit Hunts a Mass Murderer Before He Kills Again,1588522,10 months ago,300,2566,https://www.youtube.com/watch?v=Tx3bIE92Yds
internet_mysteries,Reddit mystery explained documentary,G2ft-l3PHKg,UCVQGtUcRjHTQLTTu-5s9_4Q,Brew,How the Internet Solved a 48-Year Cold Case Police Called Impossible,718171,11 months ago,330,1718,https://www.youtube.com/watch?v=G2ft-l3PHKg
internet_mysteries,Reddit mystery explained documentary,DPnOO_iNsoE,UCHgI_MItRWEKLX7lKz7Xn0g,Top 5 Unknowns,10 Scariest Mysteries Ever Solved By Reddit,40408,6 months ago,180,1769,https://www.youtube.com/watch?v=DPnOO_iNsoE
internet_mysteries,Reddit mystery explained documentary,aAd4gmaiwGg,UCqdtXFhkh7FnrkUFtv1UFhQ,True Crime Breakdown,Impossible Cold Cases That Were Solved By Redditors,3139,3 months ago,90,2280,https://www.youtube.com/watch?v=aAd4gmaiwGg
internet_mysteries,Reddit mystery explained documentary,peGhIVjxcMU,UCt9GIxKoOpKfmSLwdzS3yxw,Unsettled,50 Minutes: Abandoned Reddit Stories (True Crimes and Mysteries),155,2 months ago,60,3038,https://www.youtube.com/watch?v=peGhIVjxcMU
internet_mysteries,Reddit mystery explained documentary,Hj1bVyBhbrg,UCm8EZfto3AdXqklkb2k550w,FING,MOST DISTURBING REDDIT STORY EVER - THE RED LAMP || Stranger Tales #1,804151,4 months ago,120,1152,https://www.youtube.com/watch?v=Hj1bVyBhbrg
internet_mysteries,Reddit mystery explained documentary,5FMwltCG56Q,UCVQGtUcRjHTQLTTu-5s9_4Q,Brew,"After 67 Years, The Dyatlov Pass Mystery Is Solved",1772434,3 months ago,90,5207,https://www.youtube.com/watch?v=5FMwltCG56Q
internet_mysteries,Reddit mystery explained documentary,-kBQ2vDSLOE,UCGAmpBtWveYp0-3v9npnhvQ,Chilling Scares,4 Most Disturbing Reddit Accounts,2357154,10 months ago,300,1194,https://www.youtube.com/watch?v=-kBQ2vDSLOE
internet_mysteries,Reddit mystery explained documentary,4fKQX9b8QqY,UCRVXfhLRsLWi3_IKnMDiI1Q,poi,Unexplainable Reddit Stories,131404,2 weeks ago,14,3601,https://www.youtube.com/watch?v=4fKQX9b8QqY
internet_mysteries,Reddit mystery explained documentary,piLfEj9b-sY,UC-o-yDbbL6rJLLwaGVLBJKQ,Black Tape Files,"The Reddit Mystery That Finally Identified ""Mostly Harmless""",181,2 weeks ago,14,1002,https://www.youtube.com/watch?v=piLfEj9b-sY
internet_mysteries,Reddit mystery explained documentary,vzfG2_Ta9f4,UCGAmpBtWveYp0-3v9npnhvQ,Chilling Scares,6 Most Disturbing Reddit Threads,2070277,2 months ago,60,1921,https://www.youtube.com/watch?v=vzfG2_Ta9f4
internet_mysteries,Reddit mystery explained documentary,s3RJu8ZV4qU,UCGAmpBtWveYp0-3v9npnhvQ,Chilling Scares,5 Most Disturbing Reddit Threads,3644885,9 months ago,270,2004,https://www.youtube.com/watch?v=s3RJu8ZV4qU
internet_mysteries,Reddit mystery explained documentary,VpZouC-EXwU,UC4GYgpgZzfMhYr9y6rs5O6Q,Trust Me Bro,Terrifying Mysteries That Were Solved By the Internet,871796,4 months ago,120,1470,https://www.youtube.com/watch?v=VpZouC-EXwU
speculative_scifi,science fiction documentary alien planet,pZeJalvGyoM,UCyvqURfwOFdnB0d_6Md1rEQ,indywaves606,Alien Planet  2005,143,4 weeks ago,28,5459,https://www.youtube.com/watch?v=pZeJalvGyoM
speculative_scifi,science fiction documentary alien planet,E1AFj2pS0pc,UCAwfCgYna9kN2XRx0-wObyQ,WUFO - Science Documentaries,Deadly Alien Worlds Beyond Earth - A Journey to Mysterious Exoplanets  | Space Documentary,76517,8 months ago,240,5468,https://www.youtube.com/watch?v=E1AFj2pS0pc
speculative_scifi,alien signal documentary story,oM9WfDBRNcg,UCpHaAKu74UHvcYCi2g_PvBQ,Shout! Studios,UFO's Are Real | FULL MOVIE | Aliens Sci-Fi Documentary,897771,5 months ago,150,5541,https://www.youtube.com/watch?v=oM9WfDBRNcg
speculative_scifi,science fiction documentary alien planet,kGuW9tChVHI,UCdgZlLka1o3c2bkdHDDdZpQ,Stellar Cinema,KEPLER: THE FIRST EARTH | Earth Was Never Our First Home / Alien Planet | Sci-Fi | Full Movie | 4K,35413,7 days ago,7,5043,https://www.youtube.com/watch?v=kGuW9tChVHI
speculative_scifi,science fiction documentary alien planet,ylvhLA394dY,UCPnAmf148_cC-_du2tiHhVw,Octane TV,OFFWORLD: ALIEN PLANET | Full Sci-Fi Movie | Humanity's First Mission Goes Wrong,36381,1 month ago,30,5603,https://www.youtube.com/watch?v=ylvhLA394dY
speculative_scifi,science fiction documentary alien planet,5ex-TziGcfA,UC7sDT8jZ76VLV1u__krUutA,DUST,Planet | Sci-Fi Short Film | DUST,557264,2 months ago,60,2159,https://www.youtube.com/watch?v=5ex-TziGcfA
speculative_scifi,science fiction documentary alien planet,SQl7mEudKeY,UCd1LAfchzQNxFCLf9XufeGg,Alien Realms,"Explore Raxillara: Breathtaking Alien Planet Architecture - 4K - Sci-Fi Art Video, AI Short Film",46931,8 months ago,240,263,https://www.youtube.com/watch?v=SQl7mEudKeY
speculative_scifi,science fiction documentary alien planet,EYZ-3Slq5Xw,UCcxQHI0pPuOQWLaTJJZoBIQ,ReYOUniverse,"6,000 People Find Themselves on a Distant Planet, Where Humans Become Others | AI Sci-Fi Documentary",722068,8 months ago,240,5608,https://www.youtube.com/watch?v=EYZ-3Slq5Xw
speculative_scifi,science fiction documentary alien planet,oUzGIZZ_YkQ,UCoJk14THeWd-KSMpXGtgRXQ,RICHARD TOMSON,THE SPACE APART - Full Scifi Movie,1407162,4 months ago,120,5283,https://www.youtube.com/watch?v=oUzGIZZ_YkQ
speculative_scifi,science fiction documentary alien planet,xAaSmrdxep0,UCOpzwVUNsep7FpN5687XYEA,Sci-Fi Central,Hunted on an Alien World | Predator Eclipse | Sci-Fi Action Movie,1089485,10 months ago,300,4933,https://www.youtube.com/watch?v=xAaSmrdxep0
speculative_scifi,science fiction documentary alien planet,yrOTWKWp6xA,UCMVhLAn7fXvYKlwM0ytKNmQ,Vincent Perez  Films,Echoes of the Silent Planet | Sci Fi Short Film | Finalist AI London Film Festival & Cannes 2026,183467,2 months ago,60,782,https://www.youtube.com/watch?v=yrOTWKWp6xA
speculative_scifi,science fiction documentary alien planet,WbV4bE75FbM,UC7mNX1WWghL-zFDkK55sLAg,Movie union,They Came Without Warning… | Sci-Fi Action Thriller | Full Movie,1966073,9 months ago,270,4969,https://www.youtube.com/watch?v=WbV4bE75FbM
speculative_scifi,science fiction documentary alien planet,pXCfMmf9JDA,UCR0v_ZA8zKJwxpU9HpDq3fQ,We Got Movies,Mars Has An Alien Secret | Edge Of Space | Sci-Fi Action Thriller,811852,11 months ago,330,5439,https://www.youtube.com/watch?v=pXCfMmf9JDA
speculative_scifi,science fiction documentary alien planet,ahw7jhv8Wls,UCJuyiB0GT9-q92gC_M3XLpg,Indie Rights Movies For Free,Ghost Planet (2024) | Full Movie | Science Fiction,68788,9 months ago,270,5066,https://www.youtube.com/watch?v=ahw7jhv8Wls
speculative_scifi,science fiction documentary alien planet,Ucvbtr8YcWs,UCsEw1xMjZJR2AbdL_V5vDzA,MovieVerse Hindi,Found Intelligent ALIEN LIFE on this Ice ALIEN PLANET | Movie Explained in English,101215,1 month ago,30,1528,https://www.youtube.com/watch?v=Ucvbtr8YcWs
speculative_scifi,science fiction documentary alien planet,UH-xxHm-I9o,UC5FCyk1QkTBLgWm-w866PGg,Epic AI Films,Nobody Was Alive When We Landed | Full Sci-Fi Alien Movie 4K,441320,10 days ago,10,4224,https://www.youtube.com/watch?v=UH-xxHm-I9o
speculative_scifi,science fiction documentary alien planet,3d9ecV7vFKY,UCTmNedKNPb9LtVqAjH-D4Uw,Aurelume Films,THE EXILED | A Soldier Declared Dead Finds New Life on an Alien World | Sci-Fi Full Movie 2026 | 4K,3003837,1 month ago,30,3095,https://www.youtube.com/watch?v=3d9ecV7vFKY
speculative_scifi,science fiction documentary alien planet,ZtyzgDgEo3Y,UCzgzfTfgc447e1IgIXfqs5A,ChronoVerse Cinema,Trapped on the Forbidden Planet | Secrets of an Alien Civilization | Sci-Fi Full Movie 2026 | 4K,41211,3 weeks ago,21,841,https://www.youtube.com/watch?v=ZtyzgDgEo3Y
speculative_scifi,science fiction documentary alien planet,2Plpup7gkJk,UCOBMTKkkVlOi6-zCYg6R9zQ,THE MOVIE ZONE,INVASION PLANET EARTH (2019) | FULL ACTION SCI-FI MOVIE | THE MOVIE ZONE,82469,2 months ago,60,5819,https://www.youtube.com/watch?v=2Plpup7gkJk
speculative_scifi,science fiction documentary alien planet,KuXpOwiWgQw,UCJvLs_Awo714snqVhRhIa7Q,Failure to Launch Podcast,Alien Planet & Spec Bio (w. Jay Eaton),1111,4 months ago,120,5496,https://www.youtube.com/watch?v=KuXpOwiWgQw
speculative_scifi,future humanity documentary AI generated,p3qQr8kYfPQ,UCvDZfQfK9YySWRh5On8erow,Modern Life Studio,Future City: How Humanity Lives in 2800 | Sci-fi AI Short Film (4K),405738,11 months ago,330,199,https://www.youtube.com/watch?v=p3qQr8kYfPQ
speculative_scifi,future humanity documentary AI generated,-Ft_YovLV8U,UCGBO6EahCqQSyXIws1MQdDg,Future Business Tech,How AI Changes Everything by 2030,13187,2 days ago,2,1178,https://www.youtube.com/watch?v=-Ft_YovLV8U
speculative_scifi,future humanity documentary AI generated,RlSIqJdbQhM,UCyA2QG2Z1vTqExHXoo8UY6A,History of the Future,The Future That No Longer Needed Us | SciFi Documentary,9226,4 weeks ago,28,1833,https://www.youtube.com/watch?v=RlSIqJdbQhM
speculative_scifi,future humanity documentary AI generated,V328AMkg5XQ,UCvDZfQfK9YySWRh5On8erow,Modern Life Studio,Future City 2125: 100 Years From Now | Sci-fi AI Short Film (4K),885415,10 months ago,300,260,https://www.youtube.com/watch?v=V328AMkg5XQ
speculative_scifi,future humanity documentary AI generated,L1fiDe0movc,UC5FCyk1QkTBLgWm-w866PGg,Epic AI Films,HORIZON 2080: Humanity’s Last Hope | 2025 Full Sci-Fi Movie | Cinematic Future Epic,481619,10 months ago,300,3455,https://www.youtube.com/watch?v=L1fiDe0movc
speculative_scifi,future humanity documentary AI generated,8qVbE9DHkEk,UCW39zufHfsuGgpLviKh297Q,DW Documentary,Will AI lead to the death of the internet? | DW Documentary,252161,3 months ago,90,3086,https://www.youtube.com/watch?v=8qVbE9DHkEk
speculative_scifi,future humanity documentary AI generated,EJNhFARaxKA,UCGBqkakG1XpPyrY1deesPBw,The Flo Factory,2100 — Beyond the Horizon | A Utopian AI Short Film,357310,7 months ago,210,633,https://www.youtube.com/watch?v=EJNhFARaxKA
speculative_scifi,future humanity documentary AI generated,bz-sEd6BcL0,UCyA2QG2Z1vTqExHXoo8UY6A,History of the Future,Year 2300: The Exodus | Full Futuristic Sci-Fi Documentary (AI Future History),1494,11 months ago,330,505,https://www.youtube.com/watch?v=bz-sEd6BcL0
speculative_scifi,future humanity documentary AI generated,FLcrvMfHUJM,UCEENWVBdvDy-QWfuQoXC9HQ,Species | Documenting AGI,MIT Explains the 12 Possible Endings for AI,7513732,4 months ago,120,2145,https://www.youtube.com/watch?v=FLcrvMfHUJM
speculative_scifi,future humanity documentary AI generated,5b7miS1F4O4,UCJFH9w3bRSVJx_VhWK34h5A,AInigma,THE FUTURE IS NOW: How AI Will Change Humanity Forever (Full Documentary),93,9 months ago,270,249,https://www.youtube.com/watch?v=5b7miS1F4O4
speculative_scifi,future humanity documentary AI generated,dM-uonxhalk,UC65iOHIfKDesHEJDgzNHZsg,Beeyond Ideas,Scientists Reveal THE TRUTH About AI TAKEOVER in 2029 | Ray Kurzweil & The Lost Wanderer,128693,9 months ago,270,1439,https://www.youtube.com/watch?v=dM-uonxhalk
speculative_scifi,future humanity documentary AI generated,0FA2xWB3AJs,UCyA2QG2Z1vTqExHXoo8UY6A,History of the Future,Humanity Lived Underground for 500 Years | Sci-Fi Documentary,12437,8 days ago,8,1345,https://www.youtube.com/watch?v=0FA2xWB3AJs
speculative_scifi,future humanity documentary AI generated,MorIBm-Jwes,UCyA2QG2Z1vTqExHXoo8UY6A,History of the Future,Journey to Arcadia | Science Fiction Documentary,85629,3 months ago,90,1793,https://www.youtube.com/watch?v=MorIBm-Jwes
speculative_scifi,future humanity documentary AI generated,5KmopXwjXik,UCnjgxChqYYnyoqO4k_Q1d6Q,The Diary Of A CEO Clips,"Godfather of AI WARNS: ""You Have No Idea What's Coming""",7420635,10 months ago,300,1257,https://www.youtube.com/watch?v=5KmopXwjXik
speculative_scifi,future humanity documentary AI generated,mUjADNFZJus,UCyA2QG2Z1vTqExHXoo8UY6A,History of the Future,They Crossed the Stars for a World They Couldn’t Claim | Sci-Fi Documentary,9180,1 day ago,1,1480,https://www.youtube.com/watch?v=mUjADNFZJus
speculative_scifi,future humanity documentary AI generated,0iT9HbaRwfM,UC1KmNKYC1l0stjctkGswl6g,After Skool,How Ai Slop will Spark the Next Human Renaissance,1622605,5 months ago,150,701,https://www.youtube.com/watch?v=0iT9HbaRwfM
speculative_scifi,future humanity documentary AI generated,XXaUd0fGpOs,UCGBO6EahCqQSyXIws1MQdDg,Future Business Tech,Artificial Intelligence: Complete path to 2030,218694,1 month ago,30,7324,https://www.youtube.com/watch?v=XXaUd0fGpOs
speculative_scifi,alien signal documentary story,uilZFX_hwtc,UCPTDdIFlaBrHdCEerIjdXKw,Khalan Studio,The Day Humanity Received an Alien Signal | Science Fiction Documentary,59957,1 month ago,30,1019,https://www.youtube.com/watch?v=uilZFX_hwtc
speculative_scifi,alien signal documentary story,idKYSje4myo,UCyA2QG2Z1vTqExHXoo8UY6A,History of the Future,The Alien Signal Wasn't a Message... IT WAS BAIT | SciFi Documentary,72921,4 months ago,120,2426,https://www.youtube.com/watch?v=idKYSje4myo
speculative_scifi,alien signal documentary story,O6i2uSXWghU,UCHNv21Apt9Oo0jIjjv7Ln6g,Alien Vault,The unknown message | Original Alien (1976) Story (Part: 1),41467,2 months ago,60,775,https://www.youtube.com/watch?v=O6i2uSXWghU
speculative_scifi,alien signal documentary story,C8YdGMLxoYY,UC9MAhZQQd9egwWCxrwSIsJQ,HISTORY,Could God Be An Alien? | Ancient Aliens,213270,5 days ago,5,2328,https://www.youtube.com/watch?v=C8YdGMLxoYY
speculative_scifi,alien signal documentary story,NmCRQPITE2g,UCotwjyJnb-4KW7bmsOoLfkg,Art of the Problem,The Alien Signal That Looked Intelligent,806895,5 months ago,150,1367,https://www.youtube.com/watch?v=NmCRQPITE2g
speculative_scifi,alien signal documentary story,S0M4EspZXVY,UCaoz4kRJ8C4MR5wmK4qMi1Q,IF TV,The WOW Signal Was REAL? Scientists Finally Decoded The Alien Message | If Tv,7422,3 months ago,90,489,https://www.youtube.com/watch?v=S0M4EspZXVY
speculative_scifi,alien signal documentary story,CAbGXrdDMmg,UCX2IOB5QecICpfcb1GKHM_Q,Gaurav Katare,Why Are Crop Circles Hiding an Unsolved Alien Message?,739847,11 months ago,330,1048,https://www.youtube.com/watch?v=CAbGXrdDMmg
speculative_scifi,alien signal documentary story,3npIItmDObU,UC-txsiL8chU0vOrA0rsm-Ew,"Apex Frame SciFi
",Alien War Movie: They Erased Every Galaxy Until One Signal Made Them Stop (Full Sci-Fi Film),21575,3 weeks ago,21,4101,https://www.youtube.com/watch?v=3npIItmDObU
speculative_scifi,alien signal documentary story,s7jFAgh9ZQM,UC-TjVEuwB5EwpA4k8XQulag,Sleep On Science,The Dark Forest Theory: Why One Signal to Aliens Could End Us,43357,3 months ago,90,7356,https://www.youtube.com/watch?v=s7jFAgh9ZQM
speculative_scifi,alien signal documentary story,Lf7Gx0S7U8E,UCsS21OBhOiyv-ezTTFSDbiQ,FAMILY RUMI KPOP,The Genesis Signal: Humanity's First Contact | Sci-Fi Full Movie 2026 | 4K,28205,8 days ago,8,3883,https://www.youtube.com/watch?v=Lf7Gx0S7U8E
speculative_scifi,alien signal documentary story,GUtZoQAAjuI,UCxAt0KkZZUxgG3yxl-WDM2A,Secret Origins,Anunnaki Genesis: Movie 1 | The Alien Gods Who Created Us,2130024,2 months ago,60,3156,https://www.youtube.com/watch?v=GUtZoQAAjuI
speculative_scifi,alien signal documentary story,foNlVJaScZI,UCvWyksdTj1-wWMpkSBjQ1Vw,Plot Pulse,Woman Travels 26 Light Years to Meet Aliens But They Send Her Back in Seconds | Contact Movie Recap,284,1 day ago,1,1507,https://www.youtube.com/watch?v=foNlVJaScZI
speculative_scifi,alien signal documentary story,MahpBCxUkuQ,UC9MAhZQQd9egwWCxrwSIsJQ,HISTORY,Unsolved Alien Mysteries: from Alaska's Pyramid to the Freemasons | Ancient Aliens,3433663,11 months ago,330,4190,https://www.youtube.com/watch?v=MahpBCxUkuQ
speculative_scifi,alien signal documentary story,vs92xBUaZBc,UCPPPrnT5080hPMxK1N4QSjA,V Movies,Alien Signals | Fermi's Paradox | Full Sci-Fi Movie | Free Movie,2216,10 months ago,300,4415,https://www.youtube.com/watch?v=vs92xBUaZBc
speculative_scifi,alien signal documentary story,pb4mQ9oDMoM,UClXtLwS04Mk5STfhAaE_kFQ,Ghar Chara,1977 সালে ধরা পড়েছিল Alien Signal? | The Wow! Signal Mystery,69,2 months ago,60,625,https://www.youtube.com/watch?v=pb4mQ9oDMoM
speculative_scifi,alien signal documentary story,olvys5aDx_I,UCvQ_EDuk8w67a2UkCS1ptbA,Area52,"Army Radar Technician Reveals Alien Message - SFC Jeremy ""CJ"" Weeks | DEBRIEFED ep. 66",949687,8 months ago,240,14548,https://www.youtube.com/watch?v=olvys5aDx_I
speculative_scifi,alien signal documentary story,WOWL0NH9QIM,UC4LgptVpeR8qxYI9DN6RXmQ,KADYVEX STUDIOS,The Signal Under the Moon | Sci-Fi Alien Mystery Short Film,5,11 days ago,11,294,https://www.youtube.com/watch?v=WOWL0NH9QIM
speculative_scifi,alien signal documentary story,cwrKZ1X9xrA,UCxoz4YfS4M3H3C57FD4jW4Q,Science Time,Brian Cox Talks About Alien Life - A 2026 Special,1019577,7 months ago,210,2135,https://www.youtube.com/watch?v=cwrKZ1X9xrA
speculative_scifi,alien signal documentary story,LF1Md9qnMSc,UCuFa43lQA2dNyB2TDxGJfzg,HistoPlexx,The 1977 Alien Message We Still Can't Explain | Wow! Signal Documentary,25,7 months ago,210,654,https://www.youtube.com/watch?v=LF1Md9qnMSc
speculative_scifi,space documentary black hole 4K,i3GIzBzNAAU,UCmHWbnzyRvVvkrSXFdZp7tg,NullSpace,TON 618: The Black Hole That Breaks the Universe | 4K,2151986,9 months ago,270,699,https://www.youtube.com/watch?v=i3GIzBzNAAU
speculative_scifi,space documentary black hole 4K,C44Nl43AqKo,UCLZnTktRv9uLPTi-vIuqdYA,Universe Unsealed,How Many Solar Systems Could fit inside a Black Hole? | 4K,0,4 weeks ago,28,329,https://www.youtube.com/watch?v=C44Nl43AqKo
speculative_scifi,space documentary black hole 4K,-6t_J9OOhDs,UCSaosepXoz855RLvlrbjyyQ,8K ProRes ULTRA HD,Ultra HD 8K Black Hole Journey | HDR Space Cinematic IMAX 60FPS,170966,4 months ago,120,3603,https://www.youtube.com/watch?v=-6t_J9OOhDs
speculative_scifi,space documentary black hole 4K,QGV6QO7v_q8,UC9QQbK2NjEzlS6u9nFU_Dcw,Paleora,Black Holes: The Greatest Mystery in the Universe | Full Documentary,1088,2 months ago,60,7371,https://www.youtube.com/watch?v=QGV6QO7v_q8
speculative_scifi,space documentary black hole 4K,_ew6p0DwgA4,UC9QQbK2NjEzlS6u9nFU_Dcw,Paleora,Sir David Attenborough: Scientists Finally Know What's Inside a Black Hole | Full Documentary movie,34512,1 month ago,30,8036,https://www.youtube.com/watch?v=_ew6p0DwgA4
speculative_scifi,space documentary black hole 4K,UyfYmGQuKHA,UCJLSWVnaLqRu4t6dDOkRTUg,INSPACED ,Black Holes Explained | Full Space Documentary (4K),79,4 months ago,120,4440,https://www.youtube.com/watch?v=UyfYmGQuKHA
speculative_scifi,space documentary black hole 4K,_hpliDixXWc,UCnaobXuJ-muqZ3iGZoel_7g,World Creatar Plus ,Black Holes Explained: The Biggest Mystery of the Universe | Space Documentary in 4K,59,1 month ago,30,91,https://www.youtube.com/watch?v=_hpliDixXWc
speculative_scifi,space documentary black hole 4K,oz-Y1Xzx5iQ,UCdsOTr6SmDrxuWE7sJFrkhQ,BBC Earth Science,Five Wonders of our Universe | Universe | BBC Earth Science,2280662,11 months ago,330,2395,https://www.youtube.com/watch?v=oz-Y1Xzx5iQ
speculative_scifi,space documentary black hole 4K,mvCSWszIkGc,UCrcM0KnyQTDeYw1NvNBe_PA,Hidden Space,PHOENIX A*: The Black Hole at the Edge of Possibility | 4K,7,2 months ago,60,513,https://www.youtube.com/watch?v=mvCSWszIkGc
speculative_scifi,space documentary black hole 4K,q2Ji0bvamFc,UCAMvT4Hv3cjmqYilDhuDS_A,Parseca,TON 618: The Black Hole That's Too Big to Exist | 4K Space Documentary,70245,1 month ago,30,1889,https://www.youtube.com/watch?v=q2Ji0bvamFc
speculative_scifi,space documentary black hole 4K,I_cJvaJjJ9s,UC88CCChNxIL0XO5VuHGvFVA,BlackSpace,BLACK HOLES: The Darkest Mystery in the Universe | 4K,2,2 weeks ago,14,587,https://www.youtube.com/watch?v=I_cJvaJjJ9s
speculative_scifi,space documentary black hole 4K,CIJ9Rpxdtck,UC1xTNoJLLbFvjE-OAFvv9wA,Boss Facts,TON 618 — The Largest Black Hole in the Universe | Cinematic Space Relaxation 4K | Documentary,13,4 months ago,120,874,https://www.youtube.com/watch?v=CIJ9Rpxdtck
speculative_scifi,space documentary black hole 4K,-OKoZs-L_Ig,UCTlv_l0q25BtYMhnm3bX5bQ,Virelix,The Universe Explained: From the Big Bang to the Edge of Space | 4K Space Documentary,0,2 weeks ago,14,11,https://www.youtube.com/watch?v=-OKoZs-L_Ig
speculative_scifi,space documentary black hole 4K,bwRO_mJr76E,UCJD7hwtWGjJECpGZk2L9sJA,ZappyToonskid ,What Happens Inside a Black Hole? | Full Space Documentary (4K),9,3 months ago,90,134,https://www.youtube.com/watch?v=bwRO_mJr76E
speculative_scifi,space documentary black hole 4K,FGw8IEWkkxA,UCppyAe3EEAGcGknEr4C4H-A,Beyond The Rings,Beyond TON 618 | A Journey to Phoenix A (4K),275528,8 months ago,240,561,https://www.youtube.com/watch?v=FGw8IEWkkxA
speculative_scifi,space documentary black hole 4K,oLTYce8Xzzk,UCPyZDLZzUxy4cnTB0G2Wt4A,Quick Verse,Inside a Black Hole: What Happens After You Cross the Event Horizon? (4K Documentary),54,1 month ago,30,689,https://www.youtube.com/watch?v=oLTYce8Xzzk
speculative_scifi,space documentary black hole 4K,-3qqiMTiANs,UCJD7hwtWGjJECpGZk2L9sJA,ZappyToonskid ,What Happens Inside a Black Hole? || Full Space Documentary (4K)  space research  #blackholes,48,3 months ago,90,144,https://www.youtube.com/watch?v=-3qqiMTiANs
speculative_scifi,space documentary black hole 4K,fEtpA8cGGnc,UC3vWJngu6ViFs35YbF6yz5g,EclecticBlendHub,“Black Holes: The Dark Heart of the Universe | 4K Cinematic Documentary”,35,9 months ago,270,297,https://www.youtube.com/watch?v=fEtpA8cGGnc
speculative_scifi,space documentary black hole 4K,O6nGzuumRmw,UCKUO52wpzFQn2LjybBS-PGQ,Retroscope,TON 618: The Black Hole That Breaks the Universe | 4K,19,3 months ago,90,1388,https://www.youtube.com/watch?v=O6nGzuumRmw
speculative_scifi,space documentary black hole 4K,cjTnuo9lKd0,UCry7j0ARLXfbRiOw_gpIwBQ,SentientDust,Black Hole: The Anatomy of a Cosmic Monster | 4K Documentary,26,5 months ago,150,604,https://www.youtube.com/watch?v=cjTnuo9lKd0
speculative_scifi,humanity future story documentary,zohg5rx5ptU,UC-QTh5HFiw28MwFrmFrRjzA,Beginning To Now,HISTORY OF THE WORLD - Human Civilizations (4K Documentary),188035,1 month ago,30,14401,https://www.youtube.com/watch?v=zohg5rx5ptU
speculative_scifi,humanity future story documentary,oFJU5h-w5Cg,UC1U3EGWYzlCJ_EnMYNADmrA,PRIME24,Saudi Arabia: A Human Story. A Nation’s Dream. | PRIME24 Documentary Series,6048,4 days ago,4,453,https://www.youtube.com/watch?v=oFJU5h-w5Cg
speculative_scifi,humanity future story documentary,jYwnjSZU-b4,UC9QQbK2NjEzlS6u9nFU_Dcw,Paleora,Did Giant Humans Once Walk the Earth | Full Documentary,179043,5 months ago,150,7961,https://www.youtube.com/watch?v=jYwnjSZU-b4
speculative_scifi,humanity future story documentary,25uAc2WxOuc,UCyA2QG2Z1vTqExHXoo8UY6A,History of the Future,The Dark Forest: Why Humanity Went Silent | Science Fiction Documentary,12409,3 weeks ago,21,1477,https://www.youtube.com/watch?v=25uAc2WxOuc
speculative_scifi,humanity future story documentary,ASPbqXdAhsA,UCbCb9tjw70AYM4Xp8eEzQWw,WUFO Earth,The Strongest Evolution of Humans: Who Are We Really? | Full Documentary,209930,1 month ago,30,2454,https://www.youtube.com/watch?v=ASPbqXdAhsA
speculative_scifi,humanity future story documentary,U-dFlC97VtE,UCIFk2uvCNcEmZ77g0ESKLcQ,The Why Files,CIA Time Travel Secret | The Grays Are Future Humans,3542197,10 months ago,300,1972,https://www.youtube.com/watch?v=U-dFlC97VtE
speculative_scifi,humanity future story documentary,FZt5blMALiU,UC8JT2m0mKEgvEtie3JNKwew,Naked Science,The 600 Million Year Story of the Human Brain | FULL DOCUMENTARY,70773,12 days ago,12,3501,https://www.youtube.com/watch?v=FZt5blMALiU
speculative_scifi,humanity future story documentary,rfqalXigeOc,UCbyE5OvaP4GJhKvPCXxjWvw,Fire of Learning,Why We Dream - Science Documentary,973044,11 months ago,330,3942,https://www.youtube.com/watch?v=rfqalXigeOc
speculative_scifi,humanity future story documentary,XEHOjbuUQTI,UCOpzwVUNsep7FpN5687XYEA,Sci-Fi Central,Blind Woman Predicts Humanity’s Future | Baba Vanga | HD 2025 Documentary,6819,8 months ago,240,3625,https://www.youtube.com/watch?v=XEHOjbuUQTI
speculative_scifi,humanity future story documentary,fd6XUtJAWWw,UCPTDdIFlaBrHdCEerIjdXKw,Khalan Studio,The Last Generation of Human Workers FULL EPISODE | Science Fiction Documentary,430048,2 months ago,60,869,https://www.youtube.com/watch?v=fd6XUtJAWWw
speculative_scifi,humanity future story documentary,o3kPSK4kGfE,UCPlUfxXfP-Cgg4_qM-y8ivA,Silence of the Earth,How Did Humans Survive the Ice Age? | Documentary for Sleep,121112,9 months ago,270,12772,https://www.youtube.com/watch?v=o3kPSK4kGfE
speculative_scifi,humanity future story documentary,mpZbga196Fo,UC00ifCvU8YOOzbL3RdiSTDw,GetsetflySCIENCE by Gaurav Thakur,Why Early Humans Died At The Age of 12?,2937925,11 months ago,330,1816,https://www.youtube.com/watch?v=mpZbga196Fo
speculative_scifi,humanity future story documentary,dxML5DOLC-k,UC4NWzBUUW5W1yDwRZPKyQrQ,VEXER,"5,000 Years in 5 Minutes: The Epic Story of Humanity(FULL DOCUMENTARY)",5,10 months ago,300,170,https://www.youtube.com/watch?v=dxML5DOLC-k
speculative_scifi,humanity future story documentary,iGjZRVRKrHU,UCYb7KaU5rBD20Ce5nIBCygw,Wisdom From North,"SOURCE Predicts Humanity’s FUTURE: Alien Contact, Underwater Beings & a Coming GOLDEN AGE!",29279,1 day ago,1,4755,https://www.youtube.com/watch?v=iGjZRVRKrHU
speculative_scifi,humanity future story documentary,REwZ1s5eZRw,UCqD5_a82vcsECJQfmlAoZ-Q,Easy Documentary,The Lost Supervolcano: The Biggest Eruption in Human History - Full Documentary,911139,8 months ago,240,3173,https://www.youtube.com/watch?v=REwZ1s5eZRw
speculative_scifi,humanity future story documentary,fO6_knHmL00,UCtEtiJyqe8KnUb5jEF3SiEQ,kwy true tale,Earth History Documentary | Dinosaur to Human Evolution | #IndusValley | Complete History,2597919,7 months ago,210,1615,https://www.youtube.com/watch?v=fO6_knHmL00
speculative_scifi,humanity future story documentary,sqUw44QIpiA,UCrD9iL5Lkzio-llw6dXDw_w,Unreal True Crime,CAUTION!!! This Case Made ME Question HUMANITY - True Crime Documentary,471560,2 months ago,60,1623,https://www.youtube.com/watch?v=sqUw44QIpiA
speculative_scifi,alternate future documentary AI,lVJtAXXmo7w,UCoEYjQEH0DVnjJBwVMfTpXA,Ya Boi Tyler,Game of Thrones - Dark Future | Dreamfall,2650,1 day ago,1,323,https://www.youtube.com/watch?v=lVJtAXXmo7w
speculative_scifi,alternate future documentary AI,KmVl_Alj440,UCaxUVlb7sr4abtrHy8PzZDQ,Phantom Cosmos,What If the 1950s Future Actually Happened? Cinematic AI film,27,2 days ago,2,399,https://www.youtube.com/watch?v=KmVl_Alj440
speculative_scifi,alternate future documentary AI,mEVl0NS0vu8,UCYq6HznD28CPSyrKNwqsBAQ,maximise,That's AI (2026) - Short Film,4679738,6 months ago,180,125,https://www.youtube.com/watch?v=mEVl0NS0vu8
speculative_scifi,alternate future documentary AI,ipQj4xC3rek,UCyA2QG2Z1vTqExHXoo8UY6A,History of the Future,The 5 Civilizations of the Future | Sci-Fi Documentary,8156,10 months ago,300,2055,https://www.youtube.com/watch?v=ipQj4xC3rek
speculative_scifi,alternate future documentary AI,VkD0b49mbQc,UCOvMS0Y4lDQF9AWQvazSXRw,What If Archives,What If AI Was Invented in 1984?,2,11 days ago,11,391,https://www.youtube.com/watch?v=VkD0b49mbQc
speculative_scifi,alternate future documentary AI,JdrijJbBlBY,UCpinUC9NTINA0og0PmnugHQ,WhatıfWhatOfficial,What If AI Became Smarter Than Humans? (Full Documentary),0,2 months ago,60,335,https://www.youtube.com/watch?v=JdrijJbBlBY
speculative_scifi,alternate future documentary AI,pQ1pzNjv6C8,UCXS8uyzv4pKncDlsxkbigtw,Light and Tale,The Adjacent | Official Trailer | #FutureVisionXPRIZE,28534,5 days ago,5,194,https://www.youtube.com/watch?v=pQ1pzNjv6C8
speculative_scifi,alternate future documentary AI,oIV9WtFsH7g,UCpX94XdtsJKSXuGlL_P7F_w,The Altered Timeline ,What If 5G & IoT Evolved 100 Years Ahead?,43,7 days ago,7,526,https://www.youtube.com/watch?v=oIV9WtFsH7g
speculative_scifi,alternate future documentary AI,SWWGom0u7Kg,UClpjtFUieGEUtRI8QPViFfA,Simulated by AI,What If Humanity Built a City on the Moon? An AI Future Simulation,27,11 months ago,330,344,https://www.youtube.com/watch?v=SWWGom0u7Kg
speculative_scifi,alternate future documentary AI,JuSx7McWIbs,UCrA4IQGWeWzPT6i2SbVeAUw,Another Universe,The Future After Hogwarts - Where Are They Now?,1325838,7 months ago,210,246,https://www.youtube.com/watch?v=JuSx7McWIbs
speculative_scifi,alternate future documentary AI,5eBFThXtF94,UCX6Y9hNdazfm-kJK-1QQ53A,Fotyra Studio,The Arrival of Creators — A Cinematic AI Short Film,36,3 months ago,90,119,https://www.youtube.com/watch?v=5eBFThXtF94
speculative_scifi,alternate future documentary AI,T663g9hY2o4,UCpVm7bg6pXKo1Pr6k5kxG9A,National Geographic,How AI & Physics Are Unlocking the Truth (Full Episode) | UFOs: Investigating the Unknown | Nat Geo,1163147,6 months ago,180,2656,https://www.youtube.com/watch?v=T663g9hY2o4
speculative_scifi,alternate future documentary AI,KkTs_eLbK74,UChS4AUut9ycsEqT8RAwFseA,Aiimagination,Titanic if Jack Survived😱 What Would Rose’s Future Become?#JackAndRose#TitanicWhatIf#AIcinematic,31808,7 months ago,210,204,https://www.youtube.com/watch?v=KkTs_eLbK74
speculative_scifi,alternate future documentary AI,EYRel80xtSY,UCuGlMwR-EMvSXRq_rV0Cugw,BelajarDenganAI,World Without WWI: The Alternate Future That Never Was,0,4 days ago,4,452,https://www.youtube.com/watch?v=EYRel80xtSY
speculative_scifi,alternate future documentary AI,8OA-YiIFuKw,UC926CKBvQdno5vqAav7DKlg,DirectorPsycho,Alternate Timeline Where Doc Brown actually Sings “It Works!” | Back to the Future (+AVT4 Preview),432,1 day ago,1,459,https://www.youtube.com/watch?v=8OA-YiIFuKw
speculative_scifi,alternate future documentary AI,_xxA-e8ESeo,UCRqnYkyp0c7rRBjigGzzUHQ,Lost Timelines,2031: The Year Humanity Went Underground | AI Documentary,2384,3 months ago,90,938,https://www.youtube.com/watch?v=_xxA-e8ESeo
speculative_scifi,alternate future documentary AI,tX7RRxOlW2w,UCjgHF4-QRf-nX2XDatoHpAA,Flevo Mapping,Alternate Future of Europe 2026 in Countryballs - THE MOVIE,68195,8 months ago,240,2441,https://www.youtube.com/watch?v=tX7RRxOlW2w
wildlife_documentaries,wild Amazon nature animal documentary,WwA_7QyqtGI,UCcyOI2xMEfK940Tgwzb2VHg,Travpedia,UNREAL AMAZON – Nature’s Most Dangerous Paradise (Full Documentary),5974772,9 months ago,270,4495,https://www.youtube.com/watch?v=WwA_7QyqtGI
wildlife_documentaries,wild Amazon nature animal documentary,ZFjUMv-7kqY,UCJjUlbs-ZEo4draiZzz66sQ,WILD NATURE - Nature animal documentary,WILD AMAZON: Surviving the Jungle's Most Brutal Arena (Full Episode) | Nature animal documentary,345916,6 months ago,180,7003,https://www.youtube.com/watch?v=ZFjUMv-7kqY
wildlife_documentaries,wild Amazon nature animal documentary,Y6chHAG_-tQ,UCRxL0nf9H3ZL-CeI8wGmPHQ,Discover Wildlife,WILD AMAZON | Who is the True King of the Jungle?  | Nature Animal Documentary,725363,4 months ago,120,4116,https://www.youtube.com/watch?v=Y6chHAG_-tQ
wildlife_documentaries,wild Amazon nature animal documentary,SeOolhS9f10,UClJa3_PriFmeHjG1AtDGNPA,Nature's Wildlife,WILD AMAZON | The Giant Anaconda vs Black Jaguar | Nature Animal Documentary 4K,153,1 day ago,1,1808,https://www.youtube.com/watch?v=SeOolhS9f10
wildlife_documentaries,wild Amazon nature animal documentary,BPztOwOOfMk,UCe9imMhDp6Kn3dn75mzUUZw,GaiaDocs,WILD AMAZON | Only the Strongest Predators Will Survive | Nature Animal Documentary,2325795,5 days ago,5,1874,https://www.youtube.com/watch?v=BPztOwOOfMk
wildlife_documentaries,wild Amazon nature animal documentary,R4QGfvp8kaE,UCJjUlbs-ZEo4draiZzz66sQ,WILD NATURE - Nature animal documentary,Wild Amazon (FULL EPISODE) | Battle for Survival in the Deadliest Jungle | Animal documentary,131635,2 months ago,60,6363,https://www.youtube.com/watch?v=R4QGfvp8kaE
wildlife_documentaries,wild Amazon nature animal documentary,EchTLVudfdo,UCRxL0nf9H3ZL-CeI8wGmPHQ,Discover Wildlife,WILD AMAZON | Mysteries of the Supreme Predators | Nature Animal Documentary,606199,6 months ago,180,5137,https://www.youtube.com/watch?v=EchTLVudfdo
wildlife_documentaries,wild Amazon nature animal documentary,BFMbR4LiVwE,UCRxL0nf9H3ZL-CeI8wGmPHQ,Discover Wildlife,WILD AMAZON | Where Hidden Predators Rule the Jungle | Nature Animal Documentary,34996,3 weeks ago,21,7812,https://www.youtube.com/watch?v=BFMbR4LiVwE
wildlife_documentaries,wild Amazon nature animal documentary,foSpcgQzTGA,UCe9imMhDp6Kn3dn75mzUUZw,GaiaDocs,WILD COLOMBIA | The Most Apex Predators in South America  | Nature Animal Documentary,211315,5 hours ago,0,1863,https://www.youtube.com/watch?v=foSpcgQzTGA
wildlife_documentaries,wild Amazon nature animal documentary,qz1vZ2Fb9oQ,UC06KL-Br-0EJNgbhvCHh2EQ,WILD Nature - Free Documentary,WILD AMAZON | Only the Strongest Predators Will Survive | FULL EPISODE | Wildlife Documentary,78749,6 days ago,6,7237,https://www.youtube.com/watch?v=qz1vZ2Fb9oQ
wildlife_documentaries,wild Amazon nature animal documentary,CAUH5H0-NoI,UCRxL0nf9H3ZL-CeI8wGmPHQ,Discover Wildlife,AMAZON RAINFOREST | Life and Death Decided by Predators | Nature Animal Documentary,198411,2 months ago,60,3765,https://www.youtube.com/watch?v=CAUH5H0-NoI
wildlife_documentaries,wild Amazon nature animal documentary,1GwqjszC7CM,UCRxL0nf9H3ZL-CeI8wGmPHQ,Discover Wildlife,COLOMBIA | Hidden Predators in the Wildest Jungle. | Nature Animal Documentary,443572,2 months ago,60,3823,https://www.youtube.com/watch?v=1GwqjszC7CM
wildlife_documentaries,wild Amazon nature animal documentary,7vzC9_eD5Qo,UCRxL0nf9H3ZL-CeI8wGmPHQ,Discover Wildlife,WILD AMAZON | When Survival Is in the Hands of Predators | Nature Animal Documentary,63543,2 months ago,60,3542,https://www.youtube.com/watch?v=7vzC9_eD5Qo
wildlife_documentaries,wild Amazon nature animal documentary,OONmydfz5ls,UCF_y2shYA8CSd8ZoSlbNjtw,Nations Uncovered,AMAZON: The Side Most People Will Never See | Travel Documentary,2320764,6 months ago,180,3407,https://www.youtube.com/watch?v=OONmydfz5ls
wildlife_documentaries,wild Amazon nature animal documentary,hq8zlxMVa-w,UCe9imMhDp6Kn3dn75mzUUZw,GaiaDocs,WILD AMAZON | Mysterious Predators Yet To Be Known | Nature Animal Documentary,1255224,2 weeks ago,14,1892,https://www.youtube.com/watch?v=hq8zlxMVa-w
wildlife_documentaries,wild Amazon nature animal documentary,6cYoENUAbP8,UCQtW2oz8ec8pHjjxawujNjg,Free Documentary - Nature,Ecuador’s Wild Side: Exceptional Amazon Wildlife | Free Documentary Nature,157442,7 months ago,210,3117,https://www.youtube.com/watch?v=6cYoENUAbP8
wildlife_documentaries,wild Amazon nature animal documentary,uxT-S4TkrpA,UCkf4ZhyckqAgr_bf-PPS7jA,Wild Animals - Animal Documentary,WILD AMAZON | Discovering Mysterious Predators Yet To Be Known | Animal Documentary,924929,1 month ago,30,4932,https://www.youtube.com/watch?v=uxT-S4TkrpA
wildlife_documentaries,wild Amazon nature animal documentary,TRYPXaMlpAc,UCSoRPhBTtQ4ntgOj4RA_XqA,TRUE GLOBE,UNSEEN AMAZON: Inside the World’s Most Dangerous Rainforest | 4K Travel Documentary,949369,3 months ago,90,3267,https://www.youtube.com/watch?v=TRYPXaMlpAc
wildlife_documentaries,wild Amazon nature animal documentary,9rCPzhryEfE,UCmnxIjObfh9mRqHOstKOQWA,WILDLIFE PLANET HINDI,Amazon Rainforest: The Untold Secrets | National Geographic Hindi | Wildlife Documentary,619974,10 months ago,300,2555,https://www.youtube.com/watch?v=9rCPzhryEfE
wildlife_documentaries,wildlife mysteries documentary,fZGXKpfNdVI,UCkf4ZhyckqAgr_bf-PPS7jA,Wild Animals - Animal Documentary,AMAZON BRUTAL | The Most Mysterious Predators of the Tropical Rainforest | Animal Documentary,1338672,4 months ago,120,5257,https://www.youtube.com/watch?v=fZGXKpfNdVI
wildlife_documentaries,4K wildlife documentary predators,dgxdYiBEFds,UCwmZiChSryoWQCZMIQezgTg,BBC Earth,Nature's Most Impressive Predators | BBC Earth,3311876,4 months ago,120,2697,https://www.youtube.com/watch?v=dgxdYiBEFds
wildlife_documentaries,4K wildlife documentary predators,q7gUnOl_-uk,UCue2DK0ccHtBrP9V__gYl6A,Scenic Scenes,ANIMAL WILDLIFE 4K | Discover Predators of the Deep Forest | 60FPS Wildlife Film,15324,2 days ago,2,1849,https://www.youtube.com/watch?v=q7gUnOl_-uk
wildlife_documentaries,4K wildlife documentary predators,bVHcbJ6l6lI,UCRxL0nf9H3ZL-CeI8wGmPHQ,Discover Wildlife,WILD ROCKY MOUNTAINS | The Fiercest Predators That Rule the Peaks | Animal Documentary,1930,5 hours ago,0,3779,https://www.youtube.com/watch?v=bVHcbJ6l6lI
wildlife_documentaries,4K wildlife documentary predators,zhGfv8yfsh0,UCwm2tuDiDGGuULDIx18hEWQ,WildVerse,Ultimate Predators (Full Episode) | World's Deadliest | Nature Animal Documentary,382443,3 months ago,90,5902,https://www.youtube.com/watch?v=zhGfv8yfsh0
wildlife_documentaries,4K wildlife documentary predators,B7av6aMYpDI,UC7R28A21ABhLnvY9bRed8MQ,Nature's Moments,Ultimate Predators: Epic Battles of the Animal Kingdom (4K UHD) | Nature Animal Documentary,160559,4 months ago,120,13085,https://www.youtube.com/watch?v=B7av6aMYpDI
wildlife_documentaries,4K wildlife documentary predators,cEOlrW5YIJY,UC7R28A21ABhLnvY9bRed8MQ,Nature's Moments,World's Deadliest MEGA EPISODE | 4K UHD | Nature Animal Documentary,364173,11 months ago,330,19511,https://www.youtube.com/watch?v=cEOlrW5YIJY
wildlife_documentaries,4K wildlife documentary predators,MiQe9ob9aDc,UCDPk9MG2RexnOMGTD-YnSnA,Nat Geo Animals,🔴 LIVE: Predator Battles: Lions vs Leopards vs Hyenas | Savage Kingdom Livestream | Nat Geo Animals,391,,,,https://www.youtube.com/watch?v=MiQe9ob9aDc
wildlife_documentaries,4K wildlife documentary predators,0bexWuFSoq0,UC7R28A21ABhLnvY9bRed8MQ,Nature's Moments,Nature's Most Dangerous Predators | FULL EPISODE | Wildlife Documentary,897096,2 months ago,60,13874,https://www.youtube.com/watch?v=0bexWuFSoq0
wildlife_documentaries,4K wildlife documentary predators,FI5BW48n2Es,UCwm2tuDiDGGuULDIx18hEWQ,WildVerse,Only the Strongest Predators Will Survive | FULL EPISODE | Nature Animal Documentary,2021748,7 days ago,7,12690,https://www.youtube.com/watch?v=FI5BW48n2Es
wildlife_documentaries,4K wildlife documentary predators,qprNraWQZF4,UCJjUlbs-ZEo4draiZzz66sQ,WILD NATURE - Nature animal documentary,Win or Die (FULL EPISODE) | Deadliest Battles for Survival | Animal documentary,2992292,4 months ago,120,8434,https://www.youtube.com/watch?v=qprNraWQZF4
wildlife_documentaries,4K wildlife documentary predators,fE3OtQziBdM,UC7R28A21ABhLnvY9bRed8MQ,Nature's Moments,Ultimate Predators | Kingdom of the African Wild | FULL EPISODE | Wildlife Documentary,1113398,4 weeks ago,28,14035,https://www.youtube.com/watch?v=fE3OtQziBdM
wildlife_documentaries,4K wildlife documentary predators,S39pKr0zDkc,UCRxL0nf9H3ZL-CeI8wGmPHQ,Discover Wildlife,SIBERIA WILD | Territory of the World’s Most Ferocious Predators | Nature Animal Documentary,1446347,7 months ago,210,5335,https://www.youtube.com/watch?v=S39pKr0zDkc
wildlife_documentaries,4K wildlife documentary predators,V2TpK-3DfSc,UCJjUlbs-ZEo4draiZzz66sQ,WILD NATURE - Nature animal documentary,Hostile Planet (FULL EPISODE) | Battle for Survival in Predator Territory | Animal documentary,86898,2 months ago,60,11333,https://www.youtube.com/watch?v=V2TpK-3DfSc
wildlife_documentaries,4K wildlife documentary predators,vxhcB51-Hd8,UCJjUlbs-ZEo4draiZzz66sQ,WILD NATURE - Nature animal documentary,African Savannah (Full Episode) | Survival Of The Fittest Predators | Wildlife Documentary,129850,1 month ago,30,11216,https://www.youtube.com/watch?v=vxhcB51-Hd8
wildlife_documentaries,4K wildlife documentary predators,Dg32Okyvaq0,UCJjUlbs-ZEo4draiZzz66sQ,WILD NATURE - Nature animal documentary,African Savannah (Full Episode) | Nature's Most Dangerous Predators | nature documentary,110789,1 month ago,30,10528,https://www.youtube.com/watch?v=Dg32Okyvaq0
wildlife_documentaries,4K wildlife documentary predators,86WqEEtt5-s,UCwm2tuDiDGGuULDIx18hEWQ,WildVerse,Africa's Deadliest Fights For Survival | FULL EPISODE | Nature Animal Documentary,73461,10 days ago,10,11937,https://www.youtube.com/watch?v=86WqEEtt5-s
wildlife_documentaries,4K wildlife documentary predators,r5FkQrLPiP4,UCRxL0nf9H3ZL-CeI8wGmPHQ,Discover Wildlife,WILD YUKON | The Great Migration and the Struggle to Survive the Extreme Cold | Animal Documentary,6451,1 day ago,1,4287,https://www.youtube.com/watch?v=r5FkQrLPiP4
wildlife_documentaries,extinct animals might still be alive,RTgD3Y5jeqA,UCexls3bdo5ZVsspaVG6_Izg,Wildlife Professor,Extinct Animals That Might Still be Alive,6814,2 months ago,60,925,https://www.youtube.com/watch?v=RTgD3Y5jeqA
wildlife_documentaries,extinct animals might still be alive,79xw2nWpcZc,UCVOKP-_OYHTnKFDSP89NfAQ,Mavora,"10 ""Extinct"" Animals That Might Still Be Alive",1258191,2 months ago,60,942,https://www.youtube.com/watch?v=79xw2nWpcZc
wildlife_documentaries,extinct animals might still be alive,XPc6gyO9ULQ,UCVOKP-_OYHTnKFDSP89NfAQ,Mavora,42 Extinct Animals That Might Still Be Alive | Full Series,362293,2 weeks ago,14,3373,https://www.youtube.com/watch?v=XPc6gyO9ULQ
wildlife_documentaries,extinct animals might still be alive,tEukuNpBudY,UCVOKP-_OYHTnKFDSP89NfAQ,Mavora,15 Extinct Animals That Might STILL Be Alive Right Now !,1126621,1 month ago,30,1398,https://www.youtube.com/watch?v=tEukuNpBudY
wildlife_documentaries,extinct animals might still be alive,hM65Xz2dnow,UCc7h-w42GLvShOJp9mLEnfQ,Bixu,Extinct Animals That Might Still Be Alive,1326967,4 months ago,120,906,https://www.youtube.com/watch?v=hM65Xz2dnow
wildlife_documentaries,extinct animals might still be alive,g3Aill3VI-Y,UCQoPrZpOtAqLL1tFEey-Xzw,WILD Xfact,Extinct Animals That Might Still Be Alive,1515668,8 months ago,240,598,https://www.youtube.com/watch?v=g3Aill3VI-Y
wildlife_documentaries,extinct animals might still be alive,D-SxHgx3vno,UCQoPrZpOtAqLL1tFEey-Xzw,WILD Xfact,Extinct Animals That Might Still Be Alive – Part 2,1207309,5 months ago,150,628,https://www.youtube.com/watch?v=D-SxHgx3vno
wildlife_documentaries,extinct animals might still be alive,ZEDyCK7I4o8,UC0ggS8bt4v7NiZpDfGqNpZQ,ExtinctZoo ,Extinct Animals That Might Still Be Alive,1195014,7 months ago,210,1128,https://www.youtube.com/watch?v=ZEDyCK7I4o8
wildlife_documentaries,extinct animals might still be alive,ucbm6q2mXkw,UCVOKP-_OYHTnKFDSP89NfAQ,Mavora,7 Extinct animals That Might STILL Be Alive!,4517,1 month ago,30,548,https://www.youtube.com/watch?v=ucbm6q2mXkw
wildlife_documentaries,extinct animals might still be alive,dUJ8yLMT09c,UCWbM5p20UDzs1VLGa9ku2Jw,Myths-creature,7 Extinct Animals That Might Still Be Alive in the Amazon,1502852,5 months ago,150,593,https://www.youtube.com/watch?v=dUJ8yLMT09c
wildlife_documentaries,extinct animals might still be alive,_cTjALphhnI,UCB2VZlL3LBwe2p3r0f9QY5g,hollnes,7 Extinct Animals That Might Still Be Alive | Part-2,129518,6 months ago,180,720,https://www.youtube.com/watch?v=_cTjALphhnI
wildlife_documentaries,extinct animals might still be alive,JgzOKvtorjs,UC8GlzFmANazkqEEojSl1ETA,Doctor NOS,Extinct Animals That Might Still Be ALIVE,729771,4 months ago,120,1140,https://www.youtube.com/watch?v=JgzOKvtorjs
wildlife_documentaries,extinct animals might still be alive,gjeQVVAOEAw,UC9ZBqKzvc6heH9Tui25fP0w,Biome Science,7 Extinct Animals That Might Still Be Alive,177561,7 months ago,210,727,https://www.youtube.com/watch?v=gjeQVVAOEAw
wildlife_documentaries,extinct animals might still be alive,D4muoKy7m-c,UCVOKP-_OYHTnKFDSP89NfAQ,Mavora,7 'Extinct' Animals That Might Still Be Hiding  in the Amazon (2026),85566,1 month ago,30,554,https://www.youtube.com/watch?v=D4muoKy7m-c
wildlife_documentaries,extinct animals might still be alive,F8GEUnzzHR4,UCib8z9RWBK1xucFXG_q-Siw,Mysterious-Fact,7 Extinct Animals That Might Still Be ALIVE!,24038,11 months ago,330,514,https://www.youtube.com/watch?v=F8GEUnzzHR4
wildlife_documentaries,extinct animals might still be alive,eUHK8SPdSSM,UC7E9XYQ8hbV54ZDuOKYYxmA,Forrest Galante,20 More Extinct Animals I Believe Could Still Be Alive,2761955,10 months ago,300,1365,https://www.youtube.com/watch?v=eUHK8SPdSSM
wildlife_documentaries,extinct animals might still be alive,Ro0HBhc55Wo,UCVOKP-_OYHTnKFDSP89NfAQ,Mavora,"7 ""EXTINCT"" Animals That Might Be Alive in the Deep Sea!",137366,2 months ago,60,567,https://www.youtube.com/watch?v=Ro0HBhc55Wo
wildlife_documentaries,extinct animals might still be alive,AZsx6yO4t3s,UC7OxCeIvb7GihTlyUjYMmig,Hosh TV,5 Extinct Animals That Might Still Be Alive | Part-2,681997,11 months ago,330,612,https://www.youtube.com/watch?v=AZsx6yO4t3s
wildlife_documentaries,extinct animals might still be alive,Rp3zU0xd4X8,UCcTBzAu-sSTjffEKastwhbA,BomboWannaKnow,7 Extinct Animals That Might Still Be Alive,108394,6 months ago,180,800,https://www.youtube.com/watch?v=Rp3zU0xd4X8
wildlife_documentaries,extinct animals might still be alive,RZh-V1sEAx0,UCVOKP-_OYHTnKFDSP89NfAQ,Mavora,7 EXTINCT Animals Science Brought Back to life !,279629,2 months ago,60,656,https://www.youtube.com/watch?v=RZh-V1sEAx0
wildlife_documentaries,survival wildlife documentary Alaska,O8QuOcEzygw,UCSmi9AQVgpfy-iP8omwd7vA,Ultimate Nature Documentaries,The Race to Rescue Alaska’s Wildlife | FULL DOCUMENTARY | World's Wildest City: Anchorage,242,3 weeks ago,21,1500,https://www.youtube.com/watch?v=O8QuOcEzygw
wildlife_documentaries,survival wildlife documentary Alaska,mFNnaTw4sNc,UCJjUlbs-ZEo4draiZzz66sQ,WILD NATURE - Nature animal documentary,Wild Alaska | Survival in the Land of Ice and Apex Predators | Wildlife Documentary,8501,1 month ago,30,10871,https://www.youtube.com/watch?v=mFNnaTw4sNc
wildlife_documentaries,survival wildlife documentary Alaska,kI20gSPbxu0,UCF_y2shYA8CSd8ZoSlbNjtw,Nations Uncovered,ALASKA: Life at the Edge of the Wilderness | Travel Documentary,1581008,8 months ago,240,2832,https://www.youtube.com/watch?v=kI20gSPbxu0
wildlife_documentaries,survival wildlife documentary Alaska,JJevFeFYzM8,UCO-K4Bggr246g8Yudin0_7Q,Claw Wildlife ,"Wild Alaska – Wolves, Bears and the Extreme Journey of Survival | Nature Documentary",6198,9 months ago,270,3689,https://www.youtube.com/watch?v=JJevFeFYzM8
wildlife_documentaries,survival wildlife documentary Alaska,29D_xeIQPYk,UCj4qrWgL8bmAfBTr6EwThow,Survival Alex,Life in Alaska -𝟰𝟬°𝗖 - Hunting Wolves In A Violent Blizzard,1373752,4 months ago,120,5652,https://www.youtube.com/watch?v=29D_xeIQPYk
wildlife_documentaries,survival wildlife documentary Alaska,FwX9UskFCHM,UCJIHOWrfHy5r5piOl550H3g,BBS Earth Explore,WILD ALASKA|Apex Predators of the Frozen Peaks | Wildlife Documentary | BBS Earth Explore,2871,1 day ago,1,574,https://www.youtube.com/watch?v=FwX9UskFCHM
wildlife_documentaries,survival wildlife documentary Alaska,YiXYRu0hJMU,UCRxL0nf9H3ZL-CeI8wGmPHQ,Discover Wildlife,WILD ALASKA | Predators and Survival in the Frozen North | Nature Animal Documentary,57651,4 months ago,120,3869,https://www.youtube.com/watch?v=YiXYRu0hJMU
wildlife_documentaries,survival wildlife documentary Alaska,3qib3OVdWkg,UCFgNoF4f-1R_buASvPbZAcg,Secret Wonders,Living in ALASKA'S BUSH: How People Live Off the Grid Where No Roads Reach | 4K Travel Documentary,49892,3 weeks ago,21,2271,https://www.youtube.com/watch?v=3qib3OVdWkg
wildlife_documentaries,survival wildlife documentary Alaska,VgadQ7DwK9Q,UCKgC1zNdz19-88JIA3dfcVg,GeoWildLife,FROZEN ALASKA | Life Below Zero in the Far North | Nature Animal Documentary,118848,6 months ago,180,3761,https://www.youtube.com/watch?v=VgadQ7DwK9Q
wildlife_documentaries,survival wildlife documentary Alaska,C3uAops2pe0,UCkf4ZhyckqAgr_bf-PPS7jA,Wild Animals - Animal Documentary,BRUTAL ALASKA | Fighting for Survival in the Most Extreme Cold | Animal Documentary,132372,2 months ago,60,6974,https://www.youtube.com/watch?v=C3uAops2pe0
wildlife_documentaries,survival wildlife documentary Alaska,LHRLEwHzvGA,UCO-K4Bggr246g8Yudin0_7Q,Claw Wildlife ,WILD ALASKA | Survival in the Land of Ice and Apex Predators - Animal Documentary | Claw Wildlife,967,11 months ago,330,576,https://www.youtube.com/watch?v=LHRLEwHzvGA
wildlife_documentaries,survival wildlife documentary Alaska,jR760-15jms,UCj4qrWgL8bmAfBTr6EwThow,Survival Alex,Life in Alaska: Surviving and Hunting in the Wild North,106360,4 months ago,120,1344,https://www.youtube.com/watch?v=jR760-15jms
wildlife_documentaries,survival wildlife documentary Alaska,FY5b2PGyq5o,UC6LweKXMrLmT9zzXFWBrHhw,FD Adventure,Life on the Edge: Taming the Alaskan Wilderness | Complete Season 2 | Part 1 | Survival Show,127653,9 months ago,270,12820,https://www.youtube.com/watch?v=FY5b2PGyq5o
wildlife_documentaries,survival wildlife documentary Alaska,MfRzxFhqLLo,UCqOoboPm3uhY_YXhvhmL-WA,Discovery,Surviving in Deadly Deserts | Man Vs. Wild | Discovery,1354235,10 months ago,300,3933,https://www.youtube.com/watch?v=MfRzxFhqLLo
wildlife_documentaries,survival wildlife documentary Alaska,kWist6ucjmw,UCx4MRJZPmX9rb6Y7PGmU2Bg,Survive Plus,Barack Obama Vs The Alaskan Glaciers - Bear Grylls Running Wild,2724903,6 months ago,180,2495,https://www.youtube.com/watch?v=kWist6ucjmw
wildlife_documentaries,survival wildlife documentary Alaska,NVbqRHmqVc0,UCDPk9MG2RexnOMGTD-YnSnA,Nat Geo Animals,Deadly Treks for Survival | Incredible Animal Journeys MEGA Episode | Nat Geo Animals,874836,6 months ago,180,8161,https://www.youtube.com/watch?v=NVbqRHmqVc0
wildlife_documentaries,survival wildlife documentary Alaska,tUGHoNwV2cA,UCRxL0nf9H3ZL-CeI8wGmPHQ,Discover Wildlife,FROZEN ALASKA | Surviving the Most Extreme Cold on the Planet | Nature Animal Documentary,32052,3 months ago,90,5117,https://www.youtube.com/watch?v=tUGHoNwV2cA
wildlife_documentaries,survival wildlife documentary Alaska,UhC3g-l8XIk,UC06KL-Br-0EJNgbhvCHh2EQ,WILD Nature - Free Documentary,WILD ALASKA | Frozen Wilderness: Battle for Life and Power | FULL EPISODE,88472,Streamed 11 months ago,330,9323,https://www.youtube.com/watch?v=UhC3g-l8XIk
wildlife_documentaries,survival wildlife documentary Alaska,MZ1WFzxC6QQ,UCj4qrWgL8bmAfBTr6EwThow,Survival Alex,Life in Alaska’s Wilderness – Battling Wolves and Bears for Survival,221386,5 months ago,150,868,https://www.youtube.com/watch?v=MZ1WFzxC6QQ
wildlife_documentaries,survival wildlife documentary Alaska,GLkTdZXTjag,UC6PKOju_xOQpzB9eFsFUwcw,Epic Unreal Planet,Wild Alaska 2026 | From Survival in Extreme Cold to the Awakening of Summer | Full Documentary,47985,Streamed 8 months ago,240,42898,https://www.youtube.com/watch?v=GLkTdZXTjag
wildlife_documentaries,dangerous animals documentary 2026,kJt_QnTKhU4,UCQtW2oz8ec8pHjjxawujNjg,Free Documentary - Nature,One Drop to Kill: Nature's Deadliest Poisons | Free Documentary Nature,811738,6 months ago,180,3120,https://www.youtube.com/watch?v=kJt_QnTKhU4
wildlife_documentaries,dangerous animals documentary 2026,7zD_5u9mvFI,UCJjUlbs-ZEo4draiZzz66sQ,WILD NATURE - Nature animal documentary,The Most Dangerous and Ruthless Predators of Africa I FULL EPISODE | Wildlife Documentary,135273,1 month ago,30,11145,https://www.youtube.com/watch?v=7zD_5u9mvFI
wildlife_documentaries,dangerous animals documentary 2026,ezz6D3u5Pi8,UC7R28A21ABhLnvY9bRed8MQ,Nature's Moments,The Most Dangerous Predators of Africa | FULL EPISODE | Wildlife Documentary,844179,1 month ago,30,13168,https://www.youtube.com/watch?v=ezz6D3u5Pi8
wildlife_documentaries,dangerous animals documentary 2026,ZXG-quYhtYE,UC7R28A21ABhLnvY9bRed8MQ,Nature's Moments,World's Deadliest of Lion | Hostile Planet | FULL EPISODE | Wildlife Documentary,501338,2 weeks ago,14,11927,https://www.youtube.com/watch?v=ZXG-quYhtYE
wildlife_documentaries,dangerous animals documentary 2026,H4I45NVWsjY,UCQtW2oz8ec8pHjjxawujNjg,Free Documentary - Nature,World's Most Toxic Animals | Free Documentary Nature,558207,7 months ago,210,3120,https://www.youtube.com/watch?v=H4I45NVWsjY
wildlife_documentaries,dangerous animals documentary 2026,PNs6p5eTjnc,UCQtW2oz8ec8pHjjxawujNjg,Free Documentary - Nature,World’s Most Toxic Animals - No Antidote | Free Documentary Nature,618650,4 months ago,120,6230,https://www.youtube.com/watch?v=PNs6p5eTjnc
wildlife_documentaries,dangerous animals documentary 2026,WGvH11I6Rnk,UCDPk9MG2RexnOMGTD-YnSnA,Nat Geo Animals,Exploring Indo-Pacific Snakes (Full Episode) | World's Deadliest Snakes | Nat Geo Animals,473158,5 months ago,150,2665,https://www.youtube.com/watch?v=WGvH11I6Rnk
wildlife_documentaries,dangerous animals documentary 2026,7n7bU8ahlw8,UCQtW2oz8ec8pHjjxawujNjg,Free Documentary - Nature,Stealth Hunters - Predator and Prey | Free Documentary Nature,85335,7 months ago,210,3000,https://www.youtube.com/watch?v=7n7bU8ahlw8
wildlife_documentaries,dangerous animals documentary 2026,7ZO2gVm2eck,UC7R28A21ABhLnvY9bRed8MQ,Nature's Moments,Ultimate Predators (Full Episode) | World's Deadliest | Nature Animal Documentary,214089,7 months ago,210,14096,https://www.youtube.com/watch?v=7ZO2gVm2eck
wildlife_documentaries,dangerous animals documentary 2026,n9fUtYf7ZxU,UC7R28A21ABhLnvY9bRed8MQ,Nature's Moments,African Savannah | Deadliest Battles for Survival | FULL EPISODE | Wildlife Documentary,1714076,2 months ago,60,13721,https://www.youtube.com/watch?v=n9fUtYf7ZxU
wildlife_documentaries,dangerous animals documentary 2026,mWPT2QhH29o,UCJjUlbs-ZEo4draiZzz66sQ,WILD NATURE - Nature animal documentary,World’s Deadliest Snakes (FULL EPISODE) | A Brutal Fight for Survival | Animal documentary,364835,3 months ago,90,7037,https://www.youtube.com/watch?v=mWPT2QhH29o
wildlife_documentaries,dangerous animals documentary 2026,-iJ8Zayhfp0,UCwm2tuDiDGGuULDIx18hEWQ,WildVerse,Africa’s Deadliest Fights For Survival (Full Episode) | Nature Animal Documentary,147537,2 weeks ago,14,10297,https://www.youtube.com/watch?v=-iJ8Zayhfp0
wildlife_documentaries,dangerous animals documentary 2026,42EF5cKHlu0,UCDPk9MG2RexnOMGTD-YnSnA,Nat Geo Animals,Ranking America's Deadliest Snakes (Full Episode) | World's Deadliest Snakes | Nat Geo Animals,234953,3 months ago,90,2665,https://www.youtube.com/watch?v=42EF5cKHlu0
wildlife_documentaries,dangerous animals documentary 2026,XcgfSgTnkdY,UCRxL0nf9H3ZL-CeI8wGmPHQ,Discover Wildlife,WILD CONGO | Predators That Rule the Most Dangerous Jungle | Nature Animal Documentary,604369,2 months ago,60,7546,https://www.youtube.com/watch?v=XcgfSgTnkdY
wildlife_documentaries,dangerous animals documentary 2026,o_C1PvgnoZQ,UC7R28A21ABhLnvY9bRed8MQ,Nature's Moments,The Most Dangerous Predators of the Savannah | FULL EPISODE | Wildlife Documentary,559433,2 months ago,60,14299,https://www.youtube.com/watch?v=o_C1PvgnoZQ
wildlife_documentaries,dangerous animals documentary 2026,FxzM67M7NbY,UC7R28A21ABhLnvY9bRed8MQ,Nature's Moments,Deadliest Predators | Only the Strongest Survive | FULL EPISODE | Wildlife Documentary,755644,1 month ago,30,14280,https://www.youtube.com/watch?v=FxzM67M7NbY
wildlife_documentaries,wildlife mysteries documentary,ADW4Ao9tx6k,UC3ndYILeJQHyYENS-si226A,NatureVista - English,NIGHT FOREST | A World Unseen - Full Documentary,423891,11 months ago,330,4468,https://www.youtube.com/watch?v=ADW4Ao9tx6k
wildlife_documentaries,wildlife mysteries documentary,-huNoyEX238,UCSoRPhBTtQ4ntgOj4RA_XqA,TRUE GLOBE,SIBERIA: The Land That Makes Russia More Mysterious | 4K Travel Documentary,1583445,8 months ago,240,3048,https://www.youtube.com/watch?v=-huNoyEX238
wildlife_documentaries,wildlife mysteries documentary,ZZnaBBsbPBE,UCRxL0nf9H3ZL-CeI8wGmPHQ,Discover Wildlife,MYSTERIES OF THE ABYSS | The Most Dangerous Wild Animals on the Planet | Nature Animal Documentary,668767,6 months ago,180,4907,https://www.youtube.com/watch?v=ZZnaBBsbPBE
wildlife_documentaries,wildlife mysteries documentary,pkQjwQPwX2I,UCdxuNy-HHb-F3PNG4SRqiOw,JRE Collection,TERRIFYING Animal Mysteries You’ve Never Heard Before.. | Joe Rogan,1105954,6 months ago,180,2425,https://www.youtube.com/watch?v=pkQjwQPwX2I
wildlife_documentaries,wildlife mysteries documentary,DMp_D67z_JM,UCkZNFqU5TTUTsz16TWAORkw,Wildlife Documentary Hub,WILD SAVANNAH  |  The Mystery of the Fastest Warriors  |  Wildlife Documentary Hub,2047,8 months ago,240,2521,https://www.youtube.com/watch?v=DMp_D67z_JM
wildlife_documentaries,wildlife mysteries documentary,Fb_JFALwxlo,UC0g0WbvanQND4dC1JDaW1_w,Wild Horizons,The Dinosaur That May Still Be Alive in the Congo Rainforest? The Hidden World Inside Africa,1058399,9 months ago,270,1774,https://www.youtube.com/watch?v=Fb_JFALwxlo
wildlife_documentaries,wildlife mysteries documentary,t7kuNSTFpPg,UCeCjgncnUFleHUSkDbK8wOw,Staryxa1,"How Honeybees Think, Communicate & Fight as One 🐝 | #Honeybees  #BeeDocumentary #Wildlife #Wildlife",1,4 hours ago,0,403,https://www.youtube.com/watch?v=t7kuNSTFpPg
wildlife_documentaries,wildlife mysteries documentary,wQYqf_UCQg8,UCSmi9AQVgpfy-iP8omwd7vA,Ultimate Nature Documentaries,Russia’s Deepest Secrets Lurk Beneath Lake Baikal | FULL DOCUMENTARY | Wild Russia | Ultimate Nature,227200,9 months ago,270,2649,https://www.youtube.com/watch?v=wQYqf_UCQg8
wildlife_documentaries,wildlife mysteries documentary,EwLZFjHTIxg,UCRxL0nf9H3ZL-CeI8wGmPHQ,Discover Wildlife,DEEP OCEAN | Mysteries of the Last Unknown World on Earth | Nature Documentary,146312,3 months ago,90,3675,https://www.youtube.com/watch?v=EwLZFjHTIxg
wildlife_documentaries,wildlife mysteries documentary,SXWDW62h_QY,UCG5_BraUMNcluZPZ__oOeKg,Natural World Facts,The Abyss | Deep Sea Documentary for Sleep (4K),8522336,11 months ago,330,2581,https://www.youtube.com/watch?v=SXWDW62h_QY
wildlife_documentaries,wildlife mysteries documentary,SpXPbou87uw,UCKXF6QPkTtfp_8Vege6vQJw,Pustak Manthan,Mysteries of the Congo: Secrets of the Darkest Jungle | Full Documentary Hindi,2840,11 months ago,330,2434,https://www.youtube.com/watch?v=SpXPbou87uw
wildlife_documentaries,wildlife mysteries documentary,HwmIutCj-60,UC3BTP2FmssM9YAt2QIe6u4A,The Unseen Earth,EXTREME OCEAN | A Journey Into the World’s Most Dangerous Waters | FULL DOCUMENTARY,1,1 hour ago,0,11066,https://www.youtube.com/watch?v=HwmIutCj-60
